CASE_ID,ACCIDENT_YEAR,PROC_DATE,JURIS,COLLISION_DATE,COLLISION_TIME,OFFICER_ID,REPORTING_DISTRICT,DAY_OF_WEEK,CHP_SHIFT,POPULATION,CNTY_CITY_LOC,SPECIAL_COND,BEAT_TYPE,CHP_BEAT_TYPE,CITY_DIVISION_LAPD,CHP_BEAT_CLASS,BEAT_NUMBER,PRIMARY_RD,SECONDARY_RD,DISTANCE,DIRECTION,INTERSECTION,WEATHER_1,WEATHER_2,STATE_HWY_IND,CALTRANS_COUNTY,CALTRANS_DISTRICT,STATE_ROUTE,ROUTE_SUFFIX,POSTMILE_PREFIX,POSTMILE,LOCATION_TYPE,RAMP_INTERSECTION,SIDE_OF_HWY,TOW_AWAY,COLLISION_SEVERITY,NUMBER_KILLED,NUMBER_INJURED,PARTY_COUNT,PRIMARY_COLL_FACTOR,PCF_CODE_OF_VIOL,PCF_VIOL_CATEGORY,PCF_VIOLATION,PCF_VIOL_SUBSECTION,HIT_AND_RUN,TYPE_OF_COLLISION,MVIW,PED_ACTION,ROAD_SURFACE,ROAD_COND_1,ROAD_COND_2,LIGHTING,CONTROL_DEVICE,CHP_ROAD_TYPE,PEDESTRIAN_ACCIDENT,BICYCLE_ACCIDENT,MOTORCYCLE_ACCIDENT,TRUCK_ACCIDENT,NOT_PRIVATE_PROPERTY,ALCOHOL_INVOLVED,STWD_VEHTYPE_AT_FAULT,CHP_VEHTYPE_AT_FAULT,COUNT_SEVERE_INJ,COUNT_VISIBLE_INJ,COUNT_COMPLAINT_PAIN,COUNT_PED_KILLED,COUNT_PED_INJURED,COUNT_BICYCLIST_KILLED,COUNT_BICYCLIST_INJURED,COUNT_MC_KILLED,COUNT_MC_INJURED,PRIMARY_RAMP,SECONDARY_RAMP,LATITUDE,LONGITUDE,COUNTY,CITY,POINT_X,POINT_Y
9047656,2020,2020-03-06,3801,2020-01-01,1435,380,CENTR,3,5,7,3801,0,0,0,,0,3CAR,NORTHPOINT,"HYDE ST",0.00,,Y,A,-,N,,,,,,,,,,N,3,0,1,1,A,-,03,22350,A,N,E,A,A,A,A,-,A,A,0,,,,,Y,,-,,0,1,0,0,0,0,0,0,0,"- ","- ",,,"SAN FRANCISCO","SAN FRANCISCO",,
90491110,2017,2017-06-29,9335,2017-06-15,0518,018053,,4,3,7,3801,0,1,2,,2,015,"US-101 S/B","POTRERO AVE. U/C",166.00,N,N,A,-,Y,,,101,,,,,,S,Y,2,0,1,1,A,-,01,23152,A,N,E,I,A,A,H,-,C,D,0,,,,,Y,Y,A,01,1,0,0,0,0,0,0,0,0,"- ","- ",37.768940000000001,-122.40864000000001,"SAN FRANCISCO","SAN FRANCISCO",-122.40865099,37.768898919999998
90503363,2017,2017-07-19,9335,2017-07-05,1605,021712,,3,2,7,3801,0,1,1,,2,080,"I-80 W/B TO 5TH STREET","5TH ST",255.00,E,N,A,-,Y,,,80,,,,R,,W,Y,3,0,1,4,A,-,08,22107,,M,E,I,A,A,H,-,A,A,0,,,,,Y,,A,01,0,1,0,0,0,0,0,0,0,"- ","- ",37.77899,-122.40076999999999,"SAN FRANCISCO","SAN FRANCISCO",-122.40076999999999,37.77899
90536228,2017,2017-08-29,9335,2017-08-11,2315,021742,,5,3,7,3801,0,1,2,,2,015,"US-101 S/B","THE BRYANT ST. U/C",150.00,N,N,A,-,Y,,,101,,,,,,S,Y,4,0,1,3,A,-,03,22350,,N,C,C,A,A,H,-,D,D,0,,,,,Y,,A,01,0,0,1,0,0,0,0,0,0,"- ","- ",37.769359999999999,-122.41144,"SAN FRANCISCO","SAN FRANCISCO",-122.41143803999999,37.769389150000002
90552174,2017,2017-09-20,9335,2017-09-10,2330,021312,,7,3,7,3801,0,1,1,,2,080,"I-80 W/B","BRYANT STREET",285.00,W,N,A,-,Y,,,80,,,,,,W,Y,3,0,1,3,A,-,03,22350,,M,C,C,A,A,H,-,D,D,0,,,,,Y,,A,01,0,1,0,0,0,0,0,0,0,"- ","- ",37.771810000000002,-122.40647,"SAN FRANCISCO","SAN FRANCISCO",-122.40649673,37.771797300000003
90583544,2017,2017-10-31,9335,2017-10-22,0245,021700,,7,3,7,3801,0,1,2,,2,014,"US-101 N/B","16TH ST. U/C",40.00,N,N,A,-,Y,,,101,,,,,,N,N,4,0,1,1,A,-,01,23152,A,N,E,I,A,A,H,-,C,D,0,,,,,Y,Y,A,01,0,0,1,0,0,0,0,0,0,"- ","- ",37.766109999999998,-122.40497000000001,"SAN FRANCISCO","SAN FRANCISCO",-122.40499097999999,37.766106630000003
90595834,2017,2017-11-16,9335,2017-10-02,1925,021754,,1,2,7,3801,0,1,2,,2,015,"US-101 N/B","FOLSOM STREET U/C",430.00,S,N,A,-,Y,,,101,,,,,,N,Y,3,0,5,3,A,-,03,22350,,N,C,C,A,A,H,-,C,D,0,,,,,Y,,A,01,0,1,4,0,0,0,0,0,0,"- ","- ",37.769590000000001,-122.41401999999999,"SAN FRANCISCO","SAN FRANCISCO",-122.41401904,37.769622849999998
90633526,2017,2018-01-05,9335,2017-12-29,1200,020435,,5,1,7,3801,0,1,1,,1,081,"I-80 W/B","NAVY RD U/C",153.00,E,N,A,-,Y,,,80,,,,,,W,N,4,0,5,2,A,-,03,22350,,N,C,C,A,A,H,-,A,D,0,,,,,Y,,A,01,0,0,5,0,0,0,0,0,0,"- ","- ",37.814579999999999,-122.36015999999999,"SAN FRANCISCO","SAN FRANCISCO",-122.36023107,37.814697129999999
90678923,2018,2018-03-09,9335,2018-02-28,0825,021328,,3,1,7,3801,0,1,1,,2,024,"I-280 N/B","20TH ST",549.00,S,N,A,-,Y,,,280,,,,,,N,N,4,0,1,1,C,-,18,,,N,E,I,A,A,H,-,A,D,0,,,,,Y,,-,"- ",0,0,1,0,0,0,0,0,0,"- ","- ",37.758659362792969,-122.39231872558594,"SAN FRANCISCO","SAN FRANCISCO",-122.39223480224609,37.758659362792969
9074899,2020,2020-07-07,3801,2020-02-02,0048,4136,RICHM,7,5,7,3801,0,0,0,,0,3G13E,"GEARY BL","4TH AV",14.00,E,N,A,-,N,,,,,,,,,,Y,4,0,2,1,A,-,01,23153,G,N,E,I,A,A,H,-,C,A,0,,,,,Y,Y,A,01,0,0,2,0,0,0,0,0,0,"- ","- ",,,"SAN FRANCISCO","SAN FRANCISCO",-122.46210479736328,37.781192779541016
9074992,2020,2020-05-16,3801,2020-02-08,1739,1680,INGLE,6,5,7,3801,0,0,0,,0,3H13D,"ALEMANY BL","LAWRENCE AV",0.00,,Y,A,-,N,,,,,,,,,,Y,4,0,1,2,A,-,08,22107,,N,D,C,A,A,H,-,A,D,0,,,,,Y,,A,01,0,0,1,0,0,0,0,0,0,"- ","- ",,,"SAN FRANCISCO","SAN FRANCISCO",-122.45319366455078,37.711269378662109
9075007,2020,2020-05-20,3801,2020-02-03,1654,4292,BAYVI,1,5,7,3801,0,0,0,,0,3C77,"GILMAN AV","ARELIOUS WALKER DR",0.00,,Y,A,-,N,,,,,,,,,,Y,4,0,1,2,A,-,05,21651,A,F,B,C,A,A,H,-,B,A,0,,,,,Y,,A,07,0,0,1,0,0,0,0,0,0,"- ","- ",,,"SAN FRANCISCO","SAN FRANCISCO",-122.38626861572266,37.717159271240234
9075054,2020,2020-05-16,3801,2020-02-21,1951,1613,MISIS,5,5,7,3801,0,0,0,,0,003,"CAPP ST","21ST ST",240.00,S,N,A,-,N,,,,,,,,,,N,2,0,2,3,A,-,03,22350,,F,A,B,D,A,H,-,D,D,0,Y,,,,Y,,A,01,1,0,1,0,2,0,0,0,0,"- ","- ",,,"SAN FRANCISCO","SAN FRANCISCO",-122.41774749755859,37.756423950195312
90756479,2018,2018-06-26,9335,2018-06-19,2040,021957,,2,2,7,3801,0,1,2,,2,015,"I-80 E/B","16TH ST U/C",18.00,W,N,A,-,Y,,,80,,,,,,E,Y,3,0,1,1,A,-,05,21651,A,N,E,I,A,A,H,-,D,D,0,,,,,Y,,A,01,0,1,0,0,0,0,0,0,0,"- ","- ",37.766090393066406,-122.40496826171875,"SAN FRANCISCO","SAN FRANCISCO",-122.40492248535156,37.766090393066406
90815000,2018,2018-09-17,9335,2018-09-05,0850,021390,,3,1,7,3801,0,1,2,,2,013,"US-101 N/B","BAYSHORE BLVD UNDERCROSSING",365.00,N,N,B,-,Y,,,101,,,,,,N,N,4,0,1,3,A,-,07,21658,A,M,B,C,A,A,H,-,A,D,0,,,Y,,Y,,-,99,0,0,1,0,0,0,0,0,1,"- ","- ",37.7205810546875,-122.39985656738281,"SAN FRANCISCO","SAN FRANCISCO",-122.39987945556641,37.720573425292969
90852384,2018,2018-11-05,9335,2018-10-24,0900,021644,,3,1,7,3801,0,1,2,,2,013,"US-101 S/B","PAUL AVE U/C",510.00,N,N,A,-,Y,,,101,,,,,,S,Y,4,0,1,2,A,-,03,22350,,N,C,C,A,A,H,-,A,D,0,,,Y,,Y,,C,02,0,0,1,0,0,0,0,0,1,"- ","- ",37.72515869140625,-122.40187072753906,"SAN FRANCISCO","SAN FRANCISCO",-122.40193176269531,37.725135803222656
90893975,2018,2018-12-31,9335,2018-11-14,1740,021277,,3,2,7,3801,0,1,1,,2,080,"I-80 E/B","FOURTH ST",64.00,W,N,A,-,Y,,,80,,,,,,E,N,4,0,1,1,A,-,03,22350,,N,F,A,A,A,H,-,C,D,0,,,Y,,Y,,C,02,0,0,1,0,0,0,0,0,1,"- ","- ",37.779869079589844,-122.39894866943359,"SAN FRANCISCO","SAN FRANCISCO",-122.39894866943359,37.779865264892578
90901742,2019,2019-01-10,9335,2019-01-09,1750,019434,,3,2,7,3801,0,1,2,,2,013,"US-101 S/B","CESAR CHAVEZ ST. ON-RAMP",270.00,S,N,B,-,Y,,,101,,,,,,S,N,4,0,1,2,A,-,03,22350,,M,C,C,A,A,H,-,C,D,0,,,,,Y,,-,99,0,0,1,0,0,0,0,0,0,"- ","- ",37.747161865234375,-122.40453338623047,"SAN FRANCISCO","SAN FRANCISCO",-122.40452575683594,37.747158050537109
90913680,2019,2019-01-28,9335,2019-01-25,1455,022186,,5,2,7,3801,0,1,2,,2,013,"US-101 S/B","BAYSHORE BOULEVARD O/C",285.00,S,N,B,-,Y,,,101,,,,,,S,N,4,0,1,2,A,-,03,22350,,N,C,C,A,A,H,-,A,D,0,,,,,Y,,A,07,0,0,1,0,0,0,0,0,0,"- ","- ",37.715019226074219,-122.39808654785156,"SAN FRANCISCO","SAN FRANCISCO",-122.39813232421875,37.714984893798828
90921436,2019,2019-02-07,9335,2019-02-04,1735,019434,,1,2,7,3801,0,1,1,,2,022,"I-280 S/B FROM SAN JOSE AVE.","BOSWORTH ST.",1690.00,S,N,C,-,Y,,,280,,,,R,,S,N,4,0,1,2,A,-,03,22350,,N,C,C,A,B,H,-,C,D,0,,,,,Y,,A,07,0,0,1,0,0,0,0,0,0,"- ","- ",37.730941772460938,-122.43759155273438,"SAN FRANCISCO","SAN FRANCISCO",-122.43759155273438,37.730941772460938
90941765,2019,2019-03-07,9335,2019-02-28,0120,022188,,4,3,7,3801,0,1,2,,2,014,"US-101 S/B","CESAR CHAVEZ ST",107.00,N,N,A,-,Y,,,101,,,,,,S,Y,4,0,2,3,A,-,01,23152,A,N,C,C,A,A,H,-,D,D,0,,,,,Y,Y,A,07,0,0,2,0,0,0,0,0,0,"- ","- ",37.749801635742188,-122.40364074707031,"SAN FRANCISCO","SAN FRANCISCO",-122.40367889404297,37.749813079833984
90949358,2019,2019-03-19,9335,2019-03-13,1545,021328,,3,2,7,3801,0,1,2,,2,014,"US-101 N/B","16TH ST. UNDERCROSSING",275.00,S,N,A,-,Y,,,101,,,,,,N,N,3,0,1,3,A,-,03,22350,,N,B,C,A,A,H,-,A,D,0,,,Y,,Y,,C,02,0,1,0,0,0,0,0,0,1,"- ","- ",37.765110015869141,-122.40492248535156,"SAN FRANCISCO","SAN FRANCISCO",-122.40483093261719,37.765125274658203
90990191,2019,2019-05-16,9335,2019-05-10,1825,021644,,5,2,7,3801,0,1,1,,2,022,"I-280 S/B","GENEVA AVE O/C",1056.00,S,N,A,-,Y,,,280,,,,,,S,Y,4,0,1,2,A,-,03,22350,,N,C,C,A,A,H,-,A,D,0,,,,,Y,,A,01,0,0,1,0,0,0,0,0,0,"- ","- ",37.7181396484375,-122.44869995117188,"SAN FRANCISCO","SAN FRANCISCO",-122.44861602783203,37.718128204345703
91033239,2019,2019-07-18,9335,2019-07-09,1025,022348,,2,1,7,3801,0,1,2,,2,013,"US 101 N/B","FAITH ST PEDESTRIAN OVERCROSSING",1320.00,S,N,A,-,Y,,,,,,,,,,N,4,0,1,2,A,-,03,22350,,N,C,C,A,A,H,-,A,D,0,,,,,Y,,A,01,0,0,1,0,0,0,0,0,0,"- ","- ",37.740570068359375,-122.40786743164062,"SAN FRANCISCO","SAN FRANCISCO",,
91036204,2019,2019-07-23,9335,2019-07-13,2140,021770,,6,2,7,3801,0,1,1,,1,081,"I-80 W/B","BEALE ST.",400.00,W,N,A,-,Y,,,,,,,,,,N,4,0,2,2,A,-,03,22350,,N,C,C,A,A,H,-,C,D,0,,,,,Y,,A,07,0,0,2,0,0,0,0,0,0,"- ","- ",37.785808563232422,-122.29118347167969,"SAN FRANCISCO","SAN FRANCISCO",-122.39115905761719,37.785884857177734
9108259,2020,2021-09-20,3801,2020-04-25,1702,2342,NORTH,6,5,7,3801,0,0,0,,0,3E12D,"DIVISADERO ST","OAK ST",129.00,N,N,A,-,N,,,,,,,,,,N,2,0,1,2,A,-,21,22106,,N,D,C,A,A,H,-,A,D,0,,,Y,,Y,,A,01,1,0,0,0,0,0,0,0,1,"- ","- ",,,"SAN FRANCISCO","SAN FRANCISCO",-122.43749237060547,37.773490905761719
91109506,2019,2019-10-30,9335,2019-10-20,2245,022179,,7,3,7,3801,0,1,2,,2,013,"US-101 S/B TO CHESAR CHAVEZ","CESAR CHAVEZ ST. UNDERCROSSING",329.00,N,N,A,-,Y,,,101,,,,R,,S,Y,3,0,1,1,A,-,08,22107,,N,E,I,A,A,H,-,C,D,0,,,,,Y,,A,01,0,1,0,0,0,0,0,0,0,"- ","- ",37.750320434570312,-122.40377044677734,"SAN FRANCISCO","SAN FRANCISCO",-122.40377044677734,37.750320434570312
9111066,2020,2020-11-02,3801,2020-05-08,1930,171,CENTR,5,5,7,3801,0,0,0,,0,3CAR,"COLUMBUS AV","957 COLUMBUS AVE",0.00,,Y,A,-,N,,,,,,,,,,N,4,0,1,1,-,-,"- ",,,N,H,-,A,A,A,-,A,D,0,,Y,,,Y,,L,04,0,0,1,0,0,0,1,0,0,"- ","- ",,,"SAN FRANCISCO","SAN FRANCISCO",,
91118235,2019,2019-11-12,9335,2019-11-02,1342,022416,,6,1,7,3801,0,1,1,,2,024,"I-280 N/B","CESAR CHAVEZ ST",350.00,S,N,A,-,Y,,,280,,,,,,N,N,3,0,1,2,A,-,03,22350,,N,C,C,A,A,H,-,A,D,0,,,Y,,Y,,C,02,0,1,0,0,0,0,0,0,1,"- ","- ",37.749050140380859,-122.39232635498047,"SAN FRANCISCO","SAN FRANCISCO",-122.39231109619141,37.749038696289062
91150521,2019,2019-12-23,9335,2019-12-18,0405,021672,,3,3,7,3801,0,1,2,,2,013,"US-101 N/B","PAUL ST. U/C",331.00,N,N,C,-,Y,,,101,,,,,,N,Y,4,0,1,1,A,-,08,22107,,N,E,I,A,B,H,-,C,D,0,,,,,Y,,A,01,0,0,1,0,0,0,0,0,0,"- ","- ",37.724369049072266,-122.40103912353516,"SAN FRANCISCO","SAN FRANCISCO",-122.40129852294922,37.724262237548828
91173650,2020,2020-01-27,9335,2020-01-20,0005,022175,,1,3,7,3801,0,1,2,,2,013,"US-101 SB TO SILVER AVE.","SILVER AVE",130.00,S,N,B,-,Y,,,101,,,,R,,S,Y,4,0,1,1,A,-,01,23152,G,N,E,I,A,A,H,-,C,D,0,,,,,Y,Y,A,01,0,0,1,0,0,0,0,0,0,"- ","- ",37.732170104980469,-122.40518188476562,"SAN FRANCISCO","SAN FRANCISCO",-122.40518188476562,37.732170104980469
91203782,2020,2020-03-09,9335,2020-03-01,2040,022517,,7,2,7,3801,0,1,1,,1,083,"I-80 E/B","Y.B.I. TUNNEL",298.00,W,N,A,-,Y,,,80,,,,,,E,N,4,0,3,2,A,-,03,22350,,N,C,C,A,A,H,-,C,D,0,,,,,Y,,A,01,0,0,3,0,0,0,0,0,0,"- ","- ",37.807918548583984,-122.36746978759766,"SAN FRANCISCO","SAN FRANCISCO",-122.36740875244141,37.807853698730469
9120932,2020,2020-08-31,3801,2020-06-23,1030,1696,NORTH,2,5,7,3801,0,0,0,,0,3E12A,"TURK ST","PIERCE ST",0.00,,Y,A,-,N,,,,,,,,,,N,4,0,1,2,A,-,03,22350,,N,C,C,A,A,H,-,A,A,0,,,,,Y,,A,01,0,0,1,0,0,0,0,0,0,"- ","- ",,,"SAN FRANCISCO","SAN FRANCISCO",-122.43543243408203,37.780078887939453
9120935,2020,2020-08-31,3801,2020-06-23,0152,4222,INGLE,2,5,7,3801,0,0,0,,0,3H11E,"BAYSHORE BL","ARLETA AV",0.00,,Y,A,-,N,,,,,,,,,,Y,4,0,1,1,-,-,"- ",,A,N,E,I,A,A,H,-,C,D,0,,,,,Y,,A,01,0,0,1,0,0,0,0,0,0,"- ","- ",,,"SAN FRANCISCO","SAN FRANCISCO",-122.40261077880859,37.712268829345703
91268759,2020,2020-07-15,9335,2020-07-05,1930,022007,,7,2,7,3801,0,1,1,,1,083,"I-80 E/B","YERBA BUENA ISLAND TUNNEL",241.00,W,N,A,-,Y,,,80,,,,,,E,Y,4,0,2,2,A,-,07,21658,A,N,B,C,A,A,H,-,A,D,0,,,,,Y,,A,01,0,0,2,0,0,0,0,0,0,"- ","- ",37.808509826660156,-122.36691284179688,"SAN FRANCISCO","SAN FRANCISCO",-122.3668212890625,37.808422088623047
91343339,2020,2020-11-11,9335,2020-11-02,0631,020108,,1,1,7,3801,0,1,1,,1,081,"I-80 W/B","FREMONT STREET/FOLSOM STREET OFF RAMP",200.00,E,N,A,-,Y,,,80,,,,,,W,N,4,0,2,3,A,-,03,22350,,M,C,C,A,A,H,-,B,D,0,,,,,Y,,A,01,0,0,2,0,0,0,0,0,0,"- ","- ",37.785530090332031,-122.39179992675781,"SAN FRANCISCO","SAN FRANCISCO",-122.39174652099609,37.785427093505859
91353385,2020,2020-11-25,9335,2020-11-17,1650,020658,,2,2,7,3801,0,1,1,,2,080,"I-80 EASTBOUND FROM 5TH STREET","5TH STREET",350.00,E,N,C,-,Y,,,80,,,,R,,E,Y,3,0,1,1,A,-,08,22107,,N,E,I,A,B,H,-,C,D,0,,,,,Y,,D,22,0,1,0,0,0,0,0,0,0,"- ","- ",37.779140472412109,-122.40007781982422,"SAN FRANCISCO","SAN FRANCISCO",-122.40007781982422,37.779140472412109
91363113,2020,2020-12-10,9350,2020-12-05,0750,022445,,6,1,7,3801,0,1,2,,2,010,"US-101 S/B","SR-1 S/B",5.00,S,N,A,-,Y,,,101,,,,,,S,Y,3,0,1,1,A,-,03,22350,,N,E,I,A,A,H,-,A,D,0,,,,,Y,,A,07,0,1,0,0,0,0,0,0,0,"- ","- ",37.803348541259766,-122.47074890136719,"SAN FRANCISCO","SAN FRANCISCO",-122.47065734863281,37.803623199462891
91412080,2021,2021-02-22,9335,2021-02-19,0705,022187,,5,1,7,3801,0,1,2,,2,014,"US-101 N/B","THE 23RD STREET OVER-CROSSING",308.00,N,N,C,-,Y,,,101,,,,,,N,Y,4,0,1,2,A,-,08,22107,,N,D,C,A,B,H,-,A,D,0,,,,,Y,,D,22,0,0,1,0,0,0,0,0,0,"- ","- ",37.755428314208984,-122.40305328369141,"SAN FRANCISCO","SAN FRANCISCO",-122.40301513671875,37.75543212890625
91423655,2021,2021-03-10,9335,2021-03-04,1430,021424,,4,2,7,3801,0,1,2,,2,014,"US-101 N/B","CESAR CHAVEZ",100.00,N,N,A,-,Y,,,101,,,,,,N,Y,3,0,2,2,A,-,07,21658,A,N,C,C,A,A,H,-,A,D,0,,,,,Y,,A,01,0,1,1,0,0,0,0,0,0,"- ","- ",37.749771118164062,-122.40352630615234,"SAN FRANCISCO","SAN FRANCISCO",-122.40349578857422,37.749759674072266
9151409,2020,2020-10-19,3801,2020-08-09,0305,4125,RICHM,7,5,7,3801,0,0,0,,0,3G13E,"14TH AV",BALBOA,0.00,,Y,A,-,N,,,,,,,,,,N,3,0,1,2,B,-,22,,,F,-,-,-,-,-,-,-,-,0,Y,,,,Y,,-,,0,1,0,0,1,0,0,0,0,"- ","- ",,,"SAN FRANCISCO","SAN FRANCISCO",-122.47258758544922,37.776840209960938
9159968,2020,2020-11-02,3801,2020-09-21,1500,2050,NORTH,1,5,7,3801,0,0,0,,0,3E14D,"SUTTER ST","POST ST",159.00,W,N,A,-,N,,,,,,,,,,N,4,0,1,2,A,-,03,22350,,F,A,B,E,A,H,-,A,D,0,Y,,,,Y,,A,01,0,0,1,0,1,0,0,0,0,"- ","- ",,,"SAN FRANCISCO","SAN FRANCISCO",,
9159973,2020,2020-11-04,3801,2020-09-15,2222,1951,SOUTH,2,5,7,3801,0,0,0,,0,0B6,"AVENU OF THE PALMS","9TH ST",0.00,,Y,A,-,N,,,,,,,,,,Y,2,0,1,1,A,-,03,22350,,N,E,I,A,A,H,-,C,A,0,,,,,Y,,A,01,1,0,0,0,0,0,0,0,0,"- ","- ",,,"SAN FRANCISCO","SAN FRANCISCO",-122.37606700000001,37.822628999999999
91668009,2020,2022-01-03,9335,2020-11-04,0936,018053,,3,1,7,3801,0,1,1,,2,024,"I-280 S/B","18TH STREET O/C",144.00,N,N,A,-,Y,,,280,,,,,,S,Y,2,0,1,3,A,-,08,22107,,N,C,C,E,A,H,-,A,D,0,Y,,,Y,Y,,A,07,1,0,0,0,1,0,0,0,0,"- ","- ",37.763320922851562,-122.39276885986328,"SAN FRANCISCO","SAN FRANCISCO",-122.39280700683594,37.763313293457031
91696546,2022,2022-02-09,9350,2022-01-16,1813,022532,,7,2,7,3801,0,1,3,,2,011,"SR-1 S/B","LAKE ST",3000.00,N,N,A,-,Y,SF,,1,,,6.422,H,,L,N,4,0,4,2,A,-,03,22350,,N,C,C,A,A,H,-,C,D,0,,,,,Y,,A,01,0,0,4,0,0,0,0,0,0,"- ","- ",37.79412841796875,-122.46961975097656,"SAN FRANCISCO","SAN FRANCISCO",-122.46962738037109,37.79412841796875
91716072,2022,2022-03-07,9335,2022-02-26,0620,022703,,6,1,7,3801,0,1,1,,2,024,"I-280 SOUTHBOUND OT US-101 SOUTHBOUND","THE BACON STREET UNDERCROSSING",175.00,N,N,A,-,Y,SF,,101,,,1.450,H,,L,N,4,0,1,1,C,-,18,,,N,E,J,A,A,H,-,A,D,0,,,,,Y,,-,"- ",0,0,1,0,0,0,0,0,0,"- ","- ",37.728321075439453,-122.40303039550781,"SAN FRANCISCO","SAN FRANCISCO",-122.40318298339844,37.728279113769531
91722798,2022,2022-03-15,9335,2022-03-03,2250,021301,,4,3,7,3801,0,1,3,,2,041,"I-280 S/B","ALEMANY BLVD OVER-CROSSING",308.00,N,N,C,-,Y,SF,,280,,R,3.952,H,,L,N,3,0,1,1,A,-,08,22107,,N,F,A,A,B,H,-,C,D,0,,,,,Y,,A,01,0,1,0,0,0,0,0,0,0,"- ","- ",37.733100891113281,-122.41329956054688,"SAN FRANCISCO","SAN FRANCISCO",-122.41319274902344,37.732963562011719
91730082,2022,2022-03-23,9335,2022-03-11,1630,022795,,5,2,7,3801,0,1,1,,2,022,"I-280 N/B","SAN JOSE AVENUE OVERCROSSING",245.00,S,N,A,-,Y,SF,,280,,R,1.407,H,,R,Y,4,0,1,2,A,-,03,22350,,N,C,C,A,A,H,-,A,D,0,,,,,Y,,D,22,0,0,1,0,0,0,0,0,0,"- ","- ",37.717800140380859,-122.44837951660156,"SAN FRANCISCO","SAN FRANCISCO",-122.448486328125,37.717807769775391
91740543,2022,2022-08-16,9335,2022-03-20,1320,018399,,7,1,7,3801,0,1,1,,1,083,"I-80 E/B","8TH ST.",50.00,E,N,A,-,Y,SF,,80,,,4.292,H,,R,N,4,0,1,2,D,-,00,,,N,B,C,A,A,H,-,A,D,0,,,Y,,Y,,-,"- ",0,0,1,0,0,0,0,0,1,"- ","- ",37.772331237792969,-122.40648651123047,"SAN FRANCISCO","SAN FRANCISCO",-122.406494140625,37.772327423095703
91760521,2022,2022-04-29,9335,2022-04-18,1720,022823,,1,2,7,3801,0,1,1,,2,022,"I-280 NB","SAN JOSE AVE. OVERCROSSING",185.00,N,N,A,-,Y,SF,,280,,R,1.518,H,,R,Y,3,0,3,4,A,-,03,22350,,N,C,C,A,A,H,-,A,D,0,,,,,Y,,A,01,0,1,2,0,0,0,0,0,0,"- ","- ",37.719390869140625,-122.44812774658203,"SAN FRANCISCO","SAN FRANCISCO",-122.44829559326172,37.719402313232422
91777615,2022,2022-05-23,9335,2022-05-13,1540,022795,,5,2,7,3801,0,1,2,,2,013,"US-101 NORTHBOUND","PAUL AVENUE UNDERCROSSING",280.00,S,N,A,-,Y,SF,,101,,,1.063,H,,R,Y,4,0,1,3,A,-,03,22350,,N,C,C,A,A,H,-,A,D,0,,,,,Y,,A,01,0,0,1,0,0,0,0,0,0,"- ","- ",37.722888946533203,-122.4007568359375,"SAN FRANCISCO","SAN FRANCISCO",-122.40074920654297,37.722892761230469
9178377,2020,2020-12-21,3801,2020-10-31,1421,2407,MISSI,6,5,7,3801,0,0,0,,0,3D11A,"S VAN NESS AV","15TH ST",0.00,,Y,A,-,N,,,,,,,,,,Y,3,0,1,2,A,-,09,21804,A,N,D,C,A,A,H,-,A,A,0,,,Y,,Y,,A,01,0,1,0,0,0,0,0,0,1,"- ","- ",,,"SAN FRANCISCO","SAN FRANCISCO",-122.41764068603516,37.766799926757812
9178391,2020,2021-01-06,3801,2020-10-26,2105,1351,MISSI,1,5,7,3801,0,0,0,,0,3D11E,"MARKET ST","CHURCH ST",0.00,,Y,A,-,N,,,,,,,,,,N,4,0,1,2,A,-,11,21461,5,N,G,B,B,A,H,-,C,A,0,Y,,,,Y,,N,60,0,0,1,0,1,0,0,0,0,"- ","- ",,,"SAN FRANCISCO","SAN FRANCISCO",-122.42893981933594,37.767608642578125
91815438,2022,2022-07-12,9335,2022-06-30,1405,022920,,4,2,7,3801,0,1,2,,2,013,"US-101 S/B","THE CORTLAND AVE UNDERCROSSING",405.00,N,N,B,-,Y,SF,,101,,,2.356,H,,L,Y,4,0,2,4,A,-,03,22350,,N,C,C,A,A,H,-,A,D,0,,,,Y,Y,,A,07,0,0,2,0,0,0,0,0,0,"- ","- ",37.740798950195312,-122.40805816650391,"SAN FRANCISCO","SAN FRANCISCO",-122.40792083740234,37.740779876708984