CASE_ID,ACCIDENT_YEAR,PROC_DATE,JURIS,COLLISION_DATE,COLLISION_TIME,OFFICER_ID,REPORTING_DISTRICT,DAY_OF_WEEK,CHP_SHIFT,POPULATION,CNTY_CITY_LOC,SPECIAL_COND,BEAT_TYPE,CHP_BEAT_TYPE,CITY_DIVISION_LAPD,CHP_BEAT_CLASS,BEAT_NUMBER,PRIMARY_RD,SECONDARY_RD,DISTANCE,DIRECTION,INTERSECTION,WEATHER_1,WEATHER_2,STATE_HWY_IND,CALTRANS_COUNTY,CALTRANS_DISTRICT,STATE_ROUTE,ROUTE_SUFFIX,POSTMILE_PREFIX,POSTMILE,LOCATION_TYPE,RAMP_INTERSECTION,SIDE_OF_HWY,TOW_AWAY,COLLISION_SEVERITY,NUMBER_KILLED,NUMBER_INJURED,PARTY_COUNT,PRIMARY_COLL_FACTOR,PCF_CODE_OF_VIOL,PCF_VIOL_CATEGORY,PCF_VIOLATION,PCF_VIOL_SUBSECTION,HIT_AND_RUN,TYPE_OF_COLLISION,MVIW,PED_ACTION,ROAD_SURFACE,ROAD_COND_1,ROAD_COND_2,LIGHTING,CONTROL_DEVICE,CHP_ROAD_TYPE,PEDESTRIAN_ACCIDENT,BICYCLE_ACCIDENT,MOTORCYCLE_ACCIDENT,TRUCK_ACCIDENT,NOT_PRIVATE_PROPERTY,ALCOHOL_INVOLVED,STWD_VEHTYPE_AT_FAULT,CHP_VEHTYPE_AT_FAULT,COUNT_SEVERE_INJ,COUNT_VISIBLE_INJ,COUNT_COMPLAINT_PAIN,COUNT_PED_KILLED,COUNT_PED_INJURED,COUNT_BICYCLIST_KILLED,COUNT_BICYCLIST_INJURED,COUNT_MC_KILLED,COUNT_MC_INJURED,PRIMARY_RAMP,SECONDARY_RAMP,LATITUDE,LONGITUDE,COUNTY,CITY,POINT_X,POINT_Y
7038624,2015,2015-08-28,3801,2015-07-23,0015,002256,TARAV,4,5,7,3801,0,0,0,,0,3I15D,"SLOAT BL","CONSTANSO WY",0.00,,Y,A,-,N,,,,,,,,,,N,3,0,1,2,A,-,09,21802,A,N,D,C,A,A,H,-,C,A,0,,,,,Y,,A,01,0,1,0,0,0,0,0,0,0,"- ","- ",,,"SAN FRANCISCO","SAN FRANCISCO",-122.48884987,37.734229939999999
7040929,2015,2015-09-02,3801,2015-06-02,1542,004374,MISSI,2,5,7,3801,0,0,0,,0,3D13D,"22ND ST","CAPP ST",100.00,W,N,A,-,N,,,,,,,,,,N,4,0,1,2,D,-,00,,,N,G,B,F,A,H,-,A,D,0,Y,,,,Y,,-,"- ",0,0,1,0,1,0,0,0,0,"- ","- ",,,"SAN FRANCISCO","SAN FRANCISCO",-122.41800451,37.755504479999999
7041176,2015,2015-09-01,3801,2015-03-22,1530,000868,RICHM,7,5,7,3801,0,0,0,,0,4K8G,"LAKE ST","19TH AV",0.00,,Y,A,-,N,,,,,,,,,,N,3,0,1,2,D,-,00,,,N,G,B,B,A,H,-,A,A,0,Y,,,,Y,,-,"- ",0,1,0,0,1,0,0,0,0,"- ","- ",,,"SAN FRANCISCO","SAN FRANCISCO",-122.47870992,37.78602995
7050689,2015,2015-09-19,3801,2015-08-19,1528,000769,CENTR,3,5,7,3801,0,0,0,,0,03A,"PACIFIC AV","MORRELL ST",78.00,E,N,A,-,N,,,,,,,,,,N,3,0,1,2,A,-,11,21954,A,N,C,B,E,A,H,-,-,D,0,Y,,,,Y,,N,60,0,1,0,0,1,0,0,0,0,"- ","- ",,,"SAN FRANCISCO","SAN FRANCISCO",-122.4188631,37.795392550000003
7052264,2015,2015-09-29,3801,2015-08-04,0025,001117,MISSI,2,5,7,3801,0,0,0,,0,COE,"CHURCH ST","14TH ST",0.00,,Y,A,-,N,,,,,,,,,,N,3,0,1,2,A,-,09,21800,A,N,D,G,A,A,H,-,C,A,0,,Y,,,Y,Y,L,04,0,1,0,0,0,0,1,0,0,"- ","- ",,,"SAN FRANCISCO","SAN FRANCISCO",-122.42894988,37.767709979999999
7052341,2015,2015-09-26,3801,2015-08-01,1451,02035,,6,5,7,3801,0,0,0,,0,3113D,"NORIEGA ST","41ST AV",0.00,,Y,A,-,N,,,,,,,,,,N,3,0,3,2,A,-,09,21802,A,N,D,C,A,A,H,-,A,A,0,,,,,Y,,A,01,0,1,2,0,0,0,0,0,0,"- ","- ",,,"SAN FRANCISCO","SAN FRANCISCO",-122.50002994,37.753199940000002
7060119,2015,2015-10-10,3801,2015-09-17,1209,12050,TENDE,4,5,7,3801,0,0,0,,0,3J53C,"MCALLISTER ST","HYDE ST",0.00,,Y,A,-,N,,,,,,,,,,N,4,0,1,2,A,-,10,21950,A,M,G,B,B,A,H,-,A,A,0,Y,,,,Y,Y,A,01,0,0,1,0,1,0,0,0,0,"- ","- ",,,"SAN FRANCISCO","SAN FRANCISCO",-122.4153199,37.780739930000003
7080524,2015,2015-10-06,3801,2015-01-21,1755,00483,DCOMP,3,5,7,3801,0,0,0,,0,901,"DOLORES ST","18TH ST",0.00,,Y,A,-,N,,,,,,,,,,N,3,0,1,2,A,-,11,21456,A,N,G,B,B,A,H,-,C,A,0,Y,,,,Y,,N,60,0,1,0,0,1,0,0,0,0,"- ","- ",,,"SAN FRANCISCO","SAN FRANCISCO",-122.42615994000001,37.761439930000002
7089805,2015,2015-10-10,3801,2015-09-28,1310,1580,CENTR,1,5,7,3801,0,0,0,,0,3A13C,"KEARNY ST","JACKSON ST",0.00,,Y,A,-,N,,,,,,,,,,N,4,0,1,2,A,-,10,21950,A,N,G,B,B,A,H,-,A,A,0,Y,,,,Y,,A,01,0,0,1,0,1,0,0,0,0,"- ","- ",,,"SAN FRANCISCO","SAN FRANCISCO",-122.40513987,37.796219909999998
7100036,2015,2015-10-12,3801,2015-09-10,2030,71,SOUTH,4,5,7,3801,0,0,0,,0,901,"7TH ST","16TH ST",0.00,,Y,A,-,N,,,,,,,,,,N,4,0,1,2,A,-,09,21801,A,N,H,J,A,A,H,-,C,A,0,,,Y,,Y,,A,01,0,0,1,0,0,0,0,0,1,"- ","- ",,,"SAN FRANCISCO","SAN FRANCISCO",-122.39506987999999,37.766539989999998
7100040,2015,2015-10-08,3801,2015-09-16,1725,4330,MISSI,3,5,7,3801,0,0,0,,0,901,"16TH ST","POND ST",0.00,,Y,C,-,N,,,,,,,,,,N,3,0,1,2,A,-,05,21460,A,N,D,C,A,B,H,-,A,D,0,,,Y,,Y,,A,01,0,1,0,0,0,0,0,0,1,"- ","- ",,,"SAN FRANCISCO","SAN FRANCISCO",-122.43226998999999,37.764269939999998
7100057,2015,2015-10-09,3801,2015-09-18,1619,1784,MISSI,5,5,7,3801,0,0,0,,0,3D14D,"18TH ST","NOE ST",0.00,,Y,A,-,N,,,,,,,,,,Y,4,0,2,2,A,-,12,22450,A,N,C,C,A,A,-,-,A,A,0,,,,,Y,,-,,0,0,2,0,0,0,0,0,0,"- ","- ",,,"SAN FRANCISCO","SAN FRANCISCO",-122.43277992,37.761009950000002
7100751,2014,2015-12-17,3801,2014-02-09,2021,1239,,7,5,7,3801,0,0,0,,0,3G13D,"SILLIMAN ST","HARVARD ST",0.00,,Y,C,-,N,,,,,,,,,,Y,4,0,3,3,A,-,12,22450,A,N,D,C,A,B,H,-,C,A,0,,,,,Y,Y,A,07,0,0,3,0,0,0,0,0,0,"- ","- ",,,"SAN FRANCISCO","SAN FRANCISCO",-122.42085997,37.727109900000002
7100812,2014,2015-12-16,3801,2014-04-29,1340,1900,TARAV,2,5,7,3801,0,0,0,,0,3I13A,"LAKE MERCED BL","JOHN MUIR DR",180.00,S,N,A,-,N,,,,,,,,,,N,3,0,1,2,A,-,07,21658,A,N,B,G,A,A,H,-,A,D,0,,Y,,,Y,,A,01,0,1,0,0,0,0,1,0,0,"- ","- ",,,"SAN FRANCISCO","SAN FRANCISCO",-122.48589728,37.707632160000003
7100955,2014,2015-12-17,3801,2014-05-29,1459,1353,,4,5,7,3801,0,0,0,,0,,"PAGE ST","BUCHANAN ST",0.00,,Y,A,-,N,,,,,,,,,,Y,4,0,1,3,A,-,09,21802,A,M,D,C,A,A,H,-,A,D,0,,,,,Y,,A,01,0,0,1,0,0,0,0,0,0,"- ","- ",,,"SAN FRANCISCO","SAN FRANCISCO",-122.42734994,37.773449980000002
7101178,2015,2016-01-08,3801,2015-11-19,1002,1445,,4,5,7,3801,0,0,0,,0,3E60,"VAN NESS AV","ELLIS ST",0.00,,Y,A,-,N,,,,,,,,,,Y,4,0,1,2,A,-,12,21453,A,N,D,C,A,A,H,-,A,A,0,,,,,Y,,A,01,0,0,1,0,0,0,0,0,0,"- ","- ",,,"SAN FRANCISCO","SAN FRANCISCO",-122.42106991,37.783819919999999
7101259,2015,2016-01-08,3801,2015-11-12,1905,433,MISSI,4,5,7,3801,0,0,0,,0,3D14D,"POTRERO AV","25TH ST",92.00,S,N,A,-,N,,,,,,,,,,Y,4,0,1,2,A,-,21,22106,,F,C,C,A,A,H,-,C,D,0,,,,,Y,,A,01,0,0,1,0,0,0,0,0,0,"- ","- ",,,"SAN FRANCISCO","SAN FRANCISCO",-122.40617898000001,37.75148781
7101692,2015,2016-01-14,3801,2015-12-11,2046,1537,,5,5,7,3801,0,0,0,,0,3D3D,"MARKET ST","HATTIE ST",132.00,E,N,A,-,N,,,,,,,,,,N,3,0,1,1,A,-,03,22350,,N,H,I,A,A,H,-,C,D,0,,,Y,,Y,,C,02,0,1,0,0,0,0,0,0,1,"- ","- ",,,"SAN FRANCISCO","SAN FRANCISCO",-122.44053332999999,37.761086120000002
7101732,2015,2016-01-26,3801,2015-12-22,1220,4182,,2,5,7,3801,0,0,0,,0,3B12A,"KING ST","3RD ST",0.00,,Y,C,-,N,,,,,,,,,,N,4,0,1,2,A,-,10,21950,A,F,G,B,B,B,H,-,A,A,0,Y,,,,Y,,A,07,0,0,1,0,1,0,0,0,0,"- ","- ",,,"SAN FRANCISCO","SAN FRANCISCO",-122.39194990999999,37.778199979999997
7101739,2015,2016-01-26,3801,2015-12-24,2333,2325,,4,5,7,3801,0,0,0,,0,3D13E,"POTRERO AV","25TH ST",330.00,S,N,A,-,N,,,,,,,,,,Y,2,0,2,2,A,-,07,21658,A,N,E,I,A,A,H,-,C,-,0,,,,,Y,Y,A,07,1,0,1,0,0,0,0,0,0,"- ","- ",,,"SAN FRANCISCO","SAN FRANCISCO",-122.40609258000001,37.75083935
7110807,2015,2017-01-28,3801,2015-10-31,1330,1759,INGLE,6,5,7,3801,0,0,0,,0,3H15A,"GENEVA AV","RT 280",0.00,,Y,A,-,Y,SF,4,280,-,R,1.556,R,4,N,Y,4,0,1,1,A,-,03,22350,,N,E,I,A,A,H,-,A,A,0,,,,,Y,,A,01,0,0,1,0,0,0,0,0,0,"- ",NF,,,"SAN FRANCISCO","SAN FRANCISCO",-122.44822849000001,37.719930230000003
7110835,2015,2015-11-14,3801,2015-10-26,2202,2112,NORTH,1,5,7,3801,0,0,0,,0,3E11E,"PAGE ST","DIVISADERO ST",1000.00,W,N,A,-,N,,,,,,,,,,N,3,0,1,2,A,-,11,21954,A,N,B,B,E,A,H,-,C,D,0,Y,,,,Y,,N,60,0,1,0,0,1,0,0,0,0,"- ","- ",,,"SAN FRANCISCO","SAN FRANCISCO",-122.44064604,37.771770609999997
7110943,2015,2015-11-16,3801,2015-10-04,1122,1404,NORTH,7,5,7,3801,0,0,0,,0,3E15C,"STEINER ST","POST ST",0.00,,Y,A,-,N,,,,,,,,,,Y,4,0,1,2,A,-,12,21453,A,N,D,C,A,A,H,-,A,A,0,,,,,Y,,A,01,0,0,1,0,0,0,0,0,0,"- ","- ",,,"SAN FRANCISCO","SAN FRANCISCO",-122.43471993999999,37.784939899999998
7110944,2015,2015-11-23,3801,2015-10-03,1630,2395,MISSI,6,5,7,3801,0,0,0,,0,003,"FOLSOM ST","17TH ST",0.00,,Y,A,-,N,,,,,,,,,,Y,4,0,2,2,A,-,12,21453,A,N,D,C,A,A,H,-,A,A,0,,,,,Y,,A,01,0,0,2,0,0,0,0,0,0,"- ","- ",,,"SAN FRANCISCO","SAN FRANCISCO",-122.41514995999999,37.763689900000003
7157812,2015,2016-01-20,3801,2015-12-07,1841,1537,MISSI,1,5,7,3801,0,0,0,,0,3D3D,"S VAN NESS AV","21ST ST",9.00,S,N,A,-,N,,,,,,,,,,N,3,0,1,2,A,-,10,21950,A,N,G,B,B,A,H,-,C,A,0,Y,,,,Y,,A,01,0,1,0,0,1,0,0,0,0,"- ","- ",,,"SAN FRANCISCO","SAN FRANCISCO",-122.41674752,37.757135349999999
7157989,2014,2016-01-15,3801,2014-08-12,2245,2135,TARAV,2,5,7,3801,0,0,0,,0,3I90E,"SAN JOSE AV","FLOURNOY ST",0.00,,Y,A,-,N,,,,,,,,,,N,3,0,2,2,A,-,03,22350,,N,B,C,A,A,H,-,C,A,0,,,,,Y,,A,01,0,2,0,0,0,0,0,0,0,"- ","- ",,,"SAN FRANCISCO","SAN FRANCISCO",-122.460003,37.707363000000001
7157991,2014,2016-01-15,3801,2014-07-27,1656,4313,SANFR,7,5,7,3801,0,0,0,,0,3BRD,"MISSION ST","S VANNESS ST",0.00,,Y,A,-,N,,,,,,,,,,N,4,0,1,2,A,-,17,21451,A,N,D,G,A,A,H,-,A,A,0,,Y,,,Y,,A,01,0,0,1,0,0,0,1,0,0,"- ","- ",,,"SAN FRANCISCO","SAN FRANCISCO",-122.41862997,37.773109980000001
7158621,2015,2016-02-01,3801,2015-11-14,1955,1263,1,6,5,7,3801,0,0,0,,0,001,"GENEVA AV","VIENNA ST",67.00,E,N,A,-,N,,,,,,,,,,Y,3,0,1,2,A,-,03,22350,,M,C,E,A,A,H,-,C,D,0,,,Y,,Y,,C,02,0,1,0,0,0,0,0,0,1,"- ","- ",37.713889999999999,-122.43534,"SAN FRANCISCO","SAN FRANCISCO",-122.43515721,37.713740970000003
7161154,2014,2016-01-15,3801,2014-09-27,0819,518,TARAV,6,5,7,3801,0,0,0,,0,,"LINCOLN WY","35TH AV",20.00,E,N,A,-,N,,,,,,,,,,Y,4,0,1,4,A,-,08,22107,,N,B,C,A,A,H,-,A,D,0,,,,,Y,,A,01,0,0,1,0,0,0,0,0,0,"- ","- ",,,"SAN FRANCISCO","SAN FRANCISCO",-122.49432087,37.764702610000001
7161170,2014,2016-01-15,3801,2014-10-05,1415,1054,RICHM,7,5,7,3801,0,0,0,,0,004,"25TH AV","25TH AV NORTH",0.00,,Y,A,-,N,,,,,,,,,,N,4,0,1,2,A,-,11,21954,A,N,G,B,E,A,H,-,A,D,0,Y,,,,Y,,N,60,0,0,1,0,1,0,0,0,0,"- ","- ",,,"SAN FRANCISCO","SAN FRANCISCO",,
7173576,2016,2016-02-09,3801,2016-01-14,1807,004302,,4,5,7,3801,0,0,0,,0,3C11D,"3RD ST","20TH ST",0.00,,Y,C,-,N,,,,,,,,,,N,3,0,1,2,A,-,11,21453,D,N,G,B,B,B,H,-,C,A,0,Y,,,,Y,,N,60,0,1,0,0,1,0,0,0,0,"- ","- ",,,"SAN FRANCISCO","SAN FRANCISCO",-122.38866992,37.760459910000002
7173626,2016,2016-02-12,3801,2016-01-09,1140,002325,,6,5,7,3801,0,0,0,,0,3D4C,"CESAR CHAVEZ DR","HAMPSHIRE ST",0.00,,Y,A,-,N,,,,,,,,,,N,2,0,1,2,A,-,12,22450,A,N,D,G,A,B,H,-,A,D,0,,Y,,,Y,,L,04,1,0,0,0,0,0,1,0,0,"- ","- ",,,"SAN FRANCISCO","SAN FRANCISCO",-122.40676995,37.748779919999997
7173635,2016,2016-02-12,3801,2016-01-07,2223,1883,,4,5,7,3801,0,0,0,,0,,"BUSH ST","MASON ST",40.00,E,N,A,-,N,,,,,,,,,,Y,4,0,1,2,A,-,11,21955,,N,G,B,D,A,H,-,C,A,0,Y,,,,Y,,N,60,0,0,1,0,1,0,0,0,0,"- ","- ",,,"SAN FRANCISCO","SAN FRANCISCO",-122.41029330000001,37.78997751
7189123,2014,2016-02-22,3801,2014-02-24,1740,004301,SOUTH,1,5,7,3801,0,0,0,,0,3B12D,"FOLSOM ST","12TH ST",0.00,,Y,A,-,N,,,,,,,,,,Y,4,0,1,2,A,-,06,21750,,N,B,C,A,A,H,-,A,A,0,,,Y,,Y,,C,02,0,0,1,0,0,0,0,0,1,"- ","- ",,,"SAN FRANCISCO","SAN FRANCISCO",-122.41499987,37.770899900000003
7190235,2016,2016-08-05,3801,2016-05-19,1548,13,INGLE,4,5,7,3801,0,0,0,,0,4B8I,"CALGARY ST","VELASCO AV",73.00,S,N,A,-,N,,,,,,,,,,Y,1,1,3,4,A,-,03,22350,,N,A,E,A,A,H,-,A,D,0,,,,,Y,,A,01,3,0,0,0,0,0,0,0,0,"- ","- ",,,"SAN FRANCISCO","SAN FRANCISCO",-122.41602032999999,37.708799880000001
7193213,2016,2016-04-14,3801,2016-03-14,1619,2262,BAYVI,1,5,7,3801,0,0,0,,0,001,"INGALLS ST","OAKDALE AV",0.00,,Y,A,-,N,,,,,,,,,,N,3,0,1,2,A,-,12,22450,A,M,D,C,A,A,D,-,A,A,0,,,Y,,Y,,C,02,0,1,0,0,0,0,0,0,1,"- ","- ",,,"SAN FRANCISCO","SAN FRANCISCO",-122.38287999000001,37.730339950000001
7202043,2016,2016-03-07,3801,2016-02-27,1820,1438,INGLE,6,5,7,3801,0,0,0,,0,"3 CAR","CONGDON ST","TRUMBULL ST",35.00,S,N,A,-,N,,,,,,,,,,Y,4,0,2,4,A,-,03,22350,,N,F,C,A,A,H,-,C,D,0,,,,,Y,,A,01,0,0,2,0,0,0,0,0,0,"- ","- ",,,"SAN FRANCISCO","SAN FRANCISCO",-122.42615241999999,37.730804040000002
7202078,2016,2016-03-07,3801,2016-02-05,1300,001605,NORTH,5,5,7,3801,0,0,0,,0,3E60,"VAN NESS AV","WASHINGTON ST",0.00,,Y,A,-,N,,,,,,,,,,N,4,0,2,2,A,-,03,22350,,N,C,C,A,A,H,-,A,A,0,,,,,Y,,A,07,0,0,2,0,0,0,0,0,0,"- ","- ",,,"SAN FRANCISCO","SAN FRANCISCO",-122.42295992,37.793059919999997
7202087,2016,2016-04-27,3801,2016-02-24,2001,2050,NORTH,3,5,7,3801,0,0,0,,0,3E14D,DIVISADERO,"GOLDEN GATE",0.00,,Y,A,-,N,,,,,,,,,,Y,4,0,2,2,A,-,12,21453,A,N,D,C,A,A,H,-,C,A,0,,,,,Y,,A,01,0,0,2,0,0,0,0,0,0,"- ","- ",,,"SAN FRANCISCO","SAN FRANCISCO",-122.43853989,37.778729890000001
7202092,2016,2016-03-07,3801,2016-02-20,2030,807,INGLE,6,5,7,3801,0,0,0,,0,3H11E,"LONDON ST","BRAZIL AV",0.00,,Y,A,-,N,,,,,,,,,,N,4,0,2,2,A,-,21,22106,,F,D,C,A,-,H,-,C,A,0,,,,,Y,,A,01,0,0,2,0,0,0,0,0,0,"- ","- ",,,"SAN FRANCISCO","SAN FRANCISCO",-122.43401996,37.724319919999999
7202182,2016,2016-03-08,3801,2016-02-14,1515,1230,CENTR,7,5,7,3801,0,0,0,,0,3A11D,"CALIFORNIA ST","HYDE ST",0.00,,Y,-,-,N,,,,,,,,,,N,3,0,1,2,D,-,00,,,N,-,-,A,-,-,-,-,-,0,,Y,,,Y,,-,"- ",0,1,0,0,0,0,1,0,0,"- ","- ",,,"SAN FRANCISCO","SAN FRANCISCO",-122.41739993,37.790989969999998
7202218,2016,2016-03-07,3801,2016-02-19,1432,244,NORTH,5,5,7,3801,0,0,0,,0,3E14C,"VAN NESS AV","FRANCISCO ST",0.00,,Y,C,-,N,,,,,,,,,,Y,3,0,3,2,D,-,00,,,N,D,C,A,B,H,-,A,A,0,,,,,Y,,-,"- ",0,1,2,0,0,0,0,0,0,"- ","- ",,,"SAN FRANCISCO","SAN FRANCISCO",-122.4249599,37.803199900000003
7202298,2016,2016-03-08,3801,2016-01-25,1456,4214,INGLE,1,5,7,3801,0,0,0,,0,4B8A,"BAHORSHORE BL","TUNNEL AV",0.00,,Y,A,-,N,,,,,,,,,,Y,2,0,3,2,A,-,09,21453,C,N,C,F,A,A,H,-,A,A,0,,,,,Y,,D,22,1,1,1,0,0,0,0,0,0,"- ","- ",,,"SAN FRANCISCO","SAN FRANCISCO",-122.40076125,37.713100590000003
7202320,2016,2016-03-08,3801,2016-01-19,1115,956,NORTH,2,5,7,3801,0,0,0,,0,003,"PINE ST","FRANKLIN ST",0.00,,Y,B,C,N,,,,,,,,,,N,4,0,1,2,A,-,10,21950,A,N,G,B,B,B,H,-,A,A,0,Y,,,,Y,,A,01,0,0,1,0,1,0,0,0,0,"- ","- ",,,"SAN FRANCISCO","SAN FRANCISCO",-122.42377994,37.78920995
7203057,2016,2016-03-07,3801,2016-02-10,1116,976,NORTH,3,5,7,3801,0,0,0,,0,3E12A,"CALIFORNIA ST","CALIFORNIA ST 2435",0.00,,-,A,-,N,,,,,,,,,,N,3,0,1,2,A,-,11,21955,,N,G,B,D,A,H,-,A,A,0,Y,,,,Y,,N,60,0,1,0,0,1,0,0,0,0,"- ","- ",,,"SAN FRANCISCO","SAN FRANCISCO",-122.43456781,37.788813380000001
7203068,2016,2016-05-23,3801,2016-01-26,1155,2355,TARAV,2,5,7,3801,0,0,0,,0,004,"VICENTE ST","WEST PORTAL AV",0.00,,Y,-,-,N,,,,,,,,,,N,2,0,1,2,A,-,10,21950,A,N,-,-,-,-,-,-,-,-,0,Y,,,,Y,,A,01,1,0,0,0,1,0,0,0,0,"- ","- ",,,"SAN FRANCISCO","SAN FRANCISCO",-122.4670199,37.739739970000002
8015217,2016,2016-04-14,3801,2016-03-20,0140,1482,TENDE,7,5,7,3801,0,0,0,,0,3J14E,LEAVENWORTH,OFARRELL,0.00,,Y,A,-,N,,,,,,,,,,N,4,0,1,2,A,-,11,21950,B,N,G,B,D,A,H,-,C,A,0,Y,,,,Y,,N,60,0,0,1,0,1,0,0,0,0,"- ","- ",,,"SAN FRANCISCO","SAN FRANCISCO",-122.41460995,37.785599980000001
8015250,2016,2016-04-14,3801,2016-03-31,1238,2452,SOUTH,4,5,7,3801,0,0,0,,0,3B14A,"HOWARD ST","LANGTON ST",0.00,,Y,A,-,N,,,,,,,,,,N,4,0,1,1,A,-,03,22350,,N,F,A,A,A,H,-,A,D,0,,,Y,,Y,,C,02,0,0,1,0,0,0,0,0,1,"- ","- ",,,"SAN FRANCISCO","SAN FRANCISCO",-122.4099099,37.777559920000002
8020232,2016,2016-04-13,3801,2016-03-26,0430,488,INGLE,6,5,7,3801,0,0,0,,0,3H14E,"COTTER ST","SAN JOSE AV",5.00,E,N,A,-,N,,,,,,,,,,N,3,0,1,2,A,-,10,21950,A,F,G,B,B,A,H,-,C,D,0,Y,,,,Y,Y,-,,0,1,0,0,1,0,0,0,0,"- ","- ",,,"SAN FRANCISCO","SAN FRANCISCO",-122.43744839999999,37.730269819999997
8020330,2016,2016-04-18,3801,2016-03-17,0008,1075,NORTH,4,5,7,3801,0,0,0,,0,3E61,"VAN NESS AV","BAY ST",0.00,,Y,A,-,N,,,,,,,,,,Y,4,0,2,2,A,-,12,21453,A,N,D,C,A,A,H,-,C,A,0,,,,,Y,,-,"- ",0,0,2,0,0,0,0,0,0,"- ","- ",,,"SAN FRANCISCO","SAN FRANCISCO",-122.42514998999999,37.804129930000002
8020431,2016,2016-04-13,3801,2016-03-06,1845,4374,MSION,7,5,7,3801,0,0,0,,0,3D14D,"CESAR CHAVEZ","VALENCIA ST",0.00,,Y,C,G,N,,,,,,,,,,N,3,0,2,3,A,-,10,21950,A,N,G,B,B,B,H,-,C,A,0,Y,,,,Y,,A,08,0,1,1,0,2,0,0,0,0,"- ","- ",,,"SAN FRANCISCO","SAN FRANCISCO",-122.42024995,37.748119950000003
8042413,2016,2016-05-16,3801,2016-04-17,0108,00936,MISSI,7,5,7,3801,0,0,0,,0,3D15E,"26TH ST","SOUTH VAN NESS",0.00,,Y,A,-,N,,,,,,,,,,Y,4,0,1,2,A,-,12,21453,A,F,D,C,A,A,H,-,C,A,0,,,,,Y,,A,01,0,0,1,0,0,0,0,0,0,"- ","- ",,,"SAN FRANCISCO","SAN FRANCISCO",-122.41599997,37.749169999999999
8042633,2016,2017-02-11,3801,2016-04-21,2320,425,SOUTH,4,5,7,3801,0,0,0,,0,3B14E,"S VAN NESS AV","13TH ST",18.00,N,N,A,-,Y,SF,4,101,-,T,4.470,H,-,S,Y,4,0,1,2,A,-,08,22107,,F,-,C,A,A,H,-,C,A,0,,,,,Y,,A,01,0,0,1,0,0,0,0,0,0,"- ","- ",,,"SAN FRANCISCO","SAN FRANCISCO",-122.41782865,37.769971890000001
8042796,2016,2016-05-17,3801,2016-03-26,2310,1197,NORTH,6,5,7,3801,0,0,0,,0,3E12E,"MCALLISTER ST","SCOTT ST",158.00,E,N,A,-,N,,,,,,,,,,Y,4,0,1,4,A,-,03,22350,,N,C,E,A,A,H,-,C,D,0,,,,,Y,,A,01,0,0,1,0,0,0,0,0,0,"- ","- ",,,"SAN FRANCISCO","SAN FRANCISCO",-122.43616004,37.778078720000003
8046728,2016,2016-05-18,3801,2016-04-24,0530,000316,NORTH,7,5,7,3801,0,0,0,,0,3E5A,"LAGUNA ST","FILBERT ST",78.00,S,N,A,-,N,,,,,,,,,,Y,4,0,1,2,A,-,03,22350,,N,B,E,A,A,H,-,C,D,0,,,,,Y,,A,01,0,0,1,0,0,0,0,0,0,"- ","- ",,,"SAN FRANCISCO","SAN FRANCISCO",-122.43068311,37.798428979999997
8046771,2016,2016-05-18,3801,2016-04-30,0009,1480,MISSI,6,5,7,3801,0,0,0,,0,3D13E,"CAPP ST","21ST ST",24.00,N,N,A,-,N,,,,,,,,,,N,4,0,1,2,A,-,01,23153,A,N,C,C,A,A,H,-,C,A,0,,,,,Y,Y,A,07,0,0,1,0,0,0,0,0,0,"- ","- ",,,"SAN FRANCISCO","SAN FRANCISCO",-122.41781616,37.757145749999999
8052324,2016,2016-06-08,3801,2016-05-10,2008,2427,NORTH,2,5,7,3801,0,0,0,,0,3E12D,"TURK ST",BUCHANAN,188.00,E,N,A,-,N,,,,,,,,,,Y,4,0,1,2,A,-,03,22350,,N,C,E,A,A,A,-,C,A,0,,,Y,,Y,,C,02,0,0,1,0,0,0,0,0,1,"- ","- ",,,"SAN FRANCISCO","SAN FRANCISCO",-122.42828711999999,37.780979729999999
8052388,2016,2016-06-08,3801,2016-05-16,1030,000316,NORTH,1,5,7,3801,0,0,0,,0,3E5A,"OCTAVIA ST","FILBERT ST",34.00,N,N,A,-,N,,,,,,,,,,N,4,0,1,2,A,-,21,22106,,N,C,C,A,A,H,-,A,A,0,,,,,Y,,A,01,0,0,1,0,0,0,0,0,0,"- ","- ",,,"SAN FRANCISCO","SAN FRANCISCO",-122.42909883999999,37.798962199999998
8052656,2016,2016-06-08,3801,2016-05-20,1753,4051,NORTH,5,5,7,3801,0,0,0,,0,3E13D,"FULTON ST","GOUGH ST",0.00,,Y,A,-,N,,,,,,,,,,N,3,0,1,2,A,-,12,21453,A,N,D,G,A,A,H,-,A,A,0,,Y,,,Y,,L,04,0,1,0,0,0,0,1,0,0,"- ","- ",,,"SAN FRANCISCO","SAN FRANCISCO",-122.42334993,37.778749900000001
8079050,2016,2016-07-12,3801,2016-06-05,0021,1480,MISSI,7,5,7,3801,0,0,0,,0,3D13E,"17TH ST","S VAN NESS AV",58.00,E,N,A,-,N,,,,,,,,,,Y,4,0,6,2,A,-,00,24153,A,F,C,C,A,A,H,-,C,A,0,,,,,Y,,A,01,0,0,6,0,0,0,0,0,0,"- ","- ",,,"SAN FRANCISCO","SAN FRANCISCO",-122.41713974,37.763570629999997
8079060,2016,2016-07-12,3801,2016-06-04,0205,002483,NORTH,6,5,7,3801,0,0,0,,0,3E15E,"FELL ST","DIVISADERO ST",0.00,,Y,A,-,N,,,,,,,,,,Y,3,0,1,2,A,-,09,21801,A,N,D,C,A,A,H,-,C,A,0,,,,,Y,,A,08,0,1,0,0,0,0,0,0,0,"- ","- ",,,"SAN FRANCISCO","SAN FRANCISCO",-122.43759986000001,37.774059899999997