CASE_ID,ACCIDENT_YEAR,PROC_DATE,JURIS,COLLISION_DATE,COLLISION_TIME,OFFICER_ID,REPORTING_DISTRICT,DAY_OF_WEEK,CHP_SHIFT,POPULATION,CNTY_CITY_LOC,SPECIAL_COND,BEAT_TYPE,CHP_BEAT_TYPE,CITY_DIVISION_LAPD,CHP_BEAT_CLASS,BEAT_NUMBER,PRIMARY_RD,SECONDARY_RD,DISTANCE,DIRECTION,INTERSECTION,WEATHER_1,WEATHER_2,STATE_HWY_IND,CALTRANS_COUNTY,CALTRANS_DISTRICT,STATE_ROUTE,ROUTE_SUFFIX,POSTMILE_PREFIX,POSTMILE,LOCATION_TYPE,RAMP_INTERSECTION,SIDE_OF_HWY,TOW_AWAY,COLLISION_SEVERITY,NUMBER_KILLED,NUMBER_INJURED,PARTY_COUNT,PRIMARY_COLL_FACTOR,PCF_CODE_OF_VIOL,PCF_VIOL_CATEGORY,PCF_VIOLATION,PCF_VIOL_SUBSECTION,HIT_AND_RUN,TYPE_OF_COLLISION,MVIW,PED_ACTION,ROAD_SURFACE,ROAD_COND_1,ROAD_COND_2,LIGHTING,CONTROL_DEVICE,CHP_ROAD_TYPE,PEDESTRIAN_ACCIDENT,BICYCLE_ACCIDENT,MOTORCYCLE_ACCIDENT,TRUCK_ACCIDENT,NOT_PRIVATE_PROPERTY,ALCOHOL_INVOLVED,STWD_VEHTYPE_AT_FAULT,CHP_VEHTYPE_AT_FAULT,COUNT_SEVERE_INJ,COUNT_VISIBLE_INJ,COUNT_COMPLAINT_PAIN,COUNT_PED_KILLED,COUNT_PED_INJURED,COUNT_BICYCLIST_KILLED,COUNT_BICYCLIST_INJURED,COUNT_MC_KILLED,COUNT_MC_INJURED,PRIMARY_RAMP,SECONDARY_RAMP,LATITUDE,LONGITUDE,COUNTY,CITY,POINT_X,POINT_Y
9047088,2020,2020-02-28,3801,2020-01-02,0113,2707,TARAV,4,5,7,3801,0,0,0,,0,"6 CAR","FAXON AV","CAPITOL AV",0.00,,Y,A,-,N,,,,,,,,,,Y,3,0,1,3,A,-,08,22107,,N,B,C,A,A,H,-,C,D,0,,,,,Y,,A,01,0,1,0,0,0,0,0,0,0,"- ","- ",,,"SAN FRANCISCO","SAN FRANCISCO",,
9047484,2020,2020-03-06,3801,2020-01-29,0505,2707,TARAV,3,5,7,3801,0,0,0,,0,"6 CAR","SAN JOSE AV","DELONG ST",0.00,,Y,A,-,N,,,,,,,,,,N,3,0,1,2,A,-,11,21954,A,N,G,B,D,A,H,-,C,A,0,Y,,,,Y,,N,60,0,1,0,0,1,0,0,0,0,"- ","- ",,,"SAN FRANCISCO","SAN FRANCISCO",-122.45767974853516,37.709529876708984
9047514,2020,2020-03-05,3801,2020-01-07,1555,1571,MISSI,2,5,7,3801,0,0,0,,0,3D41D,"DIVISION ST","SAN BRUNO AV",0.00,,Y,A,-,N,,,,,,,,,,N,4,0,1,2,A,-,10,21950,A,N,G,B,B,A,H,-,A,D,0,Y,,,,Y,,A,01,0,0,1,0,1,0,0,0,0,"- ","- ",,,"SAN FRANCISCO","SAN FRANCISCO",-122.40619659423828,37.769451141357422
9047631,2020,2020-03-06,3801,2020-01-21,1800,1113,PARK,2,5,7,3801,0,0,0,,0,3F13D,"HAYES ST","SHRADER ST",0.00,,Y,F,-,N,,,,,,,,,,N,4,0,1,2,A,-,12,22450,A,N,H,B,B,-,G,-,-,-,0,Y,,,,Y,,-,99,0,0,1,0,1,0,0,0,0,"- ","- ",,,"SAN FRANCISCO","SAN FRANCISCO",-122.45262145996094,37.773101806640625
9047632,2020,2020-09-02,3801,2020-01-06,0400,1125,SOUTH,1,5,7,3801,0,0,0,,0,0B4,"BRYANT ST","DIVISION ST",0.00,,Y,A,-,N,,,,,,,,,,Y,4,0,3,2,A,-,09,21801,A,N,D,C,A,A,H,-,C,A,0,,,,,Y,,A,01,0,0,3,0,0,0,0,0,0,"- ","- ",,,"SAN FRANCISCO","SAN FRANCISCO",-122.41082000732422,37.769309997558594
90505827,2017,2017-07-21,9335,2017-06-12,1203,018688,,1,1,7,3801,0,1,2,,2,015,"US-101 N/B","9TH ST",138.00,N,N,A,-,Y,,,101,,,,,,N,Y,1,1,0,1,A,-,08,22107,,N,E,I,A,A,H,-,A,A,0,,,Y,,Y,,C,02,0,0,0,0,0,0,0,1,0,"- ","- ",37.769939999999998,-122.40849,"SAN FRANCISCO","SAN FRANCISCO",-122.40849267,37.769915660000002
90544163,2017,2017-09-11,9335,2017-08-30,1740,020783,,3,2,7,3801,0,1,2,,2,013,"US-101 S/B","CESAR CHAVEZ ST",1015.00,S,N,A,-,Y,,,101,,,,,,S,Y,3,0,1,2,A,-,03,22350,,N,C,C,A,A,H,-,A,D,0,,,Y,,Y,,C,02,0,1,0,0,0,0,0,0,1,"- ","- ",37.746560000000002,-122.40468,"SAN FRANCISCO","SAN FRANCISCO",-122.40471728,37.74657208
90551388,2017,2017-09-19,9335,2017-09-07,0620,020212,,4,1,7,3801,0,1,1,,2,023,"I-280 N/B","ALEMANY BLVD",160.00,N,N,A,-,Y,,,280,,,,,,N,N,4,0,1,2,A,-,08,22107,,N,E,I,A,A,H,-,B,D,0,,,,,Y,,A,01,0,0,1,0,0,0,0,0,0,"- ","- ",37.732469999999999,-122.41396,"SAN FRANCISCO","SAN FRANCISCO",-122.41394721,37.732437730000001
90562959,2017,2017-10-04,9335,2017-09-13,0758,021736,,3,1,7,3801,0,1,1,,1,081,"I-80 W/B","THE EMBARCADERO",32.00,W,N,A,-,Y,,,80,,,,,,W,Y,3,0,1,2,A,-,03,22350,,N,B,C,A,A,H,-,A,D,0,,,Y,,Y,,C,02,0,1,0,0,0,0,0,0,1,"- ","- ",37.789070000000002,-122.38804,"SAN FRANCISCO","SAN FRANCISCO",-122.38774408,37.788729189999998
90581894,2017,2017-10-30,9335,2017-10-05,1340,021626,,4,1,7,3801,0,1,1,,1,081,"I-80 W/B","EMBARCADERO U/C",884.00,E,N,A,-,Y,,,80,,,,,,W,Y,4,0,1,2,A,-,03,22350,,N,C,C,A,A,H,-,A,D,0,,,,,Y,,A,01,0,0,1,0,0,0,0,0,0,"- ","- ",37.790970000000002,-122.38603999999999,"SAN FRANCISCO","SAN FRANCISCO",-122.38569077,37.790592570000001
90629024,2017,2017-12-28,9335,2017-12-19,1725,021455,,2,2,7,3801,0,1,1,,2,023,"ALEMANY BOULEVARD ON RAMP TO I-280 S/B","CONGDON STREET OVER-CROSSING",1478.00,S,N,A,-,Y,,,,,,,,,,Y,4,0,2,2,A,-,03,22350,,N,C,C,A,A,H,-,C,D,0,,,,,Y,,A,01,0,0,2,0,0,0,0,0,0,"- ","- ",37.732059999999997,-122.42085,"SAN FRANCISCO","SAN FRANCISCO",,
90663690,2018,2018-02-19,9335,2018-02-09,2240,021754,,5,3,7,3801,0,1,1,,1,083,"I-80 E/B","YERBA BUENA ISLAND TUNNEL EAST EDGE",100.00,E,N,A,-,Y,,,80,,,,,,E,N,4,0,1,2,A,-,07,21658,A,N,C,C,A,A,H,-,C,D,0,,,,,Y,,A,01,0,0,1,0,0,0,0,0,0,"- ","- ",37.811569213867188,-122.36367034912109,"SAN FRANCISCO","SAN FRANCISCO",-122.36376190185547,37.811664581298828
90674284,2018,2018-03-05,9335,2018-02-24,0145,021646,,6,3,7,3801,0,1,2,,2,013,"US-101 N/B","RICKARD ST PROLONGATION",135.00,N,N,A,-,Y,,,101,,,,,,N,Y,4,0,1,2,A,-,03,22350,,N,C,C,A,A,H,-,C,D,0,,,,,Y,,A,01,0,0,1,0,0,0,0,0,0,"- ","- ",37.735141754150391,-122.40660095214844,"SAN FRANCISCO","SAN FRANCISCO",-122.4066162109375,37.735130310058594
90690999,2018,2018-03-27,9335,2018-03-16,0730,022032,,5,1,7,3801,0,1,1,,1,081,"I-80 W/B (SFOBB)","YERBA BUENA TUNNEL WEST ROAD EDGE",600.00,W,N,B,-,Y,,,80,,,,,,W,Y,4,0,1,2,A,-,08,22107,,N,B,C,A,B,H,-,A,D,0,,,,Y,Y,,A,01,0,0,1,0,0,0,0,0,0,"- ","- ",37.807651519775391,-122.36746215820312,"SAN FRANCISCO","SAN FRANCISCO",-122.36753845214844,37.807727813720703
90722466,2018,2018-05-09,9335,2018-04-27,1810,022007,,5,2,7,3801,0,1,1,,1,083,"I-80 E/B","THE EMBARCADERO UNDER-CROSSING",1161.00,E,N,A,-,Y,,,80,,,,,,E,N,4,0,1,3,A,-,07,21658,A,N,B,C,A,A,H,-,A,D,0,,,Y,,Y,,A,01,0,0,1,0,0,0,0,0,1,"- ","- ",37.791179656982422,-122.38522338867188,"SAN FRANCISCO","SAN FRANCISCO",-122.38514709472656,37.791099548339844
90735036,2018,2018-05-25,9335,2018-05-16,1340,020658,,3,1,7,3801,0,1,1,,2,080,"I-80 W/B TO 5TH ST.","5TH STREET UNDER-CROSSING",571.00,E,N,A,-,Y,,,80,,,,R,,W,N,3,0,1,2,A,-,07,21658,A,N,B,C,A,A,H,-,A,D,0,,,,,Y,,A,01,0,1,0,0,0,0,0,0,0,"- ","- ",37.779640197753906,-122.39967346191406,"SAN FRANCISCO","SAN FRANCISCO",-122.39967346191406,37.779640197753906
90746480,2018,2018-06-12,9335,2018-06-03,2205,021754,,7,3,7,3801,0,1,1,,2,022,"I-280 N/B TO GENEVA AVENUE","GENEVA AVE. SOUTH RD. EDGE PROLONGATION",40.00,S,N,A,-,Y,,,280,,,,R,,N,Y,4,0,1,3,A,-,01,23152,A,N,E,I,A,A,H,-,C,D,0,,,,,Y,Y,A,01,0,0,1,0,0,0,0,0,0,"- ","- ",37.720909118652344,-122.44776153564453,"SAN FRANCISCO","SAN FRANCISCO",-122.44776153564453,37.720909118652344
9074757,2020,2020-06-03,3801,2020-02-18,0740,2196,TENDE,2,5,7,3801,0,0,0,,0,3J52A,"7TH ST","STEVENSON ST",23.00,E,N,A,-,N,,,,,,,,,,,4,0,1,2,A,-,05,21650,1,N,C,G,A,A,H,-,A,A,0,,Y,,Y,Y,,L,04,0,0,1,0,0,0,1,0,0,"- ","- ",,,"SAN FRANCISCO","SAN FRANCISCO",-122.41183471679688,37.779945373535156
9074944,2020,2020-05-18,3801,2020-02-29,0244,2241,MISSI,6,5,7,3801,0,0,0,,0,3D13E,"DOLORES ST","19TH ST",12.00,S,N,A,-,N,,,,,,,,,,N,4,0,1,2,A,-,03,22350,,N,C,C,A,A,H,-,C,A,0,,,,,Y,Y,A,01,0,0,1,0,0,0,0,0,0,"- ","- ",,,"SAN FRANCISCO","SAN FRANCISCO",-122.42599487304688,37.759819030761719
9075031,2020,2020-05-20,3801,2020-02-03,0155,2229,TENDE,1,5,7,3801,0,0,0,,0,,"CHARLES J BRENHAM","MCALLISTER ST",0.00,,Y,A,-,N,,,,,,,,,,Y,4,0,1,1,A,-,03,22350,,N,E,I,A,A,H,-,C,A,0,,,,,Y,,A,01,0,0,1,0,0,0,0,0,0,"- ","- ",,,"SAN FRANCISCO","SAN FRANCISCO",-122.41309356689453,37.780998229980469
9075032,2020,2020-05-19,3801,2020-04-04,1140,1426,NORTH,6,5,7,3801,0,0,0,,0,3E15A,"POLK ST","VALLEJO ST",50.00,S,N,A,-,N,,,,,,,,,,N,4,0,1,2,A,-,11,21950,B,N,B,G,A,A,H,-,A,A,0,,Y,,,Y,,L,04,0,0,1,0,0,0,1,0,0,"- ","- ",,,"SAN FRANCISCO","SAN FRANCISCO",-122.42192840576172,37.7967529296875
90777350,2018,2018-07-26,9335,2018-07-04,1045,022096,,3,1,7,3801,0,1,1,,2,023,"I-280 S/B","ALEMANY BLVD OVERCROSSING",630.00,N,N,A,-,Y,,,280,,,,,,S,Y,3,0,2,2,A,-,08,22107,,N,C,C,A,A,H,-,A,D,0,,,,Y,Y,,A,01,0,1,1,0,0,0,0,0,0,"- ","- ",37.733428955078125,-122.41240692138672,"SAN FRANCISCO","SAN FRANCISCO",-122.41237640380859,37.733367919921875
90781835,2018,2018-08-01,9335,2018-07-21,2200,021712,,6,3,7,3801,0,1,2,,2,013,"US-101 S/B","PAUL AVE",250.00,N,N,A,-,Y,,,101,,,,,,S,Y,3,0,3,3,A,-,01,23152,A,N,C,C,A,A,H,-,C,D,0,,,,,Y,Y,A,01,0,3,0,0,0,0,0,0,0,"- ","- ",37.724491119384766,-122.40177154541016,"SAN FRANCISCO","SAN FRANCISCO",-122.40168762207031,37.724521636962891
90787450,2018,2018-08-09,9335,2018-08-01,1110,021742,,3,1,7,3801,0,1,2,,2,013,"US-101 N/B","THE PAUL AVE. UNDERCROSSING",740.00,S,N,A,-,Y,,,101,,,,,,N,N,3,0,2,3,A,-,03,22350,,N,C,C,A,A,H,-,A,D,0,,,,,Y,,A,01,0,2,0,0,0,0,0,0,0,"- ","- ",37.721698760986328,-122.40035247802734,"SAN FRANCISCO","SAN FRANCISCO",-122.40029144287109,37.721721649169922
90801026,2018,2018-08-29,9335,2018-08-18,2136,022048,,6,2,7,3801,0,1,2,,2,013,"US-101 S/B","CESAR CHAVEZ ST",793.00,S,N,A,-,Y,,,101,,,,,,S,Y,3,0,1,1,A,-,01,23152,A,N,E,I,A,A,H,-,D,D,0,,,,,Y,Y,A,01,0,1,0,0,0,0,0,0,0,"- ","- ",37.747150421142578,-122.40444946289062,"SAN FRANCISCO","SAN FRANCISCO",-122.40452575683594,37.747173309326172
90804772,2018,2018-09-04,9335,2018-05-12,2147,021312,,6,2,7,3801,0,1,1,,1,083,"I-80 E/B TO TREASURE ISLAND RD.","TREASURE ISLAND OFFRAMP PHYSICAL GORE PT",75.00,E,N,A,-,Y,,,80,,,,R,,E,N,4,0,3,1,D,-,00,,,N,E,I,A,A,H,-,D,D,0,,,,,Y,,-,"- ",0,0,3,0,0,0,0,0,0,"- ","- ",37.808940887451172,-122.36683654785156,"SAN FRANCISCO","SAN FRANCISCO",-122.36683654785156,37.808940887451172
90819069,2018,2018-09-24,9335,2018-09-13,1102,022007,,4,1,7,3801,0,1,1,,1,081,"I-80 W/B","BEALE STREET UNDER-CROSSING",156.00,W,N,A,-,Y,,,80,,,,,,W,Y,4,0,1,1,A,-,03,22350,,N,F,A,A,A,H,-,A,D,0,,,Y,,Y,,C,02,0,0,1,0,0,0,0,0,1,"- ","- ",37.786251068115234,-122.39047241210938,"SAN FRANCISCO","SAN FRANCISCO",-122.39047241210938,37.7862548828125
90819164,2018,2018-09-24,9335,2018-09-12,0735,014455,,3,1,7,3801,0,1,1,,1,081,"I-80 W/B","ALA./S.F. CO. LINE",528.00,W,N,A,-,Y,,,80,,,,,,W,Y,2,0,1,3,A,-,03,22350,,N,C,C,A,A,H,-,A,D,0,,,Y,,Y,,C,02,1,0,0,0,0,0,0,0,1,"- ","- ",37.818660736083984,-122.3519287109375,"SAN FRANCISCO","SAN FRANCISCO",-122.35195922851562,37.818778991699219
90829979,2018,2018-10-05,9335,2018-09-25,1540,022037,,2,2,7,3801,0,1,1,,1,083,"I-80 E/B","TREASURE ISLAND RD",1500.00,W,N,A,-,Y,,,80,,,,,,E,Y,4,0,2,2,A,-,03,22350,,N,C,C,A,A,H,-,A,D,0,,,,,Y,,A,08,0,0,2,0,0,0,0,0,0,"- ","- ",37.805778503417969,-122.36985778808594,"SAN FRANCISCO","SAN FRANCISCO",-122.36976623535156,37.805675506591797
9087228,2020,2020-07-22,3801,2020-03-25,1508,1149,MISSI,3,5,7,3801,0,0,0,,0,3D13C,"VALENCIA ST","26TH ST",0.00,,Y,A,-,N,,,,,,,,,,Y,3,0,2,2,A,-,"- ",,,N,D,C,A,A,H,-,A,A,0,,,,,Y,,-,"- ",0,1,1,0,0,0,0,0,0,"- ","- ",,,"SAN FRANCISCO","SAN FRANCISCO",-122.42034912109375,37.748908996582031
9087234,2020,2020-07-15,3801,2020-03-19,1300,830,MISSI,4,5,7,3801,0,0,0,,0,3D11A,"16TH ST","GUERRERO ST",0.00,,Y,A,-,N,,,,,,,,,,Y,4,0,2,2,A,-,09,21800,,N,D,C,A,A,H,-,A,A,0,,,,,Y,,A,01,0,0,2,0,0,0,0,0,0,"- ","- ",,,"SAN FRANCISCO","SAN FRANCISCO",-122.42410278320312,37.764778137207031
9087273,2020,2020-07-09,3801,2020-03-05,1947,1420,TRAFF,4,5,7,3801,0,0,0,,0,4B3E,"6TH ST",SHIPLEY,40.00,S,N,A,-,N,,,,,,,,,,Y,2,0,3,1,A,-,03,22350,,F,D,I,A,A,H,-,C,D,0,,,,,Y,,A,01,1,0,2,0,0,0,0,0,0,"- ","- ",,,"SAN FRANCISCO","SAN FRANCISCO",-122.40495300292969,37.777980804443359
90919031,2019,2019-02-05,9350,2019-01-26,1340,021586,,6,1,7,3801,0,1,2,,1,120,"US-101 SB, GGB WEST SIDEWALK","SOUTH TOWER OF THE GOLDEN GATE BRIDGE",20.00,N,N,A,-,N,,,101,,,,,,S,N,3,0,1,1,B,-,22,,,N,F,A,A,A,H,-,A,D,0,,Y,,,Y,,L,04,0,1,0,0,0,0,1,0,0,"- ","- ",37.814029693603516,-122.47836303710938,"SAN FRANCISCO","SAN FRANCISCO",-122.47807312011719,37.814067840576172
9092356,2020,2020-07-08,3801,2020-03-03,1202,4239,PARK,2,5,7,3801,0,0,0,,0,3F13A,"BAKER ST","FULTON ST",0.00,,Y,A,-,N,,,,,,,,,,N,3,0,1,2,A,-,08,22107,,N,D,G,A,A,H,-,A,A,0,,Y,,,Y,,L,04,0,1,0,0,0,0,1,0,0,"- ","- ",,,"SAN FRANCISCO","SAN FRANCISCO",-122.44149017333984,37.77642822265625
90967196,2019,2019-04-15,9335,2019-04-07,1000,022249,,7,1,7,3801,0,1,2,,2,015,"US-101 N/B","VAN NESS AVENUE UNDER-CROSSING",25.00,N,N,B,-,Y,,,101,,,,,,N,Y,4,0,1,3,A,-,03,22350,,N,C,C,A,A,H,-,A,D,0,,,,,Y,,A,01,0,0,1,0,0,0,0,0,0,"- ","- ",37.769901275634766,-122.41790771484375,"SAN FRANCISCO","SAN FRANCISCO",-122.41790771484375,37.769893646240234
90971565,2019,2019-04-22,9335,2019-04-19,1740,021312,,5,2,7,3801,0,1,1,,2,023,"I-280 S/B","CONGDON ST",82.00,S,N,B,-,Y,,,280,,,,,,S,Y,4,0,2,3,A,-,07,21658,A,N,C,C,A,A,H,-,A,D,0,,,,,Y,,A,01,0,0,2,0,0,0,0,0,0,"- ","- ",37.731700897216797,-122.42652893066406,"SAN FRANCISCO","SAN FRANCISCO",-122.42652893066406,37.731693267822266
91004583,2019,2019-06-06,9335,2019-05-28,0710,021700,,2,1,7,3801,0,1,1,,2,024,"I-280 N/B","QUESADA AVE",50.00,N,N,A,-,Y,,,280,,,,,,N,Y,3,0,1,3,A,-,07,21658,A,N,B,C,A,A,H,-,A,D,0,,,,Y,Y,,D,22,0,1,0,0,0,0,0,0,0,"- ","- ",37.738800048828125,-122.40074920654297,"SAN FRANCISCO","SAN FRANCISCO",-122.40072631835938,37.738777160644531
91004736,2019,2019-06-06,9335,2019-05-25,2125,022241,,6,2,7,3801,0,1,1,,1,081,"I-80 W/B FROM TREASURE ISLAND ROAD","TREASURE ISLAND RD O/C",296.00,W,N,A,-,Y,,,80,,,,R,,W,Y,4,0,1,3,A,-,03,22350,,N,C,C,A,A,H,-,C,A,0,,,,,Y,Y,A,01,0,0,1,0,0,0,0,0,0,"- ","- ",37.808460235595703,-122.36701965332031,"SAN FRANCISCO","SAN FRANCISCO",-122.36701965332031,37.808460235595703
9101847,2020,2020-08-03,3801,2020-04-13,1907,2130,MISSI,1,5,7,3801,0,0,0,,0,3D11D,"MARKET ST","DOUGLASS ST",0.00,,Y,A,-,N,,,,,,,,,,N,3,0,1,2,A,-,11,21954,A,N,D,B,D,A,H,-,B,D,0,Y,,,,Y,Y,N,60,0,1,0,0,1,0,0,0,0,"- ","- ",,,"SAN FRANCISCO","SAN FRANCISCO",-122.43940734863281,37.761421203613281
9101855,2020,2020-08-03,3801,2020-04-20,1455,2315,INGLE,1,5,7,3801,0,0,0,,0,3H13C,"GENEVA AV","SAN JOSE AV",330.00,W,N,A,-,N,,,,,,,,,,N,4,0,1,2,A,-,12,21453,A,N,D,C,A,A,H,-,A,A,0,,,,,Y,,A,07,0,0,1,0,0,0,0,0,0,"- ","- ",,,"SAN FRANCISCO","SAN FRANCISCO",-122.44764709472656,37.721141815185547
91072916,2019,2019-09-12,9335,2019-09-03,1920,020658,,2,2,7,3801,0,1,1,,1,083,"I-80 E/B","YERBA BUENA ISLAND TUNNEL",200.00,W,N,A,-,Y,,,80,,,,,,E,N,4,0,1,2,A,-,03,22350,,N,B,C,A,A,H,-,A,D,0,,,Y,,Y,,C,02,0,0,1,0,0,0,0,0,1,"- ","- ",37.808109283447266,-122.36724853515625,"SAN FRANCISCO","SAN FRANCISCO",-122.36719512939453,37.808055877685547
91081062,2019,2019-09-23,9335,2019-09-14,1730,022216,,6,2,7,3801,0,1,2,,2,013,"US-101 N/B","FAITH ST PEDESTRIAN OVERCROSSING",132.00,S,N,A,-,Y,,,101,,,,,,N,Y,4,0,1,3,A,-,03,22350,,N,C,C,A,A,H,-,A,D,0,,,,,Y,,A,01,0,0,1,0,0,0,0,0,0,"- ","- ",37.743499755859375,-122.40579986572266,"SAN FRANCISCO","SAN FRANCISCO",-122.4058837890625,37.743568420410156
9108250,2020,2020-08-20,3801,2020-04-26,1746,1642,TENDE,7,5,7,3801,0,0,0,,0,3J12D,"HYDE ST","HYDE ST 227",0.00,,Y,A,-,N,,,,,,,,,,N,2,0,1,2,A,-,"- ",,,F,A,B,D,A,H,-,A,A,0,Y,,,,Y,,-,"- ",1,0,0,0,1,0,0,0,0,"- ","- ",,,"SAN FRANCISCO","SAN FRANCISCO",,
91093020,2019,2019-10-08,9335,2019-10-02,0828,020509,,3,1,7,3801,0,1,1,,1,083,"I-80 EASTBOUND","YBI TUNNEL",495.00,W,N,A,-,Y,,,80,,,,,,E,Y,3,0,2,2,A,-,01,23153,F,N,C,C,A,A,D,H,A,D,0,,,,,Y,,A,08,0,1,1,0,0,0,0,0,0,"- ","- ",37.807628631591797,-122.36746215820312,"SAN FRANCISCO","SAN FRANCISCO",-122.36754608154297,37.807720184326172
9111059,2020,2020-11-03,3801,2020-05-06,1149,1769,NORTH,3,5,7,3801,0,0,0,,0,3E13A,"EDDY ST","GOUGH ST",20.00,,N,A,-,N,,,,,,,,,,N,3,0,2,2,A,-,04,21703,,N,C,C,A,A,D,E,A,A,0,,,,,Y,,A,01,0,1,1,0,0,0,0,0,0,"- ","- ",,,"SAN FRANCISCO","SAN FRANCISCO",-122.42411804199219,37.782470703125
9111615,2020,2020-09-21,3801,2020-05-21,1930,1573,BAYVI,4,5,7,3801,0,0,0,,0,3C13D,"SILVER AV","SAN BRUNO AV",0.00,,Y,A,-,N,,,,,,,,,,N,4,0,1,2,A,-,21,22106,,F,G,B,F,A,H,-,A,A,0,Y,,,,Y,,A,08,0,0,1,0,1,0,0,0,0,"- ","- ",,,"SAN FRANCISCO","SAN FRANCISCO",-122.40561676025391,37.732448577880859
91176739,2020,2020-01-30,9335,2020-01-23,1750,021424,,4,2,7,3801,0,1,1,,2,023,"I-280 S/B FROM ALEMANY BLVD","ST MAR'Y PARK FOOTBRIDGE",350.00,S,N,A,-,Y,,,280,,,,R,,S,Y,4,0,3,3,A,-,03,22350,,N,C,C,A,A,H,-,C,D,0,,,,,Y,,A,01,0,0,3,0,0,0,0,0,0,"- ","- ",37.731891632080078,-122.42198181152344,"SAN FRANCISCO","SAN FRANCISCO",-122.42198181152344,37.731891632080078
91189867,2020,2020-02-20,9335,2020-02-12,1757,022486,,3,2,7,3801,0,1,1,,2,024,"I-280 S/B","20TH ST",140.00,N,N,A,-,Y,,,280,,,,,,S,Y,4,0,2,3,A,-,03,22350,,N,C,C,A,A,H,-,D,D,0,,,,Y,Y,,F,26,0,0,2,0,0,0,0,0,0,"- ","- ",37.760688781738281,-122.39263916015625,"SAN FRANCISCO","SAN FRANCISCO",-122.39248657226562,37.760704040527344
9120774,2020,2020-08-26,3801,2020-06-19,1410,1179,TENDE,5,5,7,3801,0,0,0,,0,3J12D,"6TH ST","STEVENSON ST",0.00,,Y,A,-,N,,,,,,,,,,N,4,0,1,2,A,-,08,22102,,N,B,C,A,A,H,-,A,D,0,,,,,Y,,A,01,0,0,1,0,0,0,0,0,0,"- ","- ",,,"SAN FRANCISCO","SAN FRANCISCO",-122.40966796875,37.781768798828125
9120823,2020,2020-09-02,3801,2020-06-23,1515,1058,INGLE,2,5,7,3801,0,0,0,,0,3H12D,"FELTON ST","GAMBIER ST",0.00,,Y,A,-,N,,,,,,,,,,Y,4,0,1,2,A,-,12,22450,,N,D,C,A,A,H,-,A,A,0,,,,,Y,,A,01,0,0,1,0,0,0,0,0,0,"- ","- ",,,"SAN FRANCISCO","SAN FRANCISCO",-122.42134857177734,37.725650787353516
9120890,2020,2020-08-27,3801,2020-06-07,1220,2256,INGLE,7,5,7,3801,0,0,0,,0,3H15C,"ALEMANY BL","FARRAGUT AV",0.00,,Y,A,-,N,,,,,,,,,,N,3,0,1,5,A,-,08,22107,,N,B,-,A,A,H,-,A,D,0,,,,,Y,,A,01,0,1,0,0,0,0,0,0,0,"- ","- ",,,"SAN FRANCISCO","SAN FRANCISCO",-122.45201110839844,37.712120056152344
91216109,2020,2020-03-26,9350,2020-03-07,0236,022310,,6,3,7,3801,0,1,2,,2,020,"US-101 S/B","SOUTH TOWER GGB",382.00,S,N,A,-,Y,,,101,,,,,,S,Y,4,0,1,2,A,-,01,23152,A,N,C,E,A,A,D,-,C,A,0,,,,Y,Y,Y,A,01,0,0,1,0,0,0,0,0,0,"- ","- ",37.813808441162109,-122.47792053222656,"SAN FRANCISCO","SAN FRANCISCO",-122.47803497314453,37.813793182373047
91225903,2020,2020-04-15,9335,2020-04-08,2205,022175,,3,3,7,3801,0,1,2,,2,014,"US-101 S/B","16TH ST. UNDERCROSSING",150.00,N,N,B,-,Y,,,101,,,,,,S,Y,3,0,1,1,A,-,08,22107,,N,E,I,A,A,H,-,C,D,0,,,,,Y,,A,01,0,1,0,0,0,0,0,0,0,"- ","- ",37.76641845703125,-122.40521240234375,"SAN FRANCISCO","SAN FRANCISCO",-122.40528869628906,37.766399383544922
91310262,2020,2020-09-24,9350,2020-09-13,1144,022441,,7,1,7,3801,0,1,2,,2,020,"US-101 N/B","LINCOLN BLVD",375.00,N,N,A,-,Y,,,101,,,,,,N,Y,4,0,1,1,A,-,01,23152,F,N,E,I,A,A,H,-,A,D,0,,,,,Y,,A,01,0,0,1,0,0,0,0,0,0,"- ","- ",37.807529449462891,-122.47573852539062,"SAN FRANCISCO","SAN FRANCISCO",-122.47578430175781,37.807483673095703