CASE_ID,ACCIDENT_YEAR,PROC_DATE,JURIS,COLLISION_DATE,COLLISION_TIME,OFFICER_ID,REPORTING_DISTRICT,DAY_OF_WEEK,CHP_SHIFT,POPULATION,CNTY_CITY_LOC,SPECIAL_COND,BEAT_TYPE,CHP_BEAT_TYPE,CITY_DIVISION_LAPD,CHP_BEAT_CLASS,BEAT_NUMBER,PRIMARY_RD,SECONDARY_RD,DISTANCE,DIRECTION,INTERSECTION,WEATHER_1,WEATHER_2,STATE_HWY_IND,CALTRANS_COUNTY,CALTRANS_DISTRICT,STATE_ROUTE,ROUTE_SUFFIX,POSTMILE_PREFIX,POSTMILE,LOCATION_TYPE,RAMP_INTERSECTION,SIDE_OF_HWY,TOW_AWAY,COLLISION_SEVERITY,NUMBER_KILLED,NUMBER_INJURED,PARTY_COUNT,PRIMARY_COLL_FACTOR,PCF_CODE_OF_VIOL,PCF_VIOL_CATEGORY,PCF_VIOLATION,PCF_VIOL_SUBSECTION,HIT_AND_RUN,TYPE_OF_COLLISION,MVIW,PED_ACTION,ROAD_SURFACE,ROAD_COND_1,ROAD_COND_2,LIGHTING,CONTROL_DEVICE,CHP_ROAD_TYPE,PEDESTRIAN_ACCIDENT,BICYCLE_ACCIDENT,MOTORCYCLE_ACCIDENT,TRUCK_ACCIDENT,NOT_PRIVATE_PROPERTY,ALCOHOL_INVOLVED,STWD_VEHTYPE_AT_FAULT,CHP_VEHTYPE_AT_FAULT,COUNT_SEVERE_INJ,COUNT_VISIBLE_INJ,COUNT_COMPLAINT_PAIN,COUNT_PED_KILLED,COUNT_PED_INJURED,COUNT_BICYCLIST_KILLED,COUNT_BICYCLIST_INJURED,COUNT_MC_KILLED,COUNT_MC_INJURED,PRIMARY_RAMP,SECONDARY_RAMP,LATITUDE,LONGITUDE,COUNTY,CITY,POINT_X,POINT_Y
7035622,2015,2015-08-28,3801,2015-01-16,1615,1502,CENTR,5,5,7,3801,0,0,0,,0,3A14D,"MONTGOMERY ST","PINE ST",72.00,S,N,A,-,N,,,,,,,,,,N,4,0,1,2,A,-,17,21200,,F,C,B,F,A,H,-,A,A,0,Y,Y,,,Y,,L,04,0,0,1,0,1,0,0,0,0,"- ","- ",,,"SAN FRANCISCO","SAN FRANCISCO",-122.40251332,37.791724360000003
7035632,2015,2015-08-28,3801,2015-01-20,1922,1766,NORTH,2,5,7,3801,0,0,0,,0,4K4D,"FILLMORE ST","OFARRELL ST",10.00,S,N,A,-,N,,,,,,,,,,N,4,0,1,2,A,-,10,21950,A,N,G,B,B,A,H,-,E,A,0,Y,,,,Y,,M,96,0,0,1,0,1,0,0,0,0,"- ","- ",,,"SAN FRANCISCO","SAN FRANCISCO",-122.43270433000001,37.783252900000001
7035638,2015,2015-09-08,3801,2015-01-20,2255,1518,MISSI,2,5,7,3801,0,0,0,,0,,"19TH ST","CAPP ST",0.00,,Y,A,-,N,,,,,,,,,,N,2,0,1,2,A,-,12,22450,A,F,D,G,A,A,H,-,C,A,0,,Y,,,Y,,A,07,1,0,0,0,0,0,1,0,0,"- ","- ",,,"SAN FRANCISCO","SAN FRANCISCO",-122.41810989,37.760289890000003
7035767,2014,2015-08-28,3801,2014-11-16,0307,0901,INGLE,7,5,7,3801,0,0,0,,0,003,"MISSION ST","TRUMBULL ST",90.00,N,N,A,-,N,,,,,,,,,,Y,4,0,1,3,A,-,08,22107,,M,C,E,A,A,H,-,C,D,0,,,,,Y,,A,01,0,0,1,0,0,0,0,0,0,"- ","- ",,,"SAN FRANCISCO","SAN FRANCISCO",-122.42905639,37.730973609999999
7035929,2014,2015-08-21,3801,2014-11-01,1700,002137,TARAV,6,5,7,3801,0,0,0,,0,002,"CLAREMONT BL","KENSINGTON WY",0.00,,Y,A,-,N,,,,,,,,,,N,4,0,1,2,A,-,10,21950,A,N,G,B,B,A,H,-,A,A,0,Y,,,,Y,,A,01,0,0,1,0,1,0,0,0,0,"- ","- ",,,"SAN FRANCISCO","SAN FRANCISCO",-122.46372341999999,37.743554930000002
7035939,2014,2015-08-21,3801,2014-11-13,1853,877,SOUTH,4,5,7,3801,0,0,0,,0,3B15D,"MISSION ST","6TH ST",0.00,,Y,A,-,N,,,,,,,,,,Y,2,0,1,2,A,-,11,21956,,N,G,B,D,A,H,-,C,A,0,Y,,,,Y,,N,60,1,0,0,0,1,0,0,0,0,"- ","- ",,,"SAN FRANCISCO","SAN FRANCISCO",-122.40868999,37.78097992
7035942,2014,2016-02-29,3801,2014-11-17,1440,2293,,1,5,7,3801,0,0,0,,0,00B,"SPEAR ST","HOWARD ST",13.00,E,N,A,-,N,,,,,,,,,,Y,3,0,3,2,A,-,08,22107,,N,A,C,A,A,H,-,A,A,0,,,,,Y,,-,,0,1,2,0,0,0,0,0,0,"- ","- ",,,"SAN FRANCISCO","SAN FRANCISCO",-122.39251891000001,37.791294180000001
7035969,2014,2015-08-25,3801,2014-11-25,1903,1810,NORTH,2,5,7,3801,0,0,0,,0,3E13D,"FILLMORE ST","SUTTER ST",0.00,,Y,A,-,N,,,,,,,,,,N,4,0,1,2,A,-,10,21950,A,N,G,B,B,A,H,-,C,A,0,Y,,,,Y,,A,01,0,0,1,0,1,0,0,0,0,"- ","- ",,,"SAN FRANCISCO","SAN FRANCISCO",-122.43326997,37.786089949999997
7035990,2014,2015-08-25,3801,2014-11-25,1613,428,CENTR,2,5,7,3801,0,0,0,,0,003,"BAY ST","POLK ST",0.00,,Y,A,-,N,,,,,,,,,,Y,3,0,1,2,A,-,08,22107,,N,A,C,A,A,H,-,B,A,0,,,,,Y,,-,,0,1,0,0,0,0,0,0,0,"- ","- ",,,"SAN FRANCISCO","SAN FRANCISCO",-122.42344989999999,37.804359949999998
7037364,2015,2015-08-27,3801,2015-07-18,2100,1117,MISSI,6,5,7,3801,0,0,0,,0,3D15E,"GUERRERO ST","15TH ST",18.00,S,N,A,-,N,,,,,,,,,,N,4,0,2,2,A,-,08,22107,,N,B,C,A,A,H,-,C,D,0,,,,,Y,,A,01,0,0,2,0,0,0,0,0,0,"- ","- ",,,"SAN FRANCISCO","SAN FRANCISCO",-122.42423574,37.766350670000001
7037430,2015,2015-09-02,3801,2015-07-13,1654,0737,,1,5,7,3801,0,0,0,,0,3A11D,"POST ST","JONES ST",0.00,,Y,A,-,N,,,,,,,,,,N,4,0,1,2,A,-,10,21950,A,N,G,B,B,A,H,-,A,A,0,Y,,,,Y,,A,01,0,0,1,0,1,0,0,0,0,"- ","- ",,,"SAN FRANCISCO","SAN FRANCISCO",-122.41333989,37.787689960000002
7037676,2014,2015-08-26,3801,2014-11-12,2210,002380,SOUTH,3,5,7,3801,0,0,0,,0,3B62,"FOLSOM ST","10TH ST",23.00,E,N,C,-,N,,,,,,,,,,N,4,0,1,2,A,-,11,21955,,N,B,B,D,B,H,-,D,A,0,Y,,,,Y,Y,N,60,0,0,1,0,1,0,0,0,0,"- ","- ",,,"SAN FRANCISCO","SAN FRANCISCO",-122.41276415999999,37.772865029999998
7037679,2014,2015-09-21,3801,2014-11-10,0928,121,,1,5,7,3801,0,0,0,,0,0E3,"LARKIN ST","SUTTER ST",0.00,,Y,A,-,N,,,,,,,,,,Y,4,0,2,2,A,-,"- ",,,N,D,C,A,A,H,-,A,A,0,,,,,Y,,-,,0,0,2,0,0,0,0,0,0,"- ","- ",,,"SAN FRANCISCO","SAN FRANCISCO",-122.41846993,37.78796998
7038693,2015,2016-07-25,3801,2015-07-13,1215,1378,TARAV,1,5,7,3801,0,0,0,,0,3I1A,"8TH AV","JUDAH ST",0.00,,Y,A,-,N,,,,,,,,,,N,4,0,1,2,A,-,09,21802,A,N,D,C,A,A,-,-,A,A,0,,,,,Y,,A,01,0,0,1,0,0,0,0,0,0,"- ","- ",,,"SAN FRANCISCO","SAN FRANCISCO",-122.46512991,37.762239960000002
7038710,2015,2015-08-29,3801,2015-07-14,2126,1117,MISSI,2,5,7,3801,0,0,0,,0,3D11E,"MARKET ST","CASTRO ST",0.00,,Y,A,-,N,,,,,,,,,,Y,4,0,1,2,A,-,09,21801,A,N,D,C,A,A,H,-,C,A,0,,,,,Y,,A,01,0,0,1,0,0,0,0,0,0,"- ","- ",,,"SAN FRANCISCO","SAN FRANCISCO",-122.43516,37.762639970000002
7041179,2015,2015-09-02,3801,2015-02-20,1100,001973,SOUTH,5,5,7,3801,0,0,0,,0,,"HAWTHORNE ST","HARRISON ST",3.00,N,N,A,-,N,,,,,,,,,,N,4,0,1,2,D,-,00,,,N,G,B,B,A,H,-,A,A,0,Y,,,,Y,,-,"- ",0,0,1,0,1,0,0,0,0,"- ","- ",,,"SAN FRANCISCO","SAN FRANCISCO",-122.39631716,37.783435969999999
7050693,2015,2015-09-19,3801,2015-08-20,1235,1398,NORTH,4,5,7,3801,0,0,0,,0,4B5E,"FELL ST","SCOTT ST",0.00,,Y,A,-,N,,,,,,,,,,N,4,0,1,2,A,-,10,21950,A,N,G,B,B,A,H,-,A,A,0,Y,,,,Y,,D,22,0,0,1,0,1,0,0,0,0,"- ","- ",,,"SAN FRANCISCO","SAN FRANCISCO",-122.43593987,37.774269930000003
7052162,2015,2015-09-21,3801,2015-08-27,1641,1116,BAYVI,4,5,7,3801,0,0,0,,0,3C62,"PALOU AV","CRISP RD",52.00,W,N,A,-,N,,,,,,,,,,N,3,0,1,2,A,-,05,21650,,N,D,C,A,A,H,-,A,D,0,,,Y,,Y,,C,03,0,1,0,0,0,0,0,0,1,"- ","- ",,,"SAN FRANCISCO","SAN FRANCISCO",-122.38004979999999,37.727839060000001
7052224,2015,2015-09-18,3801,2015-08-09,0210,783,RICHM,7,5,7,3801,0,0,0,,0,3G12E,"MASONIC AV","PRESIDIO AV",0.00,,Y,A,-,N,,,,,,,,,,Y,3,0,1,2,A,-,07,21658,A,N,B,C,A,A,H,-,C,A,0,,,,,Y,Y,A,01,0,1,0,0,0,0,0,0,0,"- ","- ",,,"SAN FRANCISCO","SAN FRANCISCO",-122.44659989,37.786289969999999
7052228,2015,2015-09-18,3801,2015-08-09,0712,001605,NORTH,7,5,7,3801,0,0,0,,0,3E12A,"FRANKLIN ST","VALLEJO ST",0.00,,Y,A,-,N,,,,,,,,,,N,4,0,2,2,A,-,08,22100,B,N,D,C,A,A,H,-,A,A,0,,,,,Y,,A,01,0,0,2,0,0,0,0,0,0,"- ","- ",,,"SAN FRANCISCO","SAN FRANCISCO",-122.42523986,37.796489919999999
7052241,2015,2015-09-18,3801,2015-08-14,0229,1013,INGLE,5,5,7,3801,0,0,0,,0,3H16E,"GENEVA AV","MISSION ST",0.00,,Y,F,-,N,,,,,,,,,,N,4,0,1,2,A,-,11,21955,,N,A,B,D,B,H,-,C,A,0,Y,,,,Y,Y,N,,0,0,1,0,1,0,0,0,0,"- ","- ",,,"SAN FRANCISCO","SAN FRANCISCO",-122.44099993,37.716389980000002
7052263,2015,2015-09-18,3801,2015-08-07,0356,001372,INGLE,5,5,7,3801,0,0,0,,0,3H15E,"GENEVA AV","CARTER ST",0.00,,Y,A,-,N,,,,,,,,,,Y,3,0,1,1,A,-,03,22350,,N,E,I,A,A,H,-,C,A,0,,,,,Y,,A,01,0,1,0,0,0,0,0,0,0,"- ","- ",,,"SAN FRANCISCO","SAN FRANCISCO",-122.42337992,37.709269929999998
7052267,2015,2015-09-17,3801,2015-08-07,0830,1572,COB,5,5,7,3801,0,0,0,,0,3B2A,"BRANNAN ST","BRANNAN ST 520",0.00,,N,A,-,N,,,,,,,,,,N,4,0,1,2,A,-,06,21755,,N,B,C,A,A,H,-,A,D,0,,,Y,,Y,,C,02,0,0,1,0,0,0,0,0,1,"- ","- ",,,"SAN FRANCISCO","SAN FRANCISCO",-122.39696324000001,37.777982430000002
7052283,2015,2016-07-19,3801,2015-08-07,1214,1214,3A,5,5,7,3801,0,0,0,,0,3A2C,"THE EMBARCADERO",BROADWAY,0.00,,Y,A,-,N,,,,,,,,,,N,4,0,1,2,A,-,12,21453,A,N,D,C,A,A,H,-,A,A,0,,,,,Y,,-,,0,0,1,0,0,0,0,0,0,"- ","- ",,,"SAN FRANCISCO","SAN FRANCISCO",-122.39775985999999,37.799179950000003
7052315,2015,2015-09-17,3801,2015-08-06,2200,002038,COF,4,5,7,3801,0,0,0,,0,3F13E,"CLAYTON ST","WALLER ST",0.00,,Y,A,-,N,,,,,,,,,,N,4,0,1,2,A,-,10,21950,A,N,G,B,B,A,H,-,C,D,0,Y,,,,Y,,A,01,0,0,1,0,1,0,0,0,0,"- ","- ",,,"SAN FRANCISCO","SAN FRANCISCO",-122.44838994,37.768849969999998
7052375,2015,2016-12-20,3801,2015-08-15,1025,1398,NORTH,6,5,7,3801,0,0,0,,0,4B5E,"TURK ST","VAN NESS AV",0.00,,Y,A,-,Y,SF,4,101,-,-,5.352,I,5,S,N,3,0,1,3,A,-,11,21456,B,N,G,B,B,A,H,-,A,A,0,Y,,,,Y,Y,N,60,0,1,0,0,1,0,0,0,0,"- ","- ",,,"SAN FRANCISCO","SAN FRANCISCO",-122.42072847999999,37.781954370000001
7060026,2015,2015-10-20,3801,2015-08-31,1820,001430,MISSI,1,5,7,3801,0,0,0,,0,3D2D,"CLIPPER ST","DIAMOND HEIGHTS BL",0.00,,Y,A,-,N,,,,,,,,,,N,3,0,1,2,A,-,05,21650,,N,D,G,A,A,H,-,A,A,0,,Y,,,Y,,L,04,0,1,0,0,0,0,1,0,0,"- ","- ",,,"SAN FRANCISCO","SAN FRANCISCO",-122.44400994,37.74675998
7060121,2015,2015-10-10,3801,2015-09-20,0359,837,TARAV,7,5,7,3801,0,0,0,,0,3I11E,"19TH AV","IRVING ST",0.00,,Y,A,-,N,,,,,,,,,,Y,4,0,1,2,A,-,00,20002,A,M,C,C,A,A,H,-,C,A,0,,,,,Y,,A,01,0,0,1,0,0,0,0,0,0,"- ","- ",,,"SAN FRANCISCO","SAN FRANCISCO",-122.47719992,37.763559950000001
7081404,2015,2015-10-13,3801,2015-08-29,1105,1764,INGLE,6,5,7,3801,0,0,0,,0,4B5J,"GENEVA AV","SAN JOSE AV",0.00,,Y,A,-,N,,,,,,,,,,N,4,0,2,4,C,-,18,,,N,C,C,A,A,H,-,A,A,0,,,,,Y,,-,"- ",0,0,2,0,0,0,0,0,0,"- ","- ",,,"SAN FRANCISCO","SAN FRANCISCO",-122.4466299,37.720729919999997
7082467,2015,2015-10-20,3801,2015-09-09,0837,000382,MISSI,3,5,7,3801,0,0,0,,0,3D71,"S VAN NESS AV","14TH ST",0.00,,Y,A,-,N,,,,,,,,,,N,3,0,1,2,A,-,06,21755,,N,H,G,A,A,H,-,A,A,0,,Y,,Y,Y,,L,04,0,1,0,0,0,0,1,0,0,"- ","- ",,,"SAN FRANCISCO","SAN FRANCISCO",-122.41779990000001,37.768419899999998
7089764,2015,2015-10-10,3801,2015-09-02,0749,1601,INGLE,3,5,7,3801,0,0,0,,0,3H13A,"FELTON ST","OXFORD ST",0.00,,Y,B,-,N,,,,,,,,,,Y,4,0,1,2,A,-,12,22450,A,F,D,C,A,A,H,-,B,A,0,,,,,Y,,A,,0,0,1,0,0,0,0,0,0,"- ","- ",,,"SAN FRANCISCO","SAN FRANCISCO",-122.4193999,37.726179930000001
7100052,2015,2015-10-09,3801,2015-09-11,1435,1013,CENTR,5,5,7,3801,0,0,0,,0,3A14A,"WASHINGTON ST","WASHINGTON ST 442",0.00,,-,A,-,N,,,,,,,,,,N,3,0,1,2,A,-,11,21954,A,N,G,B,E,A,H,-,A,A,0,Y,,,,Y,,N,60,0,1,0,0,1,0,0,0,0,"- ","- ",,,"SAN FRANCISCO","SAN FRANCISCO",-122.40128964,37.795769149999998
7100254,2015,2015-10-12,3801,2015-09-06,2330,A21609,RICHM,7,5,7,3801,0,0,0,,0,901,"PARK PRESIDIO BL","BALBOA ST",0.00,,Y,A,-,N,,,,,,,,,,N,4,0,1,2,A,-,04,21703,,N,C,C,A,A,H,-,C,A,0,,,,,Y,,A,01,0,0,1,0,0,0,0,0,0,"- ","- ",,,"SAN FRANCISCO","SAN FRANCISCO",-122.4720599,37.776849970000001
7100255,2015,2015-10-12,3801,2015-09-22,1248,1202,PARKS,2,5,7,3801,0,0,0,,0,3F13A,"OAK ST","MASONIC AV",64.00,E,N,A,-,N,,,,,,,,,,,4,0,1,3,A,-,07,21658,A,N,D,C,A,A,H,-,A,D,0,,,,,Y,,A,01,0,0,1,0,0,0,0,0,0,"- ","- ",,,"SAN FRANCISCO","SAN FRANCISCO",-122.44553114,37.772107040000002
7100265,2015,2015-10-12,3801,2015-09-04,1840,1718,MISSI,5,5,7,3801,0,0,0,,0,3D13D,"SOUTH VAN NESS","24TH ST",0.00,,Y,A,-,N,,,,,,,,,,N,4,0,1,2,A,-,09,21801,A,N,D,C,A,A,H,-,A,A,0,,,Y,,Y,,A,08,0,0,1,0,0,0,0,0,1,"- ","- ",,,"SAN FRANCISCO","SAN FRANCISCO",-122.41627991999999,37.752379900000001
7100314,2015,2017-01-19,3801,2015-09-21,1432,001418,TARAV,1,5,7,3801,0,0,0,,0,0I1,"RT 1","RIVERA ST",24.00,S,N,A,-,Y,SF,4,1,-,-,2.740,H,-,N,N,4,0,3,2,A,-,04,21703,,N,C,C,A,A,H,-,A,A,0,,,,,Y,Y,A,01,0,0,3,0,0,0,0,0,0,"- ","- ",,,"SAN FRANCISCO","SAN FRANCISCO",-122.47587785,37.746715649999999
7100736,2014,2015-12-16,3801,2014-03-25,1434,1824,,2,5,7,3801,0,0,0,,0,003,"3RD ST","CARGO ST",57.00,N,N,B,-,N,,,,,,,,,,Y,4,0,1,2,A,-,03,22350,,N,C,C,A,B,B,-,A,D,0,,,,,Y,,D,22,0,0,1,0,0,0,0,0,0,"- ","- ",,,"SAN FRANCISCO","SAN FRANCISCO",-122.38712733,37.746265979999997
7100744,2014,2016-01-04,3801,2014-02-23,0002,000275,,7,5,7,3801,0,0,0,,0,3E4E,"LOMBARD ST","OCTAVIA ST",235.00,E,N,A,-,N,,,,,,,,,,Y,3,0,1,6,A,-,01,23152,A,N,B,E,A,A,H,-,C,A,0,,,,,Y,Y,A,01,0,1,0,0,0,0,0,0,0,"- ","- ",,,"SAN FRANCISCO","SAN FRANCISCO",-122.42866666,37.800792250000001
7100770,2014,2015-12-16,3801,2014-02-27,1552,1957,RICHM,4,5,7,3801,0,0,0,,0,4B7G,"GEARY BL","21ST AV",80.00,W,N,A,-,N,,,,,,,,,,N,4,0,1,3,A,-,06,21754,,N,B,C,A,A,H,-,A,A,0,,,Y,,Y,,C,02,0,0,1,0,0,0,0,0,1,"- ","- ",,,"SAN FRANCISCO","SAN FRANCISCO",-122.48072655,37.780328939999997
7100840,2014,2015-12-16,3801,2014-05-01,1512,4119,BAYVI,4,5,7,3801,0,0,0,,0,1CAR,"TERRY A FRANCOIS BL","SOUTH ST",0.00,,Y,A,-,N,,,,,,,,,,Y,4,0,1,2,A,-,08,22100,B,N,D,C,A,A,H,-,A,D,0,,,,,Y,,-,,0,0,1,0,0,0,0,0,0,"- ","- ",,,"SAN FRANCISCO","SAN FRANCISCO",-122.38629994,37.769029920000001
7100847,2014,2015-12-17,3801,2014-03-27,1206,1695,SOUTH,4,5,7,3801,0,0,0,,0,3B52A,"6TH ST","MINNA ST",0.00,,Y,A,-,N,,,,,,,,,,N,2,0,1,2,A,-,10,21950,A,N,G,B,B,A,H,-,A,A,0,Y,,,,Y,,A,01,1,0,0,0,1,0,0,0,0,"- ","- ",,,"SAN FRANCISCO","SAN FRANCISCO",-122.40812986,37.78054994
7100894,2014,2015-12-16,3801,2014-06-10,1156,4331,MISSI,2,5,7,3801,0,0,0,,0,3D60,"DOLORES ST","DOLORES ST 555",190.00,S,Y,A,-,N,,,,,,,,,,Y,2,0,1,2,A,-,08,22107,,N,D,C,A,A,H,-,A,D,0,,,Y,,Y,,A,01,1,0,0,0,0,0,0,0,1,"- ","- ",,,"SAN FRANCISCO","SAN FRANCISCO",-122.42588997,37.760508799999997
7100896,2014,2015-12-17,3801,2014-05-11,1620,1420,,7,5,7,3801,0,0,0,,0,4K3A,"HARRISON ST","7TH ST",0.00,,Y,A,-,N,,,,,,,,,,N,4,0,6,3,A,-,12,21453,A,N,D,C,F,A,H,-,A,A,0,Y,,,,Y,,A,01,0,0,6,0,1,0,0,0,0,"- ","- ",,,"SAN FRANCISCO","SAN FRANCISCO",-122.40627995,37.775539930000001
7100906,2014,2015-12-16,3801,2014-06-08,1403,001482,BAYVI,7,5,7,3801,0,0,0,,0,3C12A,"BAYSHORE BL","BACON ST",44.00,S,N,A,-,N,,,,,,,,,,N,4,0,1,2,A,-,10,21950,A,N,G,B,B,A,H,-,A,A,0,Y,,,,Y,,A,01,0,0,1,0,1,0,0,0,0,"- ","- ",,,"SAN FRANCISCO","SAN FRANCISCO",-122.40216554,37.72783226
7100920,2014,2015-12-16,3801,2014-06-12,0718,002345,TARAV,4,5,7,3801,0,0,0,,0,3I4A,"URBANO DR","DE SOTO ST",0.00,,Y,A,-,N,,,,,,,,,,Y,4,0,1,2,A,-,09,21800,B,N,D,C,A,A,H,-,A,D,0,,,,,Y,,A,07,0,0,1,0,0,0,0,0,0,"- ","- ",,,"SAN FRANCISCO","SAN FRANCISCO",-122.46568990999999,37.723239900000003
7100959,2014,2015-12-17,3801,2014-05-29,0800,804,NORTH,4,5,7,3801,0,0,0,,0,3E4A,"FILLMORE ST","BUSH ST",40.00,S,N,A,-,N,,,,,,,,,,N,2,0,1,2,A,-,17,22517,,N,B,G,A,A,H,-,A,D,0,,Y,,,Y,,A,01,1,0,0,0,0,0,1,0,0,"- ","- ",,,"SAN FRANCISCO","SAN FRANCISCO",-122.43342941,37.786931340000002
7100967,2014,2015-12-23,3801,2014-12-26,1230,1882,RICHM,5,5,7,3801,0,0,0,,0,3G5A,"MARTIN LUTHER KING JR DR","BERNICE RODGERS WY",0.00,,Y,A,-,N,,,,,,,,,,N,4,0,1,2,D,-,00,,,N,A,G,A,A,H,-,A,D,0,,Y,,,Y,,-,"- ",0,0,1,0,0,0,1,0,0,"- ","- ",,,"SAN FRANCISCO","SAN FRANCISCO",-122.50425997000001,37.765509950000002
7100987,2014,2015-12-23,3801,2014-12-26,1858,4057,NORTH,5,5,7,3801,0,0,0,,0,3E110,"OAK ST","BUCHANAN ST",0.00,,Y,A,-,N,,,,,,,,,,Y,4,0,1,2,A,-,09,21801,A,N,A,C,A,A,H,-,C,A,0,,,Y,,Y,,-,"- ",0,0,1,0,0,0,0,0,1,"- ","- ",,,"SAN FRANCISCO","SAN FRANCISCO",-122.42753998000001,37.774399889999998
7101007,2014,2015-12-23,3801,2014-06-21,1325,1161,INGLS,6,5,7,3801,0,0,0,,0,,"MANSELL ST","HAMILTON ST",0.00,,Y,A,G,N,,,,,,,,,,Y,4,0,1,2,A,-,09,21802,A,N,D,C,A,A,H,-,A,A,0,,,,,Y,,-,,0,0,1,0,0,0,0,0,0,"- ","- ",,,"SAN FRANCISCO","SAN FRANCISCO",-122.40703997999999,37.720099980000001
7101047,2015,2016-01-14,3801,2015-11-26,0849,2375,RICHM,4,5,7,3801,0,0,0,,0,901,"ANZA ST","28TH AV",85.00,W,N,A,-,N,,,,,,,,,,Y,4,0,1,1,C,-,18,,,N,F,A,A,A,H,-,A,D,0,,,Y,,Y,,-,"- ",0,0,1,0,0,0,0,0,1,"- ","- ",,,"SAN FRANCISCO","SAN FRANCISCO",-122.48809387,37.778009019999999
7101059,2015,2016-01-14,3801,2015-11-03,1830,004264,BAYVI,2,5,7,3801,0,0,0,,0,3C11D,"18TH ST","MINNESOTA ST",0.00,,Y,A,-,N,,,,,,,,,,N,4,0,1,2,A,-,09,21803,A,N,B,C,A,A,H,-,C,A,0,,,Y,,Y,,A,01,0,0,1,0,0,0,0,0,1,"- ","- ",,,"SAN FRANCISCO","SAN FRANCISCO",-122.39070993,37.762929939999999
7101061,2015,2016-01-11,3801,2015-11-04,1648,001994,SOUTH,3,5,7,3801,0,0,0,,0,4B3B,"SHIPLEY ST","6TH ST",6.00,E,N,A,-,N,,,,,,,,,,N,4,0,1,2,A,-,11,21950,B,N,D,B,B,A,H,-,C,D,0,Y,,,,Y,Y,N,60,0,0,1,0,1,0,0,0,0,"- ","- ",,,"SAN FRANCISCO","SAN FRANCISCO",-122.40503548,37.778071789999998
7101078,2015,2016-02-09,3801,2015-11-22,1120,002017,INGLE,7,5,7,3801,0,0,0,,0,3H13C,"OXFORD ST","FELTON ST",19.00,S,N,A,-,N,,,,,,,,,,N,4,0,1,3,A,-,03,22350,,N,C,C,A,A,H,-,A,D,0,,,,,Y,,A,07,0,0,1,0,0,0,0,0,0,"- ","- ",,,"SAN FRANCISCO","SAN FRANCISCO",-122.41937951,37.726130410000003
7101091,2014,2015-12-17,3801,2014-10-18,1719,001826,COI,6,5,7,3801,0,0,0,,0,3Z11D,"10TH AV","JUDAH ST",0.00,,Y,A,F,N,,,,,,,,,,Y,4,0,1,2,A,-,12,22450,A,N,D,C,A,A,H,-,A,A,0,,,,,Y,,A,01,0,0,1,0,0,0,0,0,0,"- ","- ",,,"SAN FRANCISCO","SAN FRANCISCO",-122.46725986,37.762189929999998
7101109,2014,2016-02-02,3801,2014-06-26,2115,4089,RICHM,4,5,7,3801,0,0,0,,0,0G3,"8TH AV","CLEMENT ST",6.00,S,N,A,-,N,,,,,,,,,,N,3,0,1,2,A,-,10,21950,A,N,G,B,B,A,H,-,C,A,0,Y,,,,Y,,A,01,0,1,0,0,1,0,0,0,0,"- ","- ",,,"SAN FRANCISCO","SAN FRANCISCO",-122.46656836,37.782823569999998
7101118,2014,2015-12-17,3801,2014-11-05,1800,002495,,3,5,7,3801,0,0,0,,0,901,"MISSION ST","BRAZIL AV",32.00,N,N,A,-,N,,,,,,,,,,N,4,0,1,2,A,-,11,21954,A,N,G,B,D,A,H,-,C,A,0,Y,,,,Y,,N,60,0,0,1,0,1,0,0,0,0,"- ","- ",,,"SAN FRANCISCO","SAN FRANCISCO",-122.43476999000001,37.724773859999999
7101123,2015,2016-01-08,3801,2015-11-16,1641,433,MISSI,1,5,7,3801,0,0,0,,0,3D11D,"POTRERO AV","19TH ST",0.00,,Y,A,-,N,,,,,,,,,,Y,4,0,1,2,A,-,10,21950,A,F,G,B,B,A,H,-,A,A,0,Y,,,,Y,,A,07,0,0,1,0,1,0,0,0,0,"- ","- ",,,"SAN FRANCISCO","SAN FRANCISCO",-122.40708986,37.760669970000002
7101128,2015,2016-01-08,3801,2015-11-17,1836,2138,RICHM,2,5,7,3801,0,0,0,,0,3G13D,"ARGUELLO BL","BALBOA ST",0.00,,Y,A,-,N,,,,,,,,,,N,3,0,1,2,A,-,11,21453,D,N,G,B,B,A,H,-,C,A,0,Y,,,,Y,,N,60,0,1,0,0,1,0,0,0,0,"- ","- ",,,"SAN FRANCISCO","SAN FRANCISCO",-122.45858998,37.777249949999998
7101171,2014,2015-12-17,3801,2014-11-09,1302,000438,MISSI,7,5,7,3801,0,0,0,,0,901,"GUERRERO ST","24TH ST",0.00,,Y,A,-,N,,,,,,,,,,N,3,0,1,2,A,-,10,21950,A,N,G,B,B,A,H,-,A,A,0,Y,,,,Y,,A,01,0,1,0,0,1,0,0,0,0,"- ","- ",,,"SAN FRANCISCO","SAN FRANCISCO",-122.42286987999999,37.751999920000003
7101200,2014,2015-12-18,3801,2014-11-17,0835,001816,PARK,1,5,7,3801,0,0,0,,0,3I3A,"PARNASSUS AV","COLE ST",0.00,,Y,A,-,N,,,,,,,,,,N,4,0,1,2,A,-,10,21950,A,N,G,B,B,A,H,-,A,A,0,Y,,,,Y,,A,01,0,0,1,0,1,0,0,0,0,"- ","- ",,,"SAN FRANCISCO","SAN FRANCISCO",-122.44977991,37.764859960000003
7101216,2015,2016-01-11,3801,2015-11-07,1611,02035,,6,5,7,3801,0,0,0,,0,3I15D,"LAKE MERCED BL","WINSTON DR",8.00,N,N,A,-,N,,,,,,,,,,N,4,0,1,2,A,-,03,22350,,N,B,G,A,A,H,-,A,A,0,,Y,,,Y,,A,01,0,0,1,0,0,0,1,0,0,"- ","- ",,,"SAN FRANCISCO","SAN FRANCISCO",-122.48397,37.727021980000004