CASE_ID,ACCIDENT_YEAR,PROC_DATE,JURIS,COLLISION_DATE,COLLISION_TIME,OFFICER_ID,REPORTING_DISTRICT,DAY_OF_WEEK,CHP_SHIFT,POPULATION,CNTY_CITY_LOC,SPECIAL_COND,BEAT_TYPE,CHP_BEAT_TYPE,CITY_DIVISION_LAPD,CHP_BEAT_CLASS,BEAT_NUMBER,PRIMARY_RD,SECONDARY_RD,DISTANCE,DIRECTION,INTERSECTION,WEATHER_1,WEATHER_2,STATE_HWY_IND,CALTRANS_COUNTY,CALTRANS_DISTRICT,STATE_ROUTE,ROUTE_SUFFIX,POSTMILE_PREFIX,POSTMILE,LOCATION_TYPE,RAMP_INTERSECTION,SIDE_OF_HWY,TOW_AWAY,COLLISION_SEVERITY,NUMBER_KILLED,NUMBER_INJURED,PARTY_COUNT,PRIMARY_COLL_FACTOR,PCF_CODE_OF_VIOL,PCF_VIOL_CATEGORY,PCF_VIOLATION,PCF_VIOL_SUBSECTION,HIT_AND_RUN,TYPE_OF_COLLISION,MVIW,PED_ACTION,ROAD_SURFACE,ROAD_COND_1,ROAD_COND_2,LIGHTING,CONTROL_DEVICE,CHP_ROAD_TYPE,PEDESTRIAN_ACCIDENT,BICYCLE_ACCIDENT,MOTORCYCLE_ACCIDENT,TRUCK_ACCIDENT,NOT_PRIVATE_PROPERTY,ALCOHOL_INVOLVED,STWD_VEHTYPE_AT_FAULT,CHP_VEHTYPE_AT_FAULT,COUNT_SEVERE_INJ,COUNT_VISIBLE_INJ,COUNT_COMPLAINT_PAIN,COUNT_PED_KILLED,COUNT_PED_INJURED,COUNT_BICYCLIST_KILLED,COUNT_BICYCLIST_INJURED,COUNT_MC_KILLED,COUNT_MC_INJURED,PRIMARY_RAMP,SECONDARY_RAMP,LATITUDE,LONGITUDE,COUNTY,CITY,POINT_X,POINT_Y
7101220,2015,2016-01-11,3801,2015-11-07,1035,920,,6,5,7,3801,0,0,0,,0,901,"FULTON ST","4TH AV",75.00,E,N,A,-,N,,,,,,,,,,Y,4,0,2,2,A,-,04,21703,,N,C,C,A,A,H,-,A,D,0,,,,,Y,,A,01,0,0,2,0,0,0,0,0,0,"- ","- ",,,"SAN FRANCISCO","SAN FRANCISCO",-122.46136442,37.773926000000003
7101227,2015,2016-01-11,3801,2015-11-07,0920,1053,,6,5,7,3801,0,0,0,,0,3I13A,"JUDAH ST","41ST AV",0.00,,Y,A,-,N,,,,,,,,,,N,3,0,1,2,A,-,11,21954,A,N,G,B,D,A,H,-,A,A,0,Y,,,,Y,,N,60,0,1,0,0,1,0,0,0,0,"- ","- ",,,"SAN FRANCISCO","SAN FRANCISCO",-122.50056997,37.760659879999999
7101246,2015,2016-01-08,3801,2015-11-15,1018,961,MISSI,7,5,7,3801,0,0,0,,0,901,"MARKET ST","EUREKA ST",5.00,W,N,A,-,N,,,,,,,,,,N,4,0,1,2,A,-,10,21950,A,N,G,B,B,A,H,-,A,A,0,Y,,,,Y,,A,01,0,0,1,0,1,0,0,0,0,"- ","- ",,,"SAN FRANCISCO","SAN FRANCISCO",-122.43836661,37.761716139999997
7101398,2015,2016-01-12,3801,2015-11-24,1310,001299,,2,5,7,3801,0,0,0,,0,3A3C,"POLK ST","NORTH POINT ST",0.00,,Y,A,-,N,,,,,,,,,,N,4,0,1,2,A,-,21,22106,,N,G,B,E,A,H,-,A,D,0,Y,,,,Y,,A,01,0,0,1,0,1,0,0,0,0,"- ","- ",,,"SAN FRANCISCO","SAN FRANCISCO",-122.4236399,37.805299920000003
7101402,2015,2016-01-11,3801,2015-11-17,1123,000573,MISSI,2,5,7,3801,0,0,0,,0,4B5D,"DOLORES ST","18TH ST",0.00,,Y,A,-,N,,,,,,,,,,Y,4,0,1,3,A,-,09,21801,A,N,D,C,A,A,C,D,A,A,0,,,,,Y,,A,01,0,0,1,0,0,0,0,0,0,"- ","- ",,,"SAN FRANCISCO","SAN FRANCISCO",-122.42615994000001,37.761439930000002
7101460,2015,2017-01-25,3801,2015-11-03,1900,2290,NORTH,2,5,7,3801,0,0,0,,0,3E13D,"VAN NESS AV","CALIFORNIA ST",0.00,,Y,A,-,Y,SF,4,101,-,-,5.940,I,5,S,N,4,0,1,2,A,-,12,21453,A,F,B,C,A,A,H,-,C,A,0,,,,,Y,,A,07,0,0,1,0,0,0,0,0,0,"- ","- ",,,"SAN FRANCISCO","SAN FRANCISCO",-122.42244205999999,37.790355040000001
7101607,2015,2016-01-14,3801,2015-12-01,0930,A11422,RICHM,2,5,7,3801,0,0,0,,0,901,"LAKE ST","25TH AV",0.00,,Y,A,-,N,,,,,,,,,,Y,3,0,2,4,A,-,12,21453,A,N,D,C,A,A,H,-,A,A,0,,,,,Y,,A,01,0,1,1,0,0,0,0,0,0,"- ","- ",,,"SAN FRANCISCO","SAN FRANCISCO",-122.48513986,37.785749930000001
7101630,2015,2016-01-14,3801,2015-12-15,1430,1877,NORTH,2,5,7,3801,0,0,0,,0,3E29,"POST ST","WEBSTER ST",0.00,,Y,A,-,N,,,,,,,,,,N,3,0,1,2,A,-,10,21950,A,N,G,B,B,A,H,-,A,A,0,Y,,,,Y,,A,01,0,1,0,0,1,0,0,0,0,"- ","- ",,,"SAN FRANCISCO","SAN FRANCISCO",-122.43142996,37.785359900000003
7101639,2015,2016-01-14,3801,2015-12-18,1845,000776,NORTH,5,5,7,3801,0,0,0,,0,,"LOMBARD ST","BRODERICK AV",0.00,,Y,B,-,N,,,,,,,,,,N,4,0,1,2,A,-,03,22350,,N,C,C,A,A,H,-,C,A,0,,,,,Y,,A,01,0,0,1,0,0,0,0,0,0,"- ","- ",,,"SAN FRANCISCO","SAN FRANCISCO",-122.44432992999999,37.798799940000002
7101655,2015,2016-01-13,3801,2015-12-03,2019,2124,SOUTH,4,5,7,3801,0,0,0,,0,3B12D,"3RD ST","BRYANT ST",0.00,,Y,A,-,N,,,,,,,,,,Y,2,0,5,3,A,-,01,23152,A,N,D,C,A,A,H,-,C,A,0,,,,,Y,Y,A,01,1,0,4,0,0,0,0,0,0,"- ","- ",,,"SAN FRANCISCO","SAN FRANCISCO",-122.39584993,37.781309890000003
7101675,2015,2016-01-14,3801,2015-12-29,1127,32,INGLE,2,5,7,3801,0,0,0,,0,00H,"FOLSOM ST","FOLSOM ST 3737",0.00,,-,A,-,N,,,,,,,,,,N,3,0,1,1,A,-,03,22350,,N,E,J,A,A,H,-,A,D,0,,,,,Y,,A,01,0,1,0,0,0,0,0,0,0,"- ","- ",,,"SAN FRANCISCO","SAN FRANCISCO",-122.41333007999999,37.739788679999997
7101680,2015,2016-08-10,3801,2015-12-21,1156,704,BAYVI,1,5,7,3801,0,0,0,,0,3C11C,"CESAR CHAVEZ ST","MARIN ST",285.00,E,N,C,-,N,,,,,,,,,,Y,3,0,1,2,A,-,08,22107,,N,B,C,A,B,H,-,A,D,0,,,,,Y,,A,01,0,1,0,0,0,0,0,0,0,"- ","- ",,,"SAN FRANCISCO","SAN FRANCISCO",-122.40356058,37.748902430000001
7101731,2015,2016-01-26,3801,2015-12-25,0035,2080,,5,5,7,3801,0,0,0,,0,3A11E,"GEARY ST","HYDE ST",0.00,,Y,A,-,N,,,,,,,,,,N,4,0,1,2,A,-,11,21453,D,N,G,B,B,A,H,-,C,A,0,Y,,,,Y,,N,60,0,0,1,0,1,0,0,0,0,"- ","- ",,,"SAN FRANCISCO","SAN FRANCISCO",-122.41644988,37.786319890000001
7101853,2015,2016-01-14,3801,2015-12-14,1715,000179,SOUTH,1,5,7,3801,0,0,0,,0,3B14D,"MISSION ST","9TH ST",50.00,W,N,A,-,,,,,,,,,,,N,4,0,4,2,A,-,03,22350,,F,C,C,A,A,H,-,C,A,0,,,,,Y,,A,01,0,0,4,0,0,0,0,0,0,"- ","- ",,,"SAN FRANCISCO","SAN FRANCISCO",-122.41483934999999,37.77614054
7101862,2015,2016-01-14,3801,2015-12-18,2026,2303,PARK,5,5,7,3801,0,0,0,,0,1CAR,"WILLARD ST","PARNASSUS AV",0.00,,Y,C,-,N,,,,,,,,,,N,4,0,1,2,A,-,10,21950,A,N,G,B,B,B,H,-,C,D,0,Y,,,,Y,,A,01,0,0,1,0,1,0,0,0,0,"- ","- ",,,"SAN FRANCISCO","SAN FRANCISCO",-122.45421985999999,37.764330000000001
7110847,2015,2015-11-16,3801,2015-10-07,1714,679,TARAV,3,5,7,3801,0,0,0,,0,016,"ASHTON AV","HEAD ST",0.00,,Y,A,-,N,,,,,,,,,,Y,2,0,1,3,A,-,03,22350,,N,B,C,A,A,H,-,B,D,0,,,Y,,Y,,C,02,1,0,0,0,0,0,0,0,1,"- ","- ",,,"SAN FRANCISCO","SAN FRANCISCO",-122.46227997,37.723029940000004
7110902,2015,2015-11-18,3801,2015-10-30,1655,4208,BAYVI,5,5,7,3801,0,0,0,,0,03C,"ILLINOIS ST","23RD AV",60.00,N,N,A,-,N,,,,,,,,,,N,2,0,1,1,C,-,18,,,N,H,A,A,A,C,G,A,D,0,,Y,,,Y,,-,"- ",1,0,0,0,0,0,1,0,0,"- ","- ",,,"SAN FRANCISCO","SAN FRANCISCO",-122.38710824,37.755594189999997
7110907,2015,2015-11-18,3801,2015-10-12,1212,1498,TARAV,1,5,7,3801,0,0,0,,0,3I1B,"19TH AV","PACHECO ST",295.00,S,N,A,-,N,,,,,,,,,,Y,4,0,3,2,A,-,03,22350,,N,C,C,A,A,H,-,A,D,0,,,,,Y,,A,01,0,0,3,0,0,0,0,0,0,"- ","- ",,,"SAN FRANCISCO","SAN FRANCISCO",-122.47611956999999,37.749701010000003
7110936,2015,2015-11-16,3801,2015-10-08,2223,4212,3801,4,5,7,3801,0,0,0,,0,3I15E,"HOLLOWAY AV","JUNIPERO SERRA BL",0.00,,Y,A,-,N,,,,,,,,,,N,4,0,1,2,A,-,10,21950,A,N,H,B,A,A,H,-,C,A,0,,,,,Y,,A,01,0,0,1,0,0,0,0,0,0,"- ","- ",,,"SAN FRANCISCO","SAN FRANCISCO",-122.4726699,37.721569889999998
7157802,2015,2016-01-19,3801,2015-12-12,1038,1883,SOUTH,6,5,7,3801,0,0,0,,0,005,"HARRISON ST","MAIN ST",0.00,,Y,A,-,N,,,,,,,,,,N,4,0,1,2,A,-,08,22107,,N,D,C,A,A,H,-,A,A,0,,,,,Y,,A,07,0,0,1,0,0,0,0,0,0,"- ","- ",,,"SAN FRANCISCO","SAN FRANCISCO",-122.39031995000001,37.788149900000001
7157834,2015,2017-01-25,3801,2015-12-15,1035,2078,NORTH,2,5,7,3801,0,0,0,,0,3E13A,"VAN NESS AV","ELLIS ST",27.00,N,N,A,-,Y,SF,4,101,-,-,5.500,H,-,N,N,4,0,1,2,A,-,03,22350,,N,B,C,A,A,H,-,A,D,0,,,,,Y,,A,01,0,0,1,0,0,0,0,0,0,"- ","- ",,,"SAN FRANCISCO","SAN FRANCISCO",-122.42099469999999,37.784083279999997
7157837,2015,2016-01-19,3801,2015-10-30,1606,001994,BAYVI,5,5,7,3801,0,0,0,,0,4B3B,"BAYSHORE BL","JERROLD AV",111.00,W,N,A,-,N,,,,,,,,,,Y,4,0,1,1,A,-,03,22350,,N,F,A,A,A,H,-,A,D,0,,,,,Y,,J,48,0,0,1,0,0,0,0,0,0,"- ","- ",,,"SAN FRANCISCO","SAN FRANCISCO",-122.40375442,37.747104360000002
7157883,2015,2016-01-29,3801,2015-12-02,1348,001994,CENTR,3,5,7,3801,0,0,0,,0,4B3B,CALIFORNIA,"JONES ST",60.00,W,N,A,-,N,,,,,,,,,,N,4,0,1,2,A,-,11,21954,A,N,B,B,E,A,H,-,A,D,0,Y,,,,Y,,N,60,0,0,1,0,1,0,0,0,0,"- ","- ",,,"SAN FRANCISCO","SAN FRANCISCO",-122.41431505,37.791393749999997
7157903,2015,2016-01-29,3801,2015-12-10,0701,1572,,4,5,7,3801,0,0,0,,0,,"BRYANT ST","MAIN ST",0.00,,Y,B,-,N,,,,,,,,,,N,4,0,1,2,A,-,10,21950,A,N,B,B,B,B,H,-,C,A,0,Y,,,,Y,,D,22,0,0,1,0,1,0,0,0,0,"- ","- ",,,"SAN FRANCISCO","SAN FRANCISCO",-122.38874993,37.786939940000003
7157911,2015,2016-01-29,3801,2015-12-17,1656,1530,CENTR,4,5,7,3801,0,0,0,,0,3A12D,"SUTTER ST","KEARNY ST",16.00,W,N,A,-,N,,,,,,,,,,N,4,0,1,2,A,-,11,21456,B,N,G,B,B,A,H,-,C,A,0,Y,,,,Y,,N,60,0,0,1,0,1,0,0,0,0,"- ","- ",,,"SAN FRANCISCO","SAN FRANCISCO",-122.40389464,37.789822809999997
7157944,2014,2016-05-16,3801,2014-07-17,2130,2310,NOTHE,4,5,7,3801,0,0,0,,0,3E11E,"OCTAVIA ST","MARKET ST",20.00,N,N,E,-,Y,SF,4,101,-,M,5.450,I,6,S,N,4,0,1,2,A,-,11,21954,A,N,G,B,E,A,H,-,C,A,0,Y,,,,Y,Y,N,60,0,0,1,0,1,0,0,0,0,"- ","- ",,,"SAN FRANCISCO","SAN FRANCISCO",-122.42345912,37.771865130000002
7157947,2014,2016-01-15,3801,2014-06-02,0447,4353,NORHT,1,5,7,3801,0,0,0,,0,,"VAN NESS AV","FELL ST",0.00,,N,A,-,N,,,,,,,,,,N,4,0,2,2,A,-,12,21453,A,N,D,C,A,A,H,-,A,A,0,,,,,Y,,A,01,0,0,2,0,0,0,0,0,0,"- ","- ",,,"SAN FRANCISCO","SAN FRANCISCO",-122.4195,37.776379990000002
7161129,2014,2016-01-15,3801,2014-09-22,2048,1666,PARK,1,5,7,3801,0,0,0,,0,3-CAR,"BRODERICK ST","HAIGHT ST",10.00,S,N,A,-,N,,,,,,,,,,N,3,0,1,2,A,-,03,22350,,N,D,E,A,A,H,-,C,A,0,,Y,,,Y,,L,04,0,1,0,0,0,0,1,0,0,"- ","- ",,,"SAN FRANCISCO","SAN FRANCISCO",-122.43871372,37.771022989999999
7161134,2014,2016-01-15,3801,2014-09-18,0930,2172,MISSI,4,5,7,3801,0,0,0,,0,3D13A,"VALENCIA ST","21ST ST",105.00,S,N,B,-,N,,,,,,,,,,N,4,0,3,2,A,-,01,23153,A,N,C,C,A,B,H,-,A,A,0,,,,,Y,,A,01,0,0,3,0,0,0,0,0,0,"- ","- ",,,"SAN FRANCISCO","SAN FRANCISCO",-122.42107867,37.756622049999997
7161135,2014,2016-01-15,3801,2014-09-04,1052,1922,,4,5,7,3801,0,0,0,,0,,"MARKET ST","GOUGH ST",0.00,,Y,A,-,N,,,,,,,,,,N,4,0,1,2,A,-,08,22100,A,N,D,G,A,A,H,-,A,A,0,,Y,,Y,Y,,F,26,0,0,1,0,0,0,1,0,0,"- ","- ",,,"SAN FRANCISCO","SAN FRANCISCO",-122.42220992999999,37.772869960000001
7173268,2016,2016-02-11,3801,2016-01-21,0725,2138,SOUTH,4,5,7,3801,0,0,0,,0,3B14A,"MINNA ST","7TH ST",0.00,,Y,A,-,N,,,,,,,,,,,4,0,1,2,A,-,03,22350,,F,G,B,E,A,H,-,A,D,0,Y,,,,Y,,A,07,0,0,1,0,1,0,0,0,0,"- ","- ",,,"SAN FRANCISCO","SAN FRANCISCO",-122.41037994,37.778789959999997
7173271,2016,2016-02-11,3801,2016-01-23,0620,000251,RICHM,6,5,7,3801,0,0,0,,0,3G61,"FULTON ST","PARK PRESIDIO BL",0.00,,Y,B,-,N,,,,,,,,,,N,4,0,1,2,D,-,00,,,N,G,B,D,A,H,-,C,A,0,Y,,,,Y,,-,"- ",0,0,1,0,1,0,0,0,0,"- ","- ",,,"SAN FRANCISCO","SAN FRANCISCO",-122.47177991,37.773129959999999
7173276,2016,2016-02-11,3801,2016-01-23,1914,563,PARK,6,5,7,3801,0,0,0,,0,004,"STEINER ST","GERMANIA ST",0.00,,Y,A,-,N,,,,,,,,,,N,4,0,1,2,A,-,06,21750,A,N,B,G,A,A,H,-,C,D,0,,Y,,,Y,,L,04,0,0,1,0,0,0,1,0,0,"- ","- ",,,"SAN FRANCISCO","SAN FRANCISCO",-122.43180996,37.770499989999998
7173280,2016,2016-02-11,3801,2016-01-27,1745,004372,,3,5,7,3801,0,0,0,,0,,"EUCLID AV","MASONIC AV",50.00,W,N,A,-,N,,,,,,,,,,N,4,0,1,2,D,-,00,,,N,B,C,A,A,H,-,C,A,0,,,Y,,Y,,-,"- ",0,0,1,0,0,0,0,0,1,"- ","- ",,,"SAN FRANCISCO","SAN FRANCISCO",-122.44830546,37.784919709999997
7173398,2016,2016-02-12,3801,2016-01-26,1400,0737,CENTR,2,5,7,3801,0,0,0,,0,3A11D,"BATTERY ST","WASHINGTON ST",0.00,,Y,A,-,N,,,,,,,,,,N,4,0,4,2,A,-,08,22107,,N,D,C,A,A,H,-,A,A,0,,,,,Y,,A,01,0,0,4,0,0,0,0,0,0,"- ","- ",,,"SAN FRANCISCO","SAN FRANCISCO",-122.40049997,37.795889969999998
7173526,2016,2016-02-08,3801,2016-01-17,0239,2214,,7,5,7,3801,0,0,0,,0,901,"GOUGH ST","FULTON ST",28.00,S,N,A,-,N,,,,,,,,,,Y,3,0,1,3,A,-,01,23152,A,N,C,E,A,B,-,-,C,A,0,,,,,Y,Y,A,01,0,1,0,0,0,0,0,0,0,"- ","- ",,,"SAN FRANCISCO","SAN FRANCISCO",-122.42333465,37.778674049999999
7173567,2016,2016-02-12,3801,2016-01-19,2339,001861,"CO I",2,5,7,3801,0,0,0,,0,3I11E,"LINCOLN BL","34TH AV",44.00,E,N,A,-,N,,,,,,,,,,Y,4,0,1,2,A,-,07,21658,A,N,B,C,A,A,H,-,C,D,0,,,Y,,Y,,A,01,0,0,1,0,0,0,0,0,1,"- ","- ",,,"SAN FRANCISCO","SAN FRANCISCO",-122.49317786,37.764743109999998
7173598,2015,2016-02-09,3801,2015-12-30,1159,002047,CENTR,3,5,7,3801,0,0,0,,0,4B5A,"GEARY ST","LEAVENWORTH ST",0.00,,Y,C,-,N,,,,,,,,,,N,4,0,2,2,A,-,12,21453,A,M,D,C,A,B,H,-,A,A,0,,,,,Y,,A,01,0,0,2,0,0,0,0,0,0,"- ","- ",,,"SAN FRANCISCO","SAN FRANCISCO",-122.41479993999999,37.78653997
7173685,2016,2016-08-24,3801,2016-01-31,0209,1561,TARAV,7,5,7,3801,0,0,0,,0,3I11E,"JUDAH ST","FUNSTON AV",0.00,,Y,A,-,N,,,,,,,,,,N,3,0,1,2,A,-,12,22450,A,N,D,C,A,A,H,-,C,D,0,,Y,,,Y,,L,04,0,1,0,0,0,0,1,0,0,"- ","- ",,,"SAN FRANCISCO","SAN FRANCISCO",-122.47047994,37.762039940000001
7187542,2016,2016-03-14,3801,2016-01-26,1318,002486,BAYVI,2,5,7,3801,0,0,0,,0,3C12B,"BAY SHORE BL","BAYSHORE BL 531",0.00,,-,A,-,N,,,,,,,,,,N,4,0,1,2,A,-,00,20001,A,F,D,B,F,A,H,-,A,D,0,Y,,,,Y,,D,22,0,0,1,0,1,0,0,0,0,"- ","- ",,,"SAN FRANCISCO","SAN FRANCISCO",-122.40702778000001,37.739035690000001
7190087,2016,2016-03-28,3801,2016-03-12,1844,1994,TENDE,6,5,7,3801,0,0,0,,0,4B3F,"ELLIS ST","LEAVENWORTH ST",0.00,,Y,C,-,N,,,,,,,,,,Y,1,1,1,3,A,-,12,21453,A,F,G,B,D,B,H,-,C,A,0,Y,,,,Y,,A,08,0,1,0,1,1,0,0,0,0,"- ","- ",,,"SAN FRANCISCO","SAN FRANCISCO",-122.41441989,37.784669940000001
7193206,2016,2016-04-13,3801,2016-03-25,1830,2417,INGLE,5,5,7,3801,0,0,0,,0,3H11D,"BLYTHDALE AV","HAHN ST",294.00,W,N,A,-,N,,,,,,,,,,Y,3,0,2,3,A,-,08,22107,,N,B,C,A,A,H,-,A,D,0,,,,,Y,,A,01,0,2,0,0,0,0,0,0,0,"- ","- ",,,"SAN FRANCISCO","SAN FRANCISCO",-122.4176191,37.710711519999997
7193209,2016,2016-04-18,3801,2016-03-19,1658,004291,TARAV,6,5,7,3801,0,0,0,,0,3I16D,"PORTOLA DR","SANTA PAULA AV",115.00,E,N,A,-,N,,,,,,,,,,,4,0,1,3,A,-,03,22350,,N,C,C,A,A,H,-,A,A,0,,,,,Y,,A,01,0,0,1,0,0,0,0,0,0,"- ","- ",,,"SAN FRANCISCO","SAN FRANCISCO",-122.46247533,37.74010973
7193218,2016,2016-04-13,3801,2016-03-25,2254,001889,PARK,5,5,7,3801,0,0,0,,0,3F90,"FELL ST","ASHBURY ST",122.00,E,N,A,-,N,,,,,,,,,,Y,4,0,1,3,A,-,03,22350,,N,C,C,A,A,H,-,C,A,0,,,,,Y,,A,07,0,0,1,0,0,0,0,0,0,"- ","- ",,,"SAN FRANCISCO","SAN FRANCISCO",-122.44708180000001,37.772856079999997
7193254,2016,2016-04-13,3801,2016-03-15,1525,1519,BAYVI,2,5,7,3801,0,0,0,,0,3C44B,"SAN BRUNO AV","SILVER AV",36.00,S,N,A,-,N,,,,,,,,,,N,4,0,1,2,A,-,04,21703,,N,C,C,A,A,H,-,A,A,0,,,,,Y,,A,01,0,0,1,0,0,0,0,0,0,"- ","- ",,,"SAN FRANCISCO","SAN FRANCISCO",-122.40558129,37.732356000000003
7202010,2016,2016-03-07,3801,2016-02-01,1334,002426`,CENTR,1,5,7,3801,0,0,0,,0,3A13C,"JONES ST","PACIFIC AV",0.00,,Y,A,-,N,,,,,,,,,,N,4,0,1,2,A,-,10,21950,A,N,G,B,B,A,H,-,A,A,0,Y,,,,Y,,A,01,0,0,1,0,1,0,0,0,0,"- ","- ",,,"SAN FRANCISCO","SAN FRANCISCO",-122.41499999,37.795889969999998
7202030,2016,2016-03-07,3801,2016-02-16,1424,00798,NORTH,2,5,7,3801,0,0,0,,0,003,"OFARRELL ST","POLK ST",0.00,,Y,A,-,N,,,,,,,,,,Y,4,0,3,2,A,-,09,21801,A,N,D,C,A,A,H,-,A,A,0,,,,,Y,,A,01,0,0,3,0,0,0,0,0,0,"- ","- ",,,"SAN FRANCISCO","SAN FRANCISCO",-122.41954986,37.784969920000002
7202063,2016,2016-03-07,3801,2016-02-08,1615,4259,BAYVI,1,5,7,3801,0,0,0,,0,3C12D,"EVANS AV","SELBY ST",0.00,,Y,A,-,N,,,,,,,,,,N,4,0,2,3,A,-,03,22350,,F,C,C,A,A,A,-,A,A,0,,,,,Y,,A,01,0,0,2,0,0,0,0,0,0,"- ","- ",,,"SAN FRANCISCO","SAN FRANCISCO",-122.39405991,37.746169909999999
7202065,2016,2016-03-07,3801,2016-02-03,1925,2168,CENTR,3,5,7,3801,0,0,0,,0,3A11D,"MASON ST","SACRAMENTO ST",0.00,,Y,C,-,N,,,,,,,,,,N,4,0,1,2,A,-,10,21950,A,N,G,B,B,B,H,-,C,A,0,Y,,,,Y,,A,07,0,0,1,0,1,0,0,0,0,"- ","- ",,,"SAN FRANCISCO","SAN FRANCISCO",-122.41098991,37.7927599
7202109,2016,2016-03-07,3801,2016-02-12,2232,2059,SOUTH,5,5,7,3801,0,0,0,,0,3B12E,"10TH ST","MISSION ST",0.00,,Y,A,-,N,,,,,,,,,,N,4,0,1,2,A,I,"- ",,,N,D,G,A,A,H,-,C,A,0,,Y,,Y,Y,,L,04,0,0,1,0,0,0,1,0,0,"- ","- ",,,"SAN FRANCISCO","SAN FRANCISCO",-122.41590991,37.775279990000001
7202118,2016,2016-03-07,3801,2016-02-16,1957,380,CENTR,2,5,7,3801,0,0,0,,0,003,"UNION ST",TAYLOR,0.00,,Y,A,-,N,,,,,,,,,,Y,4,0,1,2,A,-,12,22450,A,N,D,C,A,A,H,-,C,D,0,,,,,Y,,A,01,0,0,1,0,0,0,0,0,0,"- ","- ",,,"SAN FRANCISCO","SAN FRANCISCO",-122.41413995000001,37.79983
7202170,2016,2016-03-08,3801,2016-02-13,2332,2080,CENTR,6,5,7,3801,0,0,0,,0,3A14E,"EMBARCADERO ST","GREEN ST",25.00,N,N,A,-,N,,,,,,,,,,Y,4,0,1,2,A,-,04,21703,,F,C,C,A,A,H,-,C,A,0,,,,,Y,,A,01,0,0,1,0,0,0,0,0,0,"- ","- ",,,"SAN FRANCISCO","SAN FRANCISCO",-122.39928782,37.800912949999997
7202483,2014,2016-03-14,3801,2014-04-27,1149,000251,RICHM,7,5,7,3801,0,0,0,,0,3G61,"FULTON ST","47TH AV",0.00,,Y,A,-,N,,,,,,,,,,N,4,0,2,2,C,-,18,,,N,D,C,A,A,A,E,A,D,0,,Y,,,Y,,-,"- ",0,0,2,0,0,0,1,0,0,"- ","- ",,,"SAN FRANCISCO","SAN FRANCISCO",-122.5077599,37.77148991
7202495,2014,2016-03-14,3801,2014-11-21,2035,1420,NORTH,5,5,7,3801,0,0,0,,0,4K3A,"PINE ST","LARKIN ST",10.00,W,N,A,-,N,,,,,,,,,,N,4,0,1,2,A,-,10,21950,A,N,D,B,B,B,H,-,C,A,0,Y,,,,Y,,A,01,0,0,1,0,1,0,0,0,0,"- ","- ",,,"SAN FRANCISCO","SAN FRANCISCO",-122.41889424999999,37.78982603
7203046,2016,2016-03-07,3801,2016-02-10,1450,2101,MISSI,3,5,7,3801,0,0,0,,0,3D15C,"HAMPSHIRE ST","23RD ST",20.00,S,N,A,-,N,,,,,,,,,,N,4,0,1,2,A,-,21,22106,,N,C,C,A,A,H,-,A,A,0,,,,,Y,,A,01,0,0,1,0,0,0,0,0,0,"- ","- ",,,"SAN FRANCISCO","SAN FRANCISCO",-122.40747485999999,37.754465209999999
7203051,2016,2016-03-07,3801,2016-01-28,1414,748,SOUTH,4,5,7,3801,0,0,0,,0,3B2D,"5TH ST","FOLSOM ST",0.00,,Y,B,-,N,,,,,,,,,,N,2,0,1,2,A,-,07,21658,A,N,D,G,A,A,H,-,A,A,0,,Y,,,Y,Y,L,04,1,0,0,0,0,0,1,0,0,"- ","- ",,,"SAN FRANCISCO","SAN FRANCISCO",-122.40339985999999,37.780269969999999
7203102,2016,2016-03-07,3801,2016-02-16,1152,000986,NORTH,2,5,7,3801,0,0,0,,0,3E13C,"BUSH ST","VAN NESS AV",0.00,,Y,A,-,N,,,,,,,,,,Y,3,0,1,2,A,-,09,21801,A,N,D,C,A,A,H,-,A,A,0,,,Y,,Y,,A,01,0,1,0,0,0,0,0,0,0,"- ","- ",,,"SAN FRANCISCO","SAN FRANCISCO",-122.42202996,37.788469890000002
7203112,2016,2016-03-07,3801,2016-02-27,1050,1053,TARAV,6,5,7,3801,0,0,0,,0,3I11A,"LINCOLN WY","39TH AV",24.00,E,N,A,-,N,,,,,,,,,,N,4,0,1,2,B,-,22,,,N,H,I,A,A,H,-,A,D,0,,,Y,,Y,,C,02,0,0,1,0,0,0,0,0,1,"- ","- ",,,"SAN FRANCISCO","SAN FRANCISCO",-122.49857704999999,37.764513190000002
8015277,2016,2016-04-14,3801,2016-03-22,1823,2451,INGLE,2,5,7,3801,0,0,0,,0,3HI3D,"LYELL ST","STILL ST",0.00,,Y,A,-,N,,,,,,,,,,N,3,0,2,2,A,-,11,21956,,N,G,B,D,A,H,-,A,D,0,Y,Y,,,Y,,N,60,0,2,0,0,1,0,1,0,0,"- ","- ",,,"SAN FRANCISCO","SAN FRANCISCO",-122.43176997,37.731909969999997
8020095,2016,2016-04-14,3801,2016-02-28,1150,2138,SOUTH,7,5,7,3801,0,0,0,,0,3B60,"6TH ST","HARRISON AV",0.00,,Y,A,-,N,,,,,,,,,,Y,4,0,2,2,A,-,12,21453,A,N,D,C,A,A,H,-,A,A,0,,,,,Y,,A,01,0,0,2,0,0,0,0,0,0,"- ","- ",,,"SAN FRANCISCO","SAN FRANCISCO",-122.4040799,37.77730992
8020126,2016,2016-04-13,3801,2016-03-12,2000,1571,MISSI,6,5,7,3801,0,0,0,,0,3D11D,"18TH ST","GUERRERO ST",0.00,,Y,C,-,N,,,,,,,,,,N,4,0,1,2,A,-,10,21950,A,N,G,B,B,B,H,-,C,A,0,Y,,,,Y,,A,07,0,0,1,0,1,0,0,0,0,"- ","- ",,,"SAN FRANCISCO","SAN FRANCISCO",-122.42379996,37.761579930000003