CASE_ID,ACCIDENT_YEAR,PROC_DATE,JURIS,COLLISION_DATE,COLLISION_TIME,OFFICER_ID,REPORTING_DISTRICT,DAY_OF_WEEK,CHP_SHIFT,POPULATION,CNTY_CITY_LOC,SPECIAL_COND,BEAT_TYPE,CHP_BEAT_TYPE,CITY_DIVISION_LAPD,CHP_BEAT_CLASS,BEAT_NUMBER,PRIMARY_RD,SECONDARY_RD,DISTANCE,DIRECTION,INTERSECTION,WEATHER_1,WEATHER_2,STATE_HWY_IND,CALTRANS_COUNTY,CALTRANS_DISTRICT,STATE_ROUTE,ROUTE_SUFFIX,POSTMILE_PREFIX,POSTMILE,LOCATION_TYPE,RAMP_INTERSECTION,SIDE_OF_HWY,TOW_AWAY,COLLISION_SEVERITY,NUMBER_KILLED,NUMBER_INJURED,PARTY_COUNT,PRIMARY_COLL_FACTOR,PCF_CODE_OF_VIOL,PCF_VIOL_CATEGORY,PCF_VIOLATION,PCF_VIOL_SUBSECTION,HIT_AND_RUN,TYPE_OF_COLLISION,MVIW,PED_ACTION,ROAD_SURFACE,ROAD_COND_1,ROAD_COND_2,LIGHTING,CONTROL_DEVICE,CHP_ROAD_TYPE,PEDESTRIAN_ACCIDENT,BICYCLE_ACCIDENT,MOTORCYCLE_ACCIDENT,TRUCK_ACCIDENT,NOT_PRIVATE_PROPERTY,ALCOHOL_INVOLVED,STWD_VEHTYPE_AT_FAULT,CHP_VEHTYPE_AT_FAULT,COUNT_SEVERE_INJ,COUNT_VISIBLE_INJ,COUNT_COMPLAINT_PAIN,COUNT_PED_KILLED,COUNT_PED_INJURED,COUNT_BICYCLIST_KILLED,COUNT_BICYCLIST_INJURED,COUNT_MC_KILLED,COUNT_MC_INJURED,PRIMARY_RAMP,SECONDARY_RAMP,LATITUDE,LONGITUDE,COUNTY,CITY,POINT_X,POINT_Y
90405804,2017,2017-03-06,9335,2017-03-03,1110,020783,,5,1,7,3801,0,1,1,,2,080,"I-80 W/B TO 5TH STREET","4TH ST",337.00,W,N,A,-,Y,,,80,,,,R,,W,N,4,0,2,2,A,-,03,22350,,N,C,C,A,A,H,-,A,D,0,,,,Y,Y,,F,26,0,0,2,0,0,0,0,0,0,"- ","- ",37.779470000000003,-122.39984,"SAN FRANCISCO","SAN FRANCISCO",-122.39984,37.779470000000003
90429459,2017,2017-08-24,9335,2017-03-31,1935,021284,,5,2,7,3801,0,1,1,,1,081,"I-80 W/B","BEALE ST U/C",97.00,E,N,A,-,Y,,,80,,,,,,W,N,4,0,2,3,A,-,03,22350,,N,C,C,A,A,H,-,C,D,0,,,,,Y,,A,01,0,0,2,0,0,0,0,0,0,"- ","- ",37.78689,-122.38994,"SAN FRANCISCO","SAN FRANCISCO",-122.38985561,37.786798259999998
90430055,2017,2017-04-07,9335,2017-03-29,1005,021672,,3,1,7,3801,0,1,1,,1,083,"I-80 E/B","THE EMBARCADERO",535.00,E,N,A,-,Y,,,80,,,,,,E,Y,4,0,1,2,A,-,03,22350,,N,C,C,A,A,D,-,A,D,0,,,,,Y,,A,07,0,0,1,0,0,0,0,0,0,"- ","- ",37.790199999999999,-122.3867,"SAN FRANCISCO","SAN FRANCISCO",-122.38641474000001,37.789905539999999
90430408,2017,2017-04-10,9335,2017-04-02,2020,021301,,7,2,7,3801,0,1,1,,2,023,"I-280 S/B","NORTH ALEMANY BLVD O/C",1267.00,N,N,A,-,Y,,,280,,,,,,S,Y,4,0,2,2,A,-,07,21658,A,N,C,C,A,A,H,-,D,D,0,,,,,Y,,A,01,0,0,2,0,0,0,0,0,0,"- ","- ",37.734180000000002,-122.4109,"SAN FRANCISCO","SAN FRANCISCO",-122.41087501,37.734115959999997
90448729,2017,2017-05-03,9335,2017-04-23,1300,021474,,7,1,7,3801,0,1,1,,1,081,"I-80 W/B","YERBA BUENA ISLAND TUNNEL",1795.00,W,N,A,-,Y,,,80,,,,,,W,Y,4,0,1,2,A,-,03,22350,,N,C,C,A,A,H,-,A,D,0,,,Y,,Y,,C,02,0,0,1,0,0,0,0,0,1,"- ","- ",37.805340000000001,-122.37044,"SAN FRANCISCO","SAN FRANCISCO",-122.37030061,37.805187459999999
90450439,2017,2017-05-08,9335,2017-04-29,2340,021284,,6,3,7,3801,0,1,2,,2,014,"US-101 N/B","18TH ST PED O/C",199.00,S,N,A,-,Y,,,101,,,,,,N,N,4,0,2,2,A,-,03,22350,,N,C,C,A,A,H,-,D,D,0,,,,,Y,,A,01,0,0,2,0,0,0,0,0,0,"- ","- ",37.761609999999997,-122.40595999999999,"SAN FRANCISCO","SAN FRANCISCO",-122.40595200999999,37.76160556
90469908,2017,2017-06-02,9335,2017-05-16,1058,018399,,2,1,7,3801,0,1,1,,1,081,"I-80 W/B","TREASURE ISLAND RD.",1000.00,E,N,B,-,Y,,,,,,,,,,N,4,0,1,3,A,-,03,22350,,N,C,C,A,A,H,-,A,D,0,,,,,Y,,A,01,0,0,1,0,0,0,0,0,0,"- ","- ",37.487499999999997,-122.21769,"SAN FRANCISCO","SAN FRANCISCO",,
90470296,2017,2017-06-05,9335,2017-05-22,2230,020991,,1,3,7,3801,0,1,2,,2,014,"US-101 S/B","22ND ST. O/C",303.00,S,N,B,-,Y,,,101,,,,,,S,Y,4,0,3,3,A,-,03,22350,,N,C,C,A,A,H,-,D,D,0,,,,,Y,,A,01,0,0,3,0,0,0,0,0,0,"- ","- ",37.755989999999997,-122.40344,"SAN FRANCISCO","SAN FRANCISCO",-122.40329395000001,37.75601194
90470488,2017,2017-06-05,9335,2017-05-25,1535,012827,,4,2,7,3801,0,1,1,,1,083,"I-80 E/B","1ST STREET ON-RAMP",300.00,E,N,A,-,Y,,,80,,,,,,E,Y,4,0,1,2,A,-,07,21658,A,N,B,C,A,A,H,-,A,D,0,,,Y,,Y,,A,07,0,0,1,0,0,0,0,0,1,"- ","- ",37.785789999999999,-122.39149,"SAN FRANCISCO","SAN FRANCISCO",-122.39139339,37.785627030000001
90473410,2017,2017-06-08,9335,2017-05-29,2150,021459,,1,2,7,3801,0,1,1,,1,083,"I-80 E/B","YERBA BUENA ISLAND TUNNEL",4224.00,W,N,A,-,Y,,,80,,,,,,E,Y,3,0,1,1,A,-,01,23152,A,N,E,I,A,A,H,-,C,D,0,,,,,Y,Y,A,01,0,1,0,0,0,0,0,0,0,"- ","- ",37.80021,-122.37609,"SAN FRANCISCO","SAN FRANCISCO",-122.37590851,37.800008900000002
9047346,2020,2020-03-05,3801,2020-01-13,1323,319,CENTR,1,5,7,3801,0,0,0,,0,3A4A,"BAY ST","THE EMBARCADERO",0.00,,Y,A,-,N,,,,,,,,,,,3,0,1,2,A,-,12,21453,A,N,D,C,A,A,H,-,A,A,0,,,,Y,Y,,M,94,0,1,0,0,0,0,0,0,0,"- ","- ",,,"SAN FRANCISCO","SAN FRANCISCO",-122.40596771240234,37.806629180908203
9047443,2019,2020-03-06,3801,2019-01-07,0800,4041,BAYVI,1,5,7,3801,0,0,0,,0,3C13A,"HARNEY WY","EXECUTIVE PARK BL",0.00,,Y,A,-,N,,,,,,,,,,N,4,0,1,2,A,-,03,22350,,F,B,B,E,A,A,-,A,A,0,Y,,,,Y,Y,A,01,0,0,1,0,1,0,0,0,0,"- ","- ",,,"SAN FRANCISCO","SAN FRANCISCO",-122.39083862304688,37.710361480712891
9047449,2020,2020-03-05,3801,2020-01-03,2220,451,MISSI,5,5,7,3801,0,0,0,,0,,"MISSION ST","18TH ST",0.00,,Y,A,-,N,,,,,,,,,,N,3,0,1,2,A,-,10,21950,A,F,G,B,B,A,H,-,C,A,0,Y,,,,Y,,-,99,0,1,0,0,1,0,0,0,0,"- ","- ",,,"SAN FRANCISCO","SAN FRANCISCO",-122.41937255859375,37.7618408203125
9047461,2020,2020-03-05,3801,2020-01-03,1713,1194,SOUTH,5,5,7,3801,0,0,0,,0,,"11TH ST","MINNA ST",41.00,N,N,A,-,N,,,,,,,,,,N,4,0,1,2,A,-,09,21804,A,F,B,G,A,A,H,-,A,D,0,,Y,,,Y,,-,99,0,0,1,0,0,0,1,0,0,"- ","- ",,,"SAN FRANCISCO","SAN FRANCISCO",-122.41667175292969,37.773990631103516
9047483,2020,2020-03-06,3801,2020-01-30,1430,1477,MISSI,4,5,7,3801,0,0,0,,0,3D14A,"MISSION ST","24TH ST",0.00,,Y,A,-,N,,,,,,,,,,N,4,0,1,2,A,-,11,21453,D,N,G,B,B,A,H,-,A,A,0,Y,,,,Y,,N,60,0,0,1,0,1,0,0,0,0,"- ","- ",,,"SAN FRANCISCO","SAN FRANCISCO",-122.41848754882812,37.75225830078125
9047489,2020,2020-03-05,3801,2020-01-05,1640,001460,SOUTH,7,5,7,3801,0,0,0,,0,3B15C,"CHANNEL ST","4TH ST",180.00,W,N,A,-,N,,,,,,,,,,N,4,0,1,2,A,-,21,22106,,F,G,B,E,A,H,-,A,D,0,Y,,,,Y,,A,01,0,0,1,0,1,0,0,0,0,"- ","- ",,,"SAN FRANCISCO","SAN FRANCISCO",-122.39208221435547,37.774009704589844
9047492,2020,2020-03-06,3801,2020-01-29,0230,2452,NORTH,3,5,7,3801,0,0,0,,0,3E13E,"WEBSTER ST","GOLDEN GATE AV",0.00,,Y,A,-,N,,,,,,,,,,Y,4,0,1,2,A,-,01,23152,A,N,D,C,A,A,H,-,C,A,0,,,,,Y,Y,A,01,0,0,1,0,0,0,0,0,0,"- ","- ",,,"SAN FRANCISCO","SAN FRANCISCO",-122.4302978515625,37.779758453369141
9047499,2020,2020-03-06,3801,2020-01-31,0003,1182,CENTR,5,5,7,3801,0,0,0,,0,3A12E,"CALIFORNIA ST","FRONT ST",0.00,,Y,A,-,N,,,,,,,,,,N,4,0,2,2,A,-,04,21703,,N,C,C,A,A,H,-,C,A,0,,,,,Y,,A,01,0,0,2,0,0,0,0,0,0,"- ","- ",,,"SAN FRANCISCO","SAN FRANCISCO",-122.39881896972656,37.793369293212891
9047532,2020,2020-03-06,3801,2020-01-16,0830,1666,PARK,4,5,7,3801,0,0,0,,0,4CAR,"4TH ST","KING ST",0.00,,Y,C,-,N,,,,,,,,,,N,2,0,1,1,A,-,03,22350,,N,F,A,A,B,H,-,A,A,0,,Y,,,Y,,L,04,1,0,0,0,0,0,1,0,0,"- ","- ",,,"SAN FRANCISCO","SAN FRANCISCO",-122.39414978027344,37.77642822265625
9047563,2020,2020-03-06,3801,2020-01-29,1514,1362,RICHM,3,5,7,3801,0,0,0,,0,SECTOR,"8TH AV","BALBOA ST",0.00,,Y,A,-,N,,,,,,,,,,N,4,0,1,2,A,-,11,21950,B,N,D,J,A,A,H,-,A,D,0,,,,,Y,,M,95,0,0,1,0,0,0,0,0,0,"- ","- ",,,"SAN FRANCISCO","SAN FRANCISCO",-122.46617126464844,37.777141571044922
9047568,2020,2020-03-06,3801,2020-01-18,1856,2407,NORTH,6,5,7,3801,0,0,0,,0,3E13D,"FRANKLIN ST","EDDY ST",8.00,N,N,A,-,N,,,,,,,,,,N,4,0,1,3,A,-,17,22517,,N,B,C,A,-,H,-,C,A,0,,,Y,,Y,,-,,0,0,1,0,0,0,0,0,1,"- ","- ",,,"SAN FRANCISCO","SAN FRANCISCO",-122.42244720458984,37.782691955566406
9047597,2020,2020-03-06,3801,2020-01-17,1416,1511,BAYVI,5,5,7,3801,0,0,0,,0,3C3C,"PALOU AV","SELBY ST",0.00,,Y,A,-,N,,,,,,,,,,,4,0,1,2,A,-,09,21802,A,N,D,C,A,A,H,-,A,A,0,,,,,Y,,A,01,0,0,1,0,0,0,0,0,0,"- ","- ",,,"SAN FRANCISCO","SAN FRANCISCO",-122.40026092529297,37.739288330078125
9047608,2020,2020-03-06,3801,2020-01-06,1505,209,NORTH,1,5,7,3801,0,0,0,,0,002,"MCALLISTER ST","WEBSTER ST",0.00,,Y,A,-,N,,,,,,,,,,N,3,0,1,2,A,-,12,21453,A,F,D,G,A,A,H,-,A,A,0,,Y,,,Y,,A,01,0,1,0,0,0,0,1,0,0,"- ","- ",,,"SAN FRANCISCO","SAN FRANCISCO",-122.43010711669922,37.778839111328125
9047609,2020,2020-03-06,3801,2020-01-14,1515,203,MISSI,2,5,7,3801,0,0,0,,0,006,"POTRERO AV","ALAMEDA ST",0.00,,Y,A,-,N,,,,,,,,,,N,4,0,2,2,A,-,15,21201,A,N,G,B,B,A,D,-,A,A,0,Y,Y,,,Y,,L,04,0,0,2,0,1,0,1,0,0,"- ","- ",,,"SAN FRANCISCO","SAN FRANCISCO",-122.40779113769531,37.768379211425781
9047616,2020,2020-03-06,3801,2020-01-06,1353,1033,TENDE,1,5,7,3801,0,0,0,,0,,"EDDY ST","CYRIL MAGNIN ST",0.00,,Y,A,-,N,,,,,,,,,,N,4,0,1,2,A,-,10,21950,A,N,G,B,B,A,H,-,A,A,0,Y,,,,Y,,A,01,0,0,1,0,1,0,0,0,0,"- ","- ",,,"SAN FRANCISCO","SAN FRANCISCO",-122.40852355957031,37.784500122070312
9047640,2020,2020-03-06,3801,2020-01-05,2250,2330,TARAV,7,5,7,3801,0,0,0,,0,3I13E,"KIRKHAM ST","46TH AV",3.00,N,N,A,-,N,,,,,,,,,,N,4,0,1,2,A,-,10,21950,A,N,G,B,B,A,H,-,C,A,0,Y,,,,Y,,A,01,0,0,1,0,1,0,0,0,0,"- ","- ",,,"SAN FRANCISCO","SAN FRANCISCO",-122.50581359863281,37.758571624755859
90480014,2017,2017-06-19,9335,2017-06-07,0832,021672,,3,1,7,3801,0,1,2,,2,014,"US-101 S/B","THE 23RD ST O/C",405.00,N,N,B,-,Y,,,101,,,,,,S,Y,4,0,4,3,A,-,03,22350,,N,C,C,A,A,H,-,A,D,0,,,,,Y,,A,01,0,0,4,0,0,0,0,0,0,"- ","- ",37.755719999999997,-122.40321,"SAN FRANCISCO","SAN FRANCISCO",-122.40325240999999,37.755716100000001
90496678,2017,2017-07-10,9335,2017-07-02,1415,019631,,7,2,7,3801,0,1,2,,2,015,"US-101 S/B TO I-80 E/B","SAN BRUNO AVE",25.00,S,N,A,-,Y,,,101,,,,R,,S,N,3,0,1,1,A,-,08,22107,,N,E,I,A,A,H,-,A,D,0,,,Y,,Y,,C,02,0,1,0,0,0,0,0,0,1,"- ","- ",37.769069999999999,-122.40577,"SAN FRANCISCO","SAN FRANCISCO",-122.40577,37.769069999999999
90505605,2017,2017-07-21,9335,2017-07-12,1730,021644,,3,2,7,3801,0,1,1,,2,022,"I-280 S/B FROM SAN JOSE AVENUE","THERESA ST PEDESTRIAN O/C",100.00,S,N,A,-,Y,,,280,,,,R,,S,N,4,0,1,2,A,-,03,22350,,N,C,C,A,A,H,-,A,D,0,,,,,Y,,A,07,0,0,1,0,0,0,0,0,0,"- ","- ",37.731079999999999,-122.43720999999999,"SAN FRANCISCO","SAN FRANCISCO",-122.43720999999999,37.731079999999999
90515300,2017,2017-08-02,9350,2017-07-29,1716,020831,,6,2,7,3801,0,1,2,,1,120,"US-101 S/B","GOLDEN GATE BRIDGE NORTH TOWER",5.00,S,N,B,-,Y,,,101,,,,,,S,N,2,0,1,1,A,-,03,22350,,N,E,I,A,A,G,-,A,D,0,,Y,,,Y,,L,04,1,0,0,0,0,0,1,0,0,"- ","- ",37.82544,-122.47933,"SAN FRANCISCO","SAN FRANCISCO",-122.47951489,37.825412239999999
90520692,2017,2017-08-10,9335,2017-07-07,0451,021649,,5,3,7,3801,0,1,2,,2,013,"US-101 S/B","CESAR CHAVEZ U/C",895.00,S,N,A,-,Y,,,101,,,,,,S,Y,4,0,1,2,A,-,07,21658,A,F,B,C,A,A,H,-,C,D,0,,,,,Y,,A,01,0,0,1,0,0,0,0,0,0,"- ","- ",37.746879999999997,-122.40464,"SAN FRANCISCO","SAN FRANCISCO",-122.40461968,37.74687342
90526744,2017,2017-08-21,9350,2017-08-14,1649,019678,,1,2,7,3801,0,1,3,,2,011,"SR-1 N/B","MACARTHUR TUNNEL",640.00,N,N,A,-,Y,,,1,,,,,,N,Y,4,0,1,3,A,-,03,22350,,N,C,C,A,A,H,-,C,D,0,,,,,Y,,A,01,0,0,1,0,0,0,0,0,0,"- ","- ",37.794359999999998,-122.46953000000001,"SAN FRANCISCO","SAN FRANCISCO",-122.46949667,37.794359440000001
90529735,2017,2017-08-24,9335,2017-07-10,0030,021284,,1,3,7,3801,0,1,1,,1,083,"I-80 E/B","YERBA BUENA ISLAND TUNNEL",85.00,W,N,A,-,Y,,,80,,,,,,E,Y,4,0,1,2,A,-,07,21658,A,N,B,C,A,A,D,-,C,D,0,,,Y,,Y,,A,01,0,0,1,0,0,0,0,0,1,"- ","- ",37.810189999999999,-122.36512,"SAN FRANCISCO","SAN FRANCISCO",-122.36517619,37.810243219999997
90533631,2017,2017-08-25,9335,2017-08-14,1520,012827,,1,2,7,3801,0,1,1,,2,080,"I-80 E/B","2ND STREET U/C",100.00,E,N,B,-,Y,,,80,,,,,,E,N,4,0,1,2,A,-,03,22350,,N,C,C,A,A,H,-,A,D,0,,,,,Y,,A,01,0,0,1,0,0,0,0,0,0,"- ","- ",37.783940000000001,-122.39411,"SAN FRANCISCO","SAN FRANCISCO",-122.3941006,37.783928179999997
90535677,2017,2017-08-28,9335,2017-08-20,0310,021780,,7,3,7,3801,0,1,1,,2,080,"5TH ST ONR TO I-80 E/B","BRYANT ST",11.00,N,N,B,-,Y,,,,,,,,,,Y,4,0,1,2,A,-,01,23152,A,N,C,C,A,A,H,-,C,A,0,,,,,Y,Y,A,01,0,0,1,0,0,0,0,0,0,"- ","- ",37.778030000000001,-122.40058000000001,"SAN FRANCISCO","SAN FRANCISCO",,
90555579,2017,2017-09-26,9335,2017-09-20,0400,019999,,3,3,7,3801,0,1,1,,2,023,"I-280 S/B","MONTEREY BLVD",550.00,N,N,A,-,Y,,,280,,,,,,S,Y,4,0,1,1,A,-,08,22107,,N,F,A,A,A,H,-,D,D,0,,,,,Y,,A,01,0,0,1,0,0,0,0,0,0,"- ","- ",37.731830000000002,-122.42684,"SAN FRANCISCO","SAN FRANCISCO",-122.42685474,37.731758480000003
90561936,2017,2017-10-03,9335,2017-09-17,0655,019799,,7,1,7,3801,0,1,1,,1,081,"I-80 W/B (SFOBB)","TREASURE ISLAND ON RAMP",2534.00,W,N,B,-,Y,,,80,,,,,,W,Y,4,0,1,2,A,-,03,22350,,N,C,C,A,A,H,-,B,D,0,,,,,Y,,A,01,0,0,1,0,0,0,0,0,0,"- ","- ",37.803780000000003,-122.37212,"SAN FRANCISCO","SAN FRANCISCO",-122.37198979999999,37.803639310000001
90562412,2017,2017-10-04,9335,2017-09-24,0645,021724,,7,1,7,3801,0,1,1,,1,081,"I-80 W/B","YERBA BUENA ISLAND TUNNEL",1795.00,W,N,A,-,Y,,,80,,,,,,W,Y,3,0,2,2,A,-,03,22350,,N,C,C,A,A,H,-,A,D,0,,,,,Y,,A,01,0,1,1,0,0,0,0,0,0,"- ","- ",37.805399999999999,-122.37050000000001,"SAN FRANCISCO","SAN FRANCISCO",-122.37030343000001,37.805184879999999
90574676,2017,2017-10-20,9335,2017-10-10,1832,021312,,2,2,7,3801,0,1,1,,2,080,"I-80 E/B","3RD ST",95.00,W,N,B,-,Y,,,80,,,,,,E,Y,4,0,1,2,A,-,07,21658,A,N,B,C,A,A,H,-,B,D,0,,,Y,,Y,,A,01,0,0,1,0,0,0,0,0,1,"- ","- ",37.781680000000001,-122.39684,"SAN FRANCISCO","SAN FRANCISCO",-122.39681838999999,37.781654269999997
90574872,2017,2017-10-20,9335,2017-10-11,1820,021780,,3,2,7,3801,0,1,1,,2,023,"I-280 S/B","ST. MARY'S PARK PEDESTRIAN O/C",93.00,S,N,A,-,Y,,,280,,,,,,S,N,4,0,1,2,A,-,03,22350,,N,C,C,A,A,H,-,B,D,0,,,,,Y,,A,01,0,0,1,0,0,0,0,0,0,"- ","- ",37.731949999999998,-122.4211,"SAN FRANCISCO","SAN FRANCISCO",-122.42108580999999,37.731868900000002
90581428,2017,2017-10-27,9335,2017-10-20,0900,021916,,5,1,7,3801,0,1,2,,2,013,"US 101 N/B FROM BAYSHORE BLVD","CESAR CHAVEZ ST UNDERCROSSING",184.00,S,N,A,-,N,,,,,,,,,,N,4,0,1,2,A,-,03,22350,,N,C,C,A,A,H,-,A,D,0,,,,,Y,,A,07,0,0,1,0,0,0,0,0,0,"- ","- ",37.750059999999998,-122.40307,"SAN FRANCISCO","SAN FRANCISCO",-122.40372241,37.748946969999999
90605631,2017,2017-11-30,9335,2017-11-16,1245,021780,,4,1,7,3801,0,1,1,,2,023,"I-280 N/B TO US-101 N/B","ALEMANY BLVD",53.00,N,N,B,C,Y,,,,,,,,,,Y,4,0,1,1,A,-,03,22350,,N,E,I,A,B,H,-,A,D,0,,,,,Y,,D,22,0,0,1,0,0,0,0,0,0,"- ","- ",37.738019999999999,-122.40758,"SAN FRANCISCO","SAN FRANCISCO",-122.46071000000001,37.710389999999997
90608469,2017,2017-12-04,9335,2017-10-09,1600,020212,,1,2,7,3801,0,1,2,,2,014,"US-101 N/B","18TH STREET PED O/C",78.00,S,N,A,-,Y,,,101,,,,,,N,Y,4,0,1,2,A,-,03,22350,,N,B,C,A,A,H,-,A,D,0,,,Y,,Y,,C,02,0,0,1,0,0,0,0,0,1,"- ","- ",37.761899999999997,-122.40577,"SAN FRANCISCO","SAN FRANCISCO",-122.40577768999999,37.761904870000002
90631754,2017,2018-01-03,9335,2017-12-23,0410,021222,,6,3,7,3801,0,1,1,,1,081,"I-80 WESTBOUND","SPEAR STREET",1900.00,E,N,A,-,Y,,,80,,,,,,W,Y,3,0,1,2,A,-,07,21658,A,N,B,C,A,A,H,-,C,D,0,,,,,Y,Y,A,01,0,1,0,0,0,0,0,0,0,"- ","- ",37.792349999999999,-122.38424999999999,"SAN FRANCISCO","SAN FRANCISCO",-122.384079,37.792186989999998
90633881,2017,2018-01-05,9335,2017-12-29,1410,021770,,5,2,7,3801,0,1,2,,2,014,"US-101 NORTHBOUND","23RD ST O/C",144.00,N,N,A,-,Y,,,101,,,,,,N,Y,4,0,1,4,A,-,03,22350,,N,C,C,A,A,H,-,A,D,0,,,,,Y,,A,01,0,0,1,0,0,0,0,0,0,"- ","- ",37.754710000000003,-122.40366,"SAN FRANCISCO","SAN FRANCISCO",-122.40295589999999,37.754774660000002
90643883,2018,2018-01-22,9335,2018-01-10,1900,021754,,3,2,7,3801,0,1,1,,2,023,"I-280 S/B","MISSION STREET",100.00,S,N,A,-,Y,,,280,,,,,,S,N,4,0,2,2,A,-,03,22350,,N,C,C,A,A,H,-,C,D,0,,,,,Y,,A,01,0,0,2,0,0,0,0,0,0,"- ","- ",37.732158660888672,-122.42852020263672,"SAN FRANCISCO","SAN FRANCISCO",-122.42852783203125,37.732101440429688
90653893,2018,2018-02-02,9335,2018-01-30,0800,021736,,2,1,7,3801,0,1,2,,2,013,"US-101 S/B","FAITH ST",626.00,N,N,A,-,Y,,,101,,,,,,S,Y,4,0,1,2,A,-,03,22350,,N,C,C,A,A,H,-,A,D,0,,,,,Y,,A,07,0,0,1,0,0,0,0,0,0,"- ","- ",37.745548248291016,-122.40498352050781,"SAN FRANCISCO","SAN FRANCISCO",-122.40500640869141,37.745559692382812
90654662,2018,2018-02-05,9335,2018-01-27,1715,022024,,6,2,7,3801,0,1,1,,2,080,"I-80 W/B","FREMONT/FOLSOM ST. EXIT",140.00,E,N,A,-,Y,,,80,,,,,,W,Y,4,0,1,2,A,-,03,22350,,N,C,C,A,A,H,-,D,D,0,,,,,Y,,D,22,0,0,1,0,0,0,0,0,0,"- ","- ",37.785221099853516,-122.39215850830078,"SAN FRANCISCO","SAN FRANCISCO",-122.39215850830078,37.785213470458984
90683244,2018,2018-03-15,9335,2018-03-05,1455,021886,,1,2,7,3801,0,1,2,,2,013,"US-101 NB","N. RD. EDGE OF THE PAUL AVE. U/C",500.00,N,N,A,-,Y,,,101,,,,,,N,N,4,0,1,2,D,-,00,,,N,C,C,A,A,H,-,A,D,0,,,,,Y,,-,"- ",0,0,1,0,0,0,0,0,0,"- ","- ",37.724960327148438,-122.40151214599609,"SAN FRANCISCO","SAN FRANCISCO",-122.40157318115234,37.724937438964844
90683486,2018,2018-03-16,9335,2018-03-06,1755,020435,,2,2,7,3801,0,1,2,,2,014,"US-101 N/B","23RD ST O/C",96.00,N,N,A,-,Y,,,101,,,,,,N,N,4,0,1,2,D,-,00,,,N,B,C,A,A,H,-,B,D,0,,,Y,,Y,,-,"- ",0,0,1,0,0,0,0,0,0,"- ","- ",37.754840850830078,-122.40299224853516,"SAN FRANCISCO","SAN FRANCISCO",-122.40296173095703,37.754840850830078
90690080,2018,2018-03-26,9335,2018-03-14,1719,021339,,3,2,7,3801,0,1,2,,2,013,"US-101 N/B","PAUL AVE",500.00,N,N,A,-,Y,,,101,,,,,,N,Y,4,0,1,2,A,-,03,22350,,N,C,C,A,A,H,-,A,D,0,,,,,Y,,A,01,0,0,1,0,0,0,0,0,0,"- ","- ",37.724098205566406,-122.40119934082031,"SAN FRANCISCO","SAN FRANCISCO",-122.40122985839844,37.724086761474609
90697765,2018,2018-04-03,9350,2018-03-29,1235,021075,,4,1,7,3801,0,1,2,,2,020,"US-101 N/B (GOLDEN GATE BRIDGE)","NORTH TOWER",4.00,S,N,A,-,Y,,,101,,,,,,N,N,3,0,1,1,A,-,03,22350,,N,F,A,A,A,H,-,A,D,0,,Y,,,Y,,L,04,0,1,0,0,0,0,1,0,0,"- ","- ",37.825489044189453,-122.47917938232422,"SAN FRANCISCO","SAN FRANCISCO",-122.47943115234375,37.825454711914062
90731630,2018,2018-05-22,9335,2018-05-12,1140,022096,,6,1,7,3801,0,1,2,,2,013,"US-101 NORTHBOUND","PAUL AVE. UNDERCROSSING",500.00,S,N,A,-,Y,,,101,,,,,,N,N,4,0,1,2,A,-,03,22350,,N,C,C,A,A,H,-,A,D,0,,,,,Y,,A,01,0,0,1,0,0,0,0,0,0,"- ","- ",37.72283935546875,-122.40068054199219,"SAN FRANCISCO","SAN FRANCISCO",-122.40071868896484,37.722824096679688
90738949,2018,2018-06-01,9335,2018-05-21,1330,021328,,1,1,7,3801,0,1,1,,2,080,"I-80 E/B","7TH ST.",281.00,W,N,A,-,Y,,,80,,,,,,E,N,4,0,1,2,A,-,03,22350,,N,C,C,A,A,H,-,A,D,0,,,,,Y,,A,01,0,0,1,0,0,0,0,0,0,"- ","- ",37.774280548095703,-122.40621185302734,"SAN FRANCISCO","SAN FRANCISCO",-122.40621948242188,37.774284362792969
90739217,2018,2018-06-01,9335,2018-05-21,2224,020991,,1,3,7,3801,0,1,1,,2,080,"I-80 W/B","7TH ST.",235.00,E,N,A,-,Y,,,80,,,,,,W,Y,4,0,1,2,A,-,03,22350,,N,C,C,A,A,H,-,C,D,0,,,,,Y,,A,01,0,0,1,0,0,0,0,0,0,"- ","- ",37.775890350341797,-122.40557861328125,"SAN FRANCISCO","SAN FRANCISCO",-122.40553283691406,37.775829315185547