CASE_ID,ACCIDENT_YEAR,PROC_DATE,JURIS,COLLISION_DATE,COLLISION_TIME,OFFICER_ID,REPORTING_DISTRICT,DAY_OF_WEEK,CHP_SHIFT,POPULATION,CNTY_CITY_LOC,SPECIAL_COND,BEAT_TYPE,CHP_BEAT_TYPE,CITY_DIVISION_LAPD,CHP_BEAT_CLASS,BEAT_NUMBER,PRIMARY_RD,SECONDARY_RD,DISTANCE,DIRECTION,INTERSECTION,WEATHER_1,WEATHER_2,STATE_HWY_IND,CALTRANS_COUNTY,CALTRANS_DISTRICT,STATE_ROUTE,ROUTE_SUFFIX,POSTMILE_PREFIX,POSTMILE,LOCATION_TYPE,RAMP_INTERSECTION,SIDE_OF_HWY,TOW_AWAY,COLLISION_SEVERITY,NUMBER_KILLED,NUMBER_INJURED,PARTY_COUNT,PRIMARY_COLL_FACTOR,PCF_CODE_OF_VIOL,PCF_VIOL_CATEGORY,PCF_VIOLATION,PCF_VIOL_SUBSECTION,HIT_AND_RUN,TYPE_OF_COLLISION,MVIW,PED_ACTION,ROAD_SURFACE,ROAD_COND_1,ROAD_COND_2,LIGHTING,CONTROL_DEVICE,CHP_ROAD_TYPE,PEDESTRIAN_ACCIDENT,BICYCLE_ACCIDENT,MOTORCYCLE_ACCIDENT,TRUCK_ACCIDENT,NOT_PRIVATE_PROPERTY,ALCOHOL_INVOLVED,STWD_VEHTYPE_AT_FAULT,CHP_VEHTYPE_AT_FAULT,COUNT_SEVERE_INJ,COUNT_VISIBLE_INJ,COUNT_COMPLAINT_PAIN,COUNT_PED_KILLED,COUNT_PED_INJURED,COUNT_BICYCLIST_KILLED,COUNT_BICYCLIST_INJURED,COUNT_MC_KILLED,COUNT_MC_INJURED,PRIMARY_RAMP,SECONDARY_RAMP,LATITUDE,LONGITUDE,COUNTY,CITY,POINT_X,POINT_Y
91623775,2021,2021-11-15,9335,2021-10-30,0020,022271,,6,3,7,3801,0,1,2,,2,013,"US-101 S/B","FAITH STREET PEDESTRIAN OVERCROSSING",720.00,N,N,B,-,Y,,,101,,,,,,S,Y,4,0,1,2,A,-,07,21658,A,N,B,C,A,B,H,-,C,D,0,,,,Y,Y,,-,"- ",0,0,1,0,0,0,0,0,0,"- ","- ",37.745830535888672,-122.40493011474609,"SAN FRANCISCO","SAN FRANCISCO",-122.40492248535156,37.745826721191406
91628436,2021,2021-11-18,9335,2021-11-05,2130,022596,,5,2,7,3801,0,1,2,,2,013,"US-101 N/B","23RD STREET OVERCROSSING",183.00,S,N,A,-,Y,,,101,,,,,,N,Y,3,0,2,2,A,-,01,23152,A,N,C,C,A,A,H,-,D,D,0,,,,,Y,Y,A,07,0,2,0,0,0,0,0,0,0,"- ","- ",37.753940582275391,-122.40283966064453,"SAN FRANCISCO","SAN FRANCISCO",-122.40287780761719,37.753936767578125
91631069,2021,2021-11-22,9335,2021-11-05,0525,022525,,5,3,7,3801,0,1,2,,2,014,"US-101 S/B","THE 17TH STREET UNDERCROSSING",160.00,S,N,A,-,Y,,,101,,,,,,S,Y,4,0,4,2,A,-,03,22350,,N,C,C,A,A,H,-,C,D,0,,,,Y,Y,,F,26,0,0,4,0,0,0,0,0,0,"- ","- ",37.764141082763672,-122.40514373779297,"SAN FRANCISCO","SAN FRANCISCO",-122.40509033203125,37.764133453369141
9165680,2020,2020-12-02,3801,2020-09-17,1501,33,RICHM,4,5,7,3801,0,0,0,,0,003,"RT 101","GEARY BL",0.00,,Y,A,-,Y,SF,4,1,-,-,5.500,I,5,N,Y,3,0,1,2,A,-,12,21453,A,N,D,C,A,A,H,-,A,A,0,,,Y,,Y,,A,01,0,1,0,0,0,0,0,0,1,"- ","- ",,,"SAN FRANCISCO","SAN FRANCISCO",-122.47225952148438,37.780567169189453
91666223,2021,2021-12-30,9335,2021-12-21,2350,022179,,2,3,7,3801,0,1,2,,2,013,"US-101 N/B","FAITH STREET PEDESTRIAN OVERCROSSING",790.00,S,N,C,-,Y,,,101,,,,,,N,N,4,0,2,2,A,-,07,21658,A,N,B,2,A,B,H,-,C,D,0,,,,,Y,,A,07,0,0,2,0,0,0,0,0,0,"- ","- ",37.742080688476562,-122.40718078613281,"SAN FRANCISCO","SAN FRANCISCO",-122.4071044921875,37.742034912109375
9166933,2020,2020-11-30,3801,2020-09-02,2311,979,TENDE,3,5,7,3801,0,0,0,,0,3J15E,"OFARRELL ST","TAYLOR ST",0.00,,Y,A,-,N,,,,,,,,,,N,4,0,1,2,A,-,12,21453,A,N,D,J,A,A,H,-,C,A,0,,,,,Y,,-,,0,0,1,0,0,0,0,0,0,"- ","- ",,,"SAN FRANCISCO","SAN FRANCISCO",-122.41132354736328,37.786018371582031
9167014,2020,2020-11-16,3801,2020-09-14,1032,652,PARK,1,5,7,3801,0,0,0,,0,001,"COLE ST","17TH ST",150.00,N,N,A,-,N,,,,,,,,,,Y,3,0,1,2,A,-,03,22350,,N,D,E,A,A,H,-,A,D,0,,,,,Y,,-,,0,1,0,0,0,0,0,0,0,"- ","- ",,,"SAN FRANCISCO","SAN FRANCISCO",-122.44921112060547,37.762039184570312
91671056,2021,2022-01-05,9335,2021-12-25,2220,022187,,6,3,7,3801,0,1,1,,2,022,"I-280 N/B","GENEVA AVENUE",1531.00,S,N,C,-,Y,,,280,,,,,,N,Y,3,0,1,2,A,-,08,22107,,N,E,I,A,B,H,-,E,D,0,,,,,Y,,A,01,0,1,0,0,0,0,0,0,0,"- ","- ",37.71697998046875,-122.44879913330078,"SAN FRANCISCO","SAN FRANCISCO",-122.44870758056641,37.716938018798828
9168127,2020,2020-11-19,3801,2020-09-26,0710,807,INGLE,6,5,7,3801,0,0,0,,0,3H41A,"PORTOLA DR","GLENVIEW DR",0.00,,Y,A,-,N,,,,,,,,,,Y,4,0,1,1,A,-,03,22350,,N,E,I,A,A,H,-,A,A,0,,,,,Y,,A,07,0,0,1,0,0,0,0,0,0,"- ","- ",,,"SAN FRANCISCO","SAN FRANCISCO",-122.44789123535156,37.746879577636719
91697710,2022,2022-02-10,9335,2022-01-13,0500,020509,,4,3,7,3801,0,1,1,,1,081,"I-80 WESTBOUND","YERBA BUENA ISLAND TUNNEL",6230.00,W,N,A,-,Y,SF,,80,,,6.544,H,,L,Y,4,0,1,3,A,-,07,21658,A,F,B,C,A,A,H,-,C,D,0,,,,Y,Y,,-,99,0,0,1,0,0,0,0,0,0,"- ","- ",37.795768737792969,-122.38023376464844,"SAN FRANCISCO","SAN FRANCISCO",-122.38028717041016,37.795806884765625
91710410,2022,2022-02-28,9335,2022-02-17,1435,021916,,4,2,7,3801,0,1,1,,2,080,"I-80 W/B","HARRIET STREEET UNDERCROSSING",85.00,W,N,A,-,Y,SF,,80,,,4.605,H,,L,N,4,0,2,3,A,-,03,22350,,N,C,C,A,A,H,-,A,D,0,,,,Y,Y,,F,26,0,0,2,0,0,0,0,0,0,"- ","- ",37.776420593261719,-122.40458679199219,"SAN FRANCISCO","SAN FRANCISCO",-122.40460205078125,37.776432037353516
91727391,2022,2022-03-21,9335,2022-03-10,0915,022032,,4,1,7,3801,0,1,1,,2,024,"I-280 N/B","20TH ST",20.00,N,N,A,-,Y,SF,,280,,R,6.400,H,,R,Y,4,0,1,2,A,-,07,21658,A,N,B,2,A,A,H,-,A,D,0,,,Y,,Y,,A,07,0,0,1,0,0,0,0,0,1,"- ","- ",37.760379791259766,-122.39234161376953,"SAN FRANCISCO","SAN FRANCISCO",-122.39231109619141,37.760383605957031
91745706,2022,2022-04-11,9335,2022-04-01,2030,017672,,5,2,7,3801,0,1,1,,2,080,"I-80 E/B","NORTHBOUND US-101",1243.00,E,N,A,-,Y,SF,,80,,,4.031,H,,R,N,3,0,3,3,A,-,01,23152,A,F,C,C,A,A,H,-,C,D,0,,,,Y,Y,Y,F,27,0,3,0,0,0,0,0,0,0,"- ","- ",37.768848419189453,-122.40511322021484,"SAN FRANCISCO","SAN FRANCISCO",-122.40512847900391,37.768848419189453
9174620,2020,2020-12-02,3801,2020-09-24,0907,1385,MISSI,4,5,7,3801,0,0,0,,0,3D14A,"CESAR CHAVEZ ST","BRYANT ST",0.00,,Y,A,-,N,,,,,,,,,,Y,4,0,2,2,A,-,12,21453,A,F,A,C,A,A,H,-,A,A,0,,,,,Y,Y,A,01,0,0,2,0,0,0,0,0,0,"- ","- ",,,"SAN FRANCISCO","SAN FRANCISCO",-122.40872192382812,37.748371124267578
91777983,2022,2022-05-23,9335,2022-05-07,2350,022486,,6,3,7,3801,0,1,1,,1,081,"I-80 W/B","MAIN STREET",1055.00,E,N,A,-,Y,SF,,80,,,5.990,H,,L,Y,3,0,1,1,A,-,08,22107,,N,E,I,A,A,H,-,C,D,0,,,,,Y,,A,07,0,1,0,0,0,0,0,0,0,"- ","- ",37.789558410644531,-122.38686370849609,"SAN FRANCISCO","SAN FRANCISCO",-122.38699340820312,37.789649963378906
9178431,2020,2020-12-22,3801,2020-10-13,1806,209,NORTH,2,5,7,3801,0,0,0,,0,NORTHE,"WEBSTER ST","FULTON ST",0.00,,Y,A,-,N,,,,,,,,,,N,4,0,1,2,A,-,12,21453,A,F,D,G,A,A,H,-,A,A,0,,Y,,,Y,,A,01,0,0,1,0,0,0,1,0,0,"- ","- ",,,"SAN FRANCISCO","SAN FRANCISCO",-122.42990875244141,37.777908325195312
9178451,2020,2020-12-31,3801,2020-10-19,2120,798,NORTH,1,5,7,3801,0,0,0,,0,3E13E,"POLK ST","MCALLISTER ST",0.00,,Y,A,-,N,,,,,,,,,,N,3,0,1,2,A,-,17,21235,G,N,B,C,A,A,H,-,C,A,0,,,Y,,Y,,C,03,0,1,0,0,0,0,0,0,1,"- ","- ",,,"SAN FRANCISCO","SAN FRANCISCO",-122.41860198974609,37.780269622802734
91784570,2022,2022-05-31,9335,2022-05-20,1700,022795,,5,2,7,3801,0,1,1,,2,023,"I-280 NORTHBOUND","THE ALEMANY BOULEVARD OVERCROSSING",1056.00,S,N,A,-,Y,SF,,280,,R,3.649,H,,R,N,4,0,2,2,A,-,03,22350,,N,C,C,A,A,H,-,A,D,0,,,,,Y,,A,07,0,0,2,0,0,0,0,0,0,"- ","- ",37.731868743896484,-122.41845703125,"SAN FRANCISCO","SAN FRANCISCO",-122.41845703125,37.731864929199219
91792230,2022,2022-06-10,9335,2022-05-29,0223,022271,,7,3,7,3801,0,1,2,,2,015,"US-101 S/B TO I-80 E/B","BRANNAN STREET",650.00,N,N,A,-,Y,SF,,80,,L,4.043,H,,R,Y,2,0,1,2,A,-,01,23152,A,N,C,2,A,A,H,-,C,D,0,,,,,Y,Y,A,01,1,0,0,0,0,0,0,0,0,"- ","- ",37.769241333007812,-122.40558624267578,"SAN FRANCISCO","SAN FRANCISCO",-122.4056396484375,37.769264221191406
91794871,2022,2022-06-14,9335,2022-06-07,1710,021474,,2,2,7,3801,0,1,1,,2,024,"I-280 N/B","20TH ST. O/C",90.00,S,N,A,-,Y,SF,,280,,R,6.366,H,,R,Y,4,0,2,2,A,-,03,22350,,N,C,C,A,A,H,-,A,D,0,,,,,Y,,A,01,0,0,2,0,0,0,0,0,0,"- ","- ",37.759998321533203,-122.39219665527344,"SAN FRANCISCO","SAN FRANCISCO",-122.39227294921875,37.759994506835938
91812330,2022,2022-07-14,9335,2022-06-30,1600,020991,,4,2,7,3801,0,1,1,,2,022,"I-280 N/B","GENEVA AVE. OVER CROSSING",883.00,S,N,B,-,Y,SF,,280,,R,1.471,H,,R,Y,4,0,1,2,A,-,07,21658,A,N,B,C,A,A,H,-,A,D,0,,,,,Y,,A,01,0,0,1,0,0,0,0,0,0,"- ","- ",37.718730926513672,-122.44827270507812,"SAN FRANCISCO","SAN FRANCISCO",-122.44837951660156,37.718738555908203
9181505,2020,2021-01-05,3801,2020-10-11,2131,623,BAYVI,7,5,7,3801,0,0,0,,0,3C12E,"ALEMANY BL","BAYSHORE BL",0.00,,Y,A,-,N,,,,,,,,,,N,4,0,1,2,A,-,07,21658,,N,B,C,A,A,H,-,C,A,0,,,,Y,Y,,-,"- ",0,0,1,0,0,0,0,0,0,"- ","- ",,,"SAN FRANCISCO","SAN FRANCISCO",-122.40695953369141,37.737998962402344
91819838,2022,2022-07-18,9335,2022-07-09,0940,022032,,6,1,7,3801,0,1,1,,1,083,"I-80 E/B","YERBA BUENA ISLAND TUNNEL",40.00,W,N,A,-,Y,SF,,80,,,7.705,H,,R,Y,4,0,1,3,A,-,03,22350,,N,C,C,A,A,H,-,A,D,0,,,,,Y,,A,01,0,0,1,0,0,0,0,0,0,"- ","- ",37.808868408203125,-122.36652374267578,"SAN FRANCISCO","SAN FRANCISCO",-122.36647796630859,37.808849334716797
9182418,2020,2020-12-26,3801,2020-10-11,1006,1628,RICHM,7,5,7,3801,0,0,0,,0,3G43,"ANZA ST","42ND AV",0.00,,Y,A,-,N,,,,,,,,,,N,2,0,2,2,A,-,09,21802,A,N,D,C,A,A,H,-,A,A,0,,,Y,,Y,,A,07,1,1,0,0,0,0,0,0,1,"- ","- ",,,"SAN FRANCISCO","SAN FRANCISCO",-122.50276184082031,37.777328491210938
91833382,2022,2022-08-04,9350,2022-08-02,0155,022606,,2,3,7,3801,0,1,2,,2,020,"US-101 N/B","LINCOLN BLVD",2790.00,N,N,A,-,Y,,,,,,,,,,Y,2,0,2,2,A,-,01,23152,A,N,C,C,A,A,D,-,C,D,0,,,,,Y,Y,A,01,1,1,0,0,0,0,0,0,0,"- ","- ",37.813159942626953,-122.47781372070312,"SAN FRANCISCO","SAN FRANCISCO",-122.47783660888672,37.813156127929688
91840098,2022,2022-08-15,9335,2022-08-06,0120,022795,,6,3,7,3801,0,1,1,,1,081,"I-80 WESTBOUND","THE EMBARCADERO",4800.00,E,N,A,-,Y,SF,,80,,,6.809,H,,L,Y,4,0,2,4,A,-,03,22350,,F,C,C,A,A,H,-,C,D,0,,,,,Y,,A,01,0,0,2,0,0,0,0,0,0,"- ","- ",37.798648834228516,-122.37692260742188,"SAN FRANCISCO","SAN FRANCISCO",-122.3770751953125,37.798751831054688
91843894,2022,2022-08-18,9335,2022-08-16,0840,018053,,2,1,7,3801,0,1,2,,2,014,"US-101 S/B","23RD STREET OVER CROSSING",127.00,S,N,A,-,Y,SF,,101,,,3.337,H,,L,N,4,0,1,2,A,-,03,22350,,M,C,C,A,A,H,-,A,D,0,,,,,Y,,-,99,0,0,1,0,0,0,0,0,0,"- ","- ",37.75408935546875,-122.40305328369141,"SAN FRANCISCO","SAN FRANCISCO",-122.40310668945312,37.754085540771484
91856993,2022,2022-09-05,9335,2022-08-27,0435,022525,,6,3,7,3801,0,1,1,,2,021,"I-280 S/B","HAVELOCK STREET PEDESTRIAN OVERCROSSING",1400.00,N,N,A,-,Y,SF,,280,,R,2.128,H,,L,Y,3,0,1,2,A,-,03,22350,,M,C,C,A,A,H,-,D,D,0,,,,,Y,,A,01,0,1,0,0,0,0,0,0,0,"- ","- ",37.727531433105469,-122.44477844238281,"SAN FRANCISCO","SAN FRANCISCO",-122.44475555419922,37.727508544921875
91857910,2022,2022-09-06,9350,2022-08-27,1710,022432,,6,2,7,3801,0,1,2,,2,010,"US-101 S/B","LINCOLN BLVD",528.00,N,N,A,-,Y,SF,,101,,R,9.376,H,,L,N,4,0,1,1,A,-,08,22107,,N,E,I,A,A,H,-,A,D,0,,,,,Y,,A,01,0,0,1,0,0,0,0,0,0,"- ","- ",37.803348541259766,-122.47074127197266,"SAN FRANCISCO","SAN FRANCISCO",-122.470703125,37.803409576416016
91873294,2022,2022-09-26,9335,2022-09-16,1458,023065,,5,2,7,3801,0,1,1,,2,023,"I-280 SOUTHBOUND","PHYSICAL GORE POINT OF MONTEREY OFF-RAMP",837.00,N,N,A,-,Y,SF,,280,,R,2.952,H,,L,N,4,0,1,2,A,-,07,21658,A,N,B,C,A,A,H,-,A,D,0,,,,,Y,,A,01,0,0,1,0,0,0,0,0,0,"- ","- ",37.732349395751953,-122.43102264404297,"SAN FRANCISCO","SAN FRANCISCO",-122.43102264404297,37.732368469238281
91905529,2022,2022-10-31,9335,2022-10-20,1130,023063,,4,1,7,3801,0,1,1,,2,080,"I-80 EASTBOUND","7TH ST. UNDERCROSSING",630.00,E,N,A,-,Y,SF,,80,,,4.365,H,,R,Y,4,0,1,2,A,-,03,22350,,M,C,C,A,A,H,-,A,D,0,,,,,Y,,-,"- ",0,0,1,0,0,0,0,0,0,"- ","- ",37.773399353027344,-122.40651702880859,"SAN FRANCISCO","SAN FRANCISCO",-122.40654754638672,37.773403167724609
91917170,2022,2022-11-14,9335,2022-08-25,0851,022823,,4,1,7,3801,1,4,S,,2,901,"MISSION ST. AT 6TH ST.","7TH ST.",347.00,E,N,A,-,N,,,,,,,,,,N,3,0,1,2,A,-,12,22454,A,N,E,G,A,A,H,-,A,A,0,,Y,,,Y,,L,04,0,1,0,0,0,0,1,0,0,"- ","- ",37.780158996582031,-122.40969848632812,"SAN FRANCISCO","SAN FRANCISCO",-122.41005706787109,37.779888153076172
91939593,2022,2022-12-12,9335,2022-12-03,1810,022187,,6,2,7,3801,0,1,1,,2,024,"I-280 S/B","THE NORTH ROADWAY EDGE OF THE 22ND STREET UNDER-CR",80.00,N,N,C,-,Y,SF,,280,,R,6.186,H,,L,N,4,0,3,2,A,-,03,22350,,N,D,2,A,B,H,-,D,D,0,,,,,Y,,A,07,0,0,3,0,0,0,0,0,0,"- ","- ",37.757980346679688,-122.39251708984375,"SAN FRANCISCO","SAN FRANCISCO",-122.39244842529297,37.757980346679688
9194202,2020,2021-01-19,3801,2020-11-27,1803,1184,MISSI,5,5,7,3801,0,0,0,,0,3D12D,"VALENCIA ST","16TH ST",0.00,,Y,A,-,N,,,,,,,,,,N,4,0,1,2,B,-,22,,,N,A,C,A,A,H,-,C,A,0,,Y,,,Y,,L,04,0,0,1,0,0,0,1,0,0,"- ","- ",,,"SAN FRANCISCO","SAN FRANCISCO",-122.42189025878906,37.764911651611328
9194215,2020,2021-01-19,3801,2020-11-25,1201,1876,NORTH,3,5,7,3801,0,0,0,,0,3E14A,"FRANKLIN ST",ELLIS,0.00,,Y,A,-,N,,,,,,,,,,N,4,0,1,2,A,-,04,21703,,N,C,C,A,A,H,-,A,A,0,,,Y,,Y,,-,"- ",0,0,1,0,0,0,0,0,1,"- ","- ",,,"SAN FRANCISCO","SAN FRANCISCO",-122.42265319824219,37.783611297607422
9194227,2020,2021-01-15,3801,2020-11-11,1819,379,TRAFF,3,5,7,3801,0,0,0,,0,03E,"OCTAVIA BL","MARKET ST",35.00,N,N,A,-,N,,,,,,,,,,N,4,0,1,2,A,-,04,21703,,N,C,C,A,A,H,-,C,A,0,,,,,Y,,A,01,0,0,1,0,0,0,0,0,0,"- ","- ",,,"SAN FRANCISCO","SAN FRANCISCO",-122.42364501953125,37.771865844726562
9194232,2020,2021-01-26,3801,2020-11-06,1752,397,BAYVI,5,5,7,3801,0,0,0,,0,3C4,"BAYSHORE BL","RT 101",0.00,,Y,A,-,Y,SF,4,101,-,-,0.844,R,4,S,N,4,0,2,2,A,-,03,22350,,F,C,C,A,A,H,-,C,A,0,,,,,Y,,A,07,0,0,2,0,0,0,0,0,0,"- ","- ",,,"SAN FRANCISCO","SAN FRANCISCO",-122.39992523193359,37.719753265380859
9194237,2020,2021-01-15,3801,2020-11-06,1230,4307,NORTH,5,5,7,3801,0,0,0,,0,3E12A,"TURK ST","TURK ST 1157",0.00,,Y,A,-,N,,,,,,,,,,N,4,0,1,2,A,-,17,21663,,F,G,B,F,A,H,-,A,D,0,Y,,,,Y,,A,01,0,0,1,0,1,0,0,0,0,"- ","- ",,,"SAN FRANCISCO","SAN FRANCISCO",,
9194249,2020,2021-01-20,3801,2020-11-16,1718,2741,BAYVI,1,5,7,3801,0,0,0,,0,0C2,"LOOMIS ST","WATERLOO ST",580.00,N,N,A,-,N,,,,,,,,,,Y,3,0,2,2,A,-,00,22351,B,N,D,C,A,A,H,-,C,D,0,,,,,Y,,A,01,0,1,1,0,0,0,0,0,0,"- ","- ",,,"SAN FRANCISCO","SAN FRANCISCO",-122.4052734375,37.740711212158203
9194288,2020,2021-01-20,3801,2020-11-01,0630,4239,PARK,7,5,7,3801,0,0,0,,0,3F13A,"WALLER ST","WALLER ST 676",0.00,,-,-,-,N,,,,,,,,,,Y,4,0,1,1,A,-,01,23152,A,N,E,I,A,A,H,-,C,D,0,,,,,Y,Y,A,01,0,0,1,0,0,0,0,0,0,"- ","- ",,,"SAN FRANCISCO","SAN FRANCISCO",,
9194316,2020,2021-01-20,3801,2020-11-11,1547,1823,MISSI,3,5,7,3801,0,0,0,,0,3D15C,"DUBOCE AV","ELGIN PARK",0.00,,Y,A,-,N,,,,,,,,,,Y,4,0,1,2,A,-,08,22107,,N,D,C,A,A,H,-,A,D,0,,,Y,,Y,,A,01,0,0,1,0,0,0,0,0,1,"- ","- ",,,"SAN FRANCISCO","SAN FRANCISCO",-122.42314910888672,37.769828796386719
9194831,2020,2021-01-25,3801,2020-11-13,1543,2093,NORTH,5,5,7,3801,0,0,0,,0,,"HAYES ST","FILLMORE ST",0.00,,Y,C,-,N,,,,,,,,,,,3,0,1,3,A,-,10,21950,A,F,G,B,B,B,H,-,A,A,0,Y,,,,Y,,-,99,0,1,0,0,1,0,0,0,0,"- ","- ",,,"SAN FRANCISCO","SAN FRANCISCO",-122.43118286132812,37.775829315185547
91949036,2022,2022-12-22,9335,2022-12-09,0200,021754,,5,3,7,3801,0,1,2,,2,013,"US-101 SB TO I-280 SB","ALEMANY BLVD. U/C",85.00,N,N,A,-,Y,SF,,101,,,2.164,H,,L,Y,4,0,1,2,A,-,08,22107,,F,B,C,A,A,H,-,D,D,0,,,,,Y,,-,99,0,0,1,0,0,0,0,0,0,"- ","- ",37.737960815429688,-122.40830230712891,"SAN FRANCISCO","SAN FRANCISCO",-122.40805816650391,37.737991333007812
91949680,2022,2022-12-22,9350,2022-12-05,1903,022556,,1,2,7,3801,0,1,2,,2,020,"US-101 NB","LINCOLN BLVD. UNDERCROSSING",620.00,N,N,A,-,Y,,,,,,,,,,N,4,0,2,3,A,-,03,22350,,N,C,C,A,A,H,-,C,D,0,,,,,Y,,A,08,0,0,2,0,0,0,0,0,0,"- ","- ",37.807701110839844,-122.47582244873047,"SAN FRANCISCO","SAN FRANCISCO",-122.47591400146484,37.807598114013672
91954007,2022,2022-12-28,9335,2022-12-22,0955,020384,,4,1,7,3801,0,1,1,,2,022,"I-280 S/B","OCEAN AVENUE",600.00,N,N,B,-,Y,SF,,280,,R,1.887,H,,L,N,4,0,1,1,A,-,08,22107,,N,H,A,A,A,H,-,A,D,0,,,,,Y,,A,07,0,0,1,0,0,0,0,0,0,"- ","- ",37.72467041015625,-122.44730377197266,"SAN FRANCISCO","SAN FRANCISCO",-122.44718933105469,37.724632263183594
91986337,2023,2023-02-03,9335,2023-01-24,1130,021957,,2,1,7,3801,0,1,1,,2,023,"I-280 NB","ALEMANY BLVD. O/C",272.00,N,N,A,-,Y,SF,,280," ",R,3.928,H,,R,N,4,0,2,2,A,-,03,22350,,N,C,C,A,A,H,-,A,D,0,,,,Y,Y,,F,26,0,0,2,0,0,0,0,0,0,"- ","- ",37.732498168945312,-122.41358947753906,"SAN FRANCISCO","SAN FRANCISCO",-122.41362762451172,37.732563018798828
91991155,2023,2023-02-10,9335,2023-01-15,1720,021222,,7,2,7,3801,0,1,1,,2,022,"I-280 NORTHBOUND","GENEVA AVE",760.00,S,N,C,-,Y,SF,,280," ",R,1.497,H,,R,N,4,0,1,2,A,-,08,22107,,N,B,C,A,B,H,-,C,D,0,,,,,Y,,A,01,0,0,1,0,0,0,0,0,0,"- ","- ",37.719100952148438,-122.44821166992188,"SAN FRANCISCO","SAN FRANCISCO",-122.44833374023438,37.719108581542969
91992526,2023,2023-02-13,9335,2023-02-04,2005,021222,,6,2,7,3801,0,1,1,,2,022,"I-280 NORTHBOUND","SAN JOSE AVENUE",990.00,S,N,C,-,Y,SF,,280," ",R,1.264,H,,R,Y,4,0,3,1,A,-,08,22107,,N,E,I,A,B,H,-,C,D,0,,,,,Y,,A,01,0,0,3,0,0,0,0,0,0,"- ","- ",37.715850830078125,-122.44938659667969,"SAN FRANCISCO","SAN FRANCISCO",-122.44935607910156,37.715831756591797
92009066,2023,2023-03-03,9335,2023-02-21,1510,023067,,2,2,7,3801,0,1,1,,2,024,"I-280 NORTHBOUND","16TH STREET",586.00,N,N,A,-,Y,SF,,280," ",R,6.987,H,,R,N,4,0,1,2,A,-,07,21658,A,N,B,C,A,A,H,-,B,D,0,,,Y,,Y,,A,08,0,0,1,0,0,0,0,0,1,"- ","- ",37.767860412597656,-122.39598083496094,"SAN FRANCISCO","SAN FRANCISCO",-122.39600372314453,37.767845153808594
92009428,2023,2023-03-03,9335,2023-02-25,"213 ",022860,,6,3,7,3801,0,1,2,,2,014,"US-101 S/B","THE 23RD STREET OVERCROSSING",300.00,N,N,A,-,Y,SF,,101," "," ",3.423,H,,L,N,4,0,1,1,A,-,01,23152,A,N,F,I,A,A,H,-,D,D,0,,,,,Y,Y,A,01,0,0,1,0,0,0,0,0,0,"- ","- ",37.755390167236328,-122.40322875976562,"SAN FRANCISCO","SAN FRANCISCO",-122.40322113037109,37.755390167236328
92028553,2023,2023-03-27,9335,2023-03-17,"710 ",019631,,5,1,7,3801,0,1,1,,1,081,"I-80 W/B","BEALE ST",100.00,E,N,B,-,Y,SF,,80," "," ",5.747,H,,L,N,3,0,1,2,A,-,07,21658,A,N,B,C,A,A,H,-,B,D,0,,,Y,,Y,,A,01,0,1,0,0,0,0,0,0,1,"- ","- ",37.786930084228516,-122.38990020751953,"SAN FRANCISCO","SAN FRANCISCO",-122.38993835449219,37.786952972412109
9203199,2020,2021-01-06,3801,2020-07-24,1520,76,TRAFF,5,5,7,3801,0,0,0,,0,3H16C,"ALEMANEY BL","HARRINGTON BL",50.00,S,N,B,-,N,,,,,,,,,,Y,2,0,1,1,A,-,05,21651,A,N,E,I,A,A,H,-,A,D,0,,,,,Y,,A,01,1,0,0,0,0,0,0,0,0,"- ","- ",,,"SAN FRANCISCO","SAN FRANCISCO",-122.43637084960938,37.725936889648438
92041060,2023,2023-04-10,9335,2023-04-01,"235 ",023063,,6,3,7,3801,0,1,2,,2,013,"US-101 SOUTHBOUND FROM CESAR CHAVEZ ST.","FAITH ST.",1460.00,N,N,B,-,Y,SF,,101," "," ",2.893,H,,L,Y,3,0,2,1,A,-,01,23152,A,F,E,I,A,A,H,-,D,D,0,,,,,Y,Y,A,01,0,2,0,0,0,0,0,0,0,"- ","- ",37.747871398925781,-122.40447998046875,"SAN FRANCISCO","SAN FRANCISCO",-122.40431213378906,37.747837066650391