CASE_ID,ACCIDENT_YEAR,PROC_DATE,JURIS,COLLISION_DATE,COLLISION_TIME,OFFICER_ID,REPORTING_DISTRICT,DAY_OF_WEEK,CHP_SHIFT,POPULATION,CNTY_CITY_LOC,SPECIAL_COND,BEAT_TYPE,CHP_BEAT_TYPE,CITY_DIVISION_LAPD,CHP_BEAT_CLASS,BEAT_NUMBER,PRIMARY_RD,SECONDARY_RD,DISTANCE,DIRECTION,INTERSECTION,WEATHER_1,WEATHER_2,STATE_HWY_IND,CALTRANS_COUNTY,CALTRANS_DISTRICT,STATE_ROUTE,ROUTE_SUFFIX,POSTMILE_PREFIX,POSTMILE,LOCATION_TYPE,RAMP_INTERSECTION,SIDE_OF_HWY,TOW_AWAY,COLLISION_SEVERITY,NUMBER_KILLED,NUMBER_INJURED,PARTY_COUNT,PRIMARY_COLL_FACTOR,PCF_CODE_OF_VIOL,PCF_VIOL_CATEGORY,PCF_VIOLATION,PCF_VIOL_SUBSECTION,HIT_AND_RUN,TYPE_OF_COLLISION,MVIW,PED_ACTION,ROAD_SURFACE,ROAD_COND_1,ROAD_COND_2,LIGHTING,CONTROL_DEVICE,CHP_ROAD_TYPE,PEDESTRIAN_ACCIDENT,BICYCLE_ACCIDENT,MOTORCYCLE_ACCIDENT,TRUCK_ACCIDENT,NOT_PRIVATE_PROPERTY,ALCOHOL_INVOLVED,STWD_VEHTYPE_AT_FAULT,CHP_VEHTYPE_AT_FAULT,COUNT_SEVERE_INJ,COUNT_VISIBLE_INJ,COUNT_COMPLAINT_PAIN,COUNT_PED_KILLED,COUNT_PED_INJURED,COUNT_BICYCLIST_KILLED,COUNT_BICYCLIST_INJURED,COUNT_MC_KILLED,COUNT_MC_INJURED,PRIMARY_RAMP,SECONDARY_RAMP,LATITUDE,LONGITUDE,COUNTY,CITY,POINT_X,POINT_Y
9481488,2022,2022-08-08,3801,2022-07-07,0900,1477,MISSI,4,5,7,3801,0,0,0,,0,,"FOLSOM ST","24TH ST",225.00,N,N,A,-,N,,,,,,,,,,N,4,0,2,2,A,-,04,21703,,N,C,C,A,A,H,-,A,D,0,,,,,Y,,A,01,0,0,2,0,0,0,0,0,0,"- ","- ",,,"SAN FRANCISCO","SAN FRANCISCO",-122.41415405273438,37.753128051757812
9481888,2022,2022-08-08,3801,2022-04-17,0747,392,MISSI,7,5,7,3801,0,0,0,,0,3D14A,"VALENCIA ST","22ND ST",21.00,N,N,A,-,N,,,,,,,,,,N,4,0,1,2,A,-,10,21950,A,N,G,B,B,A,H,-,A,A,0,Y,,,,Y,,A,01,0,0,1,0,1,0,0,0,0,"- ","- ",,,"SAN FRANCISCO","SAN FRANCISCO",-122.42096710205078,37.755367279052734
94834626,2025,2025-11-07,9335,2025-09-03,1842,023845,,3,2,7,3801,0,1,1,,2,024,"I-280 SOUTHBOUND","MARIPOSA STREET UNDERCROSSING",240.00,N,N,A,-,Y,SF,,280," ",R,6.739,H,,L,N,4,0,2,2,A,-,08,22107,,N,B,C,A,A,H,-,A,D,0,,,,,Y,,-,"- ",0,0,2,0,0,0,0,0,0,"- ","- ",37.764808654785156,-122.39337158203125,"SAN FRANCISCO","SAN FRANCISCO",-122.39327239990234,37.764839172363281
9483467,2022,2022-08-05,3801,2022-07-23,0900,1572,SOUTH,6,5,7,3801,0,0,0,,0,3B1A,"10TH ST","FOLSOM ST",0.00,,Y,A,-,N,,,,,,,,,,Y,4,0,1,2,A,-,12,21453,A,N,D,C,A,A,H,-,A,A,0,,,,,Y,,-,,0,0,1,0,0,0,0,0,0,"- ","- ",,,"SAN FRANCISCO","SAN FRANCISCO",-122.41281890869141,37.772819519042969
9483599,2022,2022-08-05,3801,2022-07-05,1203,1183,MISSI,2,5,7,3801,0,0,0,,0,3D16C,"SOUTH VAN NESS","13TH ST",0.00,,Y,A,-,N,,,,,,,,,,Y,4,0,1,2,A,-,12,21453,A,M,D,-,A,A,H,-,A,A,0,,,,,Y,,A,08,0,0,1,0,0,0,0,0,0,"- ","- ",,,"SAN FRANCISCO","SAN FRANCISCO",-122.41777801513672,37.7696533203125
94837034,2025,2025-09-09,9350,2025-08-26,"749 ",024659,,2,1,7,3801,0,1,2,,1,120,"US 101 N/B (GGB EAST SIDEWALK)","SAN FRANCISCO-MARIN COUNTY LINE",445.00,S,N,B,-,N,,,,,,,,,,N,2,0,1,2,B,-,22,,,N,G,B,F,A,G,-,A,A,0,Y,Y,,,Y,,N,60,1,0,0,0,0,0,1,0,0,"- ","- ",37.82427978515625,-122.47895050048828,"SAN FRANCISCO","SAN FRANCISCO",,
94901191,2025,2025-10-24,9335,2025-10-16,1430,024112,,4,2,7,3801,0,1,1,,1,081,"I-80 W/B TO FREMONT STREET","2ND STREET",620.00,E,N,A,-,Y,SF,,80," "," ",5.532,H,,L,Y,4,0,1,1,A,-,08,22107,,N,E,J,A,A,H,-,A,D,0,,,,,Y,,A,07,0,0,1,0,0,0,0,0,0,"- ","- ",37.785079956054688,-122.39302062988281,"SAN FRANCISCO","SAN FRANCISCO",-122.39282989501953,37.784862518310547
94938612,2025,2025-11-20,9335,2025-11-17,1721,024598,,1,2,7,3801,0,1,2,,2,011,"US-101 NORTHBOUND","SAN BRUNO AVE EAST OVERCROSSING",2640.00,S,N,B,-,Y,SM,,101," "," ",19.880,H,,R,N,3,0,1,2,A,-,04,21703,,N,C,C,A,B,H,-,B,D,0,,,,,Y,,A,01,0,1,0,0,0,0,0,0,0,"- ","- ",37.624168395996094,-122.40097045898438,"SAN FRANCISCO","SAN FRANCISCO",-122.40089416503906,37.624187469482422
94953445,2025,2025-12-02,9335,2025-12-01,1010,024598,,1,1,7,3801,0,1,1,,2,080,"I-80 EASTBOUND","16TH STREET UNDERCROSSING",152.00,N,N,A,-,Y,SF,,80," "," ",3.863,H,,R,N,4,0,2,2,A,-,04,21703,,N,C,C,A,A,H,-,A,D,0,,,,,Y,,D,22,0,0,2,0,0,0,0,0,0,"- ","- ",37.766460418701172,-122.4049072265625,"SAN FRANCISCO","SAN FRANCISCO",-122.40493774414062,37.766460418701172
94960703,2025,2025-12-08,9335,2025-11-25,1758,023464,,2,2,7,3801,0,1,2,,2,014,"US-101 NORTHBOUND","17TH STREET UNDERCROSSING",80.00,S,N,A,-,Y,SF,,101," "," ",4.120,H,,R,N,4,0,1,2,A,-,03,22350,,N,C,C,A,A,H,-,C,D,0,,,,,Y,,A,01,0,0,1,0,0,0,0,0,0,"- ","- ",37.764438629150391,-122.40496063232422,"SAN FRANCISCO","SAN FRANCISCO",-122.40489196777344,37.764442443847656
94961080,2025,2025-12-08,9335,2025-11-29,1530,024112,,6,2,7,3801,0,1,2,,2,013,"US-101 S/B","CESAR CHAVEZ STREET",1848.00,S,N,A,-,Y,SF,,101," "," ",2.685,H,,L,N,4,0,1,2,A,-,03,22350,,N,C,C,A,A,H,-,A,D,0,,,,,Y,,A,01,0,0,1,0,0,0,0,0,0,"- ","- ",37.744930267333984,-122.40532684326172,"SAN FRANCISCO","SAN FRANCISCO",-122.4052734375,37.744911193847656
95008245,2025,2026-01-12,9335,2025-12-29,"258 ",023464,,1,3,7,3801,0,1,2,,2,013,"US-101 NORTHBOUND FROM CESAR CHAVEZ STREET","25TH STREET",145.00,S,N,A,-,Y,SF,,101," "," ",3.166,H,,R,N,4,0,1,2,A,-,03,22350,,F,C,C,A,A,H,-,D,D,0,,,,,Y,,-,99,0,0,1,0,0,0,0,0,0,"- ","- ",37.751590728759766,-122.40276336669922,"SAN FRANCISCO","SAN FRANCISCO",-122.40293884277344,37.751617431640625
95013248,2025,2026-01-14,9350,2025-12-13,1448,024875,,6,2,7,3801,0,1,2,,2,020,"US 101 S/B (GGB WEST BIKE PATH)","SOUTH TOWER",465.00,N,N,A,-,N,,,,,,,,,,N,4,0,1,2,B,-,22,,,N,G,B,F,A,H,-,A,D,0,Y,Y,,,Y,,N,60,0,0,1,0,0,0,1,0,0,"- ","- ",37.815559387207031,-122.47818756103516,"SAN FRANCISCO","SAN FRANCISCO",-122.39669036865234,37.666217803955078
9502460,2022,2022-10-06,3801,2022-08-22,1724,1680,MISSI,1,5,7,3801,0,0,0,,0,3D14D,"S VAN NESS AV","CESAR CHAVEZ ST",117.00,N,N,A,-,N,,,,,,,,,,Y,3,0,2,2,A,-,09,21804,A,N,D,C,A,A,H,-,A,D,0,,,,,Y,,A,07,0,1,1,0,0,0,0,0,0,"- ","- ",,,"SAN FRANCISCO","SAN FRANCISCO",-122.41595458984375,37.748580932617188
9503053,2022,2022-09-21,3801,2022-08-20,1456,1952,BAYVI,6,5,7,3801,0,0,0,,0,3C12D,"3RD ST","JERROLD AV",0.00,,Y,A,-,N,,,,,,,,,,Y,4,0,1,2,A,-,01,23152,A,N,C,C,A,A,H,-,A,A,0,,,,,Y,Y,A,01,0,0,1,0,0,0,0,0,0,"- ","- ",,,"SAN FRANCISCO","SAN FRANCISCO",-122.38935852050781,37.738780975341797
9503074,2022,2022-10-05,3801,2022-08-07,1728,2008,MISSI,7,5,7,3801,0,0,0,,0,3D15D,"MISSION ST","15TH ST",0.00,,Y,A,-,N,,,,,,,,,,N,3,0,1,2,A,-,11,21954,A,N,G,B,D,A,H,-,A,A,0,Y,,,,Y,,-,"- ",0,1,0,0,1,0,0,0,0,"- ","- ",,,"SAN FRANCISCO","SAN FRANCISCO",-122.41981506347656,37.766674041748047
9503106,2022,2022-09-21,3801,2022-08-09,1830,1100,TENDE,2,5,7,3801,0,0,0,,0,3J5D,"MARKET ST","5TH ST",120.00,E,N,A,-,N,,,,,,,,,,N,3,0,1,1,A,-,03,22350,,N,F,I,A,A,-,-,A,D,0,,Y,,,Y,,L,04,0,1,0,0,0,0,1,0,0,"- ","- ",,,"SAN FRANCISCO","SAN FRANCISCO",-122.40776062011719,37.784229278564453
9503150,2022,2022-09-19,3801,2022-07-29,2116,4039,CENTR,5,5,7,3801,0,0,0,,0,3A5,"THE EMBARCADERO","WASHINGTON ST",153.00,N,N,B,C,N,,,,,,,,,,,4,0,1,2,A,-,11,21955,,N,G,B,D,B,H,-,C,A,0,Y,,,,Y,,N,60,0,0,1,0,1,0,0,0,0,"- ","- ",,,"SAN FRANCISCO","SAN FRANCISCO",-122.39585876464844,37.796989440917969
9503231,2022,2022-10-11,3801,2022-08-04,1715,2435,BAYVI,4,5,7,3801,0,0,0,,0,004,"SAN BRUNO AV","DWIGHT ST",0.00,,N,A,-,N,,,,,,,,,,N,4,0,1,2,A,-,09,21801,A,F,D,C,A,A,H,-,A,A,0,,,,,Y,,A,01,0,0,1,0,0,0,0,0,0,"- ","- ",,,"SAN FRANCISCO","SAN FRANCISCO",-122.402099609375,37.724040985107422
9503240,2022,2022-09-21,3801,2022-08-27,1551,2046,NORTH,6,5,7,3801,0,0,0,,0,,"DIVISADERO ST","PACIFIC ST",0.00,,Y,A,-,N,,,,,,,,,,N,4,0,1,2,A,-,09,21800,A,N,D,C,A,A,H,-,A,A,0,,,,,Y,,A,01,0,0,1,0,0,0,0,0,0,"- ","- ",,,"SAN FRANCISCO","SAN FRANCISCO",-122.44134521484375,37.792503356933594
9503260,2022,2022-10-05,3801,2022-08-02,1624,104,TRAFF,2,5,7,3801,0,0,0,,0,104,"TERRY A FRANCOIS BL","3RD ST",98.00,E,N,A,-,N,,,,,,,,,,N,3,0,2,2,A,-,03,22350,,N,A,-,A,A,H,-,A,D,0,,Y,,,Y,,-,"- ",0,2,0,0,0,0,1,0,0,"- ","- ",,,"SAN FRANCISCO","SAN FRANCISCO",-122.38990020751953,37.776298522949219
9503427,2022,2022-09-23,3801,2022-06-26,1209,1394,MISSI,7,5,7,3801,0,0,0,,0,,"DUBOCE AV","MISSION ST",0.00,,Y,A,-,N,,,,,,,,,,Y,4,0,3,2,A,-,02,22526,A,N,D,C,A,A,H,-,A,A,0,,,,,Y,,A,01,0,0,3,0,0,0,0,0,0,"- ","- ",,,"SAN FRANCISCO","SAN FRANCISCO",-122.42018127441406,37.769992828369141
9503694,2022,2022-09-23,3801,2022-04-30,1434,327,MISSI,6,5,7,3801,0,0,0,,0,3D12C,"17TH ST","CHURCH ST",287.00,E,N,A,-,N,,,,,,,,,,N,3,0,1,2,A,-,06,21750,A,N,B,C,A,A,H,-,A,D,0,,,Y,,Y,,C,02,0,1,0,0,0,0,0,0,1,"- ","- ",,,"SAN FRANCISCO","SAN FRANCISCO",-122.42752075195312,37.762935638427734
9504389,2022,2022-10-18,3801,2022-09-24,1152,1605,NORTH,6,5,7,3801,0,0,0,,0,3E11A,"LOMBARD ST","OCTAVIA ST",0.00,,Y,A,-,Y,SF,4,101,-,-,6.976,I,5,S,Y,4,0,2,2,A,-,09,21801,A,N,D,E,A,-,H,-,A,A,0,,,,,Y,,A,07,0,0,2,0,0,0,0,0,0,"- ","- ",,,"SAN FRANCISCO","SAN FRANCISCO",-122.42948913574219,37.8006591796875
9505232,2022,2022-10-19,3801,2022-05-30,1522,1074,BAYVI,1,5,7,3801,0,0,0,,0,3C14D,"SILVER AV","SAN BRUNO AV",104.00,E,N,A,-,N,,,,,,,,,,N,4,0,1,2,A,-,04,21703,,N,C,C,A,A,H,-,A,D,0,,,,,Y,,A,01,0,0,1,0,0,0,0,0,0,"- ","- ",,,"SAN FRANCISCO","SAN FRANCISCO",-122.40531158447266,37.732593536376953
9505237,2022,2022-10-11,3801,2022-08-28,0120,1386,SOUTH,7,5,7,3801,0,0,0,,0,004,"FOLSOM ST","12TH ST",0.00,,Y,A,-,N,,,,,,,,,,Y,4,0,1,2,A,-,08,22107,,N,B,D,A,A,H,-,C,A,0,,,,,Y,,A,08,0,0,1,0,0,0,0,0,0,"- ","- ",,,"SAN FRANCISCO","SAN FRANCISCO",-122.41500091552734,37.770904541015625
9505925,2022,2022-11-14,3801,2022-10-08,1233,1870,RICHM,6,5,7,3801,0,0,0,,0,3G13C,"PARK PRESIDIO BYPASS","FULTON ST",0.00,,Y,A,-,N,,,,,,,,,,Y,3,0,2,2,A,-,08,22107,,N,C,C,A,A,H,-,A,D,0,,,,,Y,,A,01,0,2,0,0,0,0,0,0,0,"- ","- ",,,"SAN FRANCISCO","SAN FRANCISCO",-122.47177886962891,37.773124694824219
9505973,2022,2022-11-17,3801,2022-10-12,0931,1952,BAYVI,3,5,7,3801,0,0,0,,0,901,"3RD ST","LE CONTE AV",0.00,,Y,A,-,N,,,,,,,,,,Y,4,0,3,2,-,-,"- ",,A,N,D,C,A,A,H,-,A,A,0,,,,,Y,,-,"- ",0,0,3,0,0,0,0,0,0,"- ","- ",,,"SAN FRANCISCO","SAN FRANCISCO",-122.39756774902344,37.718875885009766
9505987,2022,2022-11-21,3801,2022-10-22,0222,1463,SOUTH,6,5,7,3801,0,0,0,,0,0B5,"KING ST","4TH ST",5.00,W,N,A,-,N,,,,,,,,,,Y,4,0,2,2,D,-,00,,,N,D,C,A,A,H,-,C,A,0,,,,,Y,,-,"- ",0,0,2,0,0,0,0,0,0,"- ","- ",,,"SAN FRANCISCO","SAN FRANCISCO",-122.3941650390625,37.776420593261719
9506000,2022,2022-11-10,3801,2022-10-07,2154,709,BAYVI,5,5,7,3801,0,0,0,,0,3C15E,"LANE ST","REVERE AV",0.00,,Y,A,-,N,,,,,,,,,,N,3,0,1,2,A,-,12,22450,A,F,D,J,A,A,H,-,C,A,0,,,,,Y,,A,08,0,1,0,0,0,0,0,0,0,"- ","- ",,,"SAN FRANCISCO","SAN FRANCISCO",-122.39018249511719,37.731670379638672
9506068,2022,2022-11-10,3801,2022-10-04,1300,4335,RICHM,2,5,7,3801,0,0,0,,0,901,"CLEMENT ST","21ST AV",28.00,E,N,A,-,N,,,,,,,,,,N,3,0,1,2,A,-,03,22350,,N,D,G,A,A,H,-,A,D,0,,Y,,,Y,,L,04,0,1,0,0,0,0,1,0,0,"- ","- ",,,"SAN FRANCISCO","SAN FRANCISCO",-122.48049163818359,37.782203674316406
9506332,2022,2022-10-19,3801,2022-09-14,0915,504,NORTH,3,5,7,3801,0,0,0,,0,3E15A,"GOUGH ST","MCALLISTER ST",0.00,,Y,A,-,N,,,,,,,,,,N,4,0,1,2,A,-,04,21703,,F,C,C,A,A,H,-,A,A,0,,,Y,,Y,Y,-,,0,0,1,0,0,0,0,0,1,"- ","- ",,,"SAN FRANCISCO","SAN FRANCISCO",-122.42353820800781,37.779670715332031
9506337,2022,2022-10-31,3801,2022-09-16,0019,2457,SOUTH,5,5,7,3801,0,0,0,,0,3B14E,"MARKET ST","VAN NESS AV",0.00,,Y,A,-,N,,,,,,,,,,N,4,0,1,2,A,-,12,21453,A,N,D,C,A,A,H,-,C,A,0,,,,,Y,,M,94,0,0,1,0,0,0,0,0,0,"- ","- ",,,"SAN FRANCISCO","SAN FRANCISCO",-122.41925811767578,37.775169372558594
9506356,2022,2022-11-02,3801,2022-09-04,2308,1952,BAYVI,7,5,7,3801,0,0,0,,0,3C15D,"SAN BRUNO AV","SILLIMAN ST",0.00,,Y,A,-,Y,SF,4,101,-,-,1.763,R,4,S,Y,3,0,2,3,A,-,12,21453,A,N,D,C,A,A,H,-,C,A,0,,,,,Y,,-,"- ",0,1,1,0,0,0,0,0,0,"- ","- ",,,"SAN FRANCISCO","SAN FRANCISCO",-122.40525054931641,37.732463836669922
9506389,2022,2022-11-18,3801,2022-09-18,0038,2175,BAYVI,7,5,7,3801,0,0,0,,0,3C13E,"PALOU AV","SILVER AV",0.00,,N,A,-,N,,,,,,,,,,Y,4,0,2,3,A,-,03,22350,,N,B,E,A,A,H,-,C,D,0,,,,,Y,,A,08,0,0,2,0,0,0,0,0,0,"- ","- ",,,"SAN FRANCISCO","SAN FRANCISCO",-122.39650726318359,37.737205505371094
9506483,2022,2022-10-10,3801,2022-09-01,1728,2735,MISSI,4,5,7,3801,0,0,0,,0,3D11D,"POTRERO AV","ALAMEDA ST",0.00,,Y,A,-,N,,,,,,,,,,Y,4,0,1,2,A,-,09,21801,A,N,A,C,A,A,H,-,A,A,0,,,,,Y,,A,01,0,0,1,0,0,0,0,0,0,"- ","- ",,,"SAN FRANCISCO","SAN FRANCISCO",-122.40779113769531,37.768383026123047
9506494,2022,2022-10-18,3801,2022-09-06,0851,310,SOUTH,2,5,7,3801,0,0,0,,0,3B12A,"6TH ST","HOWARD ST",0.00,,Y,A,-,N,,,,,,,,,,N,3,0,1,2,A,-,08,22107,,N,B,C,A,A,D,-,A,A,0,,,,,Y,,M,94,0,1,0,0,0,0,0,0,0,"- ","- ",,,"SAN FRANCISCO","SAN FRANCISCO",-122.40714263916016,37.779750823974609
9506511,2022,2022-10-11,3801,2022-09-16,2236,2730,BAYVI,5,5,7,3801,0,0,0,,0,3C12E,"PALOU AV","NEWHALL ST",0.00,,Y,A,-,N,,,,,,,,,,Y,4,0,1,2,A,-,12,22450,A,F,D,C,A,A,H,-,C,A,0,,,,,Y,,A,01,0,0,1,0,0,0,0,0,0,"- ","- ",,,"SAN FRANCISCO","SAN FRANCISCO",-122.39278411865234,37.735027313232422
9506624,2022,2022-10-10,3801,2022-09-04,0531,628,RICHM,7,5,7,3801,0,0,0,,0,0G4,"GEARY BL","25TH AV",0.00,,Y,A,-,N,,,,,,,,,,Y,4,0,1,2,A,-,12,21453,,N,D,-,A,A,H,-,B,A,0,,,,,Y,,-,"- ",0,0,1,0,0,0,0,0,0,"- ","- ",,,"SAN FRANCISCO","SAN FRANCISCO",-122.4847412109375,37.780162811279297
9507604,2022,2022-10-11,3801,2022-05-31,0844,2445,CENTR,2,5,7,3801,0,0,0,,0,3A11A,"SACRAMENTO ST","TAYLOR ST",0.00,,Y,A,-,N,,,,,,,,,,N,4,0,1,2,A,-,15,26451,B,N,E,C,A,A,H,-,A,A,0,,,,,Y,,M,44,0,0,1,0,0,0,0,0,0,"- ","- ",,,"SAN FRANCISCO","SAN FRANCISCO",-122.41264343261719,37.792549133300781
9507644,2022,2022-10-12,3801,2022-09-24,2240,623,BAYVI,6,5,7,3801,0,0,0,,0,3C11E,"CONNECTICUT ST","25TH ST",0.00,,Y,A,-,N,,,,,,,,,,Y,3,0,1,2,A,-,03,22350,,N,D,E,A,A,H,-,C,A,0,,,Y,,Y,,C,03,0,1,0,0,0,0,0,0,1,"- ","- ",,,"SAN FRANCISCO","SAN FRANCISCO",-122.39650726318359,37.7523193359375
9522336,2022,2023-01-10,3801,2022-11-20,1422,1157,BAYVI,7,5,7,3801,0,0,0,,0,3C11A,"GIANTS DR","DONNER AV",0.00,,Y,A,-,N,,,,,,,,,,N,4,0,1,2,A,-,03,22350,,F,B,C,A,A,H,-,A,D,0,,,,,Y,,A,01,0,0,1,0,0,0,0,0,0,"- ","- ",,,"SAN FRANCISCO","SAN FRANCISCO",-122.38558959960938,37.719638824462891
9522371,2022,2022-12-19,3801,2022-11-19,1248,310,SOUTH,6,5,7,3801,0,0,0,,0,3B12A,"BAYSHORE BL","HESTER AV",103.00,S,N,A,-,N,,,,,,,,,,N,3,0,2,2,A,-,03,22350,A,F,C,C,A,A,H,-,A,D,0,,,,,Y,,A,07,0,2,0,0,0,0,0,0,0,"- ","- ",,,"SAN FRANCISCO","SAN FRANCISCO",-122.40023040771484,37.713397979736328
9522380,2022,2022-12-19,3801,2022-11-27,0031,2391,NORTH,7,5,7,3801,0,0,0,,0,3E12E,"POLK ST","GREENWICH ST",45.00,N,N,A,-,N,,,,,,,,,,Y,3,0,1,2,A,-,01,23152,F,M,E,E,A,A,H,-,C,D,0,,,,,Y,,A,01,0,1,0,0,0,0,0,0,0,"- ","- ",,,"SAN FRANCISCO","SAN FRANCISCO",-122.42274475097656,37.800743103027344
9522400,2022,2022-12-12,3801,2022-10-29,2237,1783,MISSI,6,5,7,3801,0,0,0,,0,3D15E,"POTRERO AV","16TH ST",0.00,,Y,A,-,N,,,,,,,,,,N,4,0,1,2,A,-,09,21804,,N,D,D,A,A,H,-,C,A,0,,,,,Y,Y,A,07,0,0,1,0,0,0,0,0,0,"- ","- ",,,"SAN FRANCISCO","SAN FRANCISCO",-122.40756225585938,37.765773773193359
9531443,2022,2022-11-21,3801,2022-10-29,0240,1660,SOUTH,6,5,7,3801,0,0,0,,0,3B14E,"3RD ST","BRYANT ST",0.00,,Y,A,-,N,,,,,,,,,,Y,4,0,1,2,A,-,12,21453,A,F,F,C,A,A,H,-,C,A,0,,,,,Y,,A,01,0,0,1,0,0,0,0,0,0,"- ","- ",,,"SAN FRANCISCO","SAN FRANCISCO",-122.39585113525391,37.781307220458984
9531778,2022,2022-11-30,3801,2022-10-21,1342,A20952,INGLE,5,5,7,3801,0,0,0,,0,2CAR,"30TH ST","SANCHEZ ST",0.00,,Y,B,-,N,,,,,,,,,,N,4,0,1,2,A,-,17,21235,G,N,B,C,A,A,H,-,A,A,0,,,,,Y,Y,M,94,0,0,1,0,0,0,0,0,0,"- ","- ",,,"SAN FRANCISCO","SAN FRANCISCO",-122.42888641357422,37.741939544677734
9532107,2022,2022-11-21,3801,2022-05-17,0841,1325,TENDE,2,5,7,3801,0,0,0,,0,3J90A,"7TH ST","MARKET ST",0.00,,Y,A,-,N,,,,,,,,,,N,3,0,1,3,A,-,17,22517,,N,B,G,A,A,H,-,A,D,0,,Y,,,Y,,A,01,0,1,0,0,0,0,1,0,0,"- ","- ",,,"SAN FRANCISCO","SAN FRANCISCO",-122.41251373291016,37.780479431152344
9536037,2022,2022-12-28,3801,2022-11-29,2150,1871,INGLE,2,5,7,3801,0,0,0,,0,901,"MISSION ST","MOUNT VERNON AV",0.00,,Y,A,-,N,,,,,,,,,,N,4,0,1,2,A,-,08,22107,,N,B,C,A,A,H,-,C,D,0,,,,,Y,,A,01,0,0,1,0,0,0,0,0,0,"- ","- ",,,"SAN FRANCISCO","SAN FRANCISCO",-122.44264984130859,37.714607238769531
9542752,2022,2023-01-17,3801,2022-11-25,2050,1766,TRAFF,5,5,7,3801,0,0,0,,0,4B103,"19TH ST","MISSION ST",17.00,E,N,A,-,N,,,,,,,,,,N,4,0,2,2,A,-,03,22350,,F,B,C,A,A,H,-,C,A,0,,,,,Y,,I,11,0,0,2,0,0,0,0,0,0,"- ","- ",,,"SAN FRANCISCO","SAN FRANCISCO",-122.41915893554688,37.760223388671875
9543018,2022,2023-01-10,3801,2022-09-26,1626,A09968,PARK,1,5,7,3801,0,0,0,,0,3F13D,"HAYES ST","BAKER ST",0.00,,Y,A,-,N,,,,,,,,,,N,3,0,1,2,A,-,10,21950,A,N,-,B,B,A,H,-,A,A,0,Y,,,,Y,,A,01,0,1,0,0,1,0,0,0,0,"- ","- ",,,"SAN FRANCISCO","SAN FRANCISCO",-122.44110870361328,37.774555206298828
9543090,2022,2023-02-09,3801,2022-12-25,1917,539,NORTH,7,5,7,3801,0,0,0,,0,,"FRANKLIN ST","OAK ST",38.00,S,N,A,-,N,,,,,,,,,,N,4,0,1,2,A,-,04,21703,,N,C,C,A,-,H,-,C,B,0,,,,,Y,,A,01,0,0,1,0,0,0,0,0,0,"- ","- ",,,"SAN FRANCISCO","SAN FRANCISCO",-122.42092895507812,37.775108337402344
9543095,2022,2023-02-07,3801,2022-12-19,0744,1003,INGLE,1,5,7,3801,0,0,0,,0,3CAR,"ALEMANY BL","CONGDON ST",0.00,,Y,A,-,N,,,,,,,,,,Y,3,0,1,3,A,-,09,21801,A,N,D,C,A,A,H,-,A,A,0,,,Y,,Y,,A,01,0,1,0,0,0,0,0,0,1,"- ","- ",,,"SAN FRANCISCO","SAN FRANCISCO",-122.42619323730469,37.731166839599609
9543191,2022,2023-02-04,3801,2022-12-02,1512,1406,SOUTH,5,5,7,3801,0,0,0,,0,3CAR,"HARRISON ST","07TH ST",10.00,E,N,A,-,N,,,,,,,,,,Y,4,0,1,4,A,-,08,22107,,N,B,C,A,A,H,-,A,A,0,,,,,Y,,A,01,0,0,1,0,0,0,0,0,0,"- ","- ",,,"SAN FRANCISCO","SAN FRANCISCO",,
9543192,2022,2023-02-04,3801,2022-12-04,0016,118,PARK,7,5,7,3801,0,0,0,,0,EF13E,"STANYAN ST","FELL ST",0.00,,Y,B,-,N,,,,,,,,,,Y,4,0,1,2,A,-,09,21801,A,N,D,-,A,B,H,-,C,A,0,,,,,Y,,A,01,0,0,1,0,0,0,0,0,0,"- ","- ",,,"SAN FRANCISCO","SAN FRANCISCO",-122.45407104492188,37.77197265625
9543226,2022,2023-02-16,3801,2022-12-15,2316,524,INGLE,4,5,7,3801,0,0,0,,0,3H13E,"FORESTER ST","TERESITA BL",0.00,,Y,A,-,N,,,,,,,,,,N,2,0,1,2,A,-,11,21954,A,F,G,B,E,A,H,-,D,A,0,Y,,,,Y,,N,60,1,0,0,0,1,0,0,0,0,"- ","- ",,,"SAN FRANCISCO","SAN FRANCISCO",-122.44889068603516,37.734272003173828
9545214,2022,2023-02-10,3801,2022-11-02,0822,1500,CENTR,3,5,7,3801,0,0,0,,0,3A4A,"VALLEJO ST","POLLARD ST",36.00,E,N,B,-,N,,,,,,,,,,N,4,0,1,2,A,-,21,22106,,N,C,C,A,A,H,-,A,D,0,,,Y,,Y,,-,,0,0,1,0,0,0,0,0,1,"- ","- ",,,"SAN FRANCISCO","SAN FRANCISCO",-122.40629577636719,37.798904418945312
9545237,2022,2023-02-14,3801,2022-11-14,1400,1518,CENTR,1,5,7,3801,0,0,0,,0,3A44C,BROADWAY,"POWELL ST",659.00,W,N,A,-,N,,,,,,,,,,N,4,0,3,2,A,-,17,21461,A,N,B,I,A,A,H,-,A,A,0,,,,Y,Y,,-,"- ",0,0,3,0,0,0,0,0,0,"- ","- ",,,"SAN FRANCISCO","SAN FRANCISCO",-122.41249084472656,37.797187805175781