CASE_ID,ACCIDENT_YEAR,PROC_DATE,JURIS,COLLISION_DATE,COLLISION_TIME,OFFICER_ID,REPORTING_DISTRICT,DAY_OF_WEEK,CHP_SHIFT,POPULATION,CNTY_CITY_LOC,SPECIAL_COND,BEAT_TYPE,CHP_BEAT_TYPE,CITY_DIVISION_LAPD,CHP_BEAT_CLASS,BEAT_NUMBER,PRIMARY_RD,SECONDARY_RD,DISTANCE,DIRECTION,INTERSECTION,WEATHER_1,WEATHER_2,STATE_HWY_IND,CALTRANS_COUNTY,CALTRANS_DISTRICT,STATE_ROUTE,ROUTE_SUFFIX,POSTMILE_PREFIX,POSTMILE,LOCATION_TYPE,RAMP_INTERSECTION,SIDE_OF_HWY,TOW_AWAY,COLLISION_SEVERITY,NUMBER_KILLED,NUMBER_INJURED,PARTY_COUNT,PRIMARY_COLL_FACTOR,PCF_CODE_OF_VIOL,PCF_VIOL_CATEGORY,PCF_VIOLATION,PCF_VIOL_SUBSECTION,HIT_AND_RUN,TYPE_OF_COLLISION,MVIW,PED_ACTION,ROAD_SURFACE,ROAD_COND_1,ROAD_COND_2,LIGHTING,CONTROL_DEVICE,CHP_ROAD_TYPE,PEDESTRIAN_ACCIDENT,BICYCLE_ACCIDENT,MOTORCYCLE_ACCIDENT,TRUCK_ACCIDENT,NOT_PRIVATE_PROPERTY,ALCOHOL_INVOLVED,STWD_VEHTYPE_AT_FAULT,CHP_VEHTYPE_AT_FAULT,COUNT_SEVERE_INJ,COUNT_VISIBLE_INJ,COUNT_COMPLAINT_PAIN,COUNT_PED_KILLED,COUNT_PED_INJURED,COUNT_BICYCLIST_KILLED,COUNT_BICYCLIST_INJURED,COUNT_MC_KILLED,COUNT_MC_INJURED,PRIMARY_RAMP,SECONDARY_RAMP,LATITUDE,LONGITUDE,COUNTY,CITY,POINT_X,POINT_Y
9625580,2023,2023-10-11,3801,2023-09-17,1629,1511,BAYVI,7,5,7,3801,0,0,0,,0,3C90D,"3RD ST","QUESADA AV",0.00,,Y,A,-,N,,,,,,,,,,Y,2,0,1,3,A,-,03,22350,,N,C,C,A,A,H,-,A,A,0,,,Y,,Y,,A,01,1,0,0,0,0,0,0,0,1,"- ","- ",,,"SAN FRANCISCO","SAN FRANCISCO",-122.39132690429688,37.733272552490234
9626181,2023,2023-10-11,3801,2023-09-17,1900,837,CENTR,7,5,7,3801,0,0,0,,0,3A12D,"KEARNY ST","VERMEHR PL",31.00,N,N,A,-,N,,,,,,,,,,Y,3,0,1,2,A,-,03,22350,,N,C,C,A,A,H,-,B,A,0,,,Y,,Y,,C,02,0,1,0,0,0,0,0,0,1,"- ","- ",,,"SAN FRANCISCO","SAN FRANCISCO",-122.40377044677734,37.789424896240234
9626198,2023,2023-10-11,3801,2023-09-13,2231,367,CENTR,3,5,7,3801,0,0,0,,0,3A13E,"NEW MONTGOMERY ST","MARKET ST",0.00,,Y,A,-,N,,,,,,,,,,N,4,0,1,2,A,-,10,21950,A,N,G,B,B,A,H,-,C,A,0,Y,,,,Y,,A,01,0,0,1,0,1,0,0,0,0,"- ","- ",,,"SAN FRANCISCO","SAN FRANCISCO",-122.40199279785156,37.788768768310547
9626201,2023,2023-10-17,3801,2023-09-20,1945,233,MISSI,3,5,7,3801,0,0,0,,0,03D,"22ND ST","VALENCIA ST",0.00,,Y,A,-,N,,,,,,,,,,N,3,0,1,2,A,-,09,21801,A,N,-,G,A,A,H,-,C,A,0,,Y,,,Y,,L,04,0,1,0,0,0,0,1,0,0,"- ","- ",,,"SAN FRANCISCO","SAN FRANCISCO",-122.42096710205078,37.755306243896484
9626203,2023,2023-10-26,3801,2023-09-22,1302,1352,MISSI,5,5,7,3801,0,0,0,,0,3D16C,"BRYANT ST","16TH ST",0.00,,Y,A,-,N,,,,,,,,,,Y,4,0,1,2,A,-,12,21453,,F,A,C,A,A,H,-,A,A,0,,,Y,,Y,Y,A,01,0,0,1,0,0,0,0,0,1,"- ","- ",,,"SAN FRANCISCO","SAN FRANCISCO",-122.4105224609375,37.765594482421875
9626236,2023,2023-10-11,3801,2023-09-13,1144,311,PARK,3,5,7,3801,0,0,0,,0,3F1A,"7TH AV","HUGO ST",0.00,,Y,A,-,N,,,,,,,,,,N,2,0,1,1,A,-,03,22350,,N,H,A,A,A,H,-,A,D,0,,Y,,,Y,,-,"- ",1,0,0,0,0,0,1,0,0,"- ","- ",,,"SAN FRANCISCO","SAN FRANCISCO",-122.46424102783203,37.765060424804688
9626247,2023,2023-10-11,3801,2023-09-03,"102 ",2437,BAYVI,7,5,7,3801,0,0,0,,0,3C15E,"3RD ST","BANCROFT AV",100.00,S,N,A,-,N,,,,,,,,,,Y,2,0,3,2,A,-,03,22350,,F,B,C,A,A,H,-,C,A,0,,,,,Y,,B,01,1,1,1,0,0,0,0,0,0,"- ","- ",,,"SAN FRANCISCO","SAN FRANCISCO",-122.39412689208984,37.72601318359375
9633483,2023,2023-11-17,3801,2023-10-07,1717,1166,INGLE,6,5,7,3801,0,0,0,,0,3H15D,"GENEVA AV","GENEVA AV 1640",0.00,,Y,A,-,N,,,,,,,,,,Y,3,0,3,2,C,-,18,,,N,D,C,A,A,H,-,A,D,0,,,,,Y,,-,"- ",0,1,2,0,0,0,0,0,0,"- ","- ",,,"SAN FRANCISCO","SAN FRANCISCO",,
9633713,2023,2023-11-13,3801,2023-10-16,1830,798,NORTH,1,5,7,3801,0,0,0,,0,,"HAYES ST","STEINER ST",0.00,,Y,A,-,N,,,,,,,,,,N,4,0,1,2,A,-,10,21950,,N,G,B,B,A,H,-,C,A,0,Y,,,,Y,,-,,0,0,1,0,1,0,0,0,0,"- ","- ",,,"SAN FRANCISCO","SAN FRANCISCO",-122.43283081054688,37.775611877441406
9633719,2023,2023-11-13,3801,2023-10-11,"900 ",1796,RICHM,3,5,7,3801,0,0,0,,0,3G14A,"GEARY BL","26TH AV",0.00,,Y,A,-,N,,,,,,,,,,N,3,0,1,2,A,-,10,21950,,N,G,B,B,A,H,-,A,A,0,Y,,,,Y,,-,,0,1,0,0,1,0,0,0,0,"- ","- ",,,"SAN FRANCISCO","SAN FRANCISCO",-122.48580932617188,37.780101776123047
9633758,2023,2023-11-21,3801,2023-10-12,1000,2495,BAY,4,5,7,3801,0,0,0,,0,3C11A,"CESAR CHAVEZ ST","INDIANA ST",15.00,E,N,A,-,N,,,,,,,,,,N,4,0,2,2,A,-,08,22107,,N,G,B,E,A,H,-,A,-,0,Y,,,,Y,,A,01,0,0,2,0,1,0,0,0,0,"- ","- ",,,"SAN FRANCISCO","SAN FRANCISCO",-122.39039611816406,37.750068664550781
9633761,2023,2023-11-28,3801,2023-10-05,"905 ",1892,BAYVI,4,5,7,3801,0,0,0,,0,3C12A,"PHELPS ST","MCKINNON AV",0.00,,Y,A,-,N,,,,,,,,,,N,4,0,1,2,A,-,08,22107,,N,D,G,A,A,H,-,A,A,0,,Y,,,Y,,A,01,0,0,1,0,0,0,1,0,0,"- ","- ",,,"SAN FRANCISCO","SAN FRANCISCO",-122.39293670654297,37.737979888916016
9633771,2023,2023-11-27,3801,2023-10-02,"743 ",532,RICHM,1,5,7,3801,0,0,0,,0,3G1A,"CHAIN OF LAKES DR","JOHN F KENNEDY DR",0.00,,Y,A,-,N,,,,,,,,,,N,3,0,1,2,D,-,00,,,N,D,G,A,A,H,-,A,A,0,,Y,,,Y,,-,"- ",0,1,0,0,0,0,1,0,0,"- ","- ",,,"SAN FRANCISCO","SAN FRANCISCO",,
9633793,2023,2024-01-06,3801,2023-10-06,"234 ",2498,NORTH,5,5,7,3801,0,0,0,,0,3E13E,"POLK ST","PINE ST",0.00,,Y,A,-,N,,,,,,,,,,Y,4,0,1,2,A,-,08,22107,,F,B,G,A,A,H,-,C,A,0,,Y,,,Y,,A,01,0,0,1,0,0,0,1,0,0,"- ","- ",,,"SAN FRANCISCO","SAN FRANCISCO",-122.42050170898438,37.789642333984375
9633799,2023,2024-01-06,3801,2023-10-05,"900 ",1501,INGLE,4,5,7,3801,0,0,0,,0,3H13A,"SAN JOSE AV","SAINT MARYS AV",0.00,,Y,A,-,N,,,,,,,,,,N,4,0,1,2,A,-,08,22107,,N,-,C,A,A,H,-,A,D,0,,,Y,,Y,,A,01,0,0,1,0,0,0,0,0,1,"- ","- ",,,"SAN FRANCISCO","SAN FRANCISCO",-122.42839813232422,37.734992980957031
9633813,2023,2023-11-22,3801,2023-10-28,1830,2107,NORTH,6,5,7,3801,0,0,0,,0,03E,"POST ST","LAGUNA ST",25.00,W,N,A,-,N,,,,,,,,,,N,4,0,1,2,A,-,07,21658,A,N,B,C,A,A,H,-,C,D,0,,,Y,,Y,,A,01,0,0,1,0,0,0,0,0,1,"- ","- ",,,"SAN FRANCISCO","SAN FRANCISCO",-122.42824554443359,37.785789489746094
9633832,2023,2023-11-22,3801,2023-10-24,1448,4292,BAY,2,5,7,3801,0,0,0,,0,3C11D,"20TH ST","GEORGIA ST",0.00,,Y,A,-,N,,,,,,,,,,N,3,0,1,1,A,-,13,22515,A,N,E,I,A,A,H,-,A,A,0,,,,,Y,,A,01,0,1,0,0,0,0,0,0,0,"- ","- ",,,"SAN FRANCISCO","SAN FRANCISCO",-122.385617,37.760674000000002
9634243,2023,2023-11-13,3801,2023-09-29,2020,2238,BAYVI,5,5,7,3801,0,0,0,,0,3C12D,"PAUL AV","BAYSHORE BL",17.00,E,N,A,-,N,,,,,,,,,,N,4,0,1,2,A,-,03,22350,,M,C,C,A,A,H,-,C,A,0,,,,,Y,,A,01,0,0,1,0,0,0,0,0,0,"- ","- ",,,"SAN FRANCISCO","SAN FRANCISCO",-122.40073394775391,37.723594665527344
9634253,2023,2023-11-13,3801,2023-09-29,1608,1925,CENTR,5,5,7,3801,0,0,0,,0,901,"POST ST","POWELL ST",0.00,,Y,A,-,N,,,,,,,,,,N,4,0,1,2,A,-,10,21950,A,N,B,B,B,A,H,-,A,A,0,Y,,,,Y,,A,01,0,0,1,0,1,0,0,0,0,"- ","- ",,,"SAN FRANCISCO","SAN FRANCISCO",-122.40840148925781,37.788291931152344
9634273,2023,2023-11-14,3801,2023-09-28,"804 ",1513,RICHM,4,5,7,3801,0,0,0,,0,3G13A,"BALBOA ST","4TH AV",0.00,,Y,A,-,N,,,,,,,,,,N,4,0,1,1,A,-,08,22100,B,N,A,I,A,A,H,-,A,D,0,,,Y,,Y,,C,03,0,0,1,0,0,0,0,0,1,"- ","- ",,,"SAN FRANCISCO","SAN FRANCISCO",-122.46189117431641,37.777320861816406
9634734,2023,2024-01-20,3801,2023-11-17,1853,2222,NORTH,5,5,7,3801,0,0,0,,0,3E13E,"GOUGH ST","MCALLISTER ST",14.00,N,N,C,-,N,,,,,,,,,,N,4,0,1,2,A,-,10,21950,A,N,G,B,B,B,H,-,C,A,0,Y,,,,Y,,A,01,0,0,1,0,1,0,0,0,0,"- ","- ",,,"SAN FRANCISCO","SAN FRANCISCO",-122.42354583740234,37.779708862304688
9634736,2023,2024-01-20,3801,2023-11-13,2107,307,NORTH,1,5,7,3801,0,0,0,,0,3E11D,"FELL ST","BUCHANAN ST",0.00,,Y,A,-,N,,,,,,,,,,N,4,0,2,3,A,-,08,22107,,N,D,C,A,A,H,-,C,A,0,,,,,Y,,A,01,0,0,2,0,0,0,0,0,0,"- ","- ",,,"SAN FRANCISCO","SAN FRANCISCO",-122.42771148681641,37.77532958984375
9634744,2023,2023-12-20,3801,2023-11-15,1945,1096,CENTR,3,5,7,3801,0,0,0,,0,3A12D,"POST ST","GRANT AV",0.00,,Y,C,-,N,,,,,,,,,,N,4,0,1,2,A,-,03,22350,,N,C,G,A,B,H,-,C,A,0,,Y,,,Y,,A,01,0,0,1,0,0,0,1,0,0,"- ","- ",,,"SAN FRANCISCO","SAN FRANCISCO",-122.40522003173828,37.7886962890625
9634747,2023,2023-12-20,3801,2023-11-15,1047,1653,INGLE,3,5,7,3801,0,0,0,,0,,"CONGDON ST","MAYNARD ST",0.00,,Y,A,-,N,,,,,,,,,,N,3,0,1,2,A,-,09,21802,A,N,D,G,A,A,H,-,A,A,0,,Y,,,Y,,A,01,0,1,0,0,0,0,1,0,0,"- ","- ",,,"SAN FRANCISCO","SAN FRANCISCO",-122.42604064941406,37.729412078857422
9634770,2023,2024-01-05,3801,2023-11-11,1855,2380,SOUTH,6,5,7,3801,0,0,0,,0,0B4,"SOUTH VAN NESS","MISSION ST",30.00,N,N,A,-,N,,,,,,,,,,N,4,0,1,2,A,-,08,22107,,N,B,C,A,A,H,-,C,A,0,,,,,Y,,A,01,0,0,1,0,0,0,0,0,0,"- ","- ",,,"SAN FRANCISCO","SAN FRANCISCO",-122.41865539550781,37.773189544677734
9634777,2023,2024-01-09,3801,2023-11-14,1003,1580,SOUTH,2,5,7,3801,0,0,0,,0,3B1A,"WARRIORS WY","3RD ST",0.00,,Y,A,-,N,,,,,,,,,,N,4,0,1,2,D,-,00,,,N,H,A,A,A,H,-,A,D,0,,,Y,,Y,,-,"- ",0,0,1,0,0,0,0,0,1,"- ","- ",,,"SAN FRANCISCO","SAN FRANCISCO",-122.38920593261719,37.768798828125
9634796,2023,2024-01-20,3801,2023-11-05,1823,2190,INGLE,7,5,7,3801,0,0,0,,0,3H14D,"BOSWORTH ST","DIAMOND ST",0.00,,Y,C,-,N,,,,,,,,,,N,3,0,1,2,A,-,11,21950,B,N,G,B,B,B,H,-,C,A,0,Y,,,,Y,,N,60,0,1,0,0,1,0,0,0,0,"- ","- ",,,"SAN FRANCISCO","SAN FRANCISCO",-122.43415069580078,37.733497619628906
9636244,2023,2024-02-13,3801,2023-12-21,1829,334,,4,5,7,3801,0,0,0,,0,0H2,"SAN JOSE AV","30TH ST",0.00,,Y,A,-,N,,,,,,,,,,N,4,0,1,2,A,-,17,21209,,N,C,D,A,A,H,-,C,D,0,,,Y,,Y,,C,02,0,0,1,0,0,0,0,0,1,"- ","- ",,,"SAN FRANCISCO","SAN FRANCISCO",-122.42333984375,37.742301940917969
9636249,2023,2024-02-12,3801,2023-12-24,1242,1352,,7,5,7,3801,0,0,0,,0,3D16C,"SOUTH VAN NESS","17TH ST",0.00,,Y,A,-,N,,,,,,,,,,N,4,0,2,2,A,-,01,23152,A,N,C,C,A,A,H,-,A,A,0,,,,,Y,Y,A,01,0,0,2,0,0,0,0,0,0,"- ","- ",,,"SAN FRANCISCO","SAN FRANCISCO",-122.41733551025391,37.763557434082031
9636281,2023,2024-02-27,3801,2023-12-19,1525,4292,BAYVI,2,5,7,3801,0,0,0,,0,3C11D,"PAUL AV","CRANE ST",0.00,,N,B,-,N,,,,,,,,,,Y,4,0,3,2,A,-,07,21658,,N,A,C,A,B,H,-,A,A,0,,,,,Y,,A,01,0,0,3,0,0,0,0,0,0,"- ","- ",,,"SAN FRANCISCO","SAN FRANCISCO",-122.39923095703125,37.723220825195312
9636314,2023,2024-02-15,3801,2023-12-12,1545,746,INGLE,2,5,7,3801,0,0,0,,0,,"GENEBERN WY","BENTON AV",0.00,,Y,A,-,N,,,,,,,,,,N,3,0,1,2,A,-,08,22107,,N,G,B,B,A,-,-,A,D,0,Y,,,,Y,,A,01,0,1,0,0,1,0,0,0,0,"- ","- ",,,"SAN FRANCISCO","SAN FRANCISCO",-122.42511749267578,37.732879638671875
9636608,2023,2023-11-14,3801,2023-09-29,1420,A23982,PARK,5,5,7,3801,0,0,0,,0,3F13A,"HILLWAY AV","CARL ST",0.00,,Y,B,-,N,,,,,,,,,,Y,3,0,3,3,A,-,09,21802,A,N,D,C,A,A,H,-,A,D,0,,,,,Y,,A,01,0,1,2,0,0,0,0,0,0,"- ","- ",,,"SAN FRANCISCO","SAN FRANCISCO",-122.45680236816406,37.764919281005859
9641837,2023,2023-12-08,3801,2023-10-30,"707 ",428,CENTR,1,5,7,3801,0,0,0,,0,,"SACRAMENTO ST","SANSOME ST",0.00,,Y,A,-,N,,,,,,,,,,Y,4,0,2,2,A,-,12,21453,A,N,D,C,A,A,-,-,A,A,0,,,,,Y,,A,08,0,0,2,0,0,0,0,0,0,"- ","- ",,,"SAN FRANCISCO","SAN FRANCISCO",-122.40132141113281,37.79400634765625
9650267,2023,2024-02-13,3801,2023-12-04,1535,4041,TARAV,1,5,7,3801,0,0,0,,0,3I13D,"IRVING ST","43RD AV",90.00,E,N,A,-,N,,,,,,,,,,N,4,0,1,2,A,-,05,21650,,N,D,J,A,A,H,-,A,D,0,,,Y,,Y,,C,03,0,0,1,0,0,0,0,0,1,"- ","- ",,,"SAN FRANCISCO","SAN FRANCISCO",-122.50254058837891,37.762439727783203
9650273,2023,2024-02-13,3801,2023-12-04,"746 ",2495,RICHM,1,5,7,3801,0,0,0,,0,3G60,"19TH AV","CALIFORNIA ST",3.00,S,N,B,-,N,,,,,,,,,,N,3,0,1,2,A,-,10,21950,A,M,A,B,B,A,H,-,A,A,0,Y,,,,Y,,A,01,0,1,0,0,1,0,0,0,0,"- ","- ",,,"SAN FRANCISCO","SAN FRANCISCO",-122.47859191894531,37.784160614013672
9650291,2023,2024-02-05,3801,2023-12-04,"941 ",1892,RICHM,1,5,7,3801,0,0,0,,0,3G60,"LUPINE AV","LAUREL ST",273.00,E,N,B,-,N,,,,,,,,,,N,4,0,1,2,A,-,21,22106,,N,C,C,A,A,H,-,A,A,0,,,,,Y,,A,01,0,0,1,0,0,0,0,0,0,"- ","- ",,,"SAN FRANCISCO","SAN FRANCISCO",-122.44832611083984,37.784412384033203
9650314,2023,2024-02-23,3801,2023-12-12,"702 ",1572,SOUTH,2,5,7,3801,0,0,0,,0,3B1A,"BEALE ST","BRYANT ST",0.00,,Y,A,-,N,,,,,,,,,,,3,0,1,2,A,-,08,22101,,N,B,J,A,A,H,-,C,D,0,,,,,Y,,A,01,0,1,0,0,0,0,0,0,0,"- ","- ",,,"SAN FRANCISCO","SAN FRANCISCO",-122.38969421386719,37.786220550537109
9650665,2023,2024-01-17,3801,2023-08-26,1500,1796,RICHM,6,5,7,3801,0,0,0,,0,002,"ARUGUELLO BL","GEARY BL",0.00,,Y,B,-,N,,,,,,,,,,N,4,0,1,2,A,-,09,21801,A,N,D,G,A,A,H,-,A,A,0,,Y,,,Y,,A,07,0,0,1,0,0,0,1,0,0,"- ","- ",,,"SAN FRANCISCO","SAN FRANCISCO",-122.45887756347656,37.781333923339844
9658561,2023,2024-03-13,3801,2023-12-29,2030,2380,SOUTH,5,5,7,3801,0,0,0,,0,0B3,"HARRISON ST","7TH ST",0.00,,Y,C,-,N,,,,,,,,,,Y,3,0,3,2,A,-,12,21453,A,N,D,C,A,B,H,-,C,A,0,,,,,Y,,A,01,0,1,2,0,0,0,0,0,0,"- ","- ",,,"SAN FRANCISCO","SAN FRANCISCO",-122.40628051757812,37.775539398193359
9658842,2023,2024-03-12,3801,2023-12-29,2234,2307,NORTH,5,5,7,3801,0,0,0,,0,3E6E,"LOMBARD ST","VAN NESS AV",0.00,,Y,B,-,N,,,,,,,,,,N,3,0,1,2,A,-,10,21950,A,N,G,B,B,B,H,-,C,A,0,Y,,,,Y,Y,I,11,0,1,0,0,1,0,0,0,0,"- ","- ",,,"SAN FRANCISCO","SAN FRANCISCO",-122.42446899414062,37.80133056640625
9659715,2024,2024-03-22,3801,2024-01-18,"700 ",801,SOUTH,4,5,7,3801,0,0,0,,0,0B2,"5TH ST","5TH ST 490",20.00,N,N,A,-,N,,,,,,,,,,Y,4,0,1,2,A,-,03,22350,,N,C,C,A,A,H,-,C,A,0,,,,,Y,,A,01,0,0,1,0,0,0,0,0,0,"- ","- ",,,"SAN FRANCISCO","SAN FRANCISCO",-122.40811157226562,37.784038543701172
9659727,2024,2024-08-30,3801,2024-01-25,1100,4132,MISSI,4,5,7,3801,0,0,0,,0,6CAR,"SOUTH VAN NESS AV","16TH ST",95.00,S,N,A,-,N,,,,,,,,,,N,4,0,1,2,A,-,04,21703,,N,C,D,A,A,H,-,A,D,0,,,,,Y,,A,01,0,0,1,0,0,0,0,0,0,"- ","- ",,,"SAN FRANCISCO","SAN FRANCISCO",-122.41747283935547,37.764919281005859
9662945,2024,2024-03-19,3801,2024-01-19,2256,1833,CENTR,5,5,7,3801,0,0,0,,0,3A14E,"COLUMBUS AV","UNION ST",0.00,,Y,C,-,N,,,,,,,,,,N,4,0,1,2,A,-,10,21950,A,N,G,B,B,B,H,-,C,A,0,Y,,,,Y,,A,01,0,0,1,0,1,0,0,0,0,SO,"- ",,,"SAN FRANCISCO","SAN FRANCISCO",-122.41017150878906,37.800304412841797
9664978,2024,2024-04-19,3801,2024-02-03,1350,1119,SOUTH,6,5,7,3801,0,0,0,,0,3B1,"FOLSOM ST","HAWTHORNE ST",0.00,,Y,A,-,N,,,,,,,,,,Y,4,0,2,2,A,-,12,21453,A,N,-,C,A,A,H,-,A,A,0,,,,,Y,,A,07,0,0,2,0,0,0,0,0,0,"- ","- ",,,"SAN FRANCISCO","SAN FRANCISCO",-122.39783477783203,37.784683227539062
9664980,2024,2024-04-18,3801,2024-02-20,1632,2210,SOUTH,2,5,7,3801,0,0,0,,0,0B5,"BERRY ST","4TH ST",0.00,,Y,C,-,N,,,,,,,,,,N,4,0,1,2,A,-,10,21950,A,N,G,B,B,B,H,-,A,A,0,Y,,,,Y,,A,01,0,0,1,0,1,0,0,0,0,"- ","- ",,,"SAN FRANCISCO","SAN FRANCISCO",-122.39334106445312,37.775779724121094
9666544,2024,2024-03-14,3801,2024-01-10,1324,4269,INGLE,3,5,7,3801,0,0,0,,0,3H15A,"OCEAN AV","SAN JOSE AV",0.00,,Y,B,-,N,,,,,,,,,,,4,0,2,2,A,-,08,22107,,N,A,C,A,B,H,-,A,A,0,,,,,Y,,A,01,0,0,2,0,0,0,0,0,0,"- ","- ",,,"SAN FRANCISCO","SAN FRANCISCO",-122.44480895996094,37.722934722900391
9666715,2024,2024-03-26,3801,2024-01-10,1112,937,BAYVI,3,5,7,3801,0,0,0,,0,3C15A,"LANE ST","VAN DYKE AV",35.00,S,N,B,-,N,,,,,,,,,,N,4,0,1,2,A,-,21,22106,,N,G,B,F,A,H,-,A,D,0,Y,,,,Y,,D,22,0,0,1,0,1,0,0,0,0,"- ","- ",,,"SAN FRANCISCO","SAN FRANCISCO",-122.39250183105469,37.729061126708984
9668431,2024,2024-04-26,3801,2024-02-06,1840,1740,CENTR,2,5,7,3801,0,0,0,,0,3A13D,"BAY ST","HYDE ST",0.00,,N,A,-,N,,,,,,,,,,Y,3,0,1,3,A,-,07,21658,A,M,D,E,A,A,H,-,C,D,0,,,,,Y,,A,01,0,1,0,0,0,0,0,0,0,"- ","- ",,,"SAN FRANCISCO","SAN FRANCISCO",-122.42015838623047,37.804786682128906
9670570,2024,2024-03-14,3801,2024-01-10,"200 ",2467,BAYVI,3,5,7,3801,0,0,0,,0,3C11E,"QUESADA AV","JENNINGS ST",0.00,,N,A,-,N,,,,,,,,,,N,3,0,1,4,A,-,03,22350,,F,C,G,A,A,H,-,C,A,0,,Y,,,Y,Y,-,,0,1,0,0,0,0,1,0,0,"- ","- ",,,"SAN FRANCISCO","SAN FRANCISCO",-122.3858642578125,37.730167388916016
9670728,2023,2024-03-05,3801,2023-11-29,1110,2088,INGLE,3,5,7,3801,0,0,0,,0,3H12A,"CHURCH ST","VALLEY ST",0.00,,Y,A,-,N,,,,,,,,,,Y,4,0,2,2,A,-,12,22450,A,N,D,C,A,A,H,-,A,A,0,,,,,Y,,A,01,0,0,2,0,0,0,0,0,0,"- ","- ",,,"SAN FRANCISCO","SAN FRANCISCO",-122.42672729492188,37.7445068359375
9671735,2024,2024-04-18,3801,2024-02-26,"917 ",2229,TENDE,1,5,7,3801,0,0,0,,0,3J1A,"9TH ST","JESSIE ST",0.00,,Y,A,-,N,,,,,,,,,,N,4,0,1,2,A,-,04,21703,,N,C,C,A,A,H,-,A,A,0,,,,,Y,Y,A,01,0,0,1,0,0,0,0,0,0,"- ","- ",,,"SAN FRANCISCO","SAN FRANCISCO",-122.41532897949219,37.776706695556641
9671752,2024,2024-04-08,3801,2024-01-28,1403,1075,SOUTH,7,5,7,3801,0,0,0,,0,3B1A,"7TH ST","MINNA ST",0.00,,Y,A,-,N,,,,,,,,,,N,3,0,1,2,D,-,00,,,N,C,C,A,A,H,-,A,D,0,,,Y,,Y,,-,"- ",0,1,0,0,0,0,0,0,1,"- ","- ",,,"SAN FRANCISCO","SAN FRANCISCO",-122.41038513183594,37.778785705566406
9672915,2024,2024-04-24,3801,2024-02-27,"916 ",1642,PARK,2,5,7,3801,0,0,0,,0,3F13A,"CLARENDON AV","CLARENDON WOODS AV",250.00,W,N,A,-,N,,,,,,,,,,N,2,0,1,2,A,-,03,22350,A,N,D,G,A,A,H,-,A,D,0,,Y,,Y,Y,,L,04,1,0,0,0,0,0,1,0,0,"- ","- ",,,"SAN FRANCISCO","SAN FRANCISCO",,
9676311,2024,2024-03-13,3801,2024-01-20,1910,4274,RICHM,6,5,7,3801,0,0,0,,0,3G4D,"FULTON ST","25TH AV",15.00,E,N,-,-,N,,,,,,,,,,N,4,0,1,2,A,-,16,27007,,N,C,C,A,B,H,-,C,A,0,,,,,Y,,A,01,0,0,1,0,0,0,0,0,0,"- ","- ",,,"SAN FRANCISCO","SAN FRANCISCO",-122.484130859375,37.772571563720703
9676938,2024,2024-05-29,3801,2024-04-20,1258,830,MISSI,6,5,7,3801,0,0,0,,0,3D15A,"19TH ST","SAN CARLOS ST",0.00,,Y,A,-,N,,,,,,,,,,Y,4,0,1,3,A,-,12,22450,,F,D,C,A,A,H,-,A,A,0,,,,,Y,,A,01,0,0,1,0,0,0,0,0,0,"- ","- ",,,"SAN FRANCISCO","SAN FRANCISCO",-122.41998291015625,37.76019287109375
9676960,2024,2024-06-06,3801,2024-04-26,2500,4269,INGLE,5,5,7,3801,0,0,0,,0,3H12A,"DIAMOND HEIGHTS BL","DIAMOND HEIGHTS BL, 5620",0.00,,Y,A,-,N,,,,,,,,,,N,3,0,1,2,A,-,03,22350,,N,D,C,A,B,H,-,A,D,0,,,Y,,Y,,C,03,0,1,0,0,0,0,0,0,0,"- ","- ",,,"SAN FRANCISCO","SAN FRANCISCO",-122.43734741210938,37.738296508789062
9677027,2024,2024-05-29,3801,2024-04-04,2136,709,BAYVI,4,5,7,3801,0,0,0,,0,3C11E,"RHODE ISLAND ST","18TH ST",0.00,,Y,A,-,N,,,,,,,,,,Y,4,0,1,2,A,-,09,21800,A,N,D,C,A,B,H,-,C,A,0,,,,,Y,,A,07,0,0,1,0,0,0,0,0,0,"- ","- ",,,"SAN FRANCISCO","SAN FRANCISCO",-122.40235137939453,37.762226104736328
9677661,2024,2024-05-30,3801,2024-03-27,1446,1119,SOUTH,3,5,7,3801,0,0,0,,0,,"HOWARD ST","5TH ST",35.00,W,N,A,-,N,,,,,,,,,,Y,4,0,1,2,A,-,03,22350,,N,D,C,A,A,H,-,A,A,0,,,Y,,Y,,C,02,0,0,1,0,0,0,0,0,1,"- ","- ",,,"SAN FRANCISCO","SAN FRANCISCO",-122.40501403808594,37.781440734863281
9678150,2024,2024-05-04,3801,2024-02-01,"434 ",1982,MISSI,4,5,7,3801,0,0,0,,0,3D11E`,"DUBOCE AV","GUERRERO ST",0.00,,Y,C,-,N,,,,,,,,,,Y,4,0,2,2,A,-,09,21801,A,N,A,C,A,B,H,-,C,A,0,,,,,Y,,A,01,0,0,2,0,0,0,0,0,0,"- ","- ",,,"SAN FRANCISCO","SAN FRANCISCO",-122.42459106445312,37.769741058349609
9678155,2024,2024-05-04,3801,2024-02-04,1500,1771,MISSI,7,5,7,3801,0,0,0,,0,,"VALENCIA ST","16TH ST",0.00,,Y,B,-,N,,,,,,,,,,N,4,0,1,2,A,-,08,22107,,F,B,C,A,B,H,-,A,A,0,,,,,Y,Y,A,01,0,0,1,0,0,0,0,0,0,"- ","- ",,,"SAN FRANCISCO","SAN FRANCISCO",-122.42189025878906,37.764907836914062
9678303,2023,2024-03-11,3801,2023-12-16,2036,2007,CENTR,6,5,7,3801,0,0,0,,0,3A11D,"EMBARCADERO ST","LOMBARD ST",0.00,,Y,A,-,N,,,,,,,,,,N,4,0,1,2,A,-,04,21703,,F,C,C,A,A,H,-,C,A,0,,,,,Y,,A,01,0,0,1,0,0,0,0,0,0,"- ","- ",,,"SAN FRANCISCO","SAN FRANCISCO",-122.40220642089844,37.804168701171875