CASE_ID,ACCIDENT_YEAR,PROC_DATE,JURIS,COLLISION_DATE,COLLISION_TIME,OFFICER_ID,REPORTING_DISTRICT,DAY_OF_WEEK,CHP_SHIFT,POPULATION,CNTY_CITY_LOC,SPECIAL_COND,BEAT_TYPE,CHP_BEAT_TYPE,CITY_DIVISION_LAPD,CHP_BEAT_CLASS,BEAT_NUMBER,PRIMARY_RD,SECONDARY_RD,DISTANCE,DIRECTION,INTERSECTION,WEATHER_1,WEATHER_2,STATE_HWY_IND,CALTRANS_COUNTY,CALTRANS_DISTRICT,STATE_ROUTE,ROUTE_SUFFIX,POSTMILE_PREFIX,POSTMILE,LOCATION_TYPE,RAMP_INTERSECTION,SIDE_OF_HWY,TOW_AWAY,COLLISION_SEVERITY,NUMBER_KILLED,NUMBER_INJURED,PARTY_COUNT,PRIMARY_COLL_FACTOR,PCF_CODE_OF_VIOL,PCF_VIOL_CATEGORY,PCF_VIOLATION,PCF_VIOL_SUBSECTION,HIT_AND_RUN,TYPE_OF_COLLISION,MVIW,PED_ACTION,ROAD_SURFACE,ROAD_COND_1,ROAD_COND_2,LIGHTING,CONTROL_DEVICE,CHP_ROAD_TYPE,PEDESTRIAN_ACCIDENT,BICYCLE_ACCIDENT,MOTORCYCLE_ACCIDENT,TRUCK_ACCIDENT,NOT_PRIVATE_PROPERTY,ALCOHOL_INVOLVED,STWD_VEHTYPE_AT_FAULT,CHP_VEHTYPE_AT_FAULT,COUNT_SEVERE_INJ,COUNT_VISIBLE_INJ,COUNT_COMPLAINT_PAIN,COUNT_PED_KILLED,COUNT_PED_INJURED,COUNT_BICYCLIST_KILLED,COUNT_BICYCLIST_INJURED,COUNT_MC_KILLED,COUNT_MC_INJURED,PRIMARY_RAMP,SECONDARY_RAMP,LATITUDE,LONGITUDE,COUNTY,CITY,POINT_X,POINT_Y
7203106,2016,2016-03-07,3801,2016-02-16,0925,004360,BAYVI,2,5,7,3801,0,0,0,,0,002,"BAYSHORE AV","KEY AV",18.00,S,N,A,-,N,,,,,,,,,,Y,3,0,1,2,A,-,17,21701,,N,E,I,A,A,H,-,A,D,0,,,,,Y,,A,01,0,1,0,0,0,0,0,0,0,"- ","- ",,,"SAN FRANCISCO","SAN FRANCISCO",-122.39962758,37.72092387
7203109,2016,2016-03-07,3801,2016-02-07,1940,001538,COG,7,5,7,3801,0,0,0,,0,,"FULTON ST","18TH AV",0.00,,Y,A,-,N,,,,,,,,,,N,3,0,1,2,A,-,03,22350,,N,C,E,A,A,H,-,C,A,0,,,Y,,Y,,C,02,0,1,0,0,0,0,0,0,1,"- ","- ",,,"SAN FRANCISCO","SAN FRANCISCO",-122.47669993,37.772899899999999
8008401,2016,2016-04-20,3801,2016-03-22,0930,002163,RICHM,2,5,7,3801,0,0,0,,0,3G5A,PRESIDIO,"PINE ST",0.00,,Y,A,-,N,,,,,,,,,,Y,4,0,1,2,A,-,12,21453,A,N,A,C,A,A,H,-,A,A,0,,,,,Y,,I,11,0,0,1,0,0,0,0,0,0,"- ","- ",,,"SAN FRANCISCO","SAN FRANCISCO",-122.44659989,37.786289969999999
8008469,2016,2016-05-26,3801,2016-04-09,0330,2030,TARAV,6,5,7,3801,0,0,0,,0,5CAR,"CRESPI DR","19TH AV",0.00,,Y,B,-,N,,,,,,,,,,N,4,0,1,2,D,-,00,,,N,G,B,E,B,H,-,C,A,0,Y,,,,Y,,-,"- ",0,0,1,0,1,0,0,0,0,"- ","- ",,,"SAN FRANCISCO","SAN FRANCISCO",-122.47536995999999,37.720279939999998
8008870,2017,2017-07-19,3801,2017-06-15,1817,2046,NORTH,4,5,7,3801,0,0,0,,0,3E14D,"CALIFORNIA ST","SCOTT ST",0.00,,Y,A,-,N,,,,,,,,,,Y,4,0,1,2,A,-,12,21453,A,N,B,C,A,A,H,-,A,A,0,,,,,Y,,A,01,0,0,1,0,0,0,0,0,0,"- ","- ",,,"SAN FRANCISCO","SAN FRANCISCO",-122.43875991,37.788289980000002
8014257,2016,2016-04-21,3801,2016-03-22,1655,1994,NORTH,2,5,7,3801,0,0,0,,0,4B3B,"EDDY ST","LAGUNA ST",0.00,,Y,A,-,N,,,,,,,,,,N,4,0,1,2,A,-,09,21806,A,N,D,C,A,A,H,-,A,A,0,,,,,Y,,A,01,0,0,1,0,0,0,0,0,0,"- ","- ",37.782049999999998,-122.42717,"SAN FRANCISCO","SAN FRANCISCO",-122.42739997,37.782059930000003
8014273,2016,2016-04-21,3801,2016-03-16,1330,001299,CENTR,3,5,7,3801,0,0,0,,0,3A14C,"1ST ST","STEVENSON ST",0.00,,Y,A,-,N,,,,,,,,,,N,3,0,1,2,A,-,11,21954,A,N,G,B,D,A,H,-,A,D,0,Y,,,,Y,,N,60,0,1,0,0,1,0,0,0,0,"- ","- ",,,"SAN FRANCISCO","SAN FRANCISCO",-122.39859998999999,37.790599960000002
8015205,2016,2016-04-15,3801,2016-03-25,0225,2214,NORTH,5,5,7,3801,0,0,0,,0,3E13E,"POST ST","POLK ST",0.00,,Y,A,-,N,,,,,,,,,,Y,2,0,2,2,A,-,12,21453,A,N,D,C,A,A,H,-,C,A,0,,,,,Y,,A,01,1,0,1,0,0,0,0,0,0,"- ","- ",,,"SAN FRANCISCO","SAN FRANCISCO",-122.4198999,37.786829959999999
8015209,2016,2016-04-14,3801,2016-03-23,1554,004372,,3,5,7,3801,0,0,0,,0,,"CLEMENT ST","6TH AV",30.00,W,N,A,-,N,,,,,,,,,,N,3,0,1,2,A,-,11,21453,D,N,D,B,B,A,H,-,A,A,0,Y,,,,Y,,N,60,0,1,0,0,1,0,0,0,0,"- ","- ",,,"SAN FRANCISCO","SAN FRANCISCO",-122.46452357,37.78294408
8015226,2016,2016-04-14,3801,2016-03-29,1734,1571,MISSI,2,5,7,3801,0,0,0,,0,001,"VALENCIA ST","18TH ST / 19TH ST",0.00,,Y,A,-,N,,,,,,,,,,N,3,0,1,2,A,-,08,22107,,N,B,G,A,A,H,-,A,D,0,,Y,,,Y,,A,01,0,1,0,0,0,0,1,0,0,"- ","- ",,,"SAN FRANCISCO","SAN FRANCISCO",,
8015229,2016,2016-04-14,3801,2016-03-22,2045,001906,BAYVI,2,5,7,3801,0,0,0,,0,003,"HUDSON AV","CASHMERE ST",0.00,,Y,A,-,N,,,,,,,,,,N,3,0,1,5,A,-,03,22350,,N,D,C,A,A,H,-,C,A,0,,,,,Y,,A,01,0,1,0,0,0,0,0,0,0,"- ","- ",,,"SAN FRANCISCO","SAN FRANCISCO",-122.38342994,37.7358799
8015253,2016,2017-06-20,3801,2016-03-28,1229,1707,TARAV,1,5,7,3801,0,0,0,,0,2X6,"IRVING ST","37TH AV",0.00,,Y,A,-,N,,,,,,,,,,Y,4,0,1,2,A,-,09,21802,A,N,D,C,A,A,H,-,A,A,0,,,,,Y,,A,01,0,0,1,0,0,0,0,0,0,"- ","- ",,,"SAN FRANCISCO","SAN FRANCISCO",-122.49643992,37.762729960000001
8015364,2016,2016-04-18,3801,2016-03-23,1459,2453,MISSI,3,5,7,3801,0,0,0,,0,3D11D,"GUERRERO ST","20TH ST",0.00,,Y,A,-,N,,,,,,,,,,Y,4,0,1,2,A,-,12,21453,A,N,D,C,A,A,H,-,A,A,0,,,,,Y,,A,01,0,0,1,0,0,0,0,0,0,"- ","- ",,,"SAN FRANCISCO","SAN FRANCISCO",-122.42346993,37.758359980000002
8016526,2016,2016-04-14,3801,2016-03-03,1245,2260,NORTH,4,5,7,3801,0,0,0,,0,5CAR,"JACKSON ST",WEBSTER,132.00,E,N,A,-,N,,,,,,,,,,N,4,0,1,2,D,-,00,,,N,H,C,A,A,H,-,A,D,0,,,,,Y,,-,"- ",0,0,1,0,0,0,0,0,0,"- ","- ",,,"SAN FRANCISCO","SAN FRANCISCO",-122.43246985,37.792732370000003
8019453,2016,2016-08-24,3801,2016-03-24,1425,2169,,4,5,7,3801,0,0,0,,0,3J42C,"9TH ST","MARKET ST",50.00,S,N,A,-,N,,,,,,,,,,N,4,0,1,2,A,-,11,21954,A,N,G,B,D,A,H,-,A,A,0,Y,,,,Y,,N,60,0,0,1,0,1,0,0,0,0,"- ","- ",,,"SAN FRANCISCO","SAN FRANCISCO",-122.41620795999999,37.777402610000003
8019457,2016,2017-02-09,3801,2016-03-28,1745,001375,COI,1,5,7,3801,0,0,0,,0,3I11D,"19TH AV","KIRKHAM ST",0.00,,Y,A,-,Y,SF,4,1,-,-,3.640,I,5,N,N,4,0,1,2,A,-,"- ",,,N,B,C,A,A,H,-,A,A,0,,,,,Y,,-,"- ",0,0,1,0,0,0,0,0,0,"- ","- ",,,"SAN FRANCISCO","SAN FRANCISCO",-122.4767937,37.7598433
8020134,2016,2016-04-13,3801,2016-03-01,1000,2078,NORTH,2,5,7,3801,0,0,0,,0,3E12C,"DIVISADERO ST","HAYES ST",101.00,N,N,A,-,N,,,,,,,,,,N,4,0,1,2,A,-,17,22517,,N,B,E,A,A,H,-,A,D,0,,,,,Y,,A,01,0,0,1,0,0,0,0,0,0,"- ","- ",,,"SAN FRANCISCO","SAN FRANCISCO",-122.43784665,37.775253800000002
8020154,2016,2016-04-12,3801,2016-03-15,0743,777,TARAV,2,5,7,3801,0,0,0,,0,3I1A,"UPLAND DR","NORTHGATE DR",99.00,E,N,A,-,N,,,,,,,,,,Y,4,0,2,2,A,-,05,21650,,N,H,C,A,A,H,-,B,A,0,,,,,Y,,A,01,0,0,2,0,0,0,0,0,0,"- ","- ",,,"SAN FRANCISCO","SAN FRANCISCO",-122.4614639,37.72878
8020173,2016,2016-04-13,3801,2016-03-02,2007,000878,SOUTH,3,5,7,3801,0,0,0,,0,3B11D,"HOWARD ST","3RD ST",0.00,,Y,A,-,N,,,,,,,,,,N,4,0,2,2,A,-,03,22350,,N,C,C,A,A,H,-,C,A,0,,,,,Y,,A,01,0,0,2,0,0,0,0,0,0,"- ","- ",,,"SAN FRANCISCO","SAN FRANCISCO",-122.40049986,37.785009909999999
8020174,2016,2016-04-13,3801,2016-03-02,1030,2375,RICHM,3,5,7,3801,0,0,0,,0,3G4A,"7TH AV","BALBOA ST",86.00,S,N,A,-,N,,,,,,,,,,N,3,0,1,2,A,-,21,22106,,N,D,G,A,A,H,-,A,D,0,,Y,,,Y,,A,01,0,1,0,0,0,0,1,0,0,"- ","- ",,,"SAN FRANCISCO","SAN FRANCISCO",-122.46505672000001,37.776953980000002
8020181,2016,2016-04-13,3801,2016-03-02,2116,001384,NORTH,3,5,7,3801,0,0,0,,0,3E15E,"OCTAVIA ST","LOMBARD ST",0.00,,Y,B,-,N,,,,,,,,,,Y,2,0,1,2,A,-,09,21801,A,N,D,C,A,A,H,-,C,A,0,,,Y,,Y,,A,01,1,0,0,0,0,0,0,0,1,"- ","- ",,,"SAN FRANCISCO","SAN FRANCISCO",-122.42946989000001,37.800689949999999
8020223,2016,2016-04-13,3801,2016-03-29,0957,2268,PARK,2,5,7,3801,0,0,0,,0,3F12A,"LINCOLN WY","7TH AV",0.00,,Y,A,-,N,,,,,,,,,,Y,4,0,1,2,A,-,09,21800,A,N,D,C,A,A,H,-,A,A,0,,,Y,,Y,,C,02,0,0,1,0,0,0,0,0,1,"- ","- ",,,"SAN FRANCISCO","SAN FRANCISCO",-122.46429988,37.766039880000001
8020327,2016,2016-04-13,3801,2016-03-21,1300,4333,TARAV,1,5,7,3801,0,0,0,,0,3I4D,"28TH AV","TARAVAL AV",0.00,,Y,C,E,N,,,,,,,,,,N,3,0,1,2,A,-,10,21950,A,N,G,B,B,B,H,-,A,A,0,Y,,Y,,Y,,C,03,0,1,0,0,1,0,0,0,0,"- ","- ",,,"SAN FRANCISCO","SAN FRANCISCO",-122.48533997,37.742629999999998
8020412,2016,2016-04-14,3801,2016-03-08,0811,411,NGLSD,2,5,7,3801,0,0,0,,0,001,"MISSION ST","VIRGINIA AV",0.00,,Y,A,-,N,,,,,,,,,,N,4,0,1,2,D,-,00,,,N,H,A,A,A,H,-,A,A,0,,,Y,,Y,,-,"- ",0,0,1,0,0,0,0,0,1,"- ","- ",,,"SAN FRANCISCO","SAN FRANCISCO",-122.42149999,37.743149930000001
8020415,2016,2016-04-15,3801,2016-03-07,1743,004333,TARAV,1,5,7,3801,0,0,0,,0,3I11D,"GRAFTON AV","PLYMOUTH AV",0.00,,Y,A,-,N,,,,,,,,,,N,4,0,1,2,A,-,10,21950,A,N,G,B,B,A,H,-,B,A,0,Y,,,,Y,,A,01,0,0,1,0,1,0,0,0,0,"- ","- ",,,"SAN FRANCISCO","SAN FRANCISCO",-122.45615997,37.720009900000001
8020427,2016,2016-04-14,3801,2016-03-06,0535,00748,STHRN,7,5,7,3801,0,0,0,,0,,"SOUTH VAN NESS","OTIS ST",36.00,W,N,C,-,N,,,,,,,,,,Y,3,0,1,2,A,-,03,22350,,N,C,C,A,B,H,-,C,A,0,,,,,Y,,A,01,0,1,0,0,0,0,0,0,0,"- ","- ",,,"SAN FRANCISCO","SAN FRANCISCO",-122.41865858,37.773206250000001
8020451,2016,2016-08-24,3801,2016-03-06,1640,1751,STHRN,7,5,7,3801,0,0,0,,0,3B14C,"MARKET ST","BRADY ST",30.00,E,N,B,-,N,,,,,,,,,,Y,4,0,1,1,A,-,03,22350,,N,E,J,A,A,H,-,A,A,0,,,Y,,Y,,C,02,0,0,1,0,0,0,0,0,1,"- ","- ",,,"SAN FRANCISCO","SAN FRANCISCO",-122.42119896,37.773640110000002
8020454,2016,2016-04-13,3801,2016-03-03,0738,708,CNTRL,4,5,7,3801,0,0,0,,0,3A12A,"KEARNY ST","BUSH ST",0.00,,Y,B,-,N,,,,,,,,,,N,3,0,1,2,A,-,10,21950,A,F,G,B,B,B,H,-,A,A,0,Y,,,,Y,,A,01,0,1,0,0,1,0,0,0,0,"- ","- ",,,"SAN FRANCISCO","SAN FRANCISCO",-122.4040299,37.790769939999997
8020459,2016,2016-04-14,3801,2016-03-04,2310,004297,MSION,5,5,7,3801,0,0,0,,0,3D61,"HARRISON ST","22ND ST",0.00,,Y,C,-,N,,,,,,,,,,N,4,0,1,2,A,-,09,21802,A,N,D,C,A,B,H,-,C,A,0,,,,,Y,,A,01,0,0,1,0,0,0,0,0,0,"- ","- ",,,"SAN FRANCISCO","SAN FRANCISCO",-122.41221998,37.755839909999999
8020460,2016,2016-04-13,3801,2016-03-19,1902,878,STHRN,6,5,7,3801,0,0,0,,0,3B14D,"6TH ST","HOWARD ST",0.00,,Y,A,-,N,,,,,,,,,,N,4,0,1,2,A,-,05,21650,1,N,D,G,A,A,H,-,A,A,0,,Y,,,Y,,L,04,0,0,1,0,0,0,1,0,0,"- ","- ",,,"SAN FRANCISCO","SAN FRANCISCO",-122.40713988,37.779749950000003
8038185,2016,2016-06-02,3801,2016-04-29,0910,2086,TARAV,5,5,7,3801,0,0,0,,0,3I13A,"JUDAH ST","14TH AV",0.00,,Y,A,-,N,,,,,,,,,,N,4,0,1,2,A,-,17,21655,B,N,B,C,A,A,H,-,A,A,0,,,,,Y,,D,22,0,0,1,0,0,0,0,0,0,"- ","- ",,,"SAN FRANCISCO","SAN FRANCISCO",-122.47154995,37.761989990000004
8038197,2016,2016-05-23,3801,2016-04-05,1415,2441,NORTH,2,5,7,3801,0,0,0,,0,3E13C,"VAN NESS AV","FRANCISCO ST",11.00,N,N,A,-,N,,,,,,,,,,N,4,0,1,2,A,-,12,21453,A,N,B,C,A,A,H,-,A,A,0,,,,,Y,,D,22,0,0,1,0,0,0,0,0,0,"- ","- ",,,"SAN FRANCISCO","SAN FRANCISCO",-122.42496609,37.803229829999999
8038202,2016,2016-08-29,3801,2016-04-29,0650,004359,MISSI,5,5,7,3801,0,0,0,,0,006,"S VAN NESS AV","14TH ST",0.00,,Y,A,-,N,,,,,,,,,,N,4,0,1,2,A,-,12,21453,A,N,D,C,A,A,H,-,A,A,0,,,,,Y,,A,08,0,0,1,0,0,0,0,0,0,"- ","- ",,,"SAN FRANCISCO","SAN FRANCISCO",-122.41779990000001,37.768419899999998
8038205,2016,2016-05-25,3801,2016-04-13,0659,2427,NORTH,3,5,7,3801,0,0,0,,0,3E13A,"GROVE ST","POLK ST",0.00,,Y,A,G,N,,,,,,,,,,Y,4,0,1,2,A,-,09,21801,A,N,B,C,A,A,H,-,A,A,0,,,Y,,Y,,A,01,0,0,1,0,0,0,0,0,1,"- ","- ",,,"SAN FRANCISCO","SAN FRANCISCO",-122.41821999,37.778479910000001
8038213,2016,2016-05-17,3801,2016-04-06,1445,000054,NORTH,3,5,7,3801,0,0,0,,0,3E42B,"GEARY BL","DIVISADERO ST",125.00,W,N,A,-,N,,,,,,,,,,Y,3,0,2,2,A,-,03,22350,,N,C,C,A,A,H,-,A,A,0,,,,,Y,,A,01,0,1,1,0,0,0,0,0,0,"- ","- ",,,"SAN FRANCISCO","SAN FRANCISCO",-122.43990721,37.783305630000001
8039942,2016,2016-05-24,3801,2016-04-25,1805,4372,RICHM,1,5,7,3801,0,0,0,,0,2CAR,"GEARY BL","ST JOSEPHS AV",0.00,,Y,A,-,N,,,,,,,,,,N,3,0,1,2,A,-,12,21453,A,N,D,G,A,A,H,-,A,A,0,,Y,,,Y,,L,04,0,1,0,0,0,0,1,0,0,"- ","- ",,,"SAN FRANCISCO","SAN FRANCISCO",-122.44276997999999,37.782809999999998
8039951,2016,2016-05-16,3801,2016-04-20,1757,1110,RICHM,3,5,7,3801,0,0,0,,0,3G5D,"25TH AV","BALBOA ST",65.00,S,N,A,-,N,,,,,,,,,,Y,4,0,1,4,A,-,03,22350,,N,C,C,A,A,H,-,A,D,0,,,,,Y,,A,01,0,0,1,0,0,0,0,0,0,"- ","- ",,,"SAN FRANCISCO","SAN FRANCISCO",-122.48442784,37.776121699999997
8039966,2016,2016-05-16,3801,2016-04-22,1724,880,B,5,5,7,3801,0,0,0,,0,004,"10TH ST","HARRISON ST",180.00,S,N,A,-,N,,,,,,,,,,N,4,0,1,2,A,-,11,21956,,N,G,B,E,A,H,-,A,A,0,Y,,,,Y,,N,60,0,0,1,0,1,0,0,0,0,"- ","- ",,,"SAN FRANCISCO","SAN FRANCISCO",-122.41082096,37.771241490000001
8039982,2016,2016-05-16,3801,2016-04-20,0325,1242,CENTR,3,5,7,3801,0,0,0,,0,3A61,"EMBARCADERO NORTH ST","DON CHEE WY",30.00,S,N,A,-,N,,,,,,,,,,N,4,0,4,3,A,-,04,21703,,N,C,C,A,A,H,-,C,A,0,,,,,Y,,A,01,0,0,4,0,0,0,0,0,0,"- ","- ",,,"SAN FRANCISCO","SAN FRANCISCO",-122.39297569,37.794345550000003
8042401,2016,2016-05-16,3801,2016-04-15,1443,004372,RICHM,5,5,7,3801,0,0,0,,0,4CAR,"CLEMENT ST","30TH AV",0.00,,Y,A,-,N,,,,,,,,,,Y,4,0,1,2,A,-,12,22450,A,N,D,C,A,A,H,-,A,A,0,,,,,Y,,A,07,0,0,1,0,0,0,0,0,0,"- ","- ",,,"SAN FRANCISCO","SAN FRANCISCO",-122.49021999999999,37.7817699
8042417,2016,2016-05-16,3801,2016-04-17,1200,2097,BAYVI,7,5,7,3801,0,0,0,,0,3C11C,"QUESADA AV","NEWHALL ST",10.00,E,N,A,-,N,,,,,,,,,,Y,4,0,1,2,A,-,12,22450,A,F,A,C,A,A,H,-,A,D,0,,,,,Y,,A,01,0,0,1,0,0,0,0,0,0,"- ","- ",,,"SAN FRANCISCO","SAN FRANCISCO",-122.39334162999999,37.734334279999999
8042421,2016,2016-05-16,3801,2016-04-17,1225,1574,BAYVI,7,5,7,3801,0,0,0,,0,3C11A,"EVANS AV","PHELPS AV",0.00,,Y,A,-,N,,,,,,,,,,N,4,0,2,2,A,-,12,21453,A,N,B,C,A,A,H,-,A,A,0,,,,,Y,,A,01,0,0,2,0,0,0,0,0,0,"- ","- ",,,"SAN FRANCISCO","SAN FRANCISCO",-122.38844994,37.742979920000003
8042610,2016,2016-05-17,3801,2016-04-16,1413,4230,PARK,6,5,7,3801,0,0,0,,0,3F13A,"CARL ST","STANYAN ST",100.00,W,N,A,-,N,,,,,,,,,,N,3,0,1,2,A,-,17,22517,,N,H,G,A,A,H,-,A,D,0,,Y,,,Y,,-,,0,1,0,0,0,0,1,0,0,"- ","- ",,,"SAN FRANCISCO","SAN FRANCISCO",-122.45309247,37.765380569999998
8042614,2016,2016-05-17,3801,2016-04-07,1009,73,MISSI,4,5,7,3801,0,0,0,,0,4B5D,"GUERRERO ST","16TH ST",0.00,,Y,A,-,N,,,,,,,,,,Y,4,0,3,2,A,-,09,21801,A,N,D,C,A,A,H,-,A,A,0,,,,,Y,,A,01,0,0,3,0,0,0,0,0,0,"- ","- ",,,"SAN FRANCISCO","SAN FRANCISCO",-122.42409997,37.764779959999998
8042632,2016,2016-05-17,3801,2016-04-01,1254,2443,MISSI,5,5,7,3801,0,0,0,,0,001,"MARKET ST","CHURCH ST",280.00,W,N,A,-,N,,,,,,,,,,N,4,0,1,2,A,-,08,22107,,N,B,G,A,A,H,-,A,A,0,,Y,,,Y,,A,07,0,0,1,0,0,0,1,0,0,"- ","- ",,,"SAN FRANCISCO","SAN FRANCISCO",-122.42961454,37.767057780000002
8042637,2016,2016-05-17,3801,2016-04-21,1610,2260,NORTH,4,5,7,3801,0,0,0,,0,4CAR,"BROADWAY ST","POLK ST",71.00,E,N,-,-,N,,,,,,,,,,N,4,0,1,2,A,-,17,22517,,N,H,C,A,-,-,-,-,D,0,,,Y,,Y,,A,01,0,0,1,0,0,0,0,0,1,"- ","- ",,,"SAN FRANCISCO","SAN FRANCISCO",-122.4215162,37.795964789999999
8042788,2016,2016-05-17,3801,2016-03-11,1116,1045,PARK,5,5,7,3801,0,0,0,,0,004,"HERMANN ST","BUCHANAN ST",0.00,,Y,A,-,N,,,,,,,,,,N,4,0,1,2,A,-,10,21950,A,N,G,B,B,A,H,-,A,A,0,Y,,,,Y,,A,01,0,0,1,0,1,0,0,0,0,"- ","- ",,,"SAN FRANCISCO","SAN FRANCISCO",-122.42677989000001,37.77066997
8042857,2016,2016-05-17,3801,2016-03-29,0815,4320,INGLE,2,5,7,3801,0,0,0,,0,003,"MISSION ST","PERSIA AV",0.00,,Y,F,-,N,,,,,,,,,,Y,4,0,2,2,A,-,"- ",,,N,D,C,A,A,G,-,A,A,0,,,,,Y,,A,01,0,0,2,0,0,0,0,0,0,"- ","- ",,,"SAN FRANCISCO","SAN FRANCISCO",-122.4359699,37.723139940000003
8046731,2016,2016-05-18,3801,2016-04-18,0926,2008,RICHM,1,5,7,3801,0,0,0,,0,3G68,"JOHN F KENNEDY DR","TRANSVERSE DR",528.00,W,N,A,-,N,,,,,,,,,,Y,4,0,1,2,A,-,08,22107,,N,B,G,A,A,H,-,A,D,0,,Y,,,Y,,A,01,0,0,1,0,0,0,1,0,0,"- ","- ",,,"SAN FRANCISCO","SAN FRANCISCO",-122.48163859,37.77002847
8046738,2016,2016-05-18,3801,2016-04-22,1230,1784,PARK,5,5,7,3801,0,0,0,,0,3F13D,"HAYES ST","VAN NESS AV",0.00,,Y,C,-,N,,,,,,,,,,Y,4,0,1,3,A,-,04,21703,,N,C,C,A,B,H,-,A,A,0,,,,,Y,,A,01,0,0,1,0,0,0,0,0,0,"- ","- ",,,"SAN FRANCISCO","SAN FRANCISCO",-122.41967993999999,37.777289969999998
8046745,2016,2016-05-19,3801,2016-04-06,1930,829,SOUTH,3,5,7,3801,0,0,0,,0,3B11D,"BRYANT ST","2ND ST",2.00,W,N,A,-,N,,,,,,,,,,N,3,0,1,2,A,-,11,21453,D,N,A,B,B,A,H,-,B,A,0,Y,,,,Y,,N,60,0,1,0,0,1,0,0,0,0,"- ","- ",,,"SAN FRANCISCO","SAN FRANCISCO",-122.3936349,37.783076119999997
8046755,2016,2016-05-18,3801,2016-04-24,1338,1377,INGLE,7,5,7,3801,0,0,0,,0,3HI5C,"GENEVA AV","CAYUGA AV",0.00,,Y,A,-,N,,,,,,,,,,N,4,0,2,3,A,-,10,21950,A,N,G,B,B,A,H,-,A,A,0,Y,,,,Y,,A,01,0,0,2,0,2,0,0,0,0,"- ","- ",,,"SAN FRANCISCO","SAN FRANCISCO",-122.44367987,37.71891995
8046764,2016,2016-05-17,3801,2016-04-26,0936,002355,MISSI,2,5,7,3801,0,0,0,,0,3D11A,"23RD ST","MISSION ST",0.00,,Y,A,-,N,,,,,,,,,,Y,4,0,3,2,A,-,12,21453,A,N,D,D,A,A,H,-,A,A,0,,,,,Y,,A,01,0,0,3,0,0,0,0,0,0,"- ","- ",,,"SAN FRANCISCO","SAN FRANCISCO",-122.41859991,37.753829889999999
8049671,2016,2016-06-07,3801,2016-05-10,1750,1334,CENTR,2,5,7,3801,0,0,0,,0,3A14D,"JACKSON ST","GRANT ST",59.00,W,N,A,-,N,,,,,,,,,,N,4,0,1,2,A,-,21,22106,,N,G,B,C,A,H,-,A,A,0,Y,,,,Y,,A,01,0,0,1,0,1,0,0,0,0,"- ","- ",,,"SAN FRANCISCO","SAN FRANCISCO",-122.40683155000001,37.796003710000001
8049676,2016,2016-06-07,3801,2016-05-01,2015,390,,7,5,7,3801,0,0,0,,0,,"LAGUNA HONDA BL","CLARENDON AV",114.00,S,N,A,-,N,,,,,,,,,,,4,0,1,2,A,-,03,22350,,N,C,C,A,A,H,-,C,A,0,,,,,Y,,A,01,0,0,1,0,0,0,0,0,0,"- ","- ",,,"SAN FRANCISCO","SAN FRANCISCO",-122.46139157,37.751194689999998
8049694,2016,2016-06-07,3801,2016-05-13,2305,002038,F,5,5,7,3801,0,0,0,,0,3F4E,"CHURCH ST","DUBOCE AV",0.00,,Y,A,-,N,,,,,,,,,,N,3,0,1,2,A,-,12,22450,A,N,D,G,A,A,H,-,C,A,0,,Y,,,Y,,L,04,0,1,0,0,0,0,1,0,0,"- ","- ",,,"SAN FRANCISCO","SAN FRANCISCO",-122.42911992000001,37.769459959999999
8049714,2016,2016-06-07,3801,2016-05-13,2132,837,CENTR,5,5,7,3801,0,0,0,,0,4A40D,"COLUMBUS AV","NORTHPOINT ST",0.00,,Y,A,-,N,,,,,,,,,,N,4,0,1,2,A,-,09,21801,A,N,D,C,A,A,H,-,C,A,0,,,Y,,Y,,A,01,0,0,1,0,0,0,0,0,1,"- ","- ",,,"SAN FRANCISCO","SAN FRANCISCO",-122.4183735,37.805976000000001
8049717,2016,2016-06-08,3801,2016-05-08,1805,1784,PARK,7,5,7,3801,0,0,0,,0,3F12D,"CONSERVATORY DR EAST","ARGUELLO BL",794.00,E,N,A,-,N,,,,,,,,,,N,3,0,1,2,D,-,00,,,N,A,G,A,A,H,-,A,D,0,,Y,,,Y,,-,"- ",0,1,0,0,0,0,1,0,0,"- ","- ",,,"SAN FRANCISCO","SAN FRANCISCO",-122.45635052,37.773425260000003
8049773,2016,2016-06-07,3801,2016-04-11,1611,917,NORTH,1,5,7,3801,0,0,0,,0,4B8E,"MCALLISTER ST","POLK ST",154.00,E,N,A,-,N,,,,,,,,,,Y,2,0,1,2,A,-,03,22350,,N,D,C,A,A,H,-,A,D,0,,,Y,,Y,,C,02,1,0,0,0,0,0,0,0,1,"- ","- ",37.780329999999999,-122.41871,"SAN FRANCISCO","SAN FRANCISCO",-122.41807511,37.780343670000001
8050183,2016,2017-02-14,3801,2016-04-24,2353,1464,TARAV,7,5,7,3801,0,0,0,,0,3I13E,"JOHN DALY BL","RT 280 S",0.00,,Y,A,-,Y,SF,4,280,-,R,0.143,R,1,S,N,3,0,1,2,A,-,11,21956,,N,G,B,E,A,H,-,D,D,0,Y,,,,Y,,N,60,0,1,0,0,1,0,0,0,0,"- ","- ",,,"SAN FRANCISCO","SAN FRANCISCO",-122.46704076,37.709706400000002
8052032,2016,2016-06-30,3801,2016-05-16,1840,000891,MISSI,1,5,7,3801,0,0,0,,0,3D12D,"26TH ST","MISSION ST",0.00,,Y,A,-,N,,,,,,,,,,N,4,0,1,3,A,-,05,21202,A,N,B,G,A,A,H,-,A,A,0,,Y,,,Y,,L,04,0,0,1,0,0,0,1,0,0,"- ","- ",,,"SAN FRANCISCO","SAN FRANCISCO",-122.41813993,37.749059950000003