CASE_ID,ACCIDENT_YEAR,PROC_DATE,JURIS,COLLISION_DATE,COLLISION_TIME,OFFICER_ID,REPORTING_DISTRICT,DAY_OF_WEEK,CHP_SHIFT,POPULATION,CNTY_CITY_LOC,SPECIAL_COND,BEAT_TYPE,CHP_BEAT_TYPE,CITY_DIVISION_LAPD,CHP_BEAT_CLASS,BEAT_NUMBER,PRIMARY_RD,SECONDARY_RD,DISTANCE,DIRECTION,INTERSECTION,WEATHER_1,WEATHER_2,STATE_HWY_IND,CALTRANS_COUNTY,CALTRANS_DISTRICT,STATE_ROUTE,ROUTE_SUFFIX,POSTMILE_PREFIX,POSTMILE,LOCATION_TYPE,RAMP_INTERSECTION,SIDE_OF_HWY,TOW_AWAY,COLLISION_SEVERITY,NUMBER_KILLED,NUMBER_INJURED,PARTY_COUNT,PRIMARY_COLL_FACTOR,PCF_CODE_OF_VIOL,PCF_VIOL_CATEGORY,PCF_VIOLATION,PCF_VIOL_SUBSECTION,HIT_AND_RUN,TYPE_OF_COLLISION,MVIW,PED_ACTION,ROAD_SURFACE,ROAD_COND_1,ROAD_COND_2,LIGHTING,CONTROL_DEVICE,CHP_ROAD_TYPE,PEDESTRIAN_ACCIDENT,BICYCLE_ACCIDENT,MOTORCYCLE_ACCIDENT,TRUCK_ACCIDENT,NOT_PRIVATE_PROPERTY,ALCOHOL_INVOLVED,STWD_VEHTYPE_AT_FAULT,CHP_VEHTYPE_AT_FAULT,COUNT_SEVERE_INJ,COUNT_VISIBLE_INJ,COUNT_COMPLAINT_PAIN,COUNT_PED_KILLED,COUNT_PED_INJURED,COUNT_BICYCLIST_KILLED,COUNT_BICYCLIST_INJURED,COUNT_MC_KILLED,COUNT_MC_INJURED,PRIMARY_RAMP,SECONDARY_RAMP,LATITUDE,LONGITUDE,COUNTY,CITY,POINT_X,POINT_Y
8636808,2018,2018-06-21,3801,2018-05-02,2028,1149,SOUTH,3,5,7,3801,0,0,0,,0,3B11D,"2ND ST","HARRISON ST",0.00,,Y,A,-,N,,,,,,,,,,N,4,0,1,2,A,-,09,21801,A,N,D,C,A,A,H,-,C,A,0,,,,,Y,,A,01,0,0,1,0,0,0,0,0,0,"- ","- ",,,"SAN FRANCISCO","SAN FRANCISCO",-122.39517974853516,37.784328460693359
8636831,2018,2018-06-22,3801,2018-05-29,0917,608,MISSI,2,5,7,3801,0,0,0,,0,3D16A,"17TH ST","VALENCIA ST",150.00,W,N,A,-,N,,,,,,,,,,N,3,0,1,2,A,-,03,22350,,N,B,G,A,A,H,-,A,D,0,,Y,,,Y,,L,04,0,1,0,0,0,0,1,0,0,"- ","- ",,,"SAN FRANCISCO","SAN FRANCISCO",-122.42225646972656,37.763267517089844
8636845,2018,2018-06-22,3801,2018-05-10,2146,996,BAYVI,4,5,7,3801,0,0,0,,0,3C30,"BAYSHORE BL","THORNTON AV",0.00,,Y,A,-,N,,,,,,,,,,N,4,0,1,2,A,-,08,22107,,F,D,G,A,A,H,-,C,D,0,,Y,,,Y,,A,01,0,0,1,0,0,0,1,0,0,"- ","- ",,,"SAN FRANCISCO","SAN FRANCISCO",-122.40341949462891,37.730640411376953
8636865,2018,2018-06-22,3801,2018-05-12,1309,1572,SOUTH,6,5,7,3801,0,0,0,,0,9X10B,"NEW MONTGOMERY ST","MINNA ST",0.00,,Y,A,-,N,,,,,,,,,,N,4,0,1,2,A,-,03,22350,,F,C,C,A,A,H,-,A,D,0,,,,,Y,,-,,0,0,1,0,0,0,0,0,0,"- ","- ",,,"SAN FRANCISCO","SAN FRANCISCO",-122.39998626708984,37.787029266357422
8636883,2018,2018-06-22,3801,2018-05-05,1600,A20979,SOUTH,6,5,7,3801,0,0,0,,0,3B5D,"KING ST","2ND ST",12.00,E,N,A,-,N,,,,,,,,,,N,4,0,1,2,A,-,03,22350,,F,C,C,A,A,H,-,A,A,0,,,,,Y,,A,01,0,0,1,0,0,0,0,0,0,"- ","- ",,,"SAN FRANCISCO","SAN FRANCISCO",-122.38967132568359,37.779983520507812
8636936,2018,2018-06-22,3801,2018-05-16,1820,877,BAYVI,3,5,7,3801,0,0,0,,0,3C44C,"MANSELL ST","BRUSSELS ST",144.00,W,N,A,-,N,,,,,,,,,,Y,3,0,1,2,A,-,07,21658,A,N,B,C,A,A,H,-,A,A,0,,,Y,,Y,,A,01,0,1,0,0,0,0,0,0,0,"- ","- ",,,"SAN FRANCISCO","SAN FRANCISCO",-122.40357208251953,37.720989227294922
8636937,2018,2018-06-25,3801,2018-05-19,2010,363,CENTR,6,5,7,3801,0,0,0,,0,3A4D,"BAY ST","POWELL ST",0.00,,Y,A,-,N,,,,,,,,,,Y,4,0,1,2,A,-,09,21801,A,N,A,C,A,A,H,-,B,A,0,,,Y,,Y,,A,01,0,0,1,0,0,0,0,0,1,"- ","- ",,,"SAN FRANCISCO","SAN FRANCISCO",-122.41194152832031,37.805839538574219
8636945,2018,2018-06-25,3801,2018-05-19,1336,2234,TARAV,6,5,7,3801,0,0,0,,0,3I16B,"ARCH ST","ALEMANY BL",231.00,N,N,A,-,N,,,,,,,,,,Y,4,0,3,2,A,-,03,22350,,N,A,C,A,A,H,-,A,D,0,,,,,Y,,A,01,0,0,3,0,0,0,0,0,0,"- ","- ",,,"SAN FRANCISCO","SAN FRANCISCO",-122.46707153320312,37.712142944335938
8636946,2018,2018-06-21,3801,2018-05-22,0738,1116,MISSI,2,5,7,3801,0,0,0,,0,3D15A,"CLIPPER ST","SANCHEZ ST",290.00,W,N,A,-,N,,,,,,,,,,Y,4,0,1,3,A,-,21,22106,,N,D,C,A,A,H,-,A,D,0,,,,,Y,,A,01,0,0,1,0,0,0,0,0,0,"- ","- ",,,"SAN FRANCISCO","SAN FRANCISCO",-122.43039703369141,37.749103546142578
8636947,2018,2018-06-25,3801,2018-05-03,0751,A22881,MISSI,4,5,7,3801,0,0,0,,0,3D13A,"DIVISION ST","SAN BRUNO AV",0.00,,Y,B,-,N,,,,,,,,,,N,4,0,2,4,A,-,03,22350,,N,C,B,B,A,H,-,A,A,0,Y,,,,Y,,A,01,0,0,2,0,2,0,0,0,0,"- ","- ",,,"SAN FRANCISCO","SAN FRANCISCO",-122.40619659423828,37.769451141357422
8636948,2018,2018-06-22,3801,2018-05-14,1719,2334,SOUTH,1,5,7,3801,0,0,0,,0,0B5,"3RD ST","BERRY ST",0.00,,Y,B,-,N,,,,,,,,,,N,3,0,1,1,A,-,03,22350,,N,-,J,A,A,H,-,A,A,0,,,Y,,Y,,C,02,0,1,0,0,0,0,0,0,1,"- ","- ",,,"SAN FRANCISCO","SAN FRANCISCO",-122.39111328125,37.777530670166016
8636959,2018,2018-06-22,3801,2018-05-01,2209,1355,TARAV,2,5,7,3801,0,0,0,,0,3I12E,"OCEAN AV","MANOR DR",70.00,E,N,A,-,N,,,,,,,,,,N,4,0,2,2,A,-,08,22107,,N,B,C,A,A,H,-,C,D,0,,,Y,,Y,,A,01,0,0,2,0,0,0,0,0,2,"- ","- ",,,"SAN FRANCISCO","SAN FRANCISCO",-122.46510314941406,37.726329803466797
8636963,2018,2018-06-22,3801,2018-05-02,1703,276,MISSI,3,5,7,3801,0,0,0,,0,3D12D,"SAN JOSE AV","24TH ST",0.00,,Y,A,-,N,,,,,,,,,,N,4,0,1,2,A,-,09,21802,A,N,D,C,A,A,H,-,A,A,0,,,,,Y,,A,01,0,0,1,0,0,0,0,0,0,"- ","- ",,,"SAN FRANCISCO","SAN FRANCISCO",-122.42160034179688,37.752071380615234
8637014,2018,2018-06-21,3801,2018-05-24,1736,2334,SOUTH,4,5,7,3801,0,0,0,,0,0B1,"HOWARD ST","MAIN ST",0.00,,Y,B,-,N,,,,,,,,,,N,3,0,1,2,A,-,10,21950,A,N,G,B,B,A,H,-,A,A,0,Y,,,,Y,,A,01,0,1,0,0,1,0,0,0,0,"- ","- ",,,"SAN FRANCISCO","SAN FRANCISCO",-122.39340209960938,37.790618896484375
8639102,2018,2018-07-27,3801,2018-05-03,1521,SFILIPPI,BAYVI,4,5,7,3801,0,0,0,,0,3C46,"3RD ST","NEWCOMB AV",0.00,,Y,A,-,N,,,,,,,,,,N,4,0,1,1,A,-,03,22350,,N,H,A,A,A,H,-,A,A,0,,Y,,,Y,,L,04,0,0,1,0,0,0,1,0,0,"- ","- ",,,"SAN FRANCISCO","SAN FRANCISCO",-122.39048767089844,37.735630035400391
8640336,2018,2018-06-28,3801,2018-04-12,0701,1603,NORTH,4,5,7,3801,0,0,0,,0,3E13A,"BUSH ST","FRANKLIN ST",0.00,,Y,A,-,N,,,,,,,,,,N,4,0,1,2,A,-,10,21950,A,N,B,B,B,A,H,-,A,A,0,Y,,,,Y,,A,01,0,0,1,0,1,0,0,0,0,"- ","- ",,,"SAN FRANCISCO","SAN FRANCISCO",-122.42357635498047,37.788280487060547
8640352,2018,2018-07-16,3801,2018-04-28,1032,1603,NORTH,6,5,7,3801,0,0,0,,0,3E12A,"GOUGH ST","GROVE ST",0.00,,Y,A,-,N,,,,,,,,,,N,4,0,1,2,A,-,12,21453,A,N,H,J,B,A,H,-,A,A,0,Y,Y,,,Y,,-,"- ",0,0,1,0,0,0,1,0,0,"- ","- ",,,"SAN FRANCISCO","SAN FRANCISCO",-122.42315673828125,37.777809143066406
8648283,2018,2018-10-25,3801,2018-09-18,2343,1114,SOUTH,2,5,7,3801,0,0,0,,0,4C3,"HOWARD ST","9TH ST",12.00,W,N,A,-,N,,,,,,,,,,Y,1,1,0,2,A,-,01,23152,A,F,G,B,D,A,H,-,C,A,0,Y,,,,Y,Y,A,01,0,0,0,1,0,0,0,0,0,"- ","- ",,,"SAN FRANCISCO","SAN FRANCISCO",-122.41319274902344,37.774978637695312
8648402,2018,2018-12-10,3801,2018-09-19,1449,1766,INGLE,3,5,7,3801,0,0,0,,0,4B3C,"CORTLAND AV","ELLSWORTH ST",5.00,W,N,A,-,N,,,,,,,,,,Y,1,1,0,2,A,-,10,21950,A,N,G,B,B,A,H,-,A,A,0,Y,,,Y,Y,,F,26,0,0,0,1,0,0,0,0,0,"- ","- ",,,"SAN FRANCISCO","SAN FRANCISCO",-122.41468811035156,37.7388916015625
8649359,2018,2018-07-25,3801,2018-06-30,0125,2330,TARAV,6,5,7,3801,0,0,0,,0,3I12E,"31ST AV","MORAGA ST",36.00,S,N,A,-,N,,,,,,,,,,Y,4,0,1,3,A,-,03,22350,,N,B,E,A,A,H,-,C,D,0,,,,,Y,,A,01,0,0,1,0,0,0,0,0,0,"- ","- ",,,"SAN FRANCISCO","SAN FRANCISCO",-122.48945617675781,37.755420684814453
8649571,2018,2018-08-28,3801,2018-06-19,1210,728,SOUTH,2,5,7,3801,0,0,0,,0,3B13C,"BRANNAN ST","DECATUR ST",0.00,,N,A,-,N,,,,,,,,,,N,4,0,1,2,A,-,09,21801,A,N,D,G,A,A,H,-,A,D,0,,Y,,,Y,,A,01,0,0,1,0,0,0,1,0,0,"- ","- ",,,"SAN FRANCISCO","SAN FRANCISCO",,
8649581,2018,2018-08-27,3801,2018-06-20,1326,244,NORTH,3,5,7,3801,0,0,0,,0,3E1C,"VAN NESS AV","UNION ST",14.00,S,N,A,-,N,,,,,,,,,,N,4,0,1,2,A,-,11,21456,C,N,G,B,D,A,D,-,A,A,0,Y,,,,Y,,N,60,0,0,1,0,1,0,0,0,0,"- ","- ",,,"SAN FRANCISCO","SAN FRANCISCO",-122.42404937744141,37.798503875732422
8649607,2018,2018-08-20,3801,2018-06-12,0123,2288,INGLE,2,5,7,3801,0,0,0,,0,3H11E,"VALENCIA ST","MISSION ST",0.00,,Y,A,-,N,,,,,,,,,,Y,4,0,1,1,A,-,01,23152,A,N,A,I,A,A,H,-,C,A,0,,,,,Y,Y,A,01,0,0,1,0,0,0,0,0,0,"- ","- ",,,"SAN FRANCISCO","SAN FRANCISCO",-122.41986846923828,37.745590209960938
8649619,2018,2018-08-20,3801,2018-06-22,1124,2209,,5,5,7,3801,0,0,0,,0,3D11C,"16TH ST","GUERRERO ST",0.00,,Y,A,-,N,,,,,,,,,,Y,4,0,1,2,A,-,09,21801,A,N,D,C,A,A,H,-,A,A,0,,,,,Y,,A,01,0,0,1,0,0,0,0,0,0,"- ","- ",,,"SAN FRANCISCO","SAN FRANCISCO",-122.42410278320312,37.764778137207031
8649814,2018,2018-09-06,3801,2018-07-30,1922,1331,SOUTH,1,5,7,3801,0,0,0,,0,3B13D,"FOLSOM ST","HALLAM ST",0.00,,Y,A,-,N,,,,,,,,,,N,4,0,1,2,A,-,08,22107,,N,D,C,A,A,H,-,A,A,0,,,,,Y,,A,01,0,0,1,0,0,0,0,0,0,"- ","- ",,,"SAN FRANCISCO","SAN FRANCISCO",-122.40885925292969,37.775951385498047
8650663,2018,2018-09-11,3801,2018-07-01,1430,2209,3801,7,5,7,3801,0,0,0,,0,3D15C,"22ND ST","FOLSOM ST",0.00,,Y,B,-,N,,,,,,,,,,Y,4,0,1,2,A,-,09,21801,A,N,A,C,A,A,H,-,A,A,0,,,,,Y,,A,01,0,0,1,0,0,0,0,0,0,"- ","- ",,,"SAN FRANCISCO","SAN FRANCISCO",-122.41439056396484,37.755718231201172
8651586,2018,2018-09-27,3801,2018-08-03,1806,4178,BAYVI,5,5,7,3801,0,0,0,,0,4B3A,"3RD ST","EVANS AV",0.00,,Y,A,-,N,,,,,,,,,,Y,4,0,3,2,B,-,22,,,N,D,C,A,A,H,-,A,A,0,,,,,Y,,J,48,0,0,3,0,0,0,0,0,0,"- ","- ",,,"SAN FRANCISCO","SAN FRANCISCO",-122.38800811767578,37.742729187011719
8652568,2018,2018-08-28,3801,2018-06-10,1742,195,NORTH,7,5,7,3801,0,0,0,,0,3E13D,"VAN NESS AV","PINE ST",0.00,,-,A,-,Y,SF,4,101,-,-,5.880,H,-,S,N,4,0,1,1,C,-,18,,,N,H,J,A,A,G,-,A,D,0,,,,,Y,,-,"- ",0,0,1,0,0,0,0,0,0,"- ","- ",,,"SAN FRANCISCO","SAN FRANCISCO",-122.42227935791016,37.789558410644531
8656263,2018,2018-07-26,3801,2018-06-27,1852,1350,INGLE,3,5,7,3801,0,0,0,,0,3H13D,"LAWRENCE AV","SEARS ST",25.00,E,N,B,-,N,,,,,,,,,,N,3,0,1,3,A,-,17,21663,,N,G,B,F,A,H,-,A,D,0,Y,,,,Y,,A,01,0,1,0,0,1,0,0,0,0,"- ","- ",,,"SAN FRANCISCO","SAN FRANCISCO",-122.45244598388672,37.710670471191406
8656275,2018,2018-07-26,3801,2018-06-07,1151,728,INGLE,4,5,7,3801,0,0,0,,0,3H11A,"SICKLES AV","HURON AV",0.00,,Y,A,-,N,,,,,,,,,,Y,4,0,2,2,A,-,09,21804,A,N,D,C,A,-,H,-,A,A,0,,,,,Y,,A,01,0,0,2,0,0,0,0,0,0,"- ","- ",,,"SAN FRANCISCO","SAN FRANCISCO",-122.45323944091797,37.709178924560547
8656304,2018,2018-07-30,3801,2018-06-20,0811,2710,CENTR,3,5,7,3801,0,0,0,,0,3A12A,"SUTTER ST","TRINITY ST",16.00,W,N,B,-,N,,,,,,,,,,N,3,0,1,2,A,-,11,21955,,N,D,B,D,A,H,-,A,D,0,Y,,,,Y,,N,60,0,1,0,0,1,0,0,0,0,"- ","- ",,,"SAN FRANCISCO","SAN FRANCISCO",-122.40269470214844,37.789955139160156
8656386,2018,2018-07-27,3801,2018-06-11,1205,2200,NORTH,1,5,7,3801,0,0,0,,0,005,"CHESTNUT ST","LAGUNA ST",65.00,W,N,A,-,N,,,,,,,,,,N,4,0,2,2,A,-,03,22350,,N,C,C,A,A,H,-,A,A,0,,,Y,,Y,,C,02,0,0,2,0,0,0,0,0,2,"- ","- ",,,"SAN FRANCISCO","SAN FRANCISCO",-122.43152618408203,37.801414489746094
8661243,2018,2018-08-31,3801,2018-06-24,0621,859,BAYVI,7,5,7,3801,0,0,0,,0,03C,"BAYSHORE BL","BAYSHORE BL 195",0.00,,Y,A,-,N,,,,,,,,,,Y,3,0,1,2,A,-,07,21658,A,N,C,E,A,A,H,-,A,D,0,,,,,Y,Y,A,01,0,1,0,0,0,0,0,0,0,"- ","- ",,,"SAN FRANCISCO","SAN FRANCISCO",-122.404025,37.745218000000001
8661256,2018,2018-07-27,3801,2018-06-04,0747,1693,BAYVI,1,5,7,3801,0,0,0,,0,005,"3RD ST","CARROLL AV",0.00,,Y,A,-,N,,,,,,,,,,N,4,0,1,2,A,-,11,21950,B,N,G,B,B,A,H,-,A,A,0,Y,,,Y,Y,,N,60,0,0,1,0,1,0,0,0,0,"- ","- ",,,"SAN FRANCISCO","SAN FRANCISCO",-122.39436340332031,37.725490570068359
8661260,2018,2018-07-30,3801,2018-06-04,0834,2375,RICHM,1,5,7,3801,0,0,0,,0,3G60,"44TH AV","BALBOA ST",0.00,,Y,A,-,N,,,,,,,,,,Y,4,0,1,2,A,-,09,21802,A,N,D,C,A,A,H,-,A,A,0,,,,,Y,,A,07,0,0,1,0,0,0,0,0,0,"- ","- ",,,"SAN FRANCISCO","SAN FRANCISCO",-122.50482940673828,37.775379180908203
8661500,2018,2018-07-30,3801,2018-06-22,1221,614,SOUTH,5,5,7,3801,0,0,0,,0,0B1,"FREMONT ST","FOLSOM ST",174.00,S,N,A,-,N,,,,,,,,,,N,3,0,1,2,A,-,03,22350,,N,D,C,A,A,H,-,A,D,0,,,Y,Y,Y,,F,55,0,1,0,0,0,0,0,0,1,"- ","- ",,,"SAN FRANCISCO","SAN FRANCISCO",-122.39317321777344,37.78765869140625
8661516,2018,2018-07-27,3801,2018-06-27,1130,2400,TARAV,3,5,7,3801,0,0,0,,0,3I00,"DIVISADERO ST","OFARRELL ST",0.00,,Y,B,-,N,,,,,,,,,,N,4,0,1,2,A,-,22,23123,A,F,C,C,A,A,H,-,A,A,0,,,,Y,Y,,F,26,0,0,1,0,0,0,0,0,0,"- ","- ",,,"SAN FRANCISCO","SAN FRANCISCO",-122.43930053710938,37.782428741455078
8662352,2018,2018-08-09,3801,2018-06-27,2235,2386,INGLE,3,5,7,3801,0,0,0,,0,3H63,"CAMPBELL AV","POWER POLE 110032844",32.00,N,N,A,-,N,,,,,,,,,,Y,3,0,1,4,A,-,03,22350,,M,E,E,A,A,H,-,C,D,0,,,,,Y,,A,01,0,1,0,0,0,0,0,0,0,"- ","- ",,,"SAN FRANCISCO","SAN FRANCISCO",,
8667381,2018,2018-07-23,3801,2018-06-06,0911,1288,NORTH,3,5,7,3801,0,0,0,,0,3E14A,"VAN NESS AV",GROVE,13.00,E,N,A,-,N,,,,,,,,,,Y,4,0,1,2,A,-,03,22350,A,N,B,G,A,A,H,-,A,D,0,,Y,,,Y,,L,04,0,0,1,0,0,0,1,0,0,"- ","- ",,,"SAN FRANCISCO","SAN FRANCISCO",-122.41995239257812,37.778213500976562
8667492,2018,2018-07-25,3801,2018-06-29,0743,2365,NORTH,5,5,7,3801,0,0,0,,0,3CAR,"GOUGH ST","GOLDEN GATE AV",0.00,,Y,A,-,N,,,,,,,,,,N,4,0,1,2,A,-,12,21453,A,F,D,C,A,A,H,-,A,A,0,,,,,Y,,A,01,0,0,1,0,0,0,0,0,0,"- ","- ",,,"SAN FRANCISCO","SAN FRANCISCO",-122.42372894287109,37.780609130859375
8667504,2018,2018-07-25,3801,2018-06-28,1452,642,SOUTH,4,5,7,3801,0,0,0,,0,002,"HOWARD ST","4TH ST",210.00,W,N,A,-,N,,,,,,,,,,N,3,0,2,2,A,-,11,21955,,N,G,B,D,A,H,-,A,A,0,Y,Y,,,Y,,N,60,0,1,1,0,1,0,1,0,0,"- ","- ",,,"SAN FRANCISCO","SAN FRANCISCO",-122.40321350097656,37.782863616943359
8667568,2018,2018-07-27,3801,2018-06-29,1120,2279,3C,5,5,7,3801,0,0,0,,0,,"LOOMIS ST","WATERLOO ST",0.00,,Y,A,-,N,,,,,,,,,,Y,4,0,2,2,A,-,09,21801,A,N,H,C,A,A,H,-,A,D,0,,,,,Y,,A,01,0,0,2,0,0,0,0,0,0,"- ","- ",,,"SAN FRANCISCO","SAN FRANCISCO",-122.40556335449219,37.739139556884766
8673685,2018,2018-10-04,3801,2018-06-26,1630,1421,RICHM,2,5,7,3801,0,0,0,,0,3G12D,"FULTON ST","8TH AV",0.00,,Y,A,-,N,,,,,,,,,,Y,4,0,3,2,A,-,12,21453,A,N,D,C,A,A,H,-,A,A,0,,,,,Y,,A,01,0,0,3,0,0,0,0,0,0,"- ","- ",,,"SAN FRANCISCO","SAN FRANCISCO",-122.46588134765625,37.773380279541016
8674429,2018,2018-08-29,3801,2018-06-15,1502,875,BAYVI,5,5,7,3801,0,0,0,,0,3C13C,"BAYSHORE BL","CARROLL AV",0.00,,Y,A,-,N,,,,,,,,,,Y,3,0,2,2,A,-,09,21801,,N,A,C,A,A,H,-,A,A,0,,,,,Y,,A,08,0,1,1,0,0,0,0,0,0,"- ","- ",,,"SAN FRANCISCO","SAN FRANCISCO",-122.40341949462891,37.730640411376953
8683328,2018,2018-08-30,3801,2018-07-05,0800,4258,NORTH,4,5,7,3801,0,0,0,,0,1CAR,"STEINER ST","FELL ST",0.00,,Y,A,-,N,,,,,,,,,,Y,4,0,1,2,A,-,08,22100,B,N,D,C,A,A,H,-,A,A,0,,,,,Y,Y,D,22,0,0,1,0,0,0,0,0,0,"- ","- ",,,"SAN FRANCISCO","SAN FRANCISCO",-122.43264770507812,37.774681091308594
8683751,2018,2018-08-31,3801,2018-07-19,1300,A22708,MISSI,4,5,7,3801,0,0,0,,0,3D16C,"14TH ST","SHOTWELL ST",33.00,E,N,A,-,N,,,,,,,,,,Y,4,0,1,2,A,-,08,22107,,N,A,G,A,A,H,-,A,D,0,,Y,,,Y,,A,01,0,0,1,0,0,0,1,0,0,"- ","- ",,,"SAN FRANCISCO","SAN FRANCISCO",-122.41659545898438,37.768486022949219
8683821,2018,2018-09-05,3801,2018-07-10,1945,321,RICHM,2,5,7,3801,0,0,0,,0,3G5D,"21ST AV","GEARY BL",0.00,,Y,A,-,N,,,,,,,,,,N,4,0,2,2,A,-,06,21750,A,N,D,C,A,A,H,-,B,D,0,,,,,Y,,A,01,0,0,2,0,0,0,0,0,0,"- ","- ",,,"SAN FRANCISCO","SAN FRANCISCO",-122.48045349121094,37.780338287353516
8685714,2018,2018-10-04,3801,2018-07-17,2048,260,,2,5,7,3801,0,0,0,,0,3B12D,"MISSION ST","MISSION ST 800 BLK",0.00,,-,A,-,N,,,,,,,,,,N,4,0,1,3,A,-,03,22350,,N,C,C,A,A,H,-,C,A,0,,,,,Y,,A,01,0,0,1,0,0,0,0,0,0,"- ","- ",,,"SAN FRANCISCO","SAN FRANCISCO",,
8685845,2018,2018-09-06,3801,2018-07-12,1230,2728,MISIS,4,5,7,3801,0,0,0,,0,3D16A,"POTRERO AV","22ND ST",0.00,,Y,A,-,N,,,,,,,,,,Y,4,0,1,2,A,-,09,21801,A,N,D,C,A,A,H,-,A,A,0,,,,,Y,,A,01,0,0,1,0,0,0,0,0,0,"- ","- ",,,"SAN FRANCISCO","SAN FRANCISCO",-122.40670013427734,37.756839752197266
8685864,2018,2018-08-30,3801,2018-07-26,0805,2279,BAYVI,4,5,7,3801,0,0,0,,0,0C3,"PALOU AV","3RD ST",100.00,W,N,A,B,N,,,,,,,,,,N,4,0,1,2,A,-,08,22107,,N,D,C,A,A,H,-,A,D,0,,,Y,,Y,,A,01,0,0,1,0,0,0,0,0,1,"- ","- ",,,"SAN FRANCISCO","SAN FRANCISCO",-122.39134216308594,37.734199523925781
8685866,2018,2018-08-29,3801,2018-07-03,1230,A22708,MISIS,2,5,7,3801,0,0,0,,0,3D16C,"16TH ST","UTAH ST",0.00,,Y,A,-,N,,,,,,,,,,N,4,0,1,2,A,-,09,21804,A,N,D,C,A,A,H,-,A,D,0,,,,,Y,,A,01,0,0,1,0,0,0,0,0,0,"- ","- ",,,"SAN FRANCISCO","SAN FRANCISCO",-122.40654754638672,37.765838623046875
8685868,2018,2018-08-29,3801,2018-07-26,1420,1398,NROTH,4,5,7,3801,0,0,0,,0,3E1C,"OAK ST","OCTAVIA ST",0.00,,Y,B,-,N,,,,,,,,,,N,4,0,1,2,A,-,00,22453,A,N,D,G,A,A,H,-,A,A,0,,Y,,,Y,,L,04,0,0,1,0,0,0,1,0,0,"- ","- ",,,"SAN FRANCISCO","SAN FRANCISCO",-122.42430114746094,37.774799346923828
8685900,2018,2018-09-06,3801,2018-07-02,2345,515,3E00,1,5,7,3801,0,0,0,,0,,FRANKLIN,LOMBARD,0.00,,Y,A,-,N,,,,,,,,,,N,4,0,1,2,A,-,03,22350,,F,C,C,A,A,H,-,C,A,0,,,,,Y,,-,,0,0,1,0,0,0,0,0,0,"- ","- ",,,"SAN FRANCISCO","SAN FRANCISCO",-122.42620086669922,37.801109313964844
8688829,2018,2018-10-18,3801,2018-07-23,0140,2179,CENTR,1,5,7,3801,0,0,0,,0,3A11E,"SACRAMENTO ST","LARKIN ST",0.00,,Y,A,-,N,,,,,,,,,,N,3,0,1,1,A,-,03,22350,,N,H,-,A,A,H,-,C,A,0,,Y,,,Y,Y,L,04,0,1,0,0,0,0,1,0,0,"- ","- ",,,"SAN FRANCISCO","SAN FRANCISCO",-122.41924285888672,37.791709899902344
8693182,2018,2018-09-28,3801,2018-08-12,1522,1033,MISSI,7,5,7,3801,0,0,0,,0,3D114,"MISSION ST","22ND ST",190.00,N,N,A,-,N,,,,,,,,,,Y,4,0,1,2,A,-,08,22102,,N,B,C,A,A,H,-,A,D,0,,,,,Y,,A,01,0,0,1,0,0,0,0,0,0,"- ","- ",,,"SAN FRANCISCO","SAN FRANCISCO",-122.41879272460938,37.755970001220703
8697455,2018,2019-01-15,3801,2018-08-21,1226,2174,TENDE,2,5,7,3801,0,0,0,,0,003,"LARKIN ST","GOLDEN GATE AV",0.00,,Y,B,-,N,,,,,,,,,,N,4,0,1,2,A,-,11,21955,,N,G,B,D,A,H,-,A,A,0,Y,,,,Y,,N,60,0,0,1,0,1,0,0,0,0,"- ","- ",,,"SAN FRANCISCO","SAN FRANCISCO",-122.41715240478516,37.781440734863281
8697863,2018,2018-10-02,3801,2018-08-28,1220,262,NORTH,2,5,7,3801,0,0,0,,0,3E11A,"WEBSTER ST","EDDY ST",67.00,N,N,A,-,N,,,,,,,,,,N,4,0,1,2,A,-,04,21703,,N,C,C,A,A,H,-,A,A,0,,,,,Y,,A,01,0,0,1,0,0,0,0,0,0,"- ","- ",,,"SAN FRANCISCO","SAN FRANCISCO",-122.43070983886719,37.781803131103516
8697912,2018,2018-10-02,3801,2018-08-29,1245,306,TENDE,3,5,7,3801,0,0,0,,0,3J11A,"MARKET ST","9TH ST",0.00,,Y,A,-,N,,,,,,,,,,N,2,0,1,2,A,-,06,21750,A,N,B,C,A,A,H,-,A,A,0,,,Y,,Y,,C,03,1,0,0,0,0,0,0,0,1,"- ","- ",,,"SAN FRANCISCO","SAN FRANCISCO",-122.41632843017578,37.777500152587891
8698100,2018,2018-10-05,3801,2018-08-17,0940,942,TARAV,5,5,7,3801,0,0,0,,0,3I13A,"UPPER GREAT HWY","LAWTON ST",321.00,S,N,A,-,N,,,,,,,,,,Y,4,0,1,1,A,-,03,22350,,N,F,A,A,A,H,-,A,A,0,,,,,Y,,A,01,0,0,1,0,0,0,0,0,0,"- ","- ",,,"SAN FRANCISCO","SAN FRANCISCO",-122.50934600830078,37.755657196044922
8698129,2018,2018-10-04,3801,2018-08-09,2028,2099,NORTH,4,5,7,3801,0,0,0,,0,3E13D,"TURK ST","VAN NESS AV",25.00,E,N,A,-,N,,,,,,,,,,Y,4,0,1,4,A,-,01,23153,,F,G,B,E,A,H,-,C,D,0,Y,,,,Y,,A,01,0,0,1,0,1,0,0,0,0,"- ","- ",,,"SAN FRANCISCO","SAN FRANCISCO",-122.42061614990234,37.781936645507812