CASE_ID,ACCIDENT_YEAR,PROC_DATE,JURIS,COLLISION_DATE,COLLISION_TIME,OFFICER_ID,REPORTING_DISTRICT,DAY_OF_WEEK,CHP_SHIFT,POPULATION,CNTY_CITY_LOC,SPECIAL_COND,BEAT_TYPE,CHP_BEAT_TYPE,CITY_DIVISION_LAPD,CHP_BEAT_CLASS,BEAT_NUMBER,PRIMARY_RD,SECONDARY_RD,DISTANCE,DIRECTION,INTERSECTION,WEATHER_1,WEATHER_2,STATE_HWY_IND,CALTRANS_COUNTY,CALTRANS_DISTRICT,STATE_ROUTE,ROUTE_SUFFIX,POSTMILE_PREFIX,POSTMILE,LOCATION_TYPE,RAMP_INTERSECTION,SIDE_OF_HWY,TOW_AWAY,COLLISION_SEVERITY,NUMBER_KILLED,NUMBER_INJURED,PARTY_COUNT,PRIMARY_COLL_FACTOR,PCF_CODE_OF_VIOL,PCF_VIOL_CATEGORY,PCF_VIOLATION,PCF_VIOL_SUBSECTION,HIT_AND_RUN,TYPE_OF_COLLISION,MVIW,PED_ACTION,ROAD_SURFACE,ROAD_COND_1,ROAD_COND_2,LIGHTING,CONTROL_DEVICE,CHP_ROAD_TYPE,PEDESTRIAN_ACCIDENT,BICYCLE_ACCIDENT,MOTORCYCLE_ACCIDENT,TRUCK_ACCIDENT,NOT_PRIVATE_PROPERTY,ALCOHOL_INVOLVED,STWD_VEHTYPE_AT_FAULT,CHP_VEHTYPE_AT_FAULT,COUNT_SEVERE_INJ,COUNT_VISIBLE_INJ,COUNT_COMPLAINT_PAIN,COUNT_PED_KILLED,COUNT_PED_INJURED,COUNT_BICYCLIST_KILLED,COUNT_BICYCLIST_INJURED,COUNT_MC_KILLED,COUNT_MC_INJURED,PRIMARY_RAMP,SECONDARY_RAMP,LATITUDE,LONGITUDE,COUNTY,CITY,POINT_X,POINT_Y
9182392,2020,2020-12-23,3801,2020-10-08,1104,2441,MISSI,4,5,7,3801,0,0,0,,0,3D14A,"26TH ST","BRYANT ST",0.00,,Y,A,-,N,,,,,,,,,,N,4,0,2,2,A,-,12,22450,,N,D,C,A,A,H,-,A,D,0,,,,,Y,,A,01,0,0,2,0,0,0,0,0,0,"- ","- ",,,"SAN FRANCISCO","SAN FRANCISCO",-122.40885925292969,37.749618530273438
9182408,2020,2020-12-26,3801,2020-10-30,1739,2488,INGLE,5,5,7,3801,0,0,0,,0,,"MISSION ST","VIRGINIA AV",0.00,,Y,A,-,N,,,,,,,,,,N,4,0,1,2,A,-,08,22107,,N,-,C,A,A,H,-,A,A,0,,,,,Y,,D,22,0,0,1,0,0,0,0,0,0,"- ","- ",,,"SAN FRANCISCO","SAN FRANCISCO",-122.42150115966797,37.743148803710938
9182438,2020,2020-12-05,3801,2020-10-29,1620,2132,PARK,4,5,7,3801,0,0,0,,0,3F60,"WOODSIDE AV","HERNANDEZ AV",20.00,N,N,A,-,N,,,,,,,,,,N,3,0,1,2,A,-,09,21804,A,N,D,G,A,A,H,-,A,A,0,,Y,,,Y,,A,01,0,1,0,0,0,0,1,0,0,"- ","- ",,,"SAN FRANCISCO","SAN FRANCISCO",-122.45554351806641,37.746364593505859
9182501,2020,2021-01-02,3801,2020-10-22,1330,2376,SOUTH,4,5,7,3801,0,0,0,,0,3B14A,"GUERRERO ST","MARKET ST",72.00,S,N,A,-,N,,,,,,,,,,N,3,0,1,2,A,-,17,22109,,N,B,C,A,A,H,-,A,D,0,,,Y,,Y,,A,01,0,1,0,0,0,0,0,0,1,"- ","- ",,,"SAN FRANCISCO","SAN FRANCISCO",-122.42469024658203,37.770606994628906
91825558,2022,2022-07-26,9335,2022-07-25,0215,022667,,1,3,7,3801,0,1,1,,1,083,"I-80 E/B","YERBA BUENA ISLAND TUNNEL EXIT",6230.00,E,N,A,-,Y,ALA,,80,,R,0.159,H,,R,Y,4,0,2,1,C,-,18,,,N,E,I,A,A,H,-,C,D,0,,,,,Y,,-,"- ",0,0,2,0,0,0,0,0,0,"- ","- ",37.819149017333984,-122.34671020507812,"SAN FRANCISCO","SAN FRANCISCO",-122.34674072265625,37.819267272949219
9184094,2020,2020-12-03,3801,2020-10-02,2301,1480,MISSI,5,5,7,3801,0,0,0,,0,3D15E,"GUERRERO ST","26TH ST",5.00,N,N,A,-,N,,,,,,,,,,N,2,0,1,2,A,-,11,21453,D,F,D,B,B,A,H,-,C,A,0,Y,,,,Y,Y,N,60,1,0,0,0,1,0,0,0,0,"- ","- ",,,"SAN FRANCISCO","SAN FRANCISCO",-122.42256927490234,37.748802185058594
9184096,2020,2020-12-03,3801,2020-10-06,1238,319,CENTR,2,5,7,3801,0,0,0,,0,3A12A,"POWELL ST","SUTTER ST",0.00,,-,A,-,N,,,,,,,,,,N,3,0,1,1,A,-,03,22350,A,N,A,J,A,A,G,-,A,D,0,,Y,,,Y,,L,04,0,1,0,0,0,0,1,0,0,"- ","- ",,,"SAN FRANCISCO","SAN FRANCISCO",-122.40860748291016,37.789230346679688
9184097,2020,2020-12-10,3801,2020-10-06,1104,1917,TARAV,2,5,7,3801,0,0,0,,0,3I16A,"JUNIPERO SERRA BL","19TH AV",0.00,,Y,A,-,Y,SF,4,1,-,R,0.680,I,5,N,Y,3,0,4,4,A,-,03,22350,,N,B,D,A,A,H,-,A,A,0,,,,,Y,,A,07,0,2,2,0,0,0,0,0,0,"- ","- ",,,"SAN FRANCISCO","SAN FRANCISCO",-122.47260284423828,37.717327117919922
9184150,2020,2020-12-11,3801,2020-10-02,1416,1750,BAYVI,5,5,7,3801,0,0,0,,0,0CI,"3RD ST","25TH ST",109.00,S,N,A,-,N,,,,,,,,,,Y,4,0,1,1,A,-,07,21658,A,N,A,-,A,A,H,-,A,D,0,,,,,Y,,A,01,0,0,1,0,0,0,0,0,0,"- ","- ",,,"SAN FRANCISCO","SAN FRANCISCO",-122.38784790039062,37.752540588378906
9184195,2020,2020-12-14,3801,2020-10-26,0912,2163,TENDE,1,5,7,3801,0,0,0,,0,001,"MARKET ST","8TH ST",0.00,,Y,A,-,N,,,,,,,,,,N,4,0,1,1,A,-,03,22350,,N,E,I,A,A,H,-,A,D,0,,,,,Y,,-,,0,0,1,0,0,0,0,0,0,"- ","- ",,,"SAN FRANCISCO","SAN FRANCISCO",-122.41475677490234,37.778709411621094
91845861,2022,2022-08-22,9335,2022-08-14,1812,021222,,7,2,7,3801,0,1,1,,2,080,"I-80 WESTBOUND TO 9TH STREET","8TH STREET",60.00,E,N,A,-,Y,,,,,,,,,,N,4,0,1,3,A,-,03,22350,,N,C,C,A,A,H,-,A,D,0,,,,,Y,,A,01,0,0,1,0,0,0,0,0,0,"- ","- ",37.773750305175781,-122.40811920166016,"SAN FRANCISCO","SAN FRANCISCO",-122.40811920166016,37.773750305175781
9184825,2020,2021-01-05,3801,2020-10-17,1535,2374,INGLE,6,5,7,3801,0,0,0,,0,0H1,"SAN JOSE AV","30TH ST",120.00,N,N,A,-,N,,,,,,,,,,N,3,0,1,2,A,-,08,22107,,N,C,C,A,A,H,-,A,D,0,,Y,,,Y,,I,11,0,1,0,0,0,0,1,0,0,"- ","- ",,,"SAN FRANCISCO","SAN FRANCISCO",-122.42324829101562,37.742599487304688
9184829,2020,2020-12-07,3801,2020-10-02,1613,1160,SOUTH,5,5,7,3801,0,0,0,,0,03B,"MARKET ST","OCTAVIA ST",0.00,,Y,A,-,N,,,,,,,,,,N,3,0,1,2,A,-,08,22101,D,N,D,G,A,A,H,-,A,A,0,,Y,,Y,Y,,F,26,0,1,0,0,0,0,1,0,0,"- ","- ",,,"SAN FRANCISCO","SAN FRANCISCO",-122.42359161376953,37.771778106689453
91848843,2022,2022-08-25,9335,2022-08-21,1509,022241,,7,2,7,3801,0,1,1,,2,022,"I-280 S/B","FAROLLONES STREET OVERCROSSING",326.00,N,N,A,-,Y,SF,,280,,R,1.128,H,,L,Y,3,0,1,1,A,-,08,22107,,N,E,I,A,A,H,-,A,D,0,,,,,Y,,A,01,0,1,0,0,0,0,0,0,0,"- ","- ",37.714458465576172,-122.45124816894531,"SAN FRANCISCO","SAN FRANCISCO",-122.45113372802734,37.714374542236328
91869757,2022,2022-09-21,9335,2022-09-15,1715,022241,,4,2,7,3801,0,1,2,,2,015,"US-101 S/B FROM SOUTH VAN NESS","S. VAN NESS AVENUE",510.00,S,N,A,-,Y,,,,,,,,,,N,2,0,1,1,B,-,22,,,N,F,A,A,A,H,-,A,D,0,,,Y,,Y,,C,02,1,0,0,0,0,0,0,0,1,"- ","- ",37.769519805908203,-122.41889953613281,"SAN FRANCISCO","SAN FRANCISCO",-122.41889953613281,37.769519805908203
91870172,2022,2022-09-21,9335,2022-09-12,1700,022860,,1,2,7,3801,0,1,2,,2,014,"US-101 N/B","CESAR CHAVEZ ST UNDERCROSSING",80.00,N,N,A,-,Y,SF,,101,,,3.019,H,,R,N,4,0,1,2,A,-,03,22350,,N,C,C,A,A,H,-,A,D,0,,,,,Y,,A,08,0,0,1,0,0,0,0,0,0,"- ","- ",37.749519348144531,-122.40352630615234,"SAN FRANCISCO","SAN FRANCISCO",-122.40357208251953,37.749526977539062
91887776,2022,2022-10-11,9350,2022-10-01,1514,022433,,6,2,7,3801,0,1,2,,2,010,"MERCHANT RD. TO US-101 S/B","LINCOLN BLVD.",100.00,N,N,A,-,Y,,,,,,,,,,N,4,0,1,2,A,-,21,22106,,N,C,C,A,A,H,-,A,A,0,,,,,Y,,I,09,0,0,1,0,0,0,0,0,0,"- ","- ",37.806400299072266,-122.47499084472656,"SAN FRANCISCO","SAN FRANCISCO",-122.47566986083984,37.804420471191406
91894629,2022,2022-10-19,9335,2022-10-13,1300,023063,,4,1,7,3801,0,1,2,,2,013,"US-101 NORTHBOUND","3RD ST. OVERCROSSING",565.00,S,N,A,-,Y,SF,,101,,,0.447,H,,R,N,4,0,1,2,A,-,17,23114,A,M,E,J,A,A,H,-,A,D,0,,,,,Y,,-,99,0,0,1,0,0,0,0,0,0,"- ","- ",37.714550018310547,-122.39743804931641,"SAN FRANCISCO","SAN FRANCISCO",-122.39748382568359,37.714527130126953
91899210,2022,2022-10-25,9350,2022-10-14,1445,022514,,5,2,7,3801,0,1,2,,2,020,"US-101 SB","LINCOLN BLVD",479.00,N,N,B,-,Y,,,,,,,,,,Y,4,0,4,1,A,-,09,21802,A,N,E,I,A,A,H,-,A,D,0,,,,,Y,,A,01,0,0,4,0,0,0,0,0,0,"- ","- ",37.807220458984375,-122.47576904296875,"SAN FRANCISCO","SAN FRANCISCO",-122.47577667236328,37.807209014892578
91906483,2022,2022-11-01,9335,2022-10-20,1310,019631,,4,1,7,3801,0,1,2,,2,013,"US-101 S/B","BAYSHORE BLVD",500.00,S,N,A,-,Y,SF,,101,,,2.831,H,,L,N,4,0,1,2,A,-,03,22350,,N,C,C,A,A,H,-,A,D,0,,,Y,,Y,,C,02,0,0,1,0,0,0,0,0,1,"- ","- ",37.746940612792969,-122.404541015625,"SAN FRANCISCO","SAN FRANCISCO",-122.40459442138672,37.746952056884766
91909598,2021,2022-11-04,9335,2021-11-26,0304,022326,,5,3,7,3801,0,1,2,,2,014,"US-101 N/B","18TH STREET PEDESTRIAN OVERCROSSING",755.00,S,N,A,-,Y,,,101,,,,,,N,Y,1,2,2,3,A,-,01,23152,A,N,A,C,A,A,H,-,D,D,0,,,,,Y,Y,A,01,1,0,1,0,0,0,0,0,0,"- ","- ",37.760139465332031,-122.40635681152344,"SAN FRANCISCO","SAN FRANCISCO",-122.40627288818359,37.760162353515625
91915581,2022,2022-11-11,9335,2022-10-27,2130,022802,,4,2,7,3801,0,1,1,,1,081,"I-80 W/B","THE BEALE ST U/C",800.00,W,N,A,-,Y,SF,,80,,,5.570,H,,L,Y,3,0,1,2,A,-,01,23152,A,N,C,C,A,A,H,-,C,D,0,,,,,Y,Y,A,01,0,1,0,0,0,0,0,0,0,"- ","- ",37.785289764404297,-122.39237213134766,"SAN FRANCISCO","SAN FRANCISCO",-122.39226531982422,37.785160064697266
9192338,2020,2021-01-12,3801,2020-11-03,1619,2180,BAYVI,2,5,7,3801,0,0,0,,0,3C11D,"INGALLS ST","PALOU AV",0.00,,Y,A,-,N,,,,,,,,,,Y,4,0,2,2,A,-,03,22350,,F,E,J,A,A,H,-,A,D,0,,,,,Y,,A,01,0,0,2,0,0,0,0,0,0,"- ","- ",,,"SAN FRANCISCO","SAN FRANCISCO",-122.38343811035156,37.729751586914062
91929109,2022,2022-11-29,9335,2022-11-20,0300,022096,,7,3,7,3801,0,1,2,,2,013,"US-101 N/B","BLANKEN AVENUE",1531.00,N,N,A,-,Y,SF,,101,,,0.316,H,,R,Y,4,0,1,2,A,-,01,23152,A,N,C,C,A,A,H,-,C,D,0,,,,,Y,Y,A,01,0,0,1,0,0,0,0,0,0,"- ","- ",37.712898254394531,-122.39620208740234,"SAN FRANCISCO","SAN FRANCISCO",-122.39621734619141,37.712894439697266
91929171,2022,2022-11-29,9335,2022-11-21,1820,023044,,1,2,7,3801,0,1,2,,2,013,"I-280 NORTHBOUND TO US-101 NORTHBOUND","ALEMANY BOULEVARD",454.00,N,N,A,-,Y,SF,,101,,,2.104,H,,R,N,4,0,1,3,A,-,03,22350,,N,C,C,A,A,H,-,C,D,0,,,,,Y,,A,07,0,0,1,0,0,0,0,0,0,"- ","- ",37.737178802490234,-122.40753173828125,"SAN FRANCISCO","SAN FRANCISCO",-122.40769195556641,37.737144470214844
91936045,2022,2022-12-07,9335,2022-11-28,2206,023067,,1,3,7,3801,0,1,1,,1,081,"I-80 W/B","NORTHGATE ROAD",4115.00,E,N,A,-,Y,ALA,,80,,R,0.007,H,,L,Y,4,0,1,1,A,-,01,23152,A,N,E,I,A,A,H,-,C,D,0,,,,,Y,Y,A,01,0,0,1,0,0,0,0,0,0,"- ","- ",37.819328308105469,-122.349609375,"SAN FRANCISCO","SAN FRANCISCO",-122.34958648681641,37.819236755371094
91940802,2022,2023-05-05,9335,2022-06-07,0328,022179,,2,3,7,3801,0,1,2,,2,015,"US-101 S/B TO I-80 E/B","DIVISION STREET UNDERCROSSING",179.00,N,N,A,-,Y,SF,,80,,L,4.036,H,,R,Y,1,1,0,3,A,-,01,23152,G,N,E,I,A,A,C,-,C,D,0,,,Y,Y,Y,Y,C,02,0,0,0,0,0,0,0,1,0,"- ","- ",37.769180297851562,-122.40564727783203,"SAN FRANCISCO","SAN FRANCISCO",-122.40569305419922,37.769210815429688
9194207,2020,2021-01-19,3801,2020-11-24,1535,2050,NORTH,2,5,7,3801,0,0,0,,0,3E14D,"LAGUNA ST","GEARY ST",97.00,N,N,A,-,N,,,,,,,,,,Y,4,0,2,2,D,-,00,,,N,B,C,A,A,H,-,A,D,0,,,,,Y,,-,"- ",0,0,2,0,0,0,0,0,0,"- ","- ",,,"SAN FRANCISCO","SAN FRANCISCO",-122.42805480957031,37.785301208496094
9194246,2020,2021-01-20,3801,2020-11-17,0107,2732,CENTR,2,5,7,3801,0,0,0,,0,3A15E,"BATTERY ST","CALIFORNIA ST",0.00,,Y,A,-,N,,,,,,,,,,N,3,0,3,2,A,-,12,21453,A,N,D,C,A,A,H,-,C,A,0,,,,,Y,,A,01,0,1,2,0,0,0,0,0,0,"- ","- ",,,"SAN FRANCISCO","SAN FRANCISCO",-122.39997863769531,37.793228149414062
9194253,2020,2021-01-20,3801,2020-11-19,1802,2132,PARK,4,5,7,3801,0,0,0,,0,3F60,"WALLER ST","OCTAVIA ST",30.00,W,N,A,-,N,,,,,,,,,,N,4,0,1,2,A,-,21,22106,,F,G,B,D,A,H,-,C,D,0,Y,,,,Y,,A,01,0,0,1,0,1,0,0,0,0,"- ","- ",,,"SAN FRANCISCO","SAN FRANCISCO",-122.42383575439453,37.771995544433594
9194281,2020,2021-01-20,3801,2020-11-14,1129,905,MISSI,6,5,7,3801,0,0,0,,0,3D13C,"VALENCIA ST","16TH ST",404.00,S,N,A,-,N,,,,,,,,,,N,3,0,1,1,A,-,03,22350,,N,A,J,A,A,H,-,A,A,0,,Y,,,Y,,L,04,0,1,0,0,0,0,1,0,0,"- ","- ",,,"SAN FRANCISCO","SAN FRANCISCO",-122.42178344726562,37.763801574707031
9194291,2020,2021-01-20,3801,2020-11-03,1300,2375,RICHM,2,5,7,3801,0,0,0,,0,3G4A,"ARGUELLO BL","GEARY BL",217.00,S,N,A,-,N,,,,,,,,,,N,3,0,1,2,A,-,08,22107,,N,-,-,A,A,H,-,A,D,0,,Y,,,Y,,L,04,0,1,0,0,0,0,1,0,0,"- ","- ",,,"SAN FRANCISCO","SAN FRANCISCO",-122.45884704589844,37.780735015869141
9194313,2020,2021-01-20,3801,2020-11-21,2123,2497,SOUTH,6,5,7,3801,0,0,0,,0,3B12E,"9TH ST","BRANNAN ST",0.00,,Y,A,-,N,,,,,,,,,,Y,4,0,1,1,A,-,01,23152,A,N,E,I,A,A,H,-,C,A,0,,,,,Y,Y,A,01,0,0,1,0,0,0,0,0,0,"- ","- ",,,"SAN FRANCISCO","SAN FRANCISCO",-122.40699005126953,37.770061492919922
9194314,2020,2021-01-19,3801,2020-11-21,1346,664,MISSI,6,5,7,3801,0,0,0,,0,3D11D,"45TH AV","LAWTON ST",117.00,S,N,A,-,N,,,,,,,,,,N,3,0,1,2,A,-,03,22350,,N,B,E,A,A,H,-,A,D,0,,Y,,,Y,,L,04,0,1,0,0,0,0,1,0,0,"- ","- ",,,"SAN FRANCISCO","SAN FRANCISCO",-122.50458526611328,37.75640869140625
91947394,2022,2022-12-20,9335,2022-12-17,1305,021328,,6,1,7,3801,0,1,1,,2,080,"I-80 E/B","BRANNAN ST. UNDERCROSSING",100.00,E,N,A,-,Y,SF,,80,,,4.217,H,,R,N,4,0,1,2,A,-,03,22350,,N,C,C,A,A,H,-,A,D,0,,,,,Y,,A,01,0,0,1,0,0,0,0,0,0,"- ","- ",37.771358489990234,-122.40599060058594,"SAN FRANCISCO","SAN FRANCISCO",-122.40602111816406,37.771350860595703
9194807,2020,2021-01-22,3801,2020-11-09,1354,1871,INGLE,1,5,7,3801,0,0,0,,0,901,"GENEVA AV","DELANO AV",0.00,,Y,A,-,N,,,,,,,,,,N,3,0,1,2,A,-,09,21801,A,N,D,-,A,A,H,-,A,A,0,,,,,Y,,A,01,0,1,0,0,0,0,0,0,0,"- ","- ",,,"SAN FRANCISCO","SAN FRANCISCO",-122.44512939453125,37.720100402832031
9194814,2020,2021-01-22,3801,2020-11-20,1930,4104,TENDE,5,5,7,3801,0,0,0,,0,3J11D,"GOLDEN GATE AV","LEAVENWORTH ST",0.00,,Y,A,-,N,,,,,,,,,,N,4,0,2,3,A,-,08,22100,B,N,D,C,A,A,H,-,B,A,0,,,,,Y,,A,01,0,0,2,0,0,0,0,0,0,"- ","- ",,,"SAN FRANCISCO","SAN FRANCISCO",-122.41385650634766,37.781871795654297
9194815,2020,2021-01-22,3801,2020-11-20,1754,1614,MISSI,5,5,7,3801,0,0,0,,0,2CAR,"MARKET ST","CLAYTON ST",20.00,E,N,A,-,N,,,,,,,,,,N,4,0,1,2,A,-,04,21703,,N,C,C,A,A,H,-,C,D,0,,,,,Y,,A,01,0,0,1,0,0,0,0,0,0,"- ","- ",,,"SAN FRANCISCO","SAN FRANCISCO",-122.44366455078125,37.758121490478516
9194822,2020,2021-01-25,3801,2020-11-07,2135,1263,BAYVI,6,5,7,3801,0,0,0,,0,0C3,"CONNECTICUT ST","25TH ST",393.00,N,N,A,-,N,,,,,,,,,,N,4,0,1,2,A,-,21,22106,,N,G,B,E,A,E,-,C,D,0,Y,,,,Y,,A,01,0,0,1,0,1,0,0,0,0,"- ","- ",,,"SAN FRANCISCO","SAN FRANCISCO",-122.39690399169922,37.7532958984375
9194835,2020,2021-02-01,3801,2020-11-11,1707,2706,TENDE,3,5,7,3801,0,0,0,,0,3J102,"HYDE ST","MCALLISTER ST",35.00,W,N,A,-,N,,,,,,,,,,N,4,0,1,2,A,-,09,21801,A,F,A,C,A,A,H,-,B,D,0,,,Y,,Y,,A,01,0,0,1,0,0,0,0,0,1,"- ","- ",,,"SAN FRANCISCO","SAN FRANCISCO",-122.41533660888672,37.780834197998047
91948917,2022,2023-01-31,9335,2022-12-13,0550,018804,,2,3,7,3801,0,1,1,,2,023,"I-280 N/B","BARNEVELD AVE.",206.00,S,N,A,-,Y,SF,,280,,R,4.219,H,,R,N,3,0,1,2,D,-,00,,,N,E,I,A,A,H,-,D,D,0,,,,,Y,,-,"- ",0,1,0,0,0,0,0,0,0,"- ","- ",37.734550476074219,-122.40885162353516,"SAN FRANCISCO","SAN FRANCISCO",-122.40882873535156,37.734519958496094
91951094,2022,2022-12-23,9335,2022-12-11,2222,022703,,7,3,7,3801,0,1,1,,1,083,"I-80 EASTBOUND","THE TREASURE ISLAND RD",50.00,E,N,C,-,Y,SF,,80,,,7.733,H,,R,N,3,0,1,1,A,-,01,23152,A,N,E,I,A,B,H,-,C,D,0,,,,,Y,Y,A,01,0,1,0,0,0,0,0,0,0,"- ","- ",37.809181213378906,-122.36615753173828,"SAN FRANCISCO","SAN FRANCISCO",-122.36613464355469,37.809162139892578
9195712,2020,2021-01-15,3801,2020-11-14,1816,2200,NORTH,6,5,7,3801,0,0,0,,0,002,"FULTON ST","FILLMORE ST",60.00,E,N,A,-,N,,,,,,,,,,N,3,0,1,2,A,-,03,22350,,N,C,G,A,A,H,-,C,D,0,,Y,,,Y,,L,04,0,1,0,0,0,0,1,0,0,"- ","- ",,,"SAN FRANCISCO","SAN FRANCISCO",-122.43135833740234,37.777717590332031
91960273,2022,2023-01-04,9335,2022-12-30,0112,021301,,5,3,7,3801,0,1,1,,2,023,"I-280 S/B","GENEVA AVE OVER-CROSSING",149.00,S,N,C,-,Y,SF,,280,,R,1.615,H,,L,Y,4,0,1,1,A,-,01,23152,A,N,E,I,A,B,H,-,C,D,0,,,,,Y,Y,A,01,0,0,1,0,0,0,0,0,0,"- ","- ",37.720790863037109,-122.44819641113281,"SAN FRANCISCO","SAN FRANCISCO",-122.44828796386719,37.720798492431641
91981357,2023,2023-01-30,9335,2023-01-16,1232,018804,,1,1,7,3801,0,1,1,,2,023,"I-280 N/B TO US 101 S/B","SILVER AVE",785.00,S,N,A,-,Y,SF,,101," "," ",1.620,H,,R,Y,2,0,2,1,A,-,08,22107,,N,E,I,A,A,H,-,A,D,0,,,,,Y,,A,01,1,1,0,0,0,0,0,0,0,"- ","- ",37.730701446533203,-122.40386962890625,"SAN FRANCISCO","SAN FRANCISCO",-122.40398406982422,37.730667114257812
91985012,2023,2023-02-02,9335,2023-01-14,"704 ",023118,,6,1,7,3801,0,1,1,,1,083,"I-80 E/B","ARMY RD",1320.00,E,N,B,C,Y,SF,,80," ",R,8.479,H,,R,Y,4,0,1,2,A,-,01,23152,G,M,D,C,A,B,H,-,C,D,0,,,,,Y,Y,D,22,0,0,1,0,0,0,0,0,0,"- ","- ",37.816551208496094,-122.35608673095703,"SAN FRANCISCO","SAN FRANCISCO",-122.3560791015625,37.816535949707031
91992337,2023,2023-02-13,9335,2023-02-01,"647 ",022823,,3,1,7,3801,0,1,2,,2,013,"US-101 S/B","FAITH ST. PEDESTRIAN OVERCROSSING",385.00,S,N,A,-,Y,SF,,101," "," ",2.539,H,,L,Y,4,0,2,6,A,-,03,22350,,N,C,C,A,A,H,-,A,D,0,,,,,Y,,A,01,0,0,2,0,0,0,0,0,0,"- ","- ",37.743061065673828,-122.40648651123047,"SAN FRANCISCO","SAN FRANCISCO",-122.40653991699219,37.743087768554688
91995932,2023,2023-02-16,9335,2023-02-08,"855 ",023063,,3,1,7,3801,0,1,1,,2,022,"I-280 SOUTHBOUND","GENEVA AVENUE",950.00,S,N,A,-,Y,SF,,280," ",R,1.466,H,,L,Y,4,0,2,2,A,-,03,22350,,N,C,C,A,A,H,-,A,D,0,,,,,Y,,A,07,0,0,2,0,0,0,0,0,0,"- ","- ",37.718570709228516,-122.44864654541016,"SAN FRANCISCO","SAN FRANCISCO",-122.44856262207031,37.718563079833984
91996398,2023,2023-02-16,9335,2023-02-09,1550,023167,,4,2,7,3801,0,1,2,,2,013,"US 101 N/B","CORTLAND AVE",326.00,N,N,A,-,Y,SF,,101," "," ",2.345,H,,R,Y,4,0,3,3,A,-,03,22350,,N,C,C,A,A,H,-,A,D,0,,,,,Y,,A,01,0,0,3,0,0,0,0,0,0,"- ","- ",37.740581512451172,-122.40769958496094,"SAN FRANCISCO","SAN FRANCISCO",-122.40779876708984,37.740596771240234
91997998,2023,2023-02-20,9335,2023-02-14,1918,018688,,2,2,7,3801,0,1,1,,1,081,"I-80 W/B","3RD ST.",115.00,W,N,A,-,Y,SF,,80," "," ",5.207,H,,L,N,4,0,1,4,A,-,04,21703,,N,C,C,A,A,H,-,C,D,0,,,,,Y,,D,23,0,0,1,0,0,0,0,0,0,"- ","- ",37.781768798828125,-122.39714050292969,"SAN FRANCISCO","SAN FRANCISCO",-122.39720153808594,37.781826019287109
92007914,2023,2023-03-02,9335,2023-02-18,1215,023082,,6,1,7,3801,0,1,2,,2,013,"US 101 NORTHBOUND","PAUL AVENUE",970.00,S,N,A,-,Y,SF,,101," "," ",0.928,H,,R,N,4,0,1,2,A,-,03,22350,,N,C,C,A,A,H,-,A,D,0,,,,,Y,,A,01,0,0,1,0,0,0,0,0,0,"- ","- ",37.721118927001953,-122.40000152587891,"SAN FRANCISCO","SAN FRANCISCO",-122.40006256103516,37.721103668212891
92014666,2023,2023-03-10,9335,2023-03-01,"937 ",021237,,3,1,7,3801,0,1,2,,2,013,"US 101 S/B","PAUL AVENUE",233.00,N,N,A,-,Y,SF,,101," "," ",1.170,H,,L,N,4,0,4,2,A,-,03,22350,,N,C,C,A,A,H,-,A,D,0,,,,,Y,,A,07,0,0,4,0,0,0,0,0,0,"- ","- ",37.724411010742188,-122.40158081054688,"SAN FRANCISCO","SAN FRANCISCO",-122.40163421630859,37.724395751953125
92027790,2023,2023-03-24,9335,2023-03-21,2027,018688,,2,2,7,3801,0,1,1,,2,080,"I-80 E/B","7TH ST. OFF RAMP PHYSICAL GORE POINT",600.00,W,N,C,G,Y,SF,,80," "," ",4.265,H,,R,N,4,0,1,2,A,-,21,22106,,F,C,C,A,B,H,-,C,D,0,,,,,Y,,-,99,0,0,1,0,0,0,0,0,0,"- ","- ",37.771949768066406,-122.40643310546875,"SAN FRANCISCO","SAN FRANCISCO",-122.40635681152344,37.771968841552734