CASE_ID,ACCIDENT_YEAR,PROC_DATE,JURIS,COLLISION_DATE,COLLISION_TIME,OFFICER_ID,REPORTING_DISTRICT,DAY_OF_WEEK,CHP_SHIFT,POPULATION,CNTY_CITY_LOC,SPECIAL_COND,BEAT_TYPE,CHP_BEAT_TYPE,CITY_DIVISION_LAPD,CHP_BEAT_CLASS,BEAT_NUMBER,PRIMARY_RD,SECONDARY_RD,DISTANCE,DIRECTION,INTERSECTION,WEATHER_1,WEATHER_2,STATE_HWY_IND,CALTRANS_COUNTY,CALTRANS_DISTRICT,STATE_ROUTE,ROUTE_SUFFIX,POSTMILE_PREFIX,POSTMILE,LOCATION_TYPE,RAMP_INTERSECTION,SIDE_OF_HWY,TOW_AWAY,COLLISION_SEVERITY,NUMBER_KILLED,NUMBER_INJURED,PARTY_COUNT,PRIMARY_COLL_FACTOR,PCF_CODE_OF_VIOL,PCF_VIOL_CATEGORY,PCF_VIOLATION,PCF_VIOL_SUBSECTION,HIT_AND_RUN,TYPE_OF_COLLISION,MVIW,PED_ACTION,ROAD_SURFACE,ROAD_COND_1,ROAD_COND_2,LIGHTING,CONTROL_DEVICE,CHP_ROAD_TYPE,PEDESTRIAN_ACCIDENT,BICYCLE_ACCIDENT,MOTORCYCLE_ACCIDENT,TRUCK_ACCIDENT,NOT_PRIVATE_PROPERTY,ALCOHOL_INVOLVED,STWD_VEHTYPE_AT_FAULT,CHP_VEHTYPE_AT_FAULT,COUNT_SEVERE_INJ,COUNT_VISIBLE_INJ,COUNT_COMPLAINT_PAIN,COUNT_PED_KILLED,COUNT_PED_INJURED,COUNT_BICYCLIST_KILLED,COUNT_BICYCLIST_INJURED,COUNT_MC_KILLED,COUNT_MC_INJURED,PRIMARY_RAMP,SECONDARY_RAMP,LATITUDE,LONGITUDE,COUNTY,CITY,POINT_X,POINT_Y
92040978,2022,2023-04-10,9335,2022-09-17,0539,019581,,6,3,7,3801,0,1,1,,1,083,"I-80 E/B (DWIGHT D. EISENHOWER)","BEALE ST.",280.00,W,N,A,-,Y,SF,,80,,,5.669,H,,R,Y,1,1,1,2,C,-,18,,,N,C,C,A,A,H,-,D,D,0,,,Y,,Y,,-,"- ",1,0,0,0,0,0,0,1,1,"- ","- ",37.786090850830078,-122.39086151123047,"SAN FRANCISCO","SAN FRANCISCO",-122.390869140625,37.786094665527344
92047485,2023,2023-04-18,9350,2023-04-11,1520,022468,,2,2,7,3801,0,1,2,,2,020,"US-101 N/B","TOLL PLAZA",2270.00,N,N,A,-,Y,,,,,,,,,,N,4,0,1,2,A,-,07,21658,A,F,B,C,A,A,H,-,A,D,0,,,,,Y,,-,99,0,0,1,0,0,0,0,0,0,"- ","- ",37.813278198242188,-122.47776031494141,"SAN FRANCISCO","SAN FRANCISCO",-122.47785186767578,37.813266754150391
92048780,2023,2023-04-19,9335,2023-04-11,"755 ",021588,,2,1,7,3801,0,1,1,,2,024,"I-280 NORTHBOUND","ELMIRA STREET",35.00,N,N,A,-,Y,SF,,280," ",R,4.526,H,,R,Y,4,0,1,3,A,-,03,22350,,N,C,C,A,A,H,-,A,D,0,,,,,Y,,A,01,0,0,1,0,0,0,0,0,0,"- ","- ",37.736560821533203,-122.40364837646484,"SAN FRANCISCO","SAN FRANCISCO",-122.40364837646484,37.736557006835938
92054488,2023,2023-04-27,9335,2023-04-26,1600,022525,,3,2,7,3801,0,1,1,,2,022,"I-280 SB TO OCEAN AVENUE","HAVELOCK ST PEDESTRIAN O/C",400.00,S,N,A,-,Y,SF,,280," ",R,1.967,H,,L,Y,4,0,1,2,A,-,03,22350,,N,C,C,A,A,H,-,A,D,0,,,,,Y,,A,01,0,0,1,0,0,0,0,0,0,"- ","- ",37.725749969482422,-122.44667816162109,"SAN FRANCISCO","SAN FRANCISCO",-122.44651031494141,37.725669860839844
92069701,2023,2023-05-16,9335,2023-05-06,"900 ",021588,,6,1,7,3801,0,1,1,,2,022,"I-280 NORTHBOUND","SICKLES AVE",1584.00,N,N,C,-,Y,SF,,280," ",R,1.101,H,,R,Y,4,0,1,1,A,-,08,22107,,N,E,I,A,B,H,-,A,D,0,,,,,Y,,A,07,0,0,1,0,0,0,0,0,0,"- ","- ",37.713939666748047,-122.45121765136719,"SAN FRANCISCO","SAN FRANCISCO",-122.45130920410156,37.714004516601562
92070786,2023,2023-05-17,9335,2023-05-03,1104,018053,,3,1,7,3801,0,1,1,,1,083,"I-80 E/B","YERBA BUENA ISLAND TUNNEL EAST EDGE",135.00,E,N,A,-,Y,SF,,80," ",R,7.951,H,,R,Y,4,0,3,6,A,-,07,21658,A,N,E,8,A,A,H,-,A,D,0,,,,,Y,,A,01,0,0,3,0,0,0,0,0,0,"- ","- ",37.811691284179688,-122.36360931396484,"SAN FRANCISCO","SAN FRANCISCO",-122.36358642578125,37.811679840087891
92071267,2023,2023-05-17,9335,2023-05-13,"645 ",022703,,6,1,7,3801,0,1,1,,1,081,"I-80 WESTBOUND","THE TREASURE ISLAND ROAD OVERCROSSING",1960.00,W,N,B,-,Y,SF,,80," "," ",7.352,H,,L,Y,4,0,1,2,A,-,03,22350,,N,C,C,A,A,H,-,A,D,0,,,,,Y,,A,07,0,0,1,0,0,0,0,0,0,"- ","- ",37.804901123046875,-122.37068176269531,"SAN FRANCISCO","SAN FRANCISCO",-122.37055206298828,37.804813385009766
92071309,2023,2023-05-17,9335,2023-05-15,"840 ",018804,,1,1,7,3801,0,1,2,,2,013,"US 101 N/B","24TH STREET",195.00,N,N,B,-,Y,SF,,101," "," ",3.320,H,,R,N,3,0,1,2,A,-,07,21658,A,N,B,C,A,A,H,-,A,D,0,,,Y,,Y,,A,01,0,1,0,0,0,0,0,0,1,"- ","- ",37.753841400146484,-122.40296936035156,"SAN FRANCISCO","SAN FRANCISCO",-122.40287780761719,37.75384521484375
92071903,2023,2023-05-18,9335,2023-05-11,1723,022048,,4,2,7,3801,0,1,2,,2,014,"US-101 SB","23RD ST",50.00,N,N,A,-,Y,SF,,101," "," ",3.381,H,,L,Y,4,0,5,5,A,-,03,22350,,N,C,C,A,A,H,-,A,D,0,,,,,Y,,A,01,0,0,5,0,0,0,0,0,0,"- ","- ",37.754741668701172,-122.40312194824219,"SAN FRANCISCO","SAN FRANCISCO",-122.40316009521484,37.754737854003906
9209115,2020,2021-02-22,3801,2020-12-31,1811,2740,MISSI,4,5,7,3801,0,0,0,,0,0D1,"17TH ST","GUERRERO ST",9.00,S,N,A,-,N,,,,,,,,,,N,4,0,1,2,A,-,00,12950,A,F,G,B,B,A,H,-,C,A,0,Y,,,,Y,,A,07,0,0,1,0,1,0,0,0,0,"- ","- ",,,"SAN FRANCISCO","SAN FRANCISCO",-122.42395782470703,37.763168334960938
9209117,2020,2021-02-22,3801,2020-12-31,1400,2046,NORTH,4,5,7,3801,0,0,0,,0,3E14A,CALIFORNIA,"PIERCE ST",25.00,W,N,A,-,N,,,,,,,,,,N,4,0,1,2,A,-,11,21956,A,N,-,B,E,A,H,-,A,D,0,Y,,,,Y,,N,60,0,0,1,0,1,0,0,0,0,"- ","- ",,,"SAN FRANCISCO","SAN FRANCISCO",-122.43721771240234,37.788490295410156
92091788,2023,2023-06-12,9335,2023-06-08,"636 ",020384,,4,1,7,3801,0,1,2,,2,013,"US-101 N/B","MARIN STREET",480.00,S,N,A,-,Y,,,,,,,,,,Y,4,0,2,3,A,-,03,22350,,N,C,C,A,A,H,-,A,D,0,,,,,Y,,A,01,0,0,2,0,0,0,0,0,0,"- ","- ",37.746829986572266,-122.40386199951172,"SAN FRANCISCO","SAN FRANCISCO",-122.40436553955078,37.746997833251953
92101004,2023,2023-06-23,9350,2023-06-22,2000,022411,,4,2,7,3801,0,1,2,,2,010,"US-101 N/B TO SR-1 S/B","LINCONLN BLVD",1478.00,S,N,A,-,Y,SF,,101," ",R,9.384,H,,R,N,4,0,1,1,A,-,03,22350,,N,F,A,A,B,H,-,B,D,0,,,,,Y,,A,01,0,0,1,0,0,0,0,0,0,"- ","- ",37.803791046142578,-122.47061920166016,"SAN FRANCISCO","SAN FRANCISCO",-122.47071075439453,37.803657531738281
92103090,2023,2023-06-27,9350,2023-06-15,1842,023095,,4,2,7,3801,0,1,2,,1,120,"US101 N/B (GGB MULTIUSE PATH)","LINCOLN BLVD",6864.00,N,N,A,G,Y,,,,,,,,,,N,3,0,1,1,A,-,03,22350,,N,F,A,A,A,H,-,A,D,0,,Y,,,Y,,L,04,0,1,0,0,0,0,1,0,0,"- ","- ",37.824600219726562,-122.47898864746094,"SAN FRANCISCO","SAN FRANCISCO",-122.47930145263672,37.824554443359375
92111568,2023,2023-07-07,9335,2023-07-02,2303,023082,,7,3,7,3801,0,1,2,,2,015,"US-101 S/B","15TH STREET",20.00,N,N,A,-,Y,SF,,101," ",R,4.323,H,,L,N,4,0,1,2,A,-,03,22350,,N,C,C,A,A,H,-,C,D,0,,,,,Y,,A,01,0,0,1,0,0,0,0,0,0,"- ","- ",37.767330169677734,-122.40550231933594,"SAN FRANCISCO","SAN FRANCISCO",-122.40548706054688,37.767330169677734
9211541,2020,2021-01-28,3801,2020-12-03,1720,76,,4,5,7,3801,0,0,0,,0,4B3B,"THE EMBARCADERO PROMENADE","PIER 17",200.00,N,N,-,-,N,,,,,,,,,,N,1,1,0,1,B,-,22,,,N,E,I,A,A,H,-,C,D,0,,,,,Y,,M,94,0,0,0,0,0,0,0,0,0,"- ","- ",,,"SAN FRANCISCO","SAN FRANCISCO",-122.39981842041016,37.801853179931641
9212000,2020,2021-01-07,3801,2020-11-01,2257,1286,,7,5,7,3801,0,0,0,,0,02E,"TURK ST","FILLMORE ST",0.00,,Y,A,-,N,,,,,,,,,,N,4,0,1,2,A,-,21,22106,,N,G,B,D,A,H,-,C,A,0,Y,,,,Y,Y,J,48,0,0,1,0,1,0,0,0,0,"- ","- ",,,"SAN FRANCISCO","SAN FRANCISCO",-122.43212890625,37.780490875244141
9212117,2020,2021-01-15,3801,2020-11-02,1551,139,TRAFF,1,5,7,3801,0,0,0,,0,4B4J,"SPEAR ST","MISSION ST",220.00,N,N,A,-,N,,,,,,,,,,N,2,0,1,3,A,-,17,21708,,N,E,J,E,A,C,-,A,D,0,Y,,,,Y,,-,,1,0,0,0,1,0,0,0,0,"- ","- ",,,"SAN FRANCISCO","SAN FRANCISCO",-122.39463806152344,37.792964935302734
9213027,2022,2022-04-06,3801,2022-02-18,0219,2457,SOUTH,5,5,7,3801,0,0,0,,0,3B14E,"EDDY ST","LARKIN ST",0.00,,Y,A,-,N,,,,,,,,,,Y,4,0,2,2,A,-,12,21453,A,N,D,D,A,A,H,-,C,A,0,,,,,Y,,A,01,0,0,2,0,0,0,0,0,0,"- ","- ",,,"SAN FRANCISCO","SAN FRANCISCO",-122.41751861572266,37.783294677734375
9213651,2020,2021-02-26,3801,2020-12-01,0656,2491,INGLE,2,5,7,3801,0,0,0,,0,3H15A,"GENEVA AV","CARTER ST",0.00,,Y,A,-,N,,,,,,,,,,N,4,0,1,2,A,-,09,21804,A,N,D,C,A,A,H,-,A,A,0,,,Y,,Y,,C,06,0,0,1,0,0,0,0,0,1,"- ","- ",,,"SAN FRANCISCO","SAN FRANCISCO",-122.42337799072266,37.709270477294922
92140561,2023,2023-08-10,9335,2023-08-08,"805 ",023379,,2,1,7,3801,0,1,1,,1,081,"I-80 W/B","MAIN ST",500.00,E,N,A,-,Y,SF,,80," "," ",6.287,H,,L,N,3,0,1,2,A,-,03,22350,,N,C,C,A,A,H,-,A,D,0,,,,,Y,,A,08,0,1,0,0,0,0,0,0,0,"- ","- ",37.793079376220703,-122.38356781005859,"SAN FRANCISCO","SAN FRANCISCO",-122.38339233398438,37.792957305908203
92141837,2023,2023-08-11,9335,2023-07-29,"650 ",022795,,6,1,7,3801,0,1,2,,2,013,"US-101 S/B","CESAR CHAVEZ STREET",910.00,S,N,A,-,Y,SF,,101," "," ",2.823,H,,L,Y,3,0,2,2,A,-,08,22107,,N,C,C,A,A,H,-,A,D,0,,,,,Y,,-,99,0,1,1,0,0,0,0,0,0,"- ","- ",37.746841430664062,-122.40463256835938,"SAN FRANCISCO","SAN FRANCISCO",-122.40463256835938,37.746841430664062
92143278,2023,2023-08-14,9335,2023-07-30,"307 ",023111,,7,3,7,3801,0,1,1,,1,083,"I-80 E/B FROM 1ST STREET","2ND STREET",854.00,E,N,A,-,Y,SF,,80," "," ",5.578,H,,R,N,4,0,1,1,A,-,03,22350,,N,E,I,A,A,H,-,C,D,0,,,,,Y,,D,22,0,0,1,0,0,0,0,0,0,"- ","- ",37.785358428955078,-122.39224243164062,"SAN FRANCISCO","SAN FRANCISCO",-122.39212799072266,37.785224914550781
92148586,2023,2023-08-21,9335,2023-08-15,"525 ",023338,,2,3,7,3801,0,1,2,,2,013,"US-101 N/B","THE FAITH STREET PEDESTRIAN OVERCROSSING",650.00,S,N,B,-,Y,SF,,101," "," ",2.486,H,,R,Y,4,0,1,2,A,-,03,22350,,N,C,C,A,A,H,-,B,D,0,,,,,Y,,D,22,0,0,1,0,0,0,0,0,0,"- ","- ",37.742420196533203,-122.40691375732422,"SAN FRANCISCO","SAN FRANCISCO",-122.4068603515625,37.742393493652344
92148947,2023,2023-08-21,9335,2023-08-10,"120 ",022596,,4,3,7,3801,0,1,2,,2,014,"US-101 N/B","18TH STREET PEDESTRIAN OVERCROSSING",88.00,S,N,A,-,Y,SF,,101," "," ",3.940,H,,R,Y,4,0,1,2,A,-,07,21658,A,M,B,C,A,A,H,-,C,D,0,,,,,Y,Y,-,99,0,0,1,0,0,0,0,0,0,"- ","- ",37.761890411376953,-122.40579986572266,"SAN FRANCISCO","SAN FRANCISCO",-122.40579223632812,37.761886596679688
9215581,2020,2021-03-01,3801,2020-12-21,1814,4035,BAYVI,1,5,7,3801,0,0,0,,0,3C11D,"SILVER AV","UNIVERSITY ST",0.00,,Y,A,-,N,,,,,,,,,,Y,4,0,1,2,A,-,03,22350,,N,D,C,A,-,H,-,C,A,0,,,,,Y,,A,01,0,0,1,0,0,0,0,0,0,"- ","- ",,,"SAN FRANCISCO","SAN FRANCISCO",-122.41520690917969,37.729228973388672
9215585,2020,2021-02-27,3801,2020-12-20,2147,2409,CENTR,7,5,7,3801,0,0,0,,0,3A4E,"EMGARCADERO ST","LOMBARD ST",0.00,,Y,A,-,N,,,,,,,,,,Y,4,0,3,2,A,-,03,22350,,N,C,C,A,-,H,-,C,A,0,,,,,Y,,A,01,0,0,3,0,0,0,0,0,0,"- ","- ",,,"SAN FRANCISCO","SAN FRANCISCO",,
9215587,2020,2021-03-01,3801,2020-12-20,1507,1507,BAYVI,7,5,7,3801,0,0,0,,0,3C13D,"3RD ST","OAKDALE AV",0.00,,Y,A,-,N,,,,,,,,,,Y,4,0,1,2,A,-,12,21453,A,F,D,C,A,A,H,-,A,A,0,,,Y,,Y,,A,01,0,0,1,0,0,0,0,0,1,"- ","- ",,,"SAN FRANCISCO","SAN FRANCISCO",-122.39076995849609,37.734828948974609
9216722,2020,2021-02-04,3801,2020-12-16,1950,628,RICHM,3,5,7,3801,0,0,0,,0,,"CLEMENT ST","11TH AV",0.00,,Y,B,-,N,,,,,,,,,,,4,0,1,2,A,-,10,21950,A,N,G,B,B,A,H,-,C,D,0,Y,,,,Y,,A,01,0,0,1,0,1,0,0,0,0,"- ","- ",,,"SAN FRANCISCO","SAN FRANCISCO",-122.46977996826172,37.782669067382812
92182313,2023,2023-09-28,9335,2023-08-19,"550 ",018399,,6,3,7,3801,0,1,1,,1,081,"I-80 W/B","2ND ST",406.00,E,N,A,-,Y,SF,,80," "," ",5.498,H,,L,Y,4,0,1,2,A,-,03,22350,,F,C,C,A,A,H,-,C,D,0,,,,,Y,,A,01,0,0,1,0,0,0,0,0,0,"- ","- ",37.784439086914062,-122.39324188232422,"SAN FRANCISCO","SAN FRANCISCO",-122.39337158203125,37.784648895263672
9218327,2020,2021-02-10,3801,2020-12-23,1819,2405,SOUTH,3,5,7,3801,0,0,0,,0,3B14D,"MARKET ST","LAGUNA ST",0.00,,Y,A,-,N,,,,,,,,,,N,4,0,1,2,A,-,09,21801,A,N,D,J,A,A,H,-,C,A,0,,,,,Y,,M,94,0,0,1,0,0,0,0,0,0,"- ","- ",,,"SAN FRANCISCO","SAN FRANCISCO",-122.42485809326172,37.770748138427734
9218488,2020,2021-02-08,3801,2020-12-19,1750,2497,SOUTH,6,5,7,3801,0,0,0,,0,3B15C,"6TH ST","NATOMA ST",0.00,,Y,A,-,N,,,,,,,,,,N,4,0,1,2,A,-,03,22350,,F,D,G,A,A,H,-,C,A,0,,Y,,,Y,,A,01,0,0,1,0,0,0,1,0,0,"- ","- ",,,"SAN FRANCISCO","SAN FRANCISCO",-122.40766906738281,37.780178070068359
9218490,2020,2021-02-08,3801,2020-12-19,0840,2741,BAYVI,6,5,7,3801,0,0,0,,0,901,"UNIVERSITY ST","WOOLSEY ST",0.00,,Y,A,-,N,,,,,,,,,,N,3,0,1,2,A,-,11,21954,A,N,G,B,D,A,-,-,A,A,0,Y,,,,Y,,N,60,0,1,0,0,1,0,0,0,0,"- ","- ",,,"SAN FRANCISCO","SAN FRANCISCO",-122.41246795654297,37.722660064697266
9218589,2020,2021-02-09,3801,2020-12-01,0848,392,MISSI,2,5,7,3801,0,0,0,,0,3D14A,"POTRERO AV","16TH ST",76.00,S,N,A,-,N,,,,,,,,,,N,3,0,1,2,A,-,08,22107,,F,B,C,A,A,H,-,A,D,0,,,Y,,Y,,A,01,0,1,0,0,0,0,0,0,1,"- ","- ",,,"SAN FRANCISCO","SAN FRANCISCO",-122.40753936767578,37.765560150146484
9218607,2020,2021-02-12,3801,2020-12-09,1629,472,TARAV,3,5,7,3801,0,0,0,,0,3I2D,"42ND AV","JUDAH ST",0.00,,Y,A,-,N,,,,,,,,,,Y,4,0,1,2,A,-,00,22150,A,N,D,C,A,A,H,-,A,A,0,,,Y,,Y,,A,01,0,0,1,0,0,0,0,0,1,"- ","- ",,,"SAN FRANCISCO","SAN FRANCISCO",-122.50164031982422,37.760601043701172
9218627,2020,2021-02-08,3801,2020-12-09,1621,2143,BAYVI,3,5,7,3801,0,0,0,,0,3C13D,"KEITH ST","SHAFTER AV",108.00,S,N,A,-,N,,,,,,,,,,Y,3,0,1,2,A,-,05,21650,,N,A,E,A,A,H,-,B,D,0,,,,,Y,,A,07,0,1,0,0,0,0,0,0,0,"- ","- ",,,"SAN FRANCISCO","SAN FRANCISCO",-122.38908386230469,37.729736328125
92202219,2023,2023-10-18,9350,2023-10-04,1740,020979,,3,2,7,3801,0,1,3,,2,011,"SR-1 S/B","MACARTHUR TUNNEL NORTH END",2153.00,N,N,A,-,Y,SF,,1," "," ",7.021,H,,L,N,4,0,1,2,A,-,08,22107,,N,B,C,A,A,H,-,A,D,0,,,,,Y,,A,07,0,0,1,0,0,0,0,0,0,"- ","- ",37.802070617675781,-122.46955108642578,"SAN FRANCISCO","SAN FRANCISCO",-122.46957397460938,37.802066802978516
92204723,2023,2023-10-20,9335,2023-08-27,2240,023167,,7,3,7,3801,0,1,2,,2,013,"US-101 N/B","FAITH ST OVERCROSSING",430.00,S,N,A,-,Y,SF,,101," "," ",2.530,H,,R,Y,4,0,1,2,A,-,03,22350,,M,C,2,A,A,H,-,C,D,0,,,,,Y,,A,01,0,0,1,0,0,0,0,0,0,"- ","- ",37.742870330810547,-122.40638732910156,"SAN FRANCISCO","SAN FRANCISCO",-122.40643310546875,37.742893218994141
9223639,2021,2021-03-25,3801,2021-01-10,0812,1657,BAYVI,7,5,7,3801,0,0,0,,0,901,"LANE ST","QUESADA AV",0.00,,Y,B,-,N,,,,,,,,,,,4,0,1,2,A,-,12,22450,A,F,D,C,A,-,H,-,A,D,0,,,,,Y,,A,01,0,0,1,0,0,0,0,0,0,"- ","- ",,,"SAN FRANCISCO","SAN FRANCISCO",-122.38960266113281,37.732292175292969
9223768,2021,2021-03-20,3801,2021-01-28,1315,807,INGLE,4,5,7,3801,0,0,0,,0,3H41,"OCEAN AV","SAN JOSE AV",42.00,N,N,C,-,N,,,,,,,,,,N,4,0,1,1,A,-,03,22350,,N,H,I,A,B,G,-,A,A,0,,Y,,,Y,,L,04,0,0,1,0,0,0,1,0,0,"- ","- ",,,"SAN FRANCISCO","SAN FRANCISCO",-122.44466400146484,37.722946166992188
9223805,2021,2021-03-22,3801,2021-01-16,1303,1825,SOUTH,6,5,7,3801,0,0,0,,0,3B13C,"8TH ST","FOLSOM ST",0.00,,Y,A,-,N,,,,,,,,,,Y,4,0,1,2,A,-,03,22350,,F,C,D,A,A,H,-,A,A,0,,,,,Y,,A,01,0,0,1,0,0,0,0,0,0,"- ","- ",,,"SAN FRANCISCO","SAN FRANCISCO",-122.41004943847656,37.774990081787109
9223810,2021,2021-03-23,3801,2021-01-02,1430,1377,INGLE,6,5,7,3801,0,0,0,,0,3H16C,"SAN JOSE AV","REFERENCE POIMNT",4752.00,S,N,B,C,N,,,,,,,,,,Y,4,0,1,1,A,-,03,22350,,N,E,I,A,B,H,-,A,D,0,,,,,Y,,A,01,0,0,1,0,0,0,0,0,0,"- ","- ",,,"SAN FRANCISCO","SAN FRANCISCO",,
9223857,2021,2021-03-22,3801,2021-01-18,1241,1486,TRAFF,1,5,7,3801,0,0,0,,0,4B5A,"POTRERO AV","20TH ST",11.00,S,N,A,-,N,,,,,,,,,,N,2,0,1,2,A,-,10,21950,A,N,G,B,B,A,H,-,A,A,0,Y,,,,Y,,A,01,1,0,0,0,1,0,0,0,0,"- ","- ",,,"SAN FRANCISCO","SAN FRANCISCO",-122.40694427490234,37.75933837890625
9223860,2021,2021-03-22,3801,2021-01-31,1630,643,TARAV,7,5,7,3801,0,0,0,,0,3I11D,"19TH AV","IRVING ST",0.00,,Y,A,-,N,,,,,,,,,,Y,4,0,1,2,A,-,03,22350,,F,C,C,A,A,H,-,A,A,0,,,,,Y,,A,01,0,0,1,0,0,0,0,0,0,"- ","- ",,,"SAN FRANCISCO","SAN FRANCISCO",-122.47720336914062,37.763557434082031
9223894,2021,2021-06-02,3801,2021-01-31,1955,2107,NORTH,7,5,7,3801,0,0,0,,0,03E,"GEARY BL","DIVISADERO ST",0.00,,Y,A,-,N,,,,,,,,,,Y,4,0,3,2,A,-,12,21453,A,N,D,C,A,A,H,-,C,A,0,,,,,Y,,A,01,0,0,3,0,0,0,0,0,0,"- ","- ",,,"SAN FRANCISCO","SAN FRANCISCO",-122.43947601318359,37.783359527587891
9223898,2021,2021-06-02,3801,2021-01-29,1640,WONG,TARAV,5,5,7,3801,0,0,0,,0,,"SKYLINE BL","GREAT HWY",0.00,,Y,A,-,N,,,,,,,,,,N,3,0,1,2,A,-,12,22450,,N,D,G,A,B,H,-,A,A,0,,Y,,,Y,,L,04,0,1,0,0,0,0,1,0,0,"- ","- ",,,"SAN FRANCISCO","SAN FRANCISCO",-122.50299835205078,37.725273132324219
9223900,2021,2021-06-02,3801,2021-01-29,1214,1129,TARAV,5,5,7,3801,0,0,0,,0,001,"LAWTON ST","10TH AV",0.00,,Y,B,-,N,,,,,,,,,,N,4,0,1,2,A,-,10,21950,A,N,G,B,B,B,H,-,A,A,0,Y,,,,Y,,A,01,0,0,1,0,1,0,0,0,0,"- ","- ",,,"SAN FRANCISCO","SAN FRANCISCO",-122.46700286865234,37.758392333984375
9223943,2021,2021-03-18,3801,2021-01-29,0920,2019,BAYVI,5,5,7,3801,0,0,0,,0,002,"BAYSHORE BL","BAYSHORE BL 125",5.00,N,N,A,-,N,,,,,,,,,,N,4,0,1,2,A,-,04,21703,,N,H,C,A,A,H,-,A,A,0,,,Y,,Y,,C,02,0,0,1,0,0,0,0,0,0,"- ","- ",,,"SAN FRANCISCO","SAN FRANCISCO",,
9224047,2021,2021-03-22,3801,2021-01-14,2149,2118,NORTH,4,5,7,3801,0,0,0,,0,3E16E,"WEBSTER ST","GOLDEN GATE AV",0.00,,Y,A,-,N,,,,,,,,,,Y,4,0,1,2,A,-,12,21453,A,F,B,C,A,A,H,-,C,A,0,,,,,Y,,-,,0,0,1,0,0,0,0,0,0,SO,"- ",,,"SAN FRANCISCO","SAN FRANCISCO",-122.4302978515625,37.779758453369141
92249783,2023,2023-12-01,9335,2023-10-26,2135,022596,,4,2,7,3801,0,1,2,,2,014,"US-101 N/B","22ND STREET PEDESTRIAN OVERCROSSING",39.00,S,N,A,-,Y,SF,,101," "," ",3.514,H,,R,Y,4,0,2,2,A,-,03,22350,,N,C,C,A,A,H,-,C,D,0,,,,,Y,,A,07,0,0,2,0,0,0,0,0,0,"- ","- ",37.756790161132812,-122.40335845947266,"SAN FRANCISCO","SAN FRANCISCO",-122.40333557128906,37.756797790527344
92250770,2023,2023-12-04,9335,2023-10-15,2220,023067,,7,3,7,3801,0,1,2,,2,015,"US-101 N/B","MARKET ST",67.00,S,N,A,-,Y,SF,,101," ",M,5.439,H,,R,N,3,0,3,3,A,-,03,22350,,N,C,C,A,A,H,-,C,A,0,,,,,Y,,A,01,0,3,0,0,0,0,0,0,0,"- ","- ",37.771690368652344,-122.42315673828125,"SAN FRANCISCO","SAN FRANCISCO",-122.42318725585938,37.771678924560547
9225894,2020,2021-02-24,3801,2020-12-28,1355,537,PARK,1,5,7,3801,0,0,0,,0,3F15C,"MASONIC AV","OFARRELL ST",0.00,,Y,A,-,N,,,,,,,,,,N,4,0,1,2,A,-,08,22107,,N,D,C,A,A,H,-,A,A,0,,,,,Y,,A,01,0,0,1,0,0,0,0,0,0,"- ","- ",,,"SAN FRANCISCO","SAN FRANCISCO",-122.44754028320312,37.781040191650391
92269776,2023,2023-12-22,9335,2023-12-20,"759 ",018053,,3,1,7,3801,0,1,1,,1,083,"I-80 E/B","YERBA BUENA ISLAND TUNNEL WEST EDGE",1212.00,W,N,C,-,Y,SF,,80," "," ",7.411,H,,R,Y,3,0,1,3,A,-,08,22107,,N,B,C,A,B,H,-,A,D,0,,,,Y,Y,,A,01,0,1,0,0,0,0,0,0,0,"- ","- ",37.805580139160156,-122.37001800537109,"SAN FRANCISCO","SAN FRANCISCO",-122.36985015869141,37.805469512939453
92269842,2023,2023-12-25,9335,2023-12-15,"940 ",023366,,5,1,7,3801,0,1,1,,1,081,"I-80 W/B","TREASURE ISLAND RD",3379.00,W,N,A,-,Y,SF,,80," "," ",7.093,H,,L,Y,4,0,2,2,A,-,03,22350,,N,C,C,A,A,H,-,A,D,0,,,,,Y,,A,01,0,0,2,0,0,0,0,0,0,"- ","- ",37.801998138427734,-122.37377166748047,"SAN FRANCISCO","SAN FRANCISCO",-122.37364959716797,37.801918029785156
92270064,2023,2024-06-06,9335,2023-11-05,"400 ",023111,,7,3,7,3801,0,1,2,,2,015,"US-101 SB","HARRISON STREET UNDERCROSSING",291.00,S,N,A,-,Y,SF,,101," ",R,4.803,H,,L,Y,4,0,1,2,A,-,03,22350,,N,C,C,A,A,H,-,C,D,0,,,,,Y,,A,07,0,0,1,0,0,0,0,0,0,"- ","- ",37.769428253173828,-122.41229248046875,"SAN FRANCISCO","SAN FRANCISCO",-122.41229248046875,37.769439697265625