CASE_ID,ACCIDENT_YEAR,PROC_DATE,JURIS,COLLISION_DATE,COLLISION_TIME,OFFICER_ID,REPORTING_DISTRICT,DAY_OF_WEEK,CHP_SHIFT,POPULATION,CNTY_CITY_LOC,SPECIAL_COND,BEAT_TYPE,CHP_BEAT_TYPE,CITY_DIVISION_LAPD,CHP_BEAT_CLASS,BEAT_NUMBER,PRIMARY_RD,SECONDARY_RD,DISTANCE,DIRECTION,INTERSECTION,WEATHER_1,WEATHER_2,STATE_HWY_IND,CALTRANS_COUNTY,CALTRANS_DISTRICT,STATE_ROUTE,ROUTE_SUFFIX,POSTMILE_PREFIX,POSTMILE,LOCATION_TYPE,RAMP_INTERSECTION,SIDE_OF_HWY,TOW_AWAY,COLLISION_SEVERITY,NUMBER_KILLED,NUMBER_INJURED,PARTY_COUNT,PRIMARY_COLL_FACTOR,PCF_CODE_OF_VIOL,PCF_VIOL_CATEGORY,PCF_VIOLATION,PCF_VIOL_SUBSECTION,HIT_AND_RUN,TYPE_OF_COLLISION,MVIW,PED_ACTION,ROAD_SURFACE,ROAD_COND_1,ROAD_COND_2,LIGHTING,CONTROL_DEVICE,CHP_ROAD_TYPE,PEDESTRIAN_ACCIDENT,BICYCLE_ACCIDENT,MOTORCYCLE_ACCIDENT,TRUCK_ACCIDENT,NOT_PRIVATE_PROPERTY,ALCOHOL_INVOLVED,STWD_VEHTYPE_AT_FAULT,CHP_VEHTYPE_AT_FAULT,COUNT_SEVERE_INJ,COUNT_VISIBLE_INJ,COUNT_COMPLAINT_PAIN,COUNT_PED_KILLED,COUNT_PED_INJURED,COUNT_BICYCLIST_KILLED,COUNT_BICYCLIST_INJURED,COUNT_MC_KILLED,COUNT_MC_INJURED,PRIMARY_RAMP,SECONDARY_RAMP,LATITUDE,LONGITUDE,COUNTY,CITY,POINT_X,POINT_Y
9750356,2024,2024-11-13,3801,2024-10-01,"737 ",1580,SOUTH,2,5,7,3801,0,0,0,,0,3B1A,"FOLSOM ST","6TH ST",0.00,,Y,A,-,N,,,,,,,,,,N,2,0,1,1,C,-,18,,,N,E,J,A,A,B,-,A,A,0,,Y,,,Y,,-,"- ",1,0,0,0,0,0,1,0,0,"- ","- ",,,"SAN FRANCISCO","SAN FRANCISCO",-122.40560150146484,37.778499603271484
9751117,2024,2024-12-11,3801,2024-11-17,2200,1480,MISSI,7,5,7,3801,0,0,0,,0,3D15E,"ALAMEDA ST","BRYANT ST",245.00,E,N,F,-,N,,,,,,,,,,N,4,0,1,2,A,-,21,22106,,N,G,-,F,A,-,-,C,D,0,Y,,,,Y,,D,22,0,0,1,0,1,0,0,0,0,"- ","- ",,,"SAN FRANCISCO","SAN FRANCISCO",-122.40987396240234,37.768222808837891
9751138,2024,2024-12-12,3801,2024-11-08,1346,2384,TARAV,5,5,7,3801,0,0,0,,0,3I41,"IRVING ST","22ND AV",0.00,,Y,A,-,N,,,,,,,,,,N,4,0,3,3,A,-,07,21658,A,F,B,E,A,A,H,-,A,A,0,,,,,Y,,A,01,0,0,3,0,0,0,0,0,0,"- ","- ",,,"SAN FRANCISCO","SAN FRANCISCO",-122.48035430908203,37.763423919677734
9751142,2024,2024-12-13,3801,2024-11-09,"205 ",2307,NORTH,6,5,7,3801,0,0,0,,0,3E13E,"POLK ST","BUSH ST",0.00,,Y,A,-,N,,,,,,,,,,Y,2,0,2,4,A,-,12,21453,A,F,D,C,B,A,H,-,C,A,0,Y,,,,Y,,A,01,1,0,1,0,2,0,0,0,0,"- ","- ",,,"SAN FRANCISCO","SAN FRANCISCO",-122.42029571533203,37.788688659667969
9751166,2024,2024-12-13,3801,2024-11-16,"103 ",4039,CENTR,6,5,7,3801,0,0,0,,0,3A3,"BROADWAY TUNNEL","LARKIN ST",0.00,E,N,A,-,N,,,,,,,,,,Y,2,0,1,1,D,-,00,,,N,H,-,A,A,H,-,C,D,0,,,Y,,Y,,-,"- ",1,0,0,0,0,0,0,0,1,"- ","- ",,,"SAN FRANCISCO","SAN FRANCISCO",-122.42012023925781,37.796077728271484
9751203,2024,2024-12-16,3801,2024-11-11,"535 ",4305,NORTH,1,5,7,3801,0,0,0,,0,,"LOMBARD ST","FRANKLIN ST",0.00,,Y,C,-,N,,,,,,,,,,N,4,0,1,2,A,-,08,22107,,F,B,C,A,B,H,-,C,-,0,,,,,Y,,A,01,0,0,1,0,0,0,0,0,0,"- ","- ",,,"SAN FRANCISCO","SAN FRANCISCO",-122.42620086669922,37.801105499267578
9751216,2024,2024-12-19,3801,2024-11-20,2029,4020,NORTH,3,5,7,3801,0,0,0,,0,3E13D,"VAN NESS AV","GEARY ST",0.00,,Y,C,-,N,,,,,,,,,,N,4,0,1,2,A,-,10,21950,A,N,G,B,B,B,H,-,C,A,0,Y,,,,Y,,A,01,0,0,1,0,1,0,0,0,0,"- ","- ",,,"SAN FRANCISCO","SAN FRANCISCO",-122.42131805419922,37.785697937011719
9751247,2024,2025-01-31,3801,2024-10-02,1015,2118,SOUTH,3,5,7,3801,0,0,0,,0,3B12A,"MISSION ST","4TH ST",5.00,W,N,A,-,N,,,,,,,,,,N,3,0,3,3,A,-,13,22515,B,N,C,C,A,A,H,-,A,D,0,,,,,Y,,A,01,0,1,2,0,0,0,0,0,0,"- ","- ",,,"SAN FRANCISCO","SAN FRANCISCO",-122.40427398681641,37.784511566162109
9751251,2024,2025-01-22,3801,2024-10-31,1840,326,TARAV,4,5,7,3801,0,0,0,,0,3I91E,"LAKE MERCED BL","BROTHERHOOD WY",592.00,N,N,A,-,N,,,,,,,,,,Y,4,0,1,3,A,-,04,21703,,N,C,C,A,A,H,-,B,A,0,,,Y,,Y,,A,01,0,0,1,0,0,0,0,0,1,"- ","- ",,,"SAN FRANCISCO","SAN FRANCISCO",-122.48517608642578,37.716346740722656
9751254,2024,2024-12-17,3801,2024-10-31,"641 ",2240,MISSI,4,5,7,3801,0,0,0,,0,3D15A,"17TH ST","FOLSOM ST",0.00,,Y,A,-,N,,,,,,,,,,N,4,0,1,2,A,-,10,21950,A,N,G,B,B,B,H,-,B,A,0,Y,,Y,,Y,,C,06,0,0,1,0,1,0,0,0,0,"- ","- ",,,"SAN FRANCISCO","SAN FRANCISCO",-122.41515350341797,37.763694763183594
9751359,2024,2025-01-28,3801,2024-09-03,1639,34,TRAFF,2,5,7,3801,0,0,0,,0,4B4A,"POINT LOBOS AV","48TH AV",1137.00,W,N,A,-,N,,,,,,,,,,Y,1,1,1,2,A,-,03,22350,,N,C,E,A,A,H,-,A,D,0,,,,,Y,,A,07,0,0,1,0,0,0,0,0,0,"- ","- ",,,"SAN FRANCISCO","SAN FRANCISCO",-122.51312255859375,37.779037475585938
9751424,2024,2024-12-06,3801,2024-10-06,"111 ",202,TRAFF,7,5,7,3801,0,0,0,,0,4B2C,"TREASURE ISLAND RD","MACALLA RD",435.00,N,N,A,-,N,,,,,,,,,,Y,1,1,1,1,A,-,08,22107,,N,E,I,A,A,H,-,C,D,0,,,,,Y,,A,01,1,0,0,0,0,0,0,0,0,"- ","- ",,,"SAN FRANCISCO","SAN FRANCISCO",-122.37088775634766,37.8135986328125
9751484,2024,2025-02-14,3801,2024-10-15,"29  ",262,TRAFF,2,5,7,3801,0,0,0,,0,4B1E,"BUSH ST","STOCKTON ST",82.00,E,N,A,-,N,,,,,,,,,,Y,1,1,0,1,D,-,00,,,N,E,I,A,A,H,-,C,A,0,,,Y,,Y,,-,"- ",0,0,0,0,0,0,0,1,0,"- ","- ",,,"SAN FRANCISCO","SAN FRANCISCO",-122.40686798095703,37.790409088134766
9753491,2024,2025-02-10,3801,2024-11-11,2238,2110,NORTH,1,5,7,3801,0,0,0,,0,3E13E,"VAN NESS AV","OFARRELL ST",0.00,,Y,A,-,Y,SF,4,101,-,-,5.550,I,5,N,Y,4,0,1,2,A,-,12,21453,A,F,D,C,A,A,H,-,C,A,0,,,Y,,Y,,A,01,0,0,1,0,0,0,0,0,1,"- ","- ",,,"SAN FRANCISCO","SAN FRANCISCO",-122.42112731933594,37.784759521484375
9758607,2024,2024-12-16,3801,2024-11-19,"818 ",52,SOUTH,2,5,7,3801,0,0,0,,0,0B5,"16TH ST","VERMONT ST",60.00,E,N,A,-,N,,,,,,,,,,N,4,0,1,2,A,-,03,22350,,N,C,C,A,A,H,-,A,A,0,,,Y,,Y,,C,03,0,0,1,0,0,0,0,0,1,"- ","- ",,,"SAN FRANCISCO","SAN FRANCISCO",-122.40442657470703,37.765972137451172
9759468,2024,2025-01-13,3801,2024-11-25,2000,4744,NORTH,1,5,7,3801,0,0,0,,0,3E00,"DIVISADERO ST","CALIFORNIA ST",0.00,,Y,E,-,N,,,,,,,,,,N,3,0,1,1,A,-,03,22350,,N,F,A,A,B,G,-,C,D,0,,Y,,,Y,,L,04,0,1,0,0,0,0,1,0,0,"- ","- ",,,"SAN FRANCISCO","SAN FRANCISCO",-122.44045257568359,37.788082122802734
9759491,2024,2025-01-10,3801,2024-11-26,1040,1653,INGLE,2,5,7,3801,0,0,0,,0,,"SAN JOSE AV","30TH ST",230.00,N,N,B,-,N,,,,,,,,,,N,4,0,1,2,A,-,08,22108,,F,B,C,A,A,H,-,A,D,0,,,,,Y,,M,94,0,0,1,0,0,0,0,0,0,"- ","- ",,,"SAN FRANCISCO","SAN FRANCISCO",-122.42312622070312,37.742908477783203
9759516,2024,2025-01-21,3801,2024-11-14,1857,4140,TENDE,4,5,7,3801,0,0,0,,0,3J12D,"5TH ST","STEVENSON ST",0.00,,Y,A,-,N,,,,,,,,,,N,2,0,1,2,A,-,10,21950,A,N,G,B,D,A,H,-,C,D,0,Y,,,,Y,,A,01,1,0,0,0,1,0,0,0,0,"- ","- ",,,"SAN FRANCISCO","SAN FRANCISCO",-122.40746307373047,37.783512115478516
9759558,2024,2025-01-15,3801,2024-12-20,"856 ",2395,SOUTH,5,5,7,3801,0,0,0,,0,3B14A,"8TH ST","HARRISON ST",50.00,S,N,A,-,N,,,,,,,,,,N,3,0,1,2,A,-,08,22107,,N,D,G,A,A,H,-,A,A,0,,Y,,,Y,,D,22,0,1,0,0,0,0,1,0,0,"- ","- ",37.773769378662109,-122.40850067138672,"SAN FRANCISCO","SAN FRANCISCO",-122.40840911865234,37.773662567138672
9759588,2024,2025-01-14,3801,2024-12-03,"903 ",2008,MISSI,2,5,7,3801,0,0,0,,0,3D13A,"VALENCIA ST","23RD ST",0.00,,Y,A,-,N,,,,,,,,,,N,3,0,2,2,A,-,12,21453,A,N,D,C,A,A,H,-,A,A,0,,,,,Y,,M,94,0,2,0,0,0,0,0,0,0,"- ","- ",,,"SAN FRANCISCO","SAN FRANCISCO",-122.42080688476562,37.753704071044922
9759614,2024,2025-07-03,3801,2024-12-05,1236,719,CENTR,4,5,7,3801,0,0,0,,0,3A11A,"FREMONT ST","MARKET ST",45.00,S,N,A,-,N,,,,,,,,,,N,4,0,1,2,A,-,03,22350,,F,C,C,A,A,H,-,A,D,0,,,,,Y,Y,A,01,0,0,1,0,0,0,0,0,0,"- ","- ",,,"SAN FRANCISCO","SAN FRANCISCO",-122.39822387695312,37.791606903076172
9759649,2024,2025-01-23,3801,2024-12-26,2242,1078,NORTH,4,5,7,3801,0,0,0,,0,3E13E,"GOUGH ST",BROADWAY,110.00,N,N,C,-,N,,,,,,,,,,Y,4,0,3,4,A,-,01,23153,A,N,C,C,A,B,H,-,C,A,0,,,,,Y,Y,A,01,0,0,3,0,0,0,0,0,0,"- ","- ",,,"SAN FRANCISCO","SAN FRANCISCO",-122.4267578125,37.795619964599609
9759662,2024,2025-01-22,3801,2024-12-29,2049,2147,NORTH,7,5,7,3801,0,0,0,,0,3E14D,"POST ST","FILLMORE ST",0.00,,Y,A,-,N,,,,,,,,,,N,4,0,1,2,A,-,06,21750,A,N,D,C,A,A,H,-,C,A,0,,,Y,,Y,,C,02,0,0,1,0,0,0,0,0,1,"- ","- ",,,"SAN FRANCISCO","SAN FRANCISCO",-122.43308258056641,37.785160064697266
9759666,2024,2025-01-22,3801,2024-12-28,1744,1337,NORTH,6,5,7,3801,0,0,0,,0,0E6,"BROADWAY ST","VAN NESS AV",0.00,,Y,A,-,N,,,,,,,,,,Y,4,0,1,2,A,-,03,22350,,N,D,C,A,A,H,-,C,-,0,,,,,Y,,A,01,0,0,1,0,0,0,0,0,0,"- ","- ",,,"SAN FRANCISCO","SAN FRANCISCO",-122.42332458496094,37.795753479003906
9759688,2024,2025-01-14,3801,2024-12-14,1822,424,NORTH,6,5,7,3801,0,0,0,,0,3E11C,"HAYES ST","FRANKLIN ST",215.00,W,N,A,-,N,,,,,,,,,,Y,2,0,1,3,A,-,17,21663,,N,C,B,F,B,H,-,C,A,0,Y,,,,Y,,A,01,1,0,0,0,1,0,0,0,0,"- ","- ",,,"SAN FRANCISCO","SAN FRANCISCO",-122.42207336425781,37.776988983154297
9759706,2024,2025-01-15,3801,2024-12-18,"620 ",1591,PARK,3,5,7,3801,0,0,0,,0,3F13A,"STANYAN ST","OAK ST",0.00,,Y,A,-,N,,,,,,,,,,Y,4,0,2,2,A,-,09,21801,,N,G,C,A,A,H,-,C,A,0,,,,,Y,,A,01,0,0,2,0,0,0,0,0,0,"- ","- ",,,"SAN FRANCISCO","SAN FRANCISCO",-122.45395660400391,37.771354675292969
9768604,2024,2025-01-13,3801,2024-12-11,1617,2459,SOUTH,3,5,7,3801,0,0,0,,0,3B15D,"3RD ST","MISSION ST",0.00,,Y,A,-,N,,,,,,,,,,N,4,0,1,2,A,-,11,21954,A,N,H,B,E,A,H,-,A,A,0,Y,,,,Y,,N,60,0,0,1,0,1,0,0,0,0,"- ","- ",,,"SAN FRANCISCO","SAN FRANCISCO",-122.40200042724609,37.786266326904297
9768624,2024,2025-01-15,3801,2024-12-02,1805,1251,BAYVI,1,5,7,3801,0,0,0,,0,3C12D,"BAY SHORE BL","OAKDALE AV",40.00,S,N,A,-,N,,,,,,,,,,N,2,0,1,2,A,-,00,21955,A,F,A,B,D,A,H,-,C,D,0,Y,,,,Y,,N,60,1,0,0,0,1,0,0,0,0,"- ","- ",,,"SAN FRANCISCO","SAN FRANCISCO",-122.40529632568359,37.742946624755859
9768628,2024,2025-02-13,3801,2024-12-11,1312,1190,SOUTH,3,5,7,3801,0,0,0,,0,0B4,"OTIS ST","BRADY ST",0.00,,Y,A,-,N,,,,,,,,,,N,4,0,1,2,A,-,09,21804,A,F,D,-,A,A,H,-,A,D,0,,,Y,,Y,,A,01,0,0,1,0,0,0,0,0,1,"- ","- ",,,"SAN FRANCISCO","SAN FRANCISCO",-122.41970062255859,37.772308349609375
9769396,2025,2025-02-07,3801,2025-01-23,1034,172,NORTH,4,5,7,3801,0,0,0,,0,003,"GOUGH ST","POST ST",0.00,,Y,A,-,N,,,,,,,,,,N,4,0,1,2,A,-,12,21453,A,N,G,B,B,A,-,-,A,A,0,Y,,,,Y,,A,01,0,0,1,0,1,0,0,0,0,"- ","- ",,,"SAN FRANCISCO","SAN FRANCISCO",-122.42484283447266,37.78619384765625
9769410,2025,2025-02-12,3801,2025-01-18,2119,1527,NORTH,6,5,7,3801,0,0,0,,0,0E3,"FRANKLIN ST","EDDY ST",0.00,,Y,A,-,N,,,,,,,,,,N,4,0,1,2,A,-,11,21453,D,N,G,B,B,A,H,-,C,A,0,Y,,,,Y,,N,60,0,0,1,0,1,0,0,0,0,"- ","- ",,,"SAN FRANCISCO","SAN FRANCISCO",-122.42243957519531,37.782665252685547
9769416,2025,2025-02-12,3801,2025-01-26,"50  ",2307,NORTH,7,5,7,3801,0,0,0,,0,3E13E,"VAN NESS AV","ARRELL ST",0.00,,Y,A,-,N,,,,,,,,,,N,2,0,1,2,A,-,11,21453,D,F,G,B,B,A,H,-,C,A,0,Y,,,,Y,,N,60,1,0,0,0,1,0,0,0,0,"- ","- ",,,"SAN FRANCISCO","SAN FRANCISCO",,
9769435,2025,2025-02-11,3801,2025-01-14,1350,788,SOUTH,2,5,7,3801,0,0,0,,0,3B14A,"11TH ST","MISSION ST",45.00,S,N,A,-,N,,,,,,,,,,N,2,0,1,2,A,-,08,22102,,F,D,C,A,A,H,-,A,A,0,,,,,Y,,A,01,1,0,0,0,0,0,0,0,0,"- ","- ",,,"SAN FRANCISCO","SAN FRANCISCO",-122.4169921875,37.774242401123047
9769440,2025,2025-02-11,3801,2025-01-09,1031,1304,NORTH,4,5,7,3801,0,0,0,,0,3E11C,"WEBSTER ST","OAK ST",0.00,,Y,A,-,N,,,,,,,,,,,3,0,1,2,A,-,09,21801,A,N,D,J,A,A,H,-,A,A,0,,,,,Y,,D,22,0,1,0,0,0,0,0,0,0,"- ","- ",,,"SAN FRANCISCO","SAN FRANCISCO",-122.42913055419922,37.774169921875
9774114,2024,2025-01-22,3801,2024-12-03,"138 ",147,SOUTH,2,5,7,3801,0,0,0,,0,004,"MARKET ST","VAN NESS AVE",0.00,,Y,A,-,N,,,,,,,,,,N,4,0,1,2,A,-,00,38300,,N,D,-,A,A,H,-,C,A,0,,,,,Y,,J,41,0,0,1,0,0,0,0,0,0,"- ","- ",,,"SAN FRANCISCO","SAN FRANCISCO",-122.41925811767578,37.775169372558594
9775404,2024,2025-01-29,3801,2024-11-29,1353,1513,RICHM,5,5,7,3801,0,0,0,,0,3G13A,"6TH AV","CLEMENT ST",0.00,,Y,A,-,N,,,,,,,,,,Y,4,0,1,3,A,-,09,21804,A,N,D,C,A,A,H,-,A,D,0,,,,,Y,,A,01,0,0,1,0,0,0,0,0,0,"- ","- ",,,"SAN FRANCISCO","SAN FRANCISCO",-122.46442413330078,37.782955169677734
9776737,2025,2025-02-07,3801,2025-01-16,1048,323,CENTR,4,5,7,3801,0,0,0,,0,3A3A,"NORTH POINT ST","COLUMBUS AV",0.00,,Y,A,-,N,,,,,,,,,,N,3,0,1,2,A,-,08,22107,,N,B,G,A,A,H,-,A,A,0,,Y,,,Y,,A,01,0,1,0,0,0,0,1,0,0,"- ","- ",,,"SAN FRANCISCO","SAN FRANCISCO",-122.41836547851562,37.805976867675781
9776743,2025,2025-02-11,3801,2025-01-15,"910 ",1224,MISSI,3,5,7,3801,0,0,0,,0,0D4,"26TH ST","VALENCIA ST",0.00,,Y,A,-,N,,,,,,,,,,Y,4,0,1,2,A,-,12,21453,A,F,D,C,A,A,H,-,A,A,0,,,,,Y,,A,01,0,0,1,0,0,0,0,0,0,"- ","- ",,,"SAN FRANCISCO","SAN FRANCISCO",-122.42034912109375,37.748905181884766
9776748,2025,2025-02-11,3801,2025-01-18,1620,1810,MISSI,6,5,7,3801,0,0,0,,0,3D13D,"MISSION ST","20TH ST",0.00,,Y,A,-,N,,,,,,,,,,N,4,0,1,2,A,-,08,22101,D,N,D,G,A,A,H,-,A,A,0,,Y,,,Y,,A,07,0,0,1,0,0,0,1,0,0,"- ","- ",,,"SAN FRANCISCO","SAN FRANCISCO",-122.41903686523438,37.758628845214844
9776758,2025,2025-02-11,3801,2025-01-06,"945 ",1956,TARAV,1,5,7,3801,0,0,0,,0,6CAR,"SAN JOSE AV","GOETHE ST",10.00,N,N,E,-,N,,,,,,,,,,N,4,0,1,2,A,-,09,21800,A,N,D,C,A,B,H,-,A,D,0,,,,,Y,,A,01,0,0,1,0,0,0,0,0,0,"- ","- ",,,"SAN FRANCISCO","SAN FRANCISCO",-122.45882415771484,37.708461761474609
9776916,2024,2025-02-11,3801,2024-12-31,2345,773,CENTR,2,5,7,3801,0,0,0,,0,3A13E,BROADWAY,"MASON ST",0.00,,Y,A,-,N,,,,,,,,,,N,4,0,1,2,A,-,06,21750,A,N,B,C,A,A,H,-,C,D,0,,,,,Y,,A,01,0,0,1,0,0,0,0,0,0,"- ","- ",,,"SAN FRANCISCO","SAN FRANCISCO",-122.41191864013672,37.797264099121094
9776927,2024,2025-02-11,3801,2024-12-29,2358,2711,MISSI,7,5,7,3801,0,0,0,,0,ED11E,"17TH ST","CHURCH ST",0.00,,Y,A,-,N,,,,,,,,,,Y,3,0,1,2,A,-,09,21801,B,F,A,C,A,A,-,-,C,A,0,,,,,Y,,A,01,0,1,0,0,0,0,0,0,0,"- ","- ",,,"SAN FRANCISCO","SAN FRANCISCO",-122.42851257324219,37.762882232666016
9776929,2024,2025-02-11,3801,2024-12-29,"25  ",1897,INGLE,7,5,7,3801,0,0,0,,0,3H13E,"MISSION ST","EXCELSIOR AV",0.00,,Y,A,-,N,,,,,,,,,,Y,4,0,1,2,A,-,09,21801,,F,A,C,A,A,H,-,C,A,0,,,Y,,Y,,A,01,0,0,1,0,0,0,0,0,1,"- ","- ",,,"SAN FRANCISCO","SAN FRANCISCO",-122.43363952636719,37.726234436035156
9777989,2025,2025-03-12,3801,2025-01-18,1148,1926,NORTH,6,5,7,3801,0,0,0,,0,3E15A,"FRANKLIN ST","LINDEN ST",0.00,,Y,A,-,N,,,,,,,,,,N,4,0,1,3,A,-,09,21804,A,F,D,C,A,A,H,-,A,A,0,,,,,Y,,A,01,0,0,1,0,0,0,0,0,0,"- ","- ",,,"SAN FRANCISCO","SAN FRANCISCO",-122.42124176025391,37.776618957519531
9777990,2025,2025-03-12,3801,2025-01-23,"950 ",2719,SOUTH,4,5,7,3801,0,0,0,,0,003,"7TH ST","MISSION ST",0.00,,Y,A,-,N,,,,,,,,,,Y,4,0,3,3,A,-,03,22350,,N,C,C,A,A,H,-,A,A,0,,,,,Y,,A,01,0,0,3,0,0,0,0,0,0,"- ","- ",,,"SAN FRANCISCO","SAN FRANCISCO",-122.41089630126953,37.779209136962891
9779223,2024,2025-02-19,3801,2024-12-20,"2   ",1759,SOUTH,5,5,7,3801,0,0,0,,0,3B4,"11TH ST","BRYANT ST",0.00,,Y,A,-,N,,,,,,,,,,Y,4,0,2,2,D,-,00,,,N,D,C,A,A,H,-,C,A,0,,,,,Y,,-,"- ",0,0,2,0,0,0,0,0,0,"- ","- ",,,"SAN FRANCISCO","SAN FRANCISCO",-122.41082000732422,37.769309997558594
9779224,2025,2025-02-13,3801,2025-01-14,1630,2743,SOUTH,2,5,7,3801,0,0,0,,0,3B1,"MISSION ST","BEALE ST",0.00,,Y,A,-,N,,,,,,,,,,N,4,0,1,2,D,-,00,,,N,G,B,B,A,H,-,A,A,0,Y,,,,Y,,-,"- ",0,0,1,0,1,0,0,0,0,"- ","- ",,,"SAN FRANCISCO","SAN FRANCISCO",-122.39584350585938,37.791160583496094
9780303,2025,2025-03-13,3801,2025-02-14,1615,2705,BAYVI,5,5,7,3801,0,0,0,,0,3C12D,"SILVER AV","TOPEKA AV",0.00,,Y,A,-,N,,,,,,,,,,N,3,0,1,2,A,-,10,21950,A,N,G,B,B,A,H,-,A,A,0,Y,,,,Y,,A,01,0,1,0,0,1,0,0,0,0,"- ","- ",,,"SAN FRANCISCO","SAN FRANCISCO",-122.40095520019531,37.73529052734375
9780317,2025,2025-03-11,3801,2025-02-15,"313 ",1496,INGLE,6,5,7,3801,0,0,0,,0,005,"GENEVA AV","MISSION ST",0.00,,Y,A,-,N,,,,,,,,,,Y,2,0,1,1,A,-,03,22350,,N,E,J,A,A,H,-,C,A,0,,,,,Y,,A,01,1,0,0,0,0,0,0,0,0,"- ","- ",,,"SAN FRANCISCO","SAN FRANCISCO",-122.44100189208984,37.716388702392578
9780320,2025,2025-03-11,3801,2025-02-18,1745,1967,NORTH,2,5,7,3801,0,0,0,,0,3E14D,"SCOTT ST","SUTTER ST",0.00,,Y,A,-,N,,,,,,,,,,N,3,0,1,2,A,-,21,22106,,N,G,B,E,A,H,-,B,D,0,Y,,,,Y,,A,07,0,1,0,0,1,0,0,0,0,"- ","- ",,,"SAN FRANCISCO","SAN FRANCISCO",-122.43819427490234,37.785457611083984
9780331,2025,2025-03-18,3801,2025-02-22,1259,4272,MISSI,6,5,7,3801,0,0,0,,0,3CAR,"FOLSOM ST","23RD ST",0.00,,Y,A,-,N,,,,,,,,,,N,4,0,1,2,A,-,09,21801,A,N,D,-,A,A,H,-,A,A,0,,Y,,,Y,,L,04,0,0,1,0,0,0,1,0,0,"- ","- ",,,"SAN FRANCISCO","SAN FRANCISCO",-122.41425323486328,37.754119873046875
9780365,2025,2025-03-11,3801,2025-02-05,1022,1133,MISSI,3,5,7,3801,0,0,0,,0,0D3,"21ST ST","SAN CARLOS ST",68.00,E,N,A,-,N,,,,,,,,,,N,4,0,2,2,A,-,03,22350,,N,B,E,A,A,H,-,A,D,0,,,Y,,Y,,C,06,0,0,2,0,0,0,0,0,2,"- ","- ",,,"SAN FRANCISCO","SAN FRANCISCO",-122.41946411132812,37.756992340087891
9780369,2025,2025-03-11,3801,2025-02-03,1605,426,NORTH,1,5,7,3801,0,0,0,,0,,"POLK ST","CHESTNUT ST",57.00,S,N,A,-,N,,,,,,,,,,N,3,0,1,2,A,-,08,22107,,N,D,J,A,A,H,-,A,D,0,,,,,Y,,A,01,0,1,0,0,0,0,0,0,0,"- ","- ",,,"SAN FRANCISCO","SAN FRANCISCO",-122.42304992675781,37.802333831787109
9780377,2025,2025-03-12,3801,2025-02-07,1254,1530,BAYVI,5,5,7,3801,0,0,0,,0,3C60,"MIDDLE POINT RD","CATALINA ST",0.00,,Y,A,-,N,,,,,,,,,,N,4,0,2,2,A,-,12,22450,,N,D,C,A,A,H,-,A,A,0,,,,,Y,,A,07,0,0,2,0,0,0,0,0,0,"- ","- ",,,"SAN FRANCISCO","SAN FRANCISCO",-122.37942504882812,37.736278533935547
9780395,2025,2025-03-17,3801,2025-02-11,1823,2711,SOUTH,2,5,7,3801,0,0,0,,0,3B15D,"MISSION ST","ANGELOS ALY",0.00,,Y,A,-,N,,,,,,,,,,N,4,0,1,2,A,-,04,21703,,N,C,C,A,A,H,-,C,D,0,,,Y,,Y,,-,"- ",0,0,1,0,0,0,0,0,1,"- ","- ",,,"SAN FRANCISCO","SAN FRANCISCO",-122.41226959228516,37.778156280517578
9780447,2025,2025-03-12,3801,2025-02-08,1145,4370,INGLE,6,5,7,3801,0,0,0,,0,3H13A,"ALEMANY BL","FOOTE AVE",194.00,S,N,A,-,N,,,,,,,,,,Y,3,0,1,1,A,-,08,22107,,M,F,I,A,A,H,-,A,D,0,,,,,Y,,A,01,0,1,0,0,0,0,0,0,0,"- ","- ",,,"SAN FRANCISCO","SAN FRANCISCO",-122.44790649414062,37.71441650390625
9780489,2025,2025-03-13,3801,2025-01-28,1545,2478,INGLE,2,5,7,3801,0,0,0,,0,3H15D,"OSHAUGHNESSY BL","MALTA DR",200.00,S,N,A,-,N,,,,,,,,,,Y,4,0,1,2,A,-,07,21658,A,N,D,C,A,A,H,-,A,D,0,,,,,Y,,A,01,0,0,1,0,0,0,0,0,0,"- ","- ",,,"SAN FRANCISCO","SAN FRANCISCO",-122.44387817382812,37.735996246337891
9780522,2025,2025-03-17,3801,2025-02-05,"657 ",1598,RICHM,3,5,7,3801,0,0,0,,0,3G15A,"POINT LOBOS AV","46TH AV",0.00,,Y,A,-,N,,,,,,,,,,N,3,0,1,2,A,-,10,21950,A,N,G,B,B,A,H,-,A,D,0,Y,,,,Y,,A,01,0,1,0,0,1,0,0,0,0,"- ","- ",,,"SAN FRANCISCO","SAN FRANCISCO",-122.50730133056641,37.779991149902344
9780524,2025,2025-03-17,3801,2025-02-02,"427 ",2175,BAYVI,7,5,7,3801,0,0,0,,0,3C12E,"BAYSHORE BL","FLOWER ST",471.00,S,N,A,-,N,,,,,,,,,,Y,4,0,1,2,A,-,09,21804,A,N,D,C,A,B,H,-,C,A,0,,,,,Y,,A,01,0,0,1,0,0,0,0,0,0,"- ","- ",,,"SAN FRANCISCO","SAN FRANCISCO",-122.40647888183594,37.741390228271484
9780528,2025,2025-03-17,3801,2025-02-01,1130,574,MISSI,6,5,7,3801,0,0,0,,0,3D15A,"MISSION ST","18TH ST",0.00,,Y,C,-,N,,,,,,,,,,N,4,0,1,2,A,-,10,21950,A,N,G,B,B,B,-,-,A,A,0,Y,,,,Y,,A,01,0,0,1,0,1,0,0,0,0,"- ","- ",,,"SAN FRANCISCO","SAN FRANCISCO",-122.41936492919922,37.7618408203125