CASE_ID,ACCIDENT_YEAR,PROC_DATE,JURIS,COLLISION_DATE,COLLISION_TIME,OFFICER_ID,REPORTING_DISTRICT,DAY_OF_WEEK,CHP_SHIFT,POPULATION,CNTY_CITY_LOC,SPECIAL_COND,BEAT_TYPE,CHP_BEAT_TYPE,CITY_DIVISION_LAPD,CHP_BEAT_CLASS,BEAT_NUMBER,PRIMARY_RD,SECONDARY_RD,DISTANCE,DIRECTION,INTERSECTION,WEATHER_1,WEATHER_2,STATE_HWY_IND,CALTRANS_COUNTY,CALTRANS_DISTRICT,STATE_ROUTE,ROUTE_SUFFIX,POSTMILE_PREFIX,POSTMILE,LOCATION_TYPE,RAMP_INTERSECTION,SIDE_OF_HWY,TOW_AWAY,COLLISION_SEVERITY,NUMBER_KILLED,NUMBER_INJURED,PARTY_COUNT,PRIMARY_COLL_FACTOR,PCF_CODE_OF_VIOL,PCF_VIOL_CATEGORY,PCF_VIOLATION,PCF_VIOL_SUBSECTION,HIT_AND_RUN,TYPE_OF_COLLISION,MVIW,PED_ACTION,ROAD_SURFACE,ROAD_COND_1,ROAD_COND_2,LIGHTING,CONTROL_DEVICE,CHP_ROAD_TYPE,PEDESTRIAN_ACCIDENT,BICYCLE_ACCIDENT,MOTORCYCLE_ACCIDENT,TRUCK_ACCIDENT,NOT_PRIVATE_PROPERTY,ALCOHOL_INVOLVED,STWD_VEHTYPE_AT_FAULT,CHP_VEHTYPE_AT_FAULT,COUNT_SEVERE_INJ,COUNT_VISIBLE_INJ,COUNT_COMPLAINT_PAIN,COUNT_PED_KILLED,COUNT_PED_INJURED,COUNT_BICYCLIST_KILLED,COUNT_BICYCLIST_INJURED,COUNT_MC_KILLED,COUNT_MC_INJURED,PRIMARY_RAMP,SECONDARY_RAMP,LATITUDE,LONGITUDE,COUNTY,CITY,POINT_X,POINT_Y
9811410,2025,2025-07-17,3801,2025-06-15,1338,,PARK,7,5,7,3801,0,0,0,,0,3F1A,"HAIGHT ST","SHRADER ST",0.00,,Y,A,-,N,,,,,,,,,,N,3,0,1,2,A,-,06,21750,,N,B,C,A,A,H,-,A,A,0,,,Y,,Y,,C,03,0,1,0,0,0,0,0,0,1,"- ","- ",,,"SAN FRANCISCO","SAN FRANCISCO",-122.45185852050781,37.769374847412109
9811421,2025,2025-07-17,3801,2025-06-02,1824,4047,MISSI,1,5,7,3801,0,0,0,,0,3D1D,"17TH ST","DOLORES ST",0.00,,Y,A,-,N,,,,,,,,,,Y,4,0,1,3,A,-,03,22350,,F,D,C,A,A,H,-,A,A,0,,,Y,,Y,,A,01,0,0,1,0,0,0,0,0,0,"- ","- ",,,"SAN FRANCISCO","SAN FRANCISCO",-122.42630004882812,37.763008117675781
9811787,2025,2025-07-25,3801,2025-06-06,"835 ",1197,,5,5,7,3801,0,0,0,,0,,"POLK ST","GROVE ST",0.00,,Y,B,-,N,,,,,,,,,,N,3,0,1,2,A,-,08,22107,,N,D,J,A,A,H,-,A,A,0,,,,,Y,,A,01,0,1,0,0,0,0,0,0,0,"- ","- ",,,"SAN FRANCISCO","SAN FRANCISCO",-122.41822052001953,37.778480529785156
9811788,2025,2025-07-25,3801,2025-06-02,1510,2731,CENTR,1,5,7,3801,0,0,0,,0,3A11D,"BAY ST","KEARNY ST",255.00,W,N,A,-,N,,,,,,,,,,N,4,0,1,2,A,-,09,21801,A,N,C,C,A,A,H,-,A,D,0,,,,,Y,,A,01,0,0,1,0,0,0,0,0,0,"- ","- ",,,"SAN FRANCISCO","SAN FRANCISCO",-122.40804290771484,37.806327819824219
9811808,2025,2025-07-11,3801,2025-05-30,1706,276,NORTH,5,5,7,3801,0,0,0,,0,3E12D,"LAGUNA ST","TURK ST",0.00,,Y,-,-,N,,,,,,,,,,N,3,0,1,2,A,-,10,21950,,F,A,G,A,A,H,-,A,A,0,,Y,,,Y,,A,01,0,1,0,0,0,0,1,0,0,"- ","- ",,,"SAN FRANCISCO","SAN FRANCISCO",-122.42720031738281,37.781116485595703
9811811,2025,2025-07-11,3801,2025-05-22,1409,2707,TARAV,4,5,7,3801,0,0,0,,0,3CAR,"KIRKHAM ST","44TH AV",0.00,,Y,A,-,N,,,,,,,,,,N,3,0,2,2,A,-,12,22450,A,N,B,C,A,A,H,-,A,A,0,,,,,Y,,A,01,0,1,1,0,0,0,0,0,0,"- ","- ",,,"SAN FRANCISCO","SAN FRANCISCO",-122.50364685058594,37.758663177490234
9811815,2025,2025-07-11,3801,2025-05-28,1600,375,BAYVI,3,5,7,3801,0,0,0,,0,3C11D,"ILLINOIS ST","MARIN ST",250.00,S,N,A,-,N,,,,,,,,,,N,3,0,1,1,A,-,00,22340,,N,E,I,A,A,G,-,A,D,0,,Y,,,Y,,L,04,0,1,0,0,0,0,1,0,0,"- ","- ",,,"SAN FRANCISCO","SAN FRANCISCO",-122.38645935058594,37.748394012451172
9812165,2025,2025-07-11,3801,2025-05-22,"903 ",1045,SOUTH,4,5,7,3801,0,0,0,,0,3B11D,"THE EMBARCADERO","WASHINGTON ST",310.00,N,N,A,-,N,,,,,,,,,,N,4,0,1,2,A,-,08,22107,,N,D,G,A,A,H,-,A,D,0,,Y,,,Y,,A,01,0,0,1,0,0,0,1,0,0,"- ","- ",,,"SAN FRANCISCO","SAN FRANCISCO",-122.39617156982422,37.797336578369141
9812167,2025,2025-07-14,3801,2025-05-20,1339,93,SOUTH,2,5,7,3801,0,0,0,,0,3B13C,"17TH ST","MISSISSIPPI ST",96.00,W,N,A,-,N,,,,,,,,,,N,2,0,1,1,A,-,03,22350,,N,H,A,A,A,H,-,A,A,0,,Y,,,Y,,L,04,1,0,0,0,0,0,1,0,0,"- ","- ",,,"SAN FRANCISCO","SAN FRANCISCO",-122.39517974853516,37.765224456787109
9812168,2025,2025-07-14,3801,2025-05-18,1609,1463,SOUTH,7,5,7,3801,0,0,0,,0,0B1,"THE EMBARCADERO","HARRISON ST",0.00,,Y,A,-,N,,,,,,,,,,N,3,0,1,2,A,-,08,22107,,N,C,C,A,A,H,-,A,A,0,,,,,Y,,M,94,0,1,0,0,0,0,0,0,0,"- ","- ",,,"SAN FRANCISCO","SAN FRANCISCO",-122.38861083984375,37.789497375488281
9812169,2025,2025-07-14,3801,2025-05-25,"13  ",2220,CENTR,7,5,7,3801,0,0,0,,0,3A14E,"NORTH POINT ST","POWELL ST",0.00,,Y,A,-,N,,,,,,,,,,Y,4,0,1,2,A,-,03,22350,,N,D,C,A,A,-,-,C,A,0,,,,,Y,,A,01,0,0,1,0,0,0,0,0,0,"- ","- ",,,"SAN FRANCISCO","SAN FRANCISCO",-122.41213226318359,37.806758880615234
9812171,2025,2025-07-14,3801,2025-05-29,2223,3E15E,NORTH,4,5,7,3801,0,0,0,,0,003,"POLK ST","POST ST",0.00,,Y,A,-,N,,,,,,,,,,N,3,0,1,3,A,-,12,21453,,F,D,C,B,A,H,-,C,A,0,Y,,,,Y,,M,94,0,1,0,0,0,0,0,0,0,"- ","- ",,,"SAN FRANCISCO","SAN FRANCISCO",-122.41989898681641,37.786834716796875
9812847,2025,2025-11-17,3801,2025-10-08,1932,4041,TARAV,3,5,7,3801,0,0,0,,0,3113D,"GREAT HWY","VICENTE ST",0.00,,-,B,-,N,,,,,,,,,,,4,0,1,2,A,-,09,21800,A,N,D,G,A,A,H,-,C,A,0,,Y,,,Y,,L,04,0,0,1,0,0,0,1,0,0,"- ","- ",,,"SAN FRANCISCO","SAN FRANCISCO",-122.50646209716797,37.737964630126953
9816542,2025,2025-06-17,3801,2025-05-09,1826,4026,BAYVI,5,5,7,3801,0,0,0,,0,3C15D,"WALLACE AV","3RD ST",1.00,E,N,A,-,N,,,,,,,,,,N,4,0,1,2,A,-,10,21950,A,F,G,B,B,A,H,-,A,A,0,Y,,,,Y,,A,01,0,0,1,0,1,0,0,0,0,"- ","- ",,,"SAN FRANCISCO","SAN FRANCISCO",-122.39299774169922,37.728527069091797
9816553,2025,2025-06-17,3801,2025-05-12,2232,488,INGLE,1,5,7,3801,0,0,0,,0,3H12E,"BOSWORTH ST","LIPPARD AV",0.00,,Y,A,-,N,,,,,,,,,,Y,3,0,1,2,A,-,12,22450,A,N,D,C,A,A,H,-,C,A,0,,,,,Y,,A,07,0,1,0,0,0,0,0,0,0,"- ","- ",,,"SAN FRANCISCO","SAN FRANCISCO",-122.43581390380859,37.73388671875
9817074,2025,2025-06-12,3801,2025-04-19,1631,1333,TARAV,6,5,7,3801,0,0,0,,0,3I16D,"RT 280","BROTHERHOOD WY",0.00,,Y,A,-,Y,SF,4,1,-,R,0.263,R,3,S,N,3,0,1,2,A,-,10,21950,A,N,B,G,A,A,H,-,A,D,0,,Y,,,Y,,A,01,0,1,0,0,0,0,1,0,0,SO,"- ",,,"SAN FRANCISCO","SAN FRANCISCO",-122.47129058837891,37.711891174316406
9817527,2025,2025-06-13,3801,2025-04-28,1130,1469,NORTH,1,5,7,3801,0,0,0,,0,3E13A,"GOUGH ST","MCALLISTER ST",77.00,N,N,A,-,N,,,,,,,,,,N,3,0,1,2,A,-,07,21658,A,F,B,B,E,A,H,-,A,A,0,Y,,,,Y,,A,07,0,1,0,0,1,0,0,0,0,"- ","- ",,,"SAN FRANCISCO","SAN FRANCISCO",-122.423583984375,37.779880523681641
9817620,2025,2025-06-17,3801,2025-05-24,1729,1374,TARAV,6,5,7,3801,0,0,0,,0,316D,"PLYMOUTH AV","SAGAMORE ST",0.00,,Y,A,-,N,,,,,,,,,,,4,0,1,2,A,-,04,21703,,N,C,C,A,A,H,-,A,A,0,,,,,Y,,A,01,0,0,1,0,0,0,0,0,0,"- ","- ",,,"SAN FRANCISCO","SAN FRANCISCO",-122.45606231689453,37.711421966552734
9817640,2025,2025-06-18,3801,2025-05-14,1627,1374,TARAV,3,5,7,3801,0,0,0,,0,214D,"WEST PORTAL AV","15TH AV",0.00,,Y,A,-,N,,,,,,,,,,N,2,0,1,2,A,-,10,21950,A,N,G,B,B,A,H,-,A,A,0,Y,,,,Y,,A,01,1,0,0,0,1,0,0,0,0,"- ","- ",,,"SAN FRANCISCO","SAN FRANCISCO",-122.4705810546875,37.736587524414062
9817717,2025,2025-06-12,3801,2025-05-22,1457,885,BAYVI,4,5,7,3801,0,0,0,,0,0C5,"KEITH ST","SHAFTER AV",0.00,,Y,A,-,N,,,,,,,,,,Y,4,0,1,2,A,-,09,21800,C,F,D,C,A,A,H,-,A,A,0,,,,,Y,,A,07,0,0,1,0,0,0,0,0,0,"- ","- ",,,"SAN FRANCISCO","SAN FRANCISCO",-122.38887023925781,37.72998046875
9823566,2025,2025-09-15,3801,2025-07-21,"925 ",1898,CENTR,1,5,7,3801,0,0,0,,0,3A13A,"NORTH POINT ST","TAYLOR ST",175.00,E,N,B,-,N,,,,,,,,,,N,4,0,1,2,A,-,00,22804,B,N,D,J,A,A,H,-,B,A,0,,,Y,,Y,,C,03,0,0,1,0,0,0,0,0,1,"- ","- ",,,"SAN FRANCISCO","SAN FRANCISCO",-122.41484069824219,37.806434631347656
9823577,2025,2025-09-10,3801,2025-07-29,1919,BELL,INGLE,2,5,7,3801,0,0,0,,0,006,"HAHN ST","HARMONIA ST",0.00,,Y,A,-,N,,,,,,,,,,Y,3,0,2,2,A,-,04,21703,,N,D,C,A,A,H,-,A,D,0,,,Y,,Y,,C,06,0,2,0,0,0,0,0,0,0,"- ","- ",,,"SAN FRANCISCO","SAN FRANCISCO",,
9823580,2025,2025-09-10,3801,2025-07-23,2050,334,RICHM,3,5,7,3801,0,0,0,,0,3G14D,"22ND AVE","CALIFORNIA ST",0.00,,Y,A,-,N,,,,,,,,,,Y,4,0,2,2,A,-,12,22450,,N,D,-,A,A,H,-,C,A,0,,,,,Y,,A,01,0,0,2,0,0,0,0,0,0,"- ","- ",,,"SAN FRANCISCO","SAN FRANCISCO",-122.48180389404297,37.784015655517578
9823594,2025,2025-09-10,3801,2025-07-31,2204,1352,MISSI,4,5,7,3801,0,0,0,,0,3D11D,"16TH ST","POTRERO ST",50.00,W,N,A,-,N,,,,,,,,,,N,4,0,1,2,A,-,04,21703,,F,C,C,A,A,H,-,A,A,0,,,,,Y,,-,"- ",0,0,1,0,0,0,0,0,0,"- ","- ",,,"SAN FRANCISCO","SAN FRANCISCO",-122.40773010253906,37.765754699707031
9824483,2025,2025-09-15,3801,2025-08-23,1108,2712,NORTH,6,5,7,3801,0,0,0,,0,3E13A,"FERN ST","LARKIN ST",177.00,W,N,A,-,N,,,,,,,,,,N,4,0,1,2,A,-,21,22106,,N,G,B,F,A,H,-,A,D,0,Y,,,,Y,,-,,0,0,1,0,1,0,0,0,0,"- ","- ",,,"SAN FRANCISCO","SAN FRANCISCO",-122.41917419433594,37.788341522216797
9824488,2025,2025-09-15,3801,2025-08-21,"829 ",2419,RICHM,4,5,7,3801,0,0,0,,0,908,"JACKSON ST","LYON ST",0.00,,Y,A,-,N,,,,,,,,,,,4,0,2,2,A,-,09,21802,A,N,D,C,A,A,H,-,A,A,0,,,,,Y,,A,07,0,0,2,0,0,0,0,0,0,"- ","- ",,,"SAN FRANCISCO","SAN FRANCISCO",-122.44613647460938,37.790992736816406
9824501,2025,2025-10-02,3801,2025-08-17,1042,2161,MISSI,7,5,7,3801,0,0,0,,0,3D13A,"DUBOCE AV","VALENCIA ST",100.00,W,N,A,-,N,,,,,,,,,,N,4,0,1,2,A,-,04,21703,,N,C,C,A,A,H,-,A,D,0,,,,,Y,,A,01,0,0,1,0,0,0,0,0,0,"- ","- ",,,"SAN FRANCISCO","SAN FRANCISCO",-122.42270660400391,37.769851684570312
9824503,2025,2025-10-02,3801,2025-08-20,1804,2196,MISSI,3,5,7,3801,0,0,0,,0,3D16D,"16TH ST","SOUTH VAN NESS AV",0.00,,Y,A,-,N,,,,,,,,,,N,4,0,1,2,A,-,03,22350,,N,C,C,A,A,H,-,A,A,0,,,Y,,Y,,A,01,0,0,1,0,0,0,0,0,1,"- ","- ",,,"SAN FRANCISCO","SAN FRANCISCO",-122.41748809814453,37.765178680419922
9824511,2025,2025-09-12,3801,2025-08-10,2238,34,TRAFF,7,5,7,3801,0,0,0,,0,4B4A,"FULTON ST","27TH AV",0.00,,Y,A,-,N,,,,,,,,,,Y,4,0,6,5,A,-,03,22350,,N,D,C,A,A,H,-,C,D,0,,,,,Y,,A,07,0,0,6,0,0,0,0,0,0,"- ","- ",,,"SAN FRANCISCO","SAN FRANCISCO",-122.486328125,37.772468566894531
9824896,2025,2025-09-11,3801,2025-08-08,2058,1183,RICHM,5,5,7,3801,0,0,0,,0,3G14E,"31ST AV",FULTON,15.00,N,N,A,-,N,,,,,,,,,,N,4,0,1,2,A,-,00,21594,B,N,G,B,E,A,H,-,C,D,0,Y,,,,Y,,A,07,0,0,1,0,1,0,0,0,0,"- ","- ",,,"SAN FRANCISCO","SAN FRANCISCO",-122.49062347412109,37.772319793701172
9824934,2025,2025-09-11,3801,2025-08-14,2056,1165,INGLE,4,5,7,3801,0,0,0,,0,3H16D,"MISSION ST","ALLISON ST",0.00,,Y,A,-,N,,,,,,,,,,Y,4,0,2,2,A,-,09,21801,A,N,D,C,A,A,H,-,C,A,0,,,Y,,Y,,A,07,0,0,2,0,0,0,0,0,1,"- ","- ",,,"SAN FRANCISCO","SAN FRANCISCO",-122.44264984130859,37.714607238769531
9824936,2025,2025-09-11,3801,2025-08-01,1545,1707,NORTH,5,5,7,3801,0,0,0,,0,,"VAN NESS AV","DR TOM WADDELL PL",0.00,,Y,A,-,N,,,,,,,,,,Y,4,0,2,3,A,-,03,22350,,N,C,C,A,A,H,-,A,A,0,,,,,Y,,A,07,0,0,2,0,0,0,0,0,0,"- ","- ",,,"SAN FRANCISCO","SAN FRANCISCO",-122.41970062255859,37.777786254882812
9824938,2025,2025-09-11,3801,2025-08-01,"606 ",1542,INGLE,5,5,7,3801,0,0,0,,0,INGLES,"PHELAN AV","CLOUD CIR",25.00,S,N,B,-,N,,,,,,,,,,Y,3,0,1,2,A,-,05,21651,B,N,A,E,A,B,H,-,B,A,0,,,,,Y,,A,01,0,1,0,0,0,0,0,0,0,"- ","- ",,,"SAN FRANCISCO","SAN FRANCISCO",,
9825681,2025,2025-09-15,3801,2025-08-04,1624,2740,TARAV,1,5,7,3801,0,0,0,,0,005,"HARDING RD","SKYLINE BL",950.00,E,N,A,-,N,,,,,,,,,,Y,3,0,1,1,A,-,01,23152,A,N,H,-,A,A,H,-,A,D,0,,,,,Y,Y,A,01,0,1,0,0,0,0,0,0,0,"- ","- ",,,"SAN FRANCISCO","SAN FRANCISCO",-122.49940490722656,37.725936889648438
9866883,2025,2025-09-19,3801,2025-03-13,1337,1339,TRAFF,4,5,7,3801,0,0,0,,0,4B1A,"LILAC ST","24TH ST",239.00,S,N,A,-,N,,,,,,,,,,Y,1,1,0,1,C,-,18,,,N,F,I,A,D,G,-,A,D,0,,,Y,,Y,,-,"- ",0,0,0,0,0,0,0,1,0,"- ","- ",,,"SAN FRANCISCO","SAN FRANCISCO",-122.41780853271484,37.751625061035156
9867087,2025,2026-01-14,3801,2025-11-16,2309,1339,TRAFF,7,5,7,3801,0,0,0,,0,4B2C,"ALEMANY BL","NAGLEE AV",38.00,W,N,C,-,N,,,,,,,,,,N,1,1,0,3,A,-,03,22350,,F,C,G,A,B,H,-,C,D,0,,Y,,,Y,,A,01,0,0,0,0,0,1,0,0,0,"- ","- ",,,"SAN FRANCISCO","SAN FRANCISCO",-122.44912719726562,37.713893890380859
9868704,2025,2025-08-07,3801,2025-07-03,2127,1688,BAYVI,4,5,7,3801,0,0,0,,0,3C15E,"JENNINGS ST","UNDERWOOD AV",18.00,N,N,A,-,N,,,,,,,,,,N,4,0,1,2,A,-,08,22107,,N,B,C,A,A,H,-,C,A,0,,,,,Y,,A,01,0,0,1,0,0,0,0,0,0,"- ","- ",,,"SAN FRANCISCO","SAN FRANCISCO",-122.38807678222656,37.727710723876953
9868710,2025,2025-08-07,3801,2025-07-02,1156,1723,TENDE,3,5,7,3801,0,0,0,,0,004,"LEAVENWORTH ST","ELLIS ST",60.00,S,N,A,-,N,,,,,,,,,,N,4,0,1,2,A,-,11,21954,A,N,G,B,E,-,H,-,A,D,0,Y,,,,Y,,N,60,0,0,1,0,1,0,0,0,0,"- ","- ",,,"SAN FRANCISCO","SAN FRANCISCO",-122.41439056396484,37.784507751464844
9868724,2025,2025-08-08,3801,2025-07-18,2132,826,NORTH,5,5,7,3801,0,0,0,,0,0E4,POST,"LAGUNA ST",100.00,W,N,A,-,N,,,,,,,,,,N,3,0,1,2,A,-,06,21750,A,F,B,G,A,A,H,-,C,D,0,,,,,Y,Y,A,01,0,1,0,0,0,0,0,0,0,"- ","- ",,,"SAN FRANCISCO","SAN FRANCISCO",-122.42849731445312,37.785751342773438
9868725,2025,2025-08-08,3801,2025-07-21,2125,2143,MISSI,1,5,7,3801,0,0,0,,0,3D14E,"FOLSOM ST","26TH ST",0.00,,Y,A,-,N,,,,,,,,,,N,4,0,1,2,A,-,12,22450,A,N,G,B,B,A,H,-,C,D,0,Y,,,,Y,,A,01,0,0,1,0,1,0,0,0,0,"- ","- ",,,"SAN FRANCISCO","SAN FRANCISCO",-122.41378784179688,37.749320983886719
9868731,2025,2025-08-08,3801,2025-07-23,1303,1723,TENDE,3,5,7,3801,0,0,0,,0,001,"8TH ST","STEVENSON ST",5.00,N,N,A,-,N,,,,,,,,,,N,4,0,1,2,A,-,08,22107,,F,D,J,A,A,H,-,A,D,0,,,,,Y,,A,07,0,0,1,0,0,0,0,0,0,"- ","- ",,,"SAN FRANCISCO","SAN FRANCISCO",-122.41416168212891,37.77825927734375
9868732,2025,2025-08-08,3801,2025-07-22,1613,4200,TARAV,2,5,7,3801,0,0,0,,0,3I3D,"38TH AV","NORIEGA ST",0.00,,Y,A,-,N,,,,,,,,,,N,3,0,1,2,A,-,12,22450,,N,D,G,A,A,H,-,A,A,0,,Y,,,Y,Y,L,04,0,1,0,0,0,0,1,0,0,"- ","- ",,,"SAN FRANCISCO","SAN FRANCISCO",-122.49684143066406,37.753360748291016
9868749,2025,2025-08-08,3801,2025-07-02,1739,158,NORTH,3,5,7,3801,0,0,0,,0,3E14D,"STEINER ST","PINE ST",0.00,,Y,A,-,N,,,,,,,,,,Y,4,0,6,2,A,-,12,21453,A,N,D,C,A,A,H,-,A,A,0,,,,,Y,,A,01,0,0,6,0,0,0,0,0,0,"- ","- ",,,"SAN FRANCISCO","SAN FRANCISCO",-122.43528747558594,37.787750244140625
9868760,2025,2025-08-08,3801,2025-07-15,1615,504,NORTH,2,5,7,3801,0,0,0,,0,3E13D,"PINE ST","VAN NESS AV",0.00,,Y,A,-,N,,,,,,,,,,Y,4,0,1,2,A,-,08,22107,,N,B,C,A,A,H,-,A,A,0,,,,,Y,,A,07,0,0,1,0,0,0,0,0,0,"- ","- ",,,"SAN FRANCISCO","SAN FRANCISCO",-122.42209625244141,37.789417266845703
9868772,2025,2025-08-08,3801,2025-07-02,1505,1414,MISSI,3,5,7,3801,0,0,0,,0,3D60,"POTRERO AV","18TH ST",0.00,,Y,B,-,N,,,,,,,,,,N,4,0,1,2,A,-,08,22107,,N,D,G,A,A,H,-,A,D,0,,Y,,,Y,,A,01,0,0,1,0,0,0,1,0,0,"- ","- ",,,"SAN FRANCISCO","SAN FRANCISCO",-122.40721893310547,37.761928558349609
9868783,2025,2025-08-11,3801,2025-07-16,1744,1426,TARAV,3,5,7,3801,0,0,0,,0,3I15D,"CRESPI DR","19TH ST",20.00,W,N,A,-,N,,,,,,,,,,Y,4,0,1,1,A,-,07,21658,A,N,E,I,A,A,H,-,A,D,0,,,,,Y,,A,01,0,0,1,0,0,0,0,0,0,"- ","- ",,,"SAN FRANCISCO","SAN FRANCISCO",-122.47543334960938,37.720260620117188
9868799,2025,2025-08-11,3801,2025-07-26,"231 ",1952,CENTR,6,5,7,3801,0,0,0,,0,3A12E,"BUSH ST","STOCKTON ST",25.00,W,N,A,-,N,,,,,,,,,,Y,3,0,4,4,A,-,05,21651,B,M,A,C,A,B,H,-,C,A,0,,,,,Y,,A,01,0,4,0,0,0,0,0,0,0,"- ","- ",,,"SAN FRANCISCO","SAN FRANCISCO",-122.40723419189453,37.790367126464844
9868811,2025,2025-08-11,3801,2025-07-12,2341,2400,BAYVI,6,5,7,3801,0,0,0,,0,2CAR,"SILVER AV","ELMIRA ST",0.00,,Y,A,-,N,,,,,,,,,,N,4,0,2,2,A,-,05,21651,B,F,D,C,A,A,H,-,C,D,0,,,,,Y,,-,99,0,0,2,0,0,0,0,0,0,"- ","- ",,,"SAN FRANCISCO","SAN FRANCISCO",-122.40349578857422,37.733680725097656
9868812,2025,2025-08-11,3801,2025-07-12,2142,2408,MISSI,6,5,7,3801,0,0,0,,0,3D11E,"GUERRERO ST","15TH ST",1.00,N,N,A,-,N,,,,,,,,,,N,3,0,1,2,A,-,10,21950,A,N,G,B,B,A,H,-,A,A,0,Y,,,,Y,,A,01,0,1,0,0,1,0,0,0,0,"- ","- ",,,"SAN FRANCISCO","SAN FRANCISCO",-122.42424011230469,37.766403198242188
9868844,2025,2025-08-11,3801,2025-07-10,1345,2719,BAYVI,4,5,7,3801,0,0,0,,0,002,"INDUSTRIAL ST","BARNEVELD AV",0.00,,Y,A,-,N,,,,,,,,,,Y,3,0,1,2,A,-,08,22107,,N,D,C,A,A,H,-,A,-,0,,,,,Y,,A,01,0,1,0,0,0,0,0,0,0,"- ","- ",,,"SAN FRANCISCO","SAN FRANCISCO",-122.40430450439453,37.738735198974609
9868855,2025,2025-08-08,3801,2025-07-13,"116 ",2701,SOUTH,7,5,7,3801,0,0,0,,0,0B1,"2ND ST","FOLSOM ST",0.00,,Y,A,-,N,,,,,,,,,,N,4,0,1,2,A,-,06,21750,A,N,B,C,A,A,H,-,C,A,0,,Y,,,Y,,L,04,0,0,1,0,0,0,1,0,0,"- ","- ",,,"SAN FRANCISCO","SAN FRANCISCO",-122.396728515625,37.785564422607422
9868865,2025,2025-08-14,3801,2025-06-17,"818 ",1572,SOUTH,2,5,7,3801,0,0,0,,0,3B1A,"THE EMBARCADERO SOUTH","FOLSOM ST",0.00,,Y,A,-,N,,,,,,,,,,N,3,0,2,2,A,-,08,22107,,N,A,-,A,A,H,-,A,D,0,,Y,,,Y,,L,04,0,1,1,0,0,0,1,0,0,"- ","- ",,,"SAN FRANCISCO","SAN FRANCISCO",-122.39015960693359,37.790756225585938
9868896,2025,2025-08-07,3801,2025-06-27,1625,2247,SOUTH,5,5,7,3801,0,0,0,,0,3B13D,"SOUTH VAN NESS","12TH ST",0.00,,-,A,-,N,,,,,,,,,,N,4,0,1,2,A,-,09,21801,A,N,D,G,A,A,H,-,A,A,0,,Y,,,Y,,L,04,0,0,1,0,0,0,1,0,0,"- ","- ",,,"SAN FRANCISCO","SAN FRANCISCO",-122.41876983642578,37.773540496826172
9869927,2025,2025-08-15,3801,2025-07-08,"708 ",1131,BAYVI,2,5,7,3801,0,0,0,,0,3C11A,"26TH ST","DE HARO ST",0.00,,Y,A,-,N,,,,,,,,,,N,4,0,1,2,A,-,09,21802,A,F,D,C,A,A,H,-,A,D,0,,,,,Y,,-,,0,0,1,0,0,0,0,0,0,"- ","- ",,,"SAN FRANCISCO","SAN FRANCISCO",-122.40023040771484,37.750759124755859
9869931,2025,2025-08-11,3801,2025-07-17,1825,4104,PARK,4,5,7,3801,0,0,0,,0,3F12D,"BURNETT AV","DAWNVIEW WY",0.00,,Y,A,-,N,,,,,,,,,,N,3,0,1,2,A,-,04,21703,,N,C,C,A,A,H,-,A,D,0,,,Y,,Y,,D,22,0,1,0,0,0,0,0,0,1,"- ","- ",,,"SAN FRANCISCO","SAN FRANCISCO",-122.44499206542969,37.747943878173828
9870484,2025,2025-09-16,3801,2025-06-28,"825 ",803,CENTR,6,5,7,3801,0,0,0,,0,3A11A,"POST ST","TAYLOR ST",95.00,W,N,A,-,N,,,,,,,,,,N,2,0,1,1,A,-,03,22350,,N,H,-,A,A,A,-,A,D,0,,,,,Y,,M,94,1,0,0,0,0,0,0,0,0,"- ","- ",,,"SAN FRANCISCO","SAN FRANCISCO",-122.41202545166016,37.787830352783203
9874633,2025,2025-10-15,3801,2025-09-13,1538,1666,PARK,6,5,7,3801,0,0,0,,0,1CAR,"KIRKHAM ST","7TH AV",0.00,,Y,A,-,N,,,,,,,,,,Y,4,0,1,2,A,-,12,21453,A,N,D,C,A,A,H,-,A,A,0,,,,,Y,,A,01,0,0,1,0,0,0,0,0,0,"- ","- ",,,"SAN FRANCISCO","SAN FRANCISCO",-122.46392059326172,37.760391235351562
9874634,2025,2025-10-15,3801,2025-09-03,1520,312,TARAV,3,5,7,3801,0,0,0,,0,1CAR,"TARAVAL ST","18TH AV",3.00,E,N,A,-,N,,,,,,,,,,N,3,0,1,2,A,-,08,22107,,F,D,G,A,A,H,-,A,A,0,,Y,,,Y,,A,01,0,1,0,0,0,0,1,0,0,"- ","- ",,,"SAN FRANCISCO","SAN FRANCISCO",-122.47461700439453,37.743099212646484
9874635,2025,2025-10-15,3801,2025-09-03,"723 ",A23982,PARK,3,5,7,3801,0,0,0,,0,3F13A,"16TH ST","16TH ST 3631",0.00,,N,A,-,N,,,,,,,,,,Y,3,0,1,4,A,-,21,22106,,N,H,J,A,A,H,-,C,D,0,,,,,Y,,A,01,0,1,0,0,0,0,0,0,0,"- ","- ",,,"SAN FRANCISCO","SAN FRANCISCO",-122.43226623535156,37.764270782470703
9874641,2025,2025-10-07,3801,2025-09-22,2237,2722,CENTA,1,5,7,3801,0,0,0,,0,3A12D,"STOCKTON ST","SUTTER ST",0.00,,N,A,-,N,,,,,,,,,,N,2,0,1,1,A,-,03,22350,,N,A,I,A,A,H,-,C,A,0,,Y,,,Y,,L,04,1,0,0,0,0,0,1,0,0,"- ","- ",,,"SAN FRANCISCO","SAN FRANCISCO",-122.40693664550781,37.789417266845703