CASE_ID,ACCIDENT_YEAR,PROC_DATE,JURIS,COLLISION_DATE,COLLISION_TIME,OFFICER_ID,REPORTING_DISTRICT,DAY_OF_WEEK,CHP_SHIFT,POPULATION,CNTY_CITY_LOC,SPECIAL_COND,BEAT_TYPE,CHP_BEAT_TYPE,CITY_DIVISION_LAPD,CHP_BEAT_CLASS,BEAT_NUMBER,PRIMARY_RD,SECONDARY_RD,DISTANCE,DIRECTION,INTERSECTION,WEATHER_1,WEATHER_2,STATE_HWY_IND,CALTRANS_COUNTY,CALTRANS_DISTRICT,STATE_ROUTE,ROUTE_SUFFIX,POSTMILE_PREFIX,POSTMILE,LOCATION_TYPE,RAMP_INTERSECTION,SIDE_OF_HWY,TOW_AWAY,COLLISION_SEVERITY,NUMBER_KILLED,NUMBER_INJURED,PARTY_COUNT,PRIMARY_COLL_FACTOR,PCF_CODE_OF_VIOL,PCF_VIOL_CATEGORY,PCF_VIOLATION,PCF_VIOL_SUBSECTION,HIT_AND_RUN,TYPE_OF_COLLISION,MVIW,PED_ACTION,ROAD_SURFACE,ROAD_COND_1,ROAD_COND_2,LIGHTING,CONTROL_DEVICE,CHP_ROAD_TYPE,PEDESTRIAN_ACCIDENT,BICYCLE_ACCIDENT,MOTORCYCLE_ACCIDENT,TRUCK_ACCIDENT,NOT_PRIVATE_PROPERTY,ALCOHOL_INVOLVED,STWD_VEHTYPE_AT_FAULT,CHP_VEHTYPE_AT_FAULT,COUNT_SEVERE_INJ,COUNT_VISIBLE_INJ,COUNT_COMPLAINT_PAIN,COUNT_PED_KILLED,COUNT_PED_INJURED,COUNT_BICYCLIST_KILLED,COUNT_BICYCLIST_INJURED,COUNT_MC_KILLED,COUNT_MC_INJURED,PRIMARY_RAMP,SECONDARY_RAMP,LATITUDE,LONGITUDE,COUNTY,CITY,POINT_X,POINT_Y
9888264,2025,2025-12-10,3801,2025-10-17,1606,1857,SOUTH,5,5,7,3801,0,0,0,,0,3B12D,"6TH ST","HOWARD ST",0.00,,Y,A,-,N,,,,,,,,,,N,4,0,1,2,A,-,10,21950,A,N,G,B,B,A,H,-,A,A,0,Y,,,,Y,,A,01,0,0,1,0,1,0,0,0,0,"- ","- ",,,"SAN FRANCISCO","SAN FRANCISCO",-122.40714263916016,37.779750823974609
9888266,2025,2025-12-10,3801,2025-10-15,1706,2432,SOUTH,3,5,7,3801,0,0,0,,0,3B14D,"BRYANT ST","3RD ST",0.00,,Y,A,-,N,,,,,,,,,,N,4,0,1,1,A,-,03,22350,,N,F,A,A,A,H,-,A,A,0,,,Y,,Y,,C,03,0,0,1,0,0,0,0,0,1,"- ","- ",,,"SAN FRANCISCO","SAN FRANCISCO",-122.39585113525391,37.781307220458984
9888278,2025,2025-12-10,3801,2025-10-23,"550 ",1522,MISSI,4,5,7,3801,0,0,0,,0,3D13E,"20TH ST","SOUTH VAN NESS AV",0.00,,Y,A,-,N,,,,,,,,,,Y,4,0,1,2,A,-,09,21801,A,F,B,C,A,A,H,-,C,A,0,,,Y,,Y,,A,01,0,0,1,0,0,0,0,0,1,"- ","- ",,,"SAN FRANCISCO","SAN FRANCISCO",-122.41690826416016,37.758762359619141
9889977,2025,2026-02-19,3801,2025-11-30,1655,4115,TARAV,7,5,7,3801,0,0,0,,0,3II5D,"SKYLINE BL","SLOAT BL",123.00,S,N,A,-,Y,SF,4,35,-,-,1.199,I,6,N,Y,3,0,3,2,A,-,03,22350,,N,C,C,A,A,H,-,B,A,0,,,,,Y,,A,01,0,1,2,0,0,0,0,0,0,"- ","- ",,,"SAN FRANCISCO","SAN FRANCISCO",-122.5029296875,37.724296569824219
9889989,2025,2026-01-23,3801,2025-12-08,"939 ",2141,TARAV,1,5,7,3801,0,0,0,,0,3160,"BROTHERHOOD WY","ARCH ST",745.00,E,N,A,-,N,,,,,,,,,,Y,4,0,1,2,A,-,04,21703,,N,C,C,A,A,H,-,A,A,0,,,,,Y,,D,22,0,0,1,0,0,0,0,0,0,"- ","- ",,,"SAN FRANCISCO","SAN FRANCISCO",-122.46453857421875,37.712203979492188
9889990,2025,2026-01-27,3801,2025-12-05,1625,301,INGLE,5,5,7,3801,0,0,0,,0,3H13D,"ALEMANY BL","TINGLEY ST",0.00,,Y,A,-,N,,,,,,,,,,N,3,0,3,6,A,-,12,22450,A,F,D,C,A,A,H,-,A,D,0,,,,,Y,,I,11,0,1,2,0,0,0,0,0,0,"- ","- ",,,"SAN FRANCISCO","SAN FRANCISCO",-122.43402099609375,37.729358673095703
9893838,2025,2025-12-17,3801,2025-11-12,"847 ",412,MISSI,3,5,7,3801,0,0,0,,0,3D12A,"MARKET ST","DANVERS ST",0.00,,Y,A,-,N,,,,,,,,,,Y,3,0,1,2,A,-,09,21801,A,N,D,C,A,A,H,-,A,A,0,,,Y,,Y,,A,07,0,1,0,0,0,0,0,0,1,"- ","- ",,,"SAN FRANCISCO","SAN FRANCISCO",-122.44351959228516,37.760498046875
9896965,2025,2026-01-13,3801,2025-12-11,"325 ",2085,RICHM,4,5,7,3801,0,0,0,,0,,"PARK PRESIDIO BL","FULTON ST",32.00,S,N,A,-,N,,,,,,,,,,Y,3,0,3,2,A,-,03,22350,,N,B,-,A,A,H,-,C,D,0,,,,,Y,,A,01,0,1,2,0,0,0,0,0,0,"- ","- ",,,"SAN FRANCISCO","SAN FRANCISCO",-122.47177886962891,37.773128509521484
9896974,2025,2026-01-14,3801,2025-12-10,1606,2187,BAYVI,3,5,7,3801,0,0,0,,0,3C13D,"INDUSTRIAL ST","CHARTER OAK AV",0.00,,Y,A,-,N,,,,,,,,,,N,3,0,1,2,A,-,09,21801,A,N,D,G,A,A,H,-,A,D,0,,Y,,,Y,,A,01,0,1,0,0,0,0,1,0,0,"- ","- ",,,"SAN FRANCISCO","SAN FRANCISCO",-122.40499114990234,37.738555908203125
9896979,2025,2026-01-14,3801,2025-12-11,1220,415,PARK,4,5,7,3801,0,0,0,,0,3F14A,"MARKET ST","LAGUNA ST",0.00,,Y,A,-,N,,,,,,,,,,N,4,0,1,2,A,-,04,21703,,N,C,C,A,A,H,-,A,D,0,,,Y,,Y,,C,02,0,0,1,0,0,0,0,0,1,"- ","- ",37.770900726318359,-122.42485809326172,"SAN FRANCISCO","SAN FRANCISCO",-122.42485809326172,37.770748138427734
9896988,2025,2026-01-15,3801,2025-12-10,"808 ",2151,PARK,3,5,7,3801,0,0,0,,0,3F3,"HAIGHT ST","BUENA VISTA AV W",0.00,,Y,A,-,N,,,,,,,,,,N,3,0,1,2,A,-,08,22107,,N,D,G,A,A,H,-,A,D,0,,Y,,,Y,,A,01,0,1,0,0,0,0,1,0,0,"- ","- ",,,"SAN FRANCISCO","SAN FRANCISCO",-122.44333648681641,37.770462036132812
9896989,2025,2026-01-15,3801,2025-12-17,1934,2183,BAYVI,3,5,7,3801,0,0,0,,0,3C12D,EVANS,"SELBY ST",60.00,W,N,A,-,N,,,,,,,,,,N,4,0,1,2,A,-,11,21950,B,M,G,B,D,A,H,-,C,D,0,Y,,,,Y,,N,60,0,0,1,0,1,0,0,0,0,"- ","- ",,,"SAN FRANCISCO","SAN FRANCISCO",-122.39422607421875,37.746265411376953
9896993,2025,2026-01-16,3801,2025-12-14,1721,1334,TENDE,7,5,7,3801,0,0,0,,0,3J15D,"POLK ST","GOLDEN GATE AV",10.00,W,N,A,-,N,,,,,,,,,,N,3,0,1,2,A,-,09,21801,A,N,A,C,A,A,H,-,C,A,0,,,,,Y,,A,01,0,1,0,0,0,0,0,0,0,"- ","- ",,,"SAN FRANCISCO","SAN FRANCISCO",-122.41880798339844,37.781257629394531
9897000,2025,2026-01-16,3801,2025-12-10,1057,1221,MISSI,3,5,7,3801,0,0,0,,0,3B11A,"CASTRO ST","MARKET ST",18.00,W,N,A,-,N,,,,,,,,,,N,4,0,1,2,A,-,11,21950,B,N,H,B,B,A,H,-,A,A,0,Y,,,,Y,,N,60,0,0,1,0,1,0,0,0,0,"- ","- ",,,"SAN FRANCISCO","SAN FRANCISCO",-122.43516540527344,37.762687683105469
9897032,2025,2026-01-14,3801,2025-12-18,1306,2731,TARAV,4,5,7,3801,0,0,0,,0,3I15A,"SLOAT BL","27TH AV",0.00,,Y,A,-,N,,,,,,,,,,Y,2,0,1,1,D,-,00,,,N,E,I,A,A,H,-,A,A,0,,,,,Y,,-,"- ",1,0,0,0,0,0,0,0,0,"- ","- ",,,"SAN FRANCISCO","SAN FRANCISCO",,
9897037,2025,2026-01-14,3801,2025-12-04,"106 ",2168,SOUTH,4,5,7,3801,0,0,0,,0,3B15E,"15TH ST","KANSAS ST",0.00,,Y,A,-,N,,,,,,,,,,N,4,0,1,2,A,-,12,22450,A,F,B,G,A,A,H,-,C,D,0,,Y,,,Y,Y,-,,0,0,1,0,0,0,1,0,0,"- ","- ",,,"SAN FRANCISCO","SAN FRANCISCO",-122.40377044677734,37.767322540283203
9897044,2025,2026-01-20,3801,2025-12-04,"457 ",740,MISSI,4,5,7,3801,0,0,0,,0,0D6,"S VAN NESS AV","13TH ST",0.00,,Y,B,-,N,,,,,,,,,,Y,4,0,1,2,A,-,12,21453,A,N,D,C,A,A,H,-,C,A,0,,,,,Y,,A,01,0,0,1,0,0,0,0,0,0,"- ","- ",,,"SAN FRANCISCO","SAN FRANCISCO",-122.41777801513672,37.7696533203125
9897049,2025,2026-01-20,3801,2025-12-04,1730,158,NORTH,4,5,7,3801,0,0,0,,0,3E14D,"GEARY BL","WEBSTER ST",0.00,,Y,A,-,N,,,,,,,,,,N,4,0,1,2,A,-,10,21950,A,N,G,B,B,A,H,-,C,A,0,Y,,,,Y,,A,01,0,0,1,0,1,0,0,0,0,"- ","- ",,,"SAN FRANCISCO","SAN FRANCISCO",-122.43130493164062,37.784725189208984
9897080,2025,2026-01-14,3801,2025-12-01,1700,2474,BAYVI,1,5,7,3801,0,0,0,,0,901,"OAKDALE AV","LOOMIS ST",0.00,,Y,A,-,N,,,,,,,,,,N,4,0,1,2,A,-,09,21800,A,N,D,C,A,A,H,-,B,B,0,,,,,Y,,A,01,0,0,1,0,0,0,0,0,0,"- ","- ",,,"SAN FRANCISCO","SAN FRANCISCO",-122.40431213378906,37.742527008056641
9897101,2025,2026-01-12,3801,2025-11-26,1856,1268,SOUTH,3,5,7,3801,0,0,0,,0,3B91,"BRADY ST","MARKET ST",0.00,,Y,A,-,N,,,,,,,,,,N,3,0,1,2,A,-,17,21235,G,N,D,G,A,A,H,-,C,A,0,,,,,Y,,M,94,0,1,0,0,0,0,0,0,0,"- ","- ",,,"SAN FRANCISCO","SAN FRANCISCO",-122.42127227783203,37.773574829101562
9897105,2025,2026-01-12,3801,2025-11-06,1819,1857,SOUTH,4,5,7,3801,0,0,0,,0,003,"8TH ST","HOWARD ST",20.00,S,N,A,-,N,,,,,,,,,,N,4,0,1,3,A,-,03,22350,,N,C,C,A,A,D,-,C,A,0,,,,,Y,,A,01,0,0,1,0,0,0,0,0,0,"- ","- ",,,"SAN FRANCISCO","SAN FRANCISCO",-122.41154479980469,37.776191711425781
9897142,2025,2026-01-12,3801,2025-11-26,2000,1154,CENTR,3,5,7,3801,0,0,0,,0,3A11D,"PINE ST","HYDE ST",0.00,,Y,A,-,N,,,,,,,,,,N,4,0,1,2,A,-,10,21950,A,N,G,B,B,A,H,-,C,A,0,Y,,,,Y,,A,01,0,0,1,0,1,0,0,0,0,"- ","- ",,,"SAN FRANCISCO","SAN FRANCISCO",-122.41719818115234,37.790035247802734
9897162,2025,2026-01-13,3801,2025-11-30,"120 ",2099,NORTH,7,5,7,3801,0,0,0,,0,3E6E,"21ST ST","HARRISON ST",0.00,,Y,A,-,N,,,,,,,,,,Y,4,0,1,4,A,-,12,22450,A,F,D,C,A,A,H,-,C,A,0,,,,,Y,,A,01,0,0,1,0,0,0,0,0,0,"- ","- ",,,"SAN FRANCISCO","SAN FRANCISCO",-122.41237640380859,37.7574462890625
9897225,2025,2026-01-20,3801,2025-12-12,1451,2183,BAYVI,5,5,7,3801,0,0,0,,0,3C12D,WILLIAMS,"MENDELL ST",36.00,N,N,A,-,N,,,,,,,,,,Y,4,0,1,1,C,-,18,,,N,E,I,A,A,H,-,A,D,0,,,,,Y,,-,"- ",0,0,1,0,0,0,0,0,0,"- ","- ",,,"SAN FRANCISCO","SAN FRANCISCO",-122.39501190185547,37.7296142578125
9906394,2025,2026-02-23,3801,2025-12-23,1420,2229,TENDE,2,5,7,3801,0,0,0,,0,,"ELLIS ST","LEAVENWORTH ST",5.00,E,N,B,-,N,,,,,,,,,,Y,3,0,2,4,A,-,03,22350,,N,C,C,A,B,H,-,A,A,0,,,,Y,Y,,A,01,0,1,1,0,0,0,0,0,0,"- ","- ",,,"SAN FRANCISCO","SAN FRANCISCO",-122.41440582275391,37.784671783447266
9906870,2025,2026-02-09,3801,2025-11-18,1539,1286,SOUTH,2,5,7,3801,0,0,0,,0,3B5,"4TH ST","CHINA BASIN ST",0.00,,Y,A,-,N,,,,,,,,,,N,3,0,1,2,A,-,13,22500,,N,H,J,A,A,H,-,D,A,0,,Y,,,Y,,A,01,0,1,0,0,0,0,1,0,0,"- ","- ",,,"SAN FRANCISCO","SAN FRANCISCO",-122.39132690429688,37.771900177001953
9906923,2025,2026-02-06,3801,2025-12-31,2348,2079,SOUTH,3,5,7,3801,0,0,0,,0,001,"BRYANT ST","RINCON ST",60.00,W,N,C,-,N,,,,,,,,,,N,4,0,1,2,A,-,04,21703,,N,C,C,A,B,H,-,C,D,0,,,,,Y,Y,A,01,0,0,1,0,0,0,0,0,0,"- ","- ",,,"SAN FRANCISCO","SAN FRANCISCO",-122.39228057861328,37.784114837646484
9906936,2025,2026-02-06,3801,2025-12-22,1052,428,CENTR,1,5,7,3801,0,0,0,,0,3A15A,"MARKET ST","DRUMM ST",0.00,,Y,B,-,N,,,,,,,,,,N,4,0,1,1,A,-,03,22350,,N,H,A,A,B,-,-,A,D,0,,Y,,,Y,,L,04,0,0,1,0,0,0,1,0,0,"- ","- ",,,"SAN FRANCISCO","SAN FRANCISCO",-122.39634704589844,37.793251037597656
9907232,2025,2026-02-12,3801,2025-12-19,1803,1666,PARK,5,5,7,3801,0,0,0,,0,4CAR,"ASHBURY ST","FREDERICK ST",0.00,,Y,C,-,N,,,,,,,,,,N,4,0,1,2,A,-,10,21950,A,N,G,B,B,B,H,-,C,A,0,Y,,,,Y,Y,A,07,0,0,1,0,1,0,0,0,0,"- ","- ",,,"SAN FRANCISCO","SAN FRANCISCO",-122.44636535644531,37.767223358154297
6293010,2016,2017-12-06,3801,2016-06-22,2024,373,SOUTH,3,5,7,3801,0,0,0,,0,0B3,"HOWARD ST","7TH ST",0.00,,Y,A,-,N,,,,,,,,,,Y,1,1,1,2,A,-,12,21453,A,F,D,G,A,A,H,-,A,A,0,,Y,,,Y,,A,01,0,0,1,0,0,1,0,0,0,"- ","- ",37.777900000000002,-122.40956,"SAN FRANCISCO","SAN FRANCISCO",-122.40939992,37.777979969999997
6334104,2014,2016-03-03,9335,2014-01-20,1515,20403,,1,2,7,3801,0,1,2,,2,014,"RT 101","22ND ST",300.00,N,N,A,-,Y,SF,4,101,-,-,3.590,H,-,N,N,4,0,1,2,A,-,03,22350,,N,C,C,A,A,H,-,A,D,1,,,,,Y,,D,22,0,0,1,0,0,0,0,0,0,"- ","- ",37.757669999999997,-122.4044,"SAN FRANCISCO","SAN FRANCISCO",-122.40398522,37.757602200000001
6344066,2014,2016-06-07,9350,2014-01-05,1600,019102,,7,2,7,3801,0,1,2,,1,120,"GOLDEN GATE BR","GGB N TWR",1584.00,S,N,A,-,Y,MRN,4,101,-,L,0.200,H,-,S,Y,4,0,1,1,B,-,22,,,N,E,I,A,A,H,-,A,D,1,,Y,,,Y,,L,04,0,0,1,0,0,0,1,0,0,"- ","- ",37.824469999999998,-122.47920999999999,"SAN FRANCISCO","SAN FRANCISCO",-122.47986873000001,37.82840092
6345055,2014,2016-02-12,9335,2014-01-14,0600,13058,,2,1,7,3801,0,1,1,,1,083,"RT 80","YERBA BUENA ISLAND TUNNEL",1320.00,E,N,A,-,Y,SF,4,80,-,R,8.070,H,-,E,Y,4,0,1,2,A,-,03,22350,,N,C,C,A,A,H,-,C,D,4,,,,,Y,,A,01,0,0,1,0,0,0,0,0,0,"- ","- ",,,"SAN FRANCISCO","SAN FRANCISCO",-122.36259102,37.812651199999998
6348119,2014,2016-03-03,9335,2014-01-21,1810,011595,,2,2,7,3801,0,1,2,,2,015,"RT 101","MISSION ST",40.00,N,N,A,-,Y,SF,4,101,-,R,5.080,H,-,N,Y,4,0,1,3,A,-,03,22350,,N,C,C,A,A,H,-,B,A,1,,,,,Y,,A,07,0,0,1,0,0,0,0,0,0,"- ","- ",,,"SAN FRANCISCO","SAN FRANCISCO",-122.41733517,37.769825820000001
6348144,2014,2016-03-05,9335,2014-01-20,1550,011595,,1,2,7,3801,0,1,2,,2,015,"RT 101","RT 80",1056.00,N,N,A,-,Y,SF,4,101,-,R,4.740,H,-,S,Y,4,0,1,3,A,-,03,22350,,N,E,I,A,A,H,-,A,D,1,,,,,Y,,A,07,0,0,1,0,0,0,0,0,0,"- ","- ",,,"SAN FRANCISCO","SAN FRANCISCO",-122.41165238000001,37.769403590000003
6363744,2014,2016-02-12,9335,2014-01-25,1430,20212,,6,2,7,3801,0,1,1,,1,081,"RT 80","YERBA BUENA ISLAND",120.00,W,N,A,-,Y,SF,4,80,-,-,7.700,H,-,W,Y,4,0,1,2,A,-,03,22350,,N,C,C,A,A,H,-,A,D,4,,,,,Y,,A,08,0,0,1,0,0,0,0,0,0,"- ","- ",37.807920000000003,-122.36736000000001,"SAN FRANCISCO","SAN FRANCISCO",-122.36713927,37.80811044
6363748,2014,2015-12-23,9335,2014-01-27,0835,17411,,1,1,7,3801,0,1,2,,2,013,"RT 101","RT 280",600.00,S,N,A,-,Y,SF,4,101,-,-,1.443,R,1,N,Y,4,0,2,4,A,-,03,22350,,M,C,C,A,A,H,-,A,D,1,,,,,Y,,A,07,0,0,2,0,0,0,0,0,0,"- ","- ",,,"SAN FRANCISCO","SAN FRANCISCO",-122.40283721999999,37.728330990000003
6365928,2014,2016-03-03,9335,2014-02-04,2330,18845,,2,3,7,3801,0,1,2,,2,015,"RT 101","UTAH ST",10.00,S,N,A,-,Y,SF,4,101,-,R,4.320,H,-,S,Y,3,0,1,1,A,-,03,22350,,N,F,A,A,A,H,-,C,D,1,,,Y,,Y,,C,02,0,1,0,0,0,0,0,0,1,"- ","- ",37.76735,-122.40546000000001,"SAN FRANCISCO","SAN FRANCISCO",-122.40563302,37.767758129999997
6386587,2014,2016-02-12,9335,2014-02-09,0423,020384,,7,3,7,3801,0,1,1,,2,080,"RT 80","8TH ST",1056.00,W,N,C,-,Y,SF,4,80,-,-,4.100,H,-,E,Y,4,0,1,1,A,-,08,22107,,N,E,I,A,B,F,-,C,D,1,,,,,Y,,A,01,0,0,1,0,0,0,0,0,0,"- ","- ",37.768859999999997,-122.40506000000001,"SAN FRANCISCO","SAN FRANCISCO",-122.40540611999999,37.7703566
6386591,2014,2016-02-12,9335,2014-02-13,0545,019581,,4,3,7,3801,0,1,1,,2,080,"RT 80","7TH ST",450.00,W,N,A,-,Y,SF,4,80,-,-,4.392,R,2,E,Y,4,0,1,2,A,-,03,22350,,N,C,C,A,A,H,-,C,D,1,,,,,Y,,A,01,0,0,1,0,0,0,0,0,0,TO,"- ",37.773220000000002,-122.40645000000001,"SAN FRANCISCO","SAN FRANCISCO",-122.40556271,37.775257910000001
6387043,2014,2016-02-24,9335,2014-02-15,0444,20610,,6,3,7,3801,0,1,1,,2,022,"RT 280","CRYSTAL ST",215.00,S,N,A,-,Y,SF,4,280,-,R,0.430,H,-,N,Y,4,0,1,1,A,-,08,22107,,N,E,I,A,A,H,-,D,D,1,,,,,Y,,A,01,0,0,1,0,0,0,0,0,0,"- ","- ",37.423720000000003,-122.27405,"SAN FRANCISCO","SAN FRANCISCO",-122.46192521,37.710400669999999
6387075,2014,2016-02-12,9335,2014-02-15,1845,20212,,6,2,7,3801,0,1,1,,2,080,"RT 80","8TH ST",20.00,E,N,A,-,Y,SF,4,80,-,-,4.300,H,-,E,N,4,0,2,2,A,-,03,22350,,N,C,C,A,A,H,-,C,D,1,,,,,Y,,A,01,0,0,2,0,0,0,0,0,0,"- ","- ",37.765799999999999,-122.40373,"SAN FRANCISCO","SAN FRANCISCO",-122.40645813,37.773772280000003
6417072,2014,2016-03-05,9335,2014-03-14,1620,17806,,5,2,7,3801,0,1,1,,2,022,"RT 280","SAN JOSE AV",27.00,N,N,B,-,Y,SF,4,280,-,R,1.470,H,-,N,Y,3,0,2,3,A,-,03,22350,,N,C,C,A,A,H,-,A,D,1,,,,,Y,,A,01,0,1,1,0,0,0,0,0,0,"- ","- ",37.718420000000002,-122.44822000000001,"SAN FRANCISCO","SAN FRANCISCO",-122.44838056,37.718700579999997
6418996,2014,2015-12-23,9335,2014-03-20,0600,20666,,4,1,7,3801,0,1,1,,2,023,"RT 280","ALEMANY BL",440.00,S,N,A,-,Y,SF,4,280,-,R,3.950,H,-,N,Y,3,0,1,1,A,-,08,22107,,N,E,I,A,A,H,-,C,D,1,,,,,Y,,A,01,0,1,0,0,0,0,0,0,0,"- ","- ",37.732900000000001,-122.41305,"SAN FRANCISCO","SAN FRANCISCO",-122.41322977,37.732730349999997
6424130,2014,2016-03-03,9335,2014-03-03,1240,19175,,1,1,7,3801,0,1,2,,2,013,"RT 101","CESAR CHAVEZ ST",625.00,S,N,B,-,Y,SF,4,101,-,-,2.800,H,-,S,Y,4,0,1,2,A,-,03,22350,,N,C,C,A,A,H,-,A,D,1,,,,,Y,,A,07,0,0,1,0,0,0,0,0,0,"- ","- ",37.744459999999997,-122.40569000000001,"SAN FRANCISCO","SAN FRANCISCO",-122.40473702,37.746511130000002
6424191,2014,2016-02-24,9335,2014-02-21,1610,020157,,5,2,7,3801,0,1,1,,2,022,"RT 280","SICKLES AV",150.00,N,N,A,-,Y,SF,4,280,-,R,0.750,H,-,N,Y,3,0,7,3,A,-,03,22350,,N,C,C,A,A,H,-,A,D,1,,,,,Y,,A,08,0,1,6,0,0,0,0,0,0,"- ","- ",37.719830000000002,-122.44786000000001,"SAN FRANCISCO","SAN FRANCISCO",-122.45653615000001,37.71063788
6428305,2014,2016-02-12,9335,2014-03-07,0739,018688,,5,1,7,3801,0,1,1,,1,083,"RT 80","2ND ST",2640.00,E,N,A,-,Y,SF,4,80,-,-,5.870,H,-,E,Y,3,0,2,2,A,-,04,21703,,N,C,C,A,A,D,-,A,D,4,,,,,Y,,A,01,0,2,0,0,0,0,0,0,0,"- ","- ",37.472009999999997,-122.23163,"SAN FRANCISCO","SAN FRANCISCO",-122.38691642000001,37.789447729999999
6433220,2014,2016-03-03,9335,2014-03-02,2134,020435,,7,2,7,3801,0,1,2,,2,014,"RT 101","ALAMEDA ST",40.00,N,N,A,-,Y,SF,4,101,-,R,4.404,R,2,S,Y,4,0,1,2,A,-,16,24002,A,N,C,C,A,A,H,-,C,D,1,,,,,Y,,A,01,0,0,1,0,0,0,0,0,0,"- ","- ",37.76858,-122.40649000000001,"SAN FRANCISCO","SAN FRANCISCO",-122.40676802,37.768535139999997
6441743,2014,2016-02-12,9335,2014-02-19,1815,13740,,3,2,7,3801,0,1,1,,1,083,"RT 80","TREASURE ISLAND",20.00,E,N,A,-,Y,SF,4,80,-,-,7.690,H,-,E,N,4,0,1,4,A,-,03,22350,,N,C,C,A,A,H,-,C,D,4,,,,,Y,,A,01,0,0,1,0,0,0,0,0,0,"- ",EF,,,"SAN FRANCISCO","SAN FRANCISCO",-122.36724633999999,37.8080073
6446505,2014,2016-04-14,9335,2014-04-01,0110,016137,,2,3,7,3801,0,1,1,,1,083,"RT 80","CECTER ANCHORAGE",250.00,E,N,C,-,Y,SF,4,80,-,-,6.860,H,-,E,Y,4,0,3,2,A,-,03,22350,,N,D,C,A,B,H,-,C,D,4,,,,,Y,,A,01,0,0,3,0,0,0,0,0,0,"- ","- ",,,"SAN FRANCISCO","SAN FRANCISCO",-122.37633895,37.79962046
6449771,2014,2016-03-30,9335,2014-04-01,1710,019084,,2,2,7,3801,0,1,1,,2,022,"RT 280","PAULDING ST",150.00,S,N,C,-,Y,SF,4,280,-,R,2.180,H,-,S,Y,4,0,4,3,A,-,03,22350,,N,D,C,A,B,H,-,A,D,1,,,,,Y,,A,01,0,0,4,0,0,0,0,0,0,"- ","- ",,,"SAN FRANCISCO","SAN FRANCISCO",-122.44395643,37.728093860000001
6449819,2014,2016-04-20,9335,2014-04-04,1825,020509,,5,2,7,3801,0,1,1,,2,080,"RT 80","7TH ST",200.00,W,N,B,-,Y,SF,4,80,-,-,4.380,H,-,E,Y,4,0,1,5,A,-,03,22350,,N,C,C,A,A,H,-,A,D,1,,,,,Y,,A,01,0,0,1,0,0,0,0,0,0,"- ","- ",37.774590000000003,-122.40606,"SAN FRANCISCO","SAN FRANCISCO",-122.40570796999999,37.775082769999997
6449844,2014,2016-02-12,9335,2014-03-29,0940,019510,,6,1,7,3801,0,1,1,,1,083,"RT 80","CECTER ANCHORAGE",2580.00,W,N,C,-,Y,SF,4,80,-,-,6.320,H,-,E,Y,4,0,3,4,A,-,03,22350,,N,E,I,A,B,H,-,A,D,4,,,,,Y,,A,07,0,0,3,0,0,0,0,0,0,"- ","- ",37.901820000000001,-122.38634,"SAN FRANCISCO","SAN FRANCISCO",-122.38220966999999,37.794137280000001
6449872,2014,2016-02-12,9335,2014-03-22,0305,020311,,6,3,7,3801,0,1,1,,1,083,"RT 80","TREASURE ISLAND RD",2000.00,W,N,A,-,Y,SF,4,80,-,-,7.340,H,-,E,Y,4,0,1,2,A,-,01,23152,A,N,C,C,A,A,H,-,C,D,4,,,,,Y,Y,A,01,0,0,1,0,0,0,0,0,0,"- ","- ",37.807879999999997,-122.36735,"SAN FRANCISCO","SAN FRANCISCO",-122.37108360000001,37.804471970000002
6459568,2014,2016-03-30,9335,2014-05-03,1440,020132,,6,2,7,3801,0,1,1,,2,023,"RT 280","LYELL ST",130.00,N,N,A,-,Y,SF,4,280,-,R,2.870,H,-,S,Y,4,0,1,2,A,-,04,21703,,N,C,C,A,A,C,-,A,D,1,,,,,Y,,A,01,0,0,1,0,0,0,0,0,0,"- ","- ",37.732219999999998,-122.43237999999999,"SAN FRANCISCO","SAN FRANCISCO",-122.43249047,37.732131549999998
6469539,2014,2016-03-30,9335,2014-04-14,1855,019542,,1,2,7,3801,0,1,1,,2,022,"RT 280","SAN JOSE AV",800.00,S,N,A,-,Y,SF,4,280,-,R,0.560,H,-,S,Y,4,0,2,2,A,-,04,21703,,N,C,C,A,A,H,-,A,D,1,,,,,Y,,A,01,0,0,2,0,0,0,0,0,0,"- ","- ",37.714910000000003,-122.45061,"SAN FRANCISCO","SAN FRANCISCO",-122.45983421,37.71058944
6469583,2014,2016-04-14,9335,2014-04-01,2107,018804,,2,2,7,3801,0,1,1,,1,083,"RT 80","CECTER ANCHORAGE",4224.00,E,N,C,-,Y,SF,4,80,-,-,6.010,H,-,E,N,4,0,1,2,A,-,07,21658,A,F,B,C,A,B,H,-,C,D,4,,,,,Y,,A,01,0,0,1,0,0,0,0,0,0,"- ","- ",37.802140000000001,-122.73436,"SAN FRANCISCO","SAN FRANCISCO",-122.38539239000001,37.790868660000001