CASE_ID,ACCIDENT_YEAR,PROC_DATE,JURIS,COLLISION_DATE,COLLISION_TIME,OFFICER_ID,REPORTING_DISTRICT,DAY_OF_WEEK,CHP_SHIFT,POPULATION,CNTY_CITY_LOC,SPECIAL_COND,BEAT_TYPE,CHP_BEAT_TYPE,CITY_DIVISION_LAPD,CHP_BEAT_CLASS,BEAT_NUMBER,PRIMARY_RD,SECONDARY_RD,DISTANCE,DIRECTION,INTERSECTION,WEATHER_1,WEATHER_2,STATE_HWY_IND,CALTRANS_COUNTY,CALTRANS_DISTRICT,STATE_ROUTE,ROUTE_SUFFIX,POSTMILE_PREFIX,POSTMILE,LOCATION_TYPE,RAMP_INTERSECTION,SIDE_OF_HWY,TOW_AWAY,COLLISION_SEVERITY,NUMBER_KILLED,NUMBER_INJURED,PARTY_COUNT,PRIMARY_COLL_FACTOR,PCF_CODE_OF_VIOL,PCF_VIOL_CATEGORY,PCF_VIOLATION,PCF_VIOL_SUBSECTION,HIT_AND_RUN,TYPE_OF_COLLISION,MVIW,PED_ACTION,ROAD_SURFACE,ROAD_COND_1,ROAD_COND_2,LIGHTING,CONTROL_DEVICE,CHP_ROAD_TYPE,PEDESTRIAN_ACCIDENT,BICYCLE_ACCIDENT,MOTORCYCLE_ACCIDENT,TRUCK_ACCIDENT,NOT_PRIVATE_PROPERTY,ALCOHOL_INVOLVED,STWD_VEHTYPE_AT_FAULT,CHP_VEHTYPE_AT_FAULT,COUNT_SEVERE_INJ,COUNT_VISIBLE_INJ,COUNT_COMPLAINT_PAIN,COUNT_PED_KILLED,COUNT_PED_INJURED,COUNT_BICYCLIST_KILLED,COUNT_BICYCLIST_INJURED,COUNT_MC_KILLED,COUNT_MC_INJURED,PRIMARY_RAMP,SECONDARY_RAMP,LATITUDE,LONGITUDE,COUNTY,CITY,POINT_X,POINT_Y
6718168,2014,2015-03-11,9335,2014-10-26,0415,20384,,7,3,7,3801,0,1,1,,2,080,"RT 80","5TH ST",250.00,E,N,A,-,Y,SF,4,80,-,-,5.044,R,2,W,Y,1,1,3,1,A,-,08,22107,,N,E,I,A,A,H,-,C,A,1,,,,,Y,Y,A,08,1,1,1,0,0,0,0,0,0,"- ","- ",37.779000000000003,-122.4006,"SAN FRANCISCO","SAN FRANCISCO",-122.39682489,37.782100389999997
6720565,2014,2016-06-18,9335,2014-11-22,0910,20084,,6,1,7,3801,0,1,1,,2,024,"RT 280","22ND ST",100.00,S,N,C,-,Y,SF,4,280,-,R,6.200,H,-,S,Y,4,0,1,1,A,-,03,22350,,N,E,I,A,B,F,-,A,D,1,,,,,Y,,A,01,0,0,1,0,0,0,0,0,0,"- ","- ",37.755389999999998,-122.39234999999999,"SAN FRANCISCO","SAN FRANCISCO",-122.39239155999999,37.757675740000003
6721330,2014,2016-06-18,9335,2014-11-08,1145,19510,,6,1,7,3801,0,1,2,,2,015,"RT 101","15TH ST",150.00,N,N,A,-,Y,SF,4,101,-,R,4.350,H,-,S,Y,2,0,1,2,A,-,08,22107,,N,E,I,A,A,H,-,A,D,1,,,Y,,Y,,C,02,1,0,0,0,0,0,0,0,1,"- ","- ",37.455979999999997,-122.24181,"SAN FRANCISCO","SAN FRANCISCO",-122.4059635,37.768102919999997
6733742,2014,2014-12-31,9335,2014-11-25,1550,18688,,2,2,7,3801,0,1,1,,2,080,"RT 80","RT 101",168.00,E,N,A,-,Y,,,,,,,,,,N,3,0,1,2,D,-,00,,,N,B,C,A,A,H,-,A,D,0,,,Y,,Y,,-,"- ",0,1,0,0,0,0,0,0,1,"- ","- ",37.461390000000002,-122.24214000000001,"SAN FRANCISCO","SAN FRANCISCO",-122.40526,37.766240000000003
6763298,2014,2016-06-18,9335,2014-12-13,1040,17806,,6,1,7,3801,0,1,1,,2,023,"RT 280","RT 101",75.00,S,N,B,-,Y,SF,4,280,-,R,4.147,R,2,N,N,4,0,1,2,D,-,00,,,N,C,C,A,A,H,-,A,D,1,,,,,Y,,-,"- ",0,0,1,0,0,0,0,0,0,TO,"- ",,,"SAN FRANCISCO","SAN FRANCISCO",-122.41000009,37.734013670000003
6763326,2014,2016-06-18,9335,2014-12-19,1042,17806,,5,1,7,3801,0,1,1,,2,022,"RT 280","JOHN DALY BL",500.00,N,N,C,-,Y,SF,4,280,-,R,0.230,H,-,S,N,4,0,2,3,A,-,03,22350,,N,B,C,A,B,H,-,A,D,1,,,,,Y,,A,01,0,0,2,0,0,0,0,0,0,"- ","- ",,,"SAN FRANCISCO","SAN FRANCISCO",-122.46561963000001,37.710253450000003
6765804,2014,2016-06-18,9335,2014-12-19,1725,020435,,5,2,7,3801,0,1,1,,2,024,"RT 280","20TH ST",75.00,N,N,A,-,Y,SF,4,280,-,R,6.400,H,-,N,N,4,0,1,2,A,-,03,22350,,M,C,C,A,A,H,-,C,D,1,,,,,Y,,D,22,0,0,1,0,0,0,0,0,0,"- ","- ",37.76052,-122.39234999999999,"SAN FRANCISCO","SAN FRANCISCO",-122.39231176,37.76041661
6781283,2015,2016-10-13,9335,2015-01-14,0830,017411,,3,1,7,3801,0,1,2,,2,013,"RT 101","BAYSHORE BL",500.00,N,N,A,-,Y,SF,4,101,-,-,0.670,H,-,S,Y,4,0,1,2,A,-,07,21658,A,N,B,C,A,A,H,-,A,D,1,,,Y,,Y,,A,01,0,0,1,0,0,0,0,0,1,"- ","- ",,,"SAN FRANCISCO","SAN FRANCISCO",-122.39922412999999,37.717317110000003
6785292,2015,2016-09-07,9335,2015-01-09,1628,20132,,5,2,7,3801,0,1,1,,2,023,"RT 280","ALEMANY BL S",30.00,N,N,A,-,Y,SF,4,280,-,R,3.870,H,-,S,Y,4,0,1,2,A,-,04,21703,,N,C,C,A,A,H,-,A,D,1,,,,,Y,,A,01,0,0,1,0,0,0,0,0,0,"- ","- ",37.731560000000002,-122.42504,"SAN FRANCISCO","SAN FRANCISCO",-122.41443649999999,37.732421979999998
6787757,2015,2015-03-03,9350,2015-01-04,1223,018191,,7,1,7,3801,0,1,2,,1,120,"100TH AV","GGB SOUTH TOWER",1100.00,N,N,A,-,N,,,,,,,,,,N,3,0,1,2,D,-,00,,,N,-,G,A,A,H,-,A,D,0,,Y,,,Y,,-,"- ",0,1,0,0,0,0,1,0,0,"- ","- ",37.821109999999997,-122.47884000000001,"SAN FRANCISCO","SAN FRANCISCO",,
6788991,2015,2016-10-13,9335,2015-02-01,0958,020888,,7,1,7,3801,0,1,2,,2,014,"RT 101","15TH ST",400.00,S,N,A,-,Y,SF,4,101,-,-,4.240,H,-,N,Y,3,0,2,1,C,-,18,,,N,E,I,A,A,H,-,A,D,1,,,,,Y,,-,"- ",0,1,1,0,0,0,0,0,0,"- ","- ",37.766179999999999,-122.40499,"SAN FRANCISCO","SAN FRANCISCO",-122.40528553999999,37.767610040000001
6789911,2015,2016-09-06,9335,2015-01-15,1840,18845,,4,2,7,3801,0,1,1,,1,083,"RT 80","YERBA BUENA TUNNEL",1320.00,W,N,A,-,Y,SF,4,80,-,-,7.470,H,-,E,N,4,0,1,2,A,-,07,21658,A,N,B,C,A,A,H,-,C,D,4,,,,,Y,,A,01,0,0,1,0,0,0,0,0,0,"- ","- ",37.481830000000002,-122.22131,"SAN FRANCISCO","SAN FRANCISCO",-122.36965222000001,37.805779960000002
6803647,2015,2016-09-06,9335,2015-01-30,1855,020509,,5,2,7,3801,0,1,1,,1,081,"RT 80","FOLSOM ST",70.00,W,N,A,-,Y,SF,4,80,-,-,5.500,H,-,W,N,4,0,1,2,A,-,03,22350,,N,C,C,A,A,H,-,C,D,1,,,,,Y,,A,01,0,0,1,0,0,0,0,0,0,"- ",WF,37.784990000000001,-122.39303,"SAN FRANCISCO","SAN FRANCISCO",-122.39114023,37.78578693
6805540,2015,2016-10-19,9350,2015-01-21,1730,13346,,3,2,7,3801,0,1,2,,1,120,"GOLDEN GATE BRIDGE WEST SIDEWALK","SOUTH TOWER",200.00,N,N,A,-,Y,SF,4,101,-,-,10.410,H,-,N,N,3,0,1,1,C,-,18,,,N,F,A,A,A,H,-,B,D,1,,Y,,,Y,,-,"- ",0,1,0,0,0,0,1,0,0,"- ","- ",37.815759999999997,-122.47826000000001,"SAN FRANCISCO","SAN FRANCISCO",-122.47801401,37.814491850000003
6813349,2015,2016-10-13,9335,2015-01-31,1434,020132,,6,2,7,3801,0,1,2,,2,014,"RT 101","23RD ST",100.00,N,N,A,-,Y,SF,4,101,-,-,3.380,H,-,N,Y,4,0,2,2,A,-,03,22350,,N,C,C,A,A,H,-,A,D,1,,,,,Y,,A,01,0,0,2,0,0,0,0,0,0,"- ","- ",37.754849999999998,-122.40297,"SAN FRANCISCO","SAN FRANCISCO",-122.40295173,37.754729279999999
6844369,2015,2016-09-07,3801,2015-02-18,1530,910,,3,5,7,3801,0,0,0,,0,,"19TH AV","HOLLOWAY AV",0.00,,Y,A,-,Y,SF,4,1,-,-,0.940,I,5,S,N,4,0,1,2,A,-,10,21950,A,N,G,B,B,A,H,-,A,A,0,Y,,,,Y,Y,A,01,0,0,1,0,1,0,0,0,0,"- ","- ",,,"SAN FRANCISCO","SAN FRANCISCO",-122.47539456,37.721026330000001
6846079,2015,2016-10-13,9335,2015-03-01,1330,020892,,7,1,7,3801,0,1,2,,2,014,"RT 101","22ND ST",225.00,N,N,A,-,Y,SF,4,101,-,-,3.570,H,-,N,N,4,0,1,3,A,-,03,22350,,N,C,C,A,A,H,-,A,D,1,,,,,Y,,A,01,0,0,1,0,0,0,0,0,0,"- ","- ",37.452680000000001,-122.24139,"SAN FRANCISCO","SAN FRANCISCO",-122.40376001,37.757378639999999
6854262,2014,2015-04-20,3801,2014-02-20,1511,1324,NORTH,4,5,7,3801,0,0,0,,0,4C4,"FILLMORE AV","CALIFORNIA ST",32.00,N,N,A,-,N,,,,,,,,,,N,1,1,0,2,A,-,11,21954,A,N,G,B,D,-,H,-,A,D,0,Y,,,Y,Y,,N,60,0,0,0,1,0,0,0,0,0,"- ","- ",,,"SAN FRANCISCO","SAN FRANCISCO",-122.43383772999999,37.788996779999998
6854498,2014,2015-07-02,3801,2014-11-01,2130,395,BAYVI,6,5,7,3801,0,0,0,,0,4K4E,"3RD ST",ARTHUR,460.00,N,N,A,-,N,,,,,,,,,,Y,1,1,0,2,A,-,11,21950,B,N,G,B,E,A,H,-,C,D,0,Y,,,,Y,,N,60,0,0,0,1,0,0,0,0,0,"- ","- ",,,"SAN FRANCISCO","SAN FRANCISCO",-122.38746854999999,37.747457349999998
6854743,2015,2016-06-02,3801,2015-06-06,2102,578,,6,5,7,3801,0,0,0,,0,51B,"PERSIA AV","SUNNYDALE AV",528.00,N,N,A,-,N,,,,,,,,,,Y,1,1,0,2,A,-,01,21200,5,N,D,G,A,A,H,-,D,D,0,,Y,,,Y,,L,04,0,0,0,0,0,1,0,0,0,"- ","- ",,,"SAN FRANCISCO","SAN FRANCISCO",-122.42742317,37.719042270000003
6854749,2015,2015-09-24,3801,2015-06-10,1456,256,INGLE,3,5,7,3801,0,0,0,,0,4B7H,"MISSION ST","PERSIA ST",50.00,S,N,B,C,N,,,,,,,,,,N,1,1,0,2,A,-,11,21954,A,N,G,B,D,B,H,-,A,A,0,Y,,,,Y,,N,60,0,0,0,1,0,0,0,0,0,"- ","- ",,,"SAN FRANCISCO","SAN FRANCISCO",-122.43606656,37.723026089999998
6854750,2015,2015-07-16,3801,2015-06-12,1225,1967,INGLE,5,5,7,3801,0,0,0,,0,3H12C,"MISSION ST","OLIVER ST",0.00,,Y,A,-,N,,,,,,,,,,N,1,1,0,2,A,-,10,21950,A,N,B,B,B,A,H,-,A,A,0,Y,,,,Y,,A,01,0,0,0,1,0,0,0,0,0,"- ","- ",,,"SAN FRANCISCO","SAN FRANCISCO",-122.45051989,37.70955
6859921,2015,2016-09-07,9335,2015-03-20,1640,20212,,5,2,7,3801,0,1,1,,2,023,"RT 280","ALEMANY BL",150.00,N,N,A,-,Y,SF,4,280,-,R,3.900,H,-,S,N,4,0,1,2,A,-,03,22350,,N,C,C,A,A,H,-,A,D,1,,,,,Y,,A,01,0,0,1,0,0,0,0,0,0,"- ","- ",37.733400000000003,-122.4145,"SAN FRANCISCO","SAN FRANCISCO",-122.41394966999999,37.732609070000002
6859973,2015,2016-10-13,9335,2015-03-15,2145,20571,,7,2,7,3801,0,1,2,,2,015,"RT 101","RT 80",400.00,N,N,A,-,Y,SF,4,101,-,R,4.700,H,-,S,N,4,0,1,5,A,-,03,22350,,N,C,C,A,A,H,-,C,D,1,,,,,Y,,A,01,0,0,1,0,0,0,0,0,0,"- ","- ",37.769219999999997,-122.41034000000001,"SAN FRANCISCO","SAN FRANCISCO",-122.41096121,37.769337880000002
6859981,2015,2016-09-08,9335,2015-03-19,0900,20084,,4,1,7,3801,0,1,1,,2,022,"RT 280","SAN JOSE AV",320.00,N,N,A,-,Y,SF,4,280,-,R,1.026,R,1,S,Y,4,0,1,3,A,-,03,22350,,N,C,C,A,A,H,-,A,D,1,,,,,Y,,A,07,0,0,1,0,0,0,0,0,0,"- ","- ",37.712989999999998,-122.45314999999999,"SAN FRANCISCO","SAN FRANCISCO",-122.45276824,37.712976879999999
6866927,2014,2015-08-18,3801,2014-05-17,2140,004369,,6,5,7,3801,0,0,0,,0,3J11D,"MARKET ST","5TH ST",30.00,E,N,A,-,N,,,,,,,,,,N,4,0,1,1,C,-,18,,,F,H,A,A,A,H,-,C,D,0,,,,,Y,,-,"- ",0,0,1,0,0,0,0,0,0,"- ","- ",,,"SAN FRANCISCO","SAN FRANCISCO",-122.40798551,37.784057420000003
6866940,2014,2015-08-17,3801,2014-06-09,2219,2375,COA,1,5,7,3801,0,0,0,,0,3G14E,"COLUMBUS AV","KEARRY ST",2.00,W,N,A,-,N,,,,,,,,,,N,4,0,1,2,A,-,04,21703,,N,C,C,A,A,H,-,C,D,0,,,,,Y,,A,01,0,0,1,0,0,0,0,0,0,"- ","- ",,,"SAN FRANCISCO","SAN FRANCISCO",-122.40539543,37.79706341
6866943,2014,2015-08-17,3801,2014-05-28,1715,518,,3,5,7,3801,0,0,0,,0,3H13D,"LONDON ST","RUSSIA AV",60.00,N,N,A,F,N,,,,,,,,,,Y,4,0,1,2,D,-,00,,,N,D,D,A,A,H,-,A,D,0,,,,,Y,,-,"- ",0,0,1,0,0,0,0,0,0,"- ","- ",,,"SAN FRANCISCO","SAN FRANCISCO",-122.43626247,37.72134097
6866944,2014,2015-12-03,3801,2014-09-16,2500,1729,SOUTH,2,5,7,3801,0,0,0,,0,,"HOWARD ST","3RD ST",359.00,W,N,A,-,N,,,,,,,,,,N,4,0,2,2,A,-,03,22350,,N,C,C,A,A,H,-,A,A,0,,,,,Y,,A,01,0,0,2,0,0,0,0,0,0,"- ","- ",,,"SAN FRANCISCO","SAN FRANCISCO",-122.4013886,37.784320749999999
6866948,2014,2015-08-04,3801,2014-09-18,0835,837,TENDE,4,5,7,3801,0,0,0,,0,3J11A,"TURK ST","TAYLOR ST",0.00,,Y,A,-,N,,,,,,,,,,N,4,0,1,2,A,-,12,21453,A,N,G,B,B,A,H,-,A,A,0,Y,,,Y,Y,,G,26,0,0,1,0,1,0,0,0,0,"- ","- ",,,"SAN FRANCISCO","SAN FRANCISCO",-122.41077986000001,37.783209880000001
6887445,2015,2016-11-03,9335,2015-04-10,2305,20386,,5,3,7,3801,0,1,1,,2,024,"RT 280","REVERE AV",340.00,S,N,A,-,Y,SF,4,280,-,R,4.550,H,-,S,Y,4,0,1,1,A,-,07,21658,A,N,E,I,A,A,H,-,D,D,1,,,,,Y,,A,01,0,0,1,0,0,0,0,0,0,"- ","- ",37.736449999999998,-122.40366,"SAN FRANCISCO","SAN FRANCISCO",-122.40352199,37.73663741
6854093,2014,2016-01-14,3801,2014-05-25,2113,1939,NORTH,7,5,7,3801,0,0,0,,0,4K6C,"LAGUNA ST",BROADWAY,93.00,N,N,A,-,N,,,,,,,,,,Y,1,1,0,2,A,-,03,22350,,N,D,G,A,A,H,-,C,D,0,,Y,,,Y,Y,L,04,0,0,0,0,0,1,0,0,0,"- ","- ",,,"SAN FRANCISCO","SAN FRANCISCO",-122.43002738,37.7951427
6905448,2015,2015-07-15,3801,2015-06-16,0940,,,2,5,7,3801,0,0,0,,0,,"SUNSET BL","SANTIAGO ST",0.00,,Y,B,-,N,,,,,,,,,,N,3,0,2,2,A,-,04,21703,,N,C,C,A,A,H,-,A,A,0,,,,,Y,,J,49,0,1,1,0,0,0,0,0,0,"- ","- ",,,"SAN FRANCISCO","SAN FRANCISCO",-122.49464985,37.744099919999996
6905610,2015,2015-05-21,9335,2015-04-06,2007,18845,,1,2,7,3801,0,1,1,,1,081,"RT 80","CECTER ANCHORAGE",634.00,E,N,B,-,Y,SF,4,80,-,-,6.930,H,-,W,Y,1,1,0,1,A,-,08,22107,,N,E,I,A,A,H,-,C,A,4,,,Y,,Y,,C,02,0,0,0,0,0,0,0,1,0,"- ","- ",37.9955,-122.37629,"SAN FRANCISCO","SAN FRANCISCO",-122.37558583000001,37.800300110000002
6905622,2015,2015-05-15,3801,2015-04-10,2200,1939,CENTR,5,5,7,3801,0,0,0,,0,4B8F,"CALIFORNIA AV","KEARRY ST",9.00,E,N,A,-,N,,,,,,,,,,Y,1,1,0,2,A,-,12,21453,A,F,G,B,B,A,H,-,C,A,0,Y,,,,Y,,A,01,0,0,0,1,0,0,0,0,0,"- ","- ",,,"SAN FRANCISCO","SAN FRANCISCO",-122.40434930000001,37.792684229999999
6918961,2015,2015-11-16,3801,2015-10-07,1903,001994,SOUTH,3,5,7,3801,0,0,0,,0,4B4B,"FOLSOM ST","8TH ST",6.00,E,N,A,-,N,,,,,,,,,,N,4,0,1,2,A,-,10,21950,A,N,G,B,B,A,H,-,C,A,0,Y,,,,Y,,A,01,0,0,1,0,1,0,0,0,0,"- ","- ",,,"SAN FRANCISCO","SAN FRANCISCO",-122.41003547,37.775001779999997
6918964,2015,2015-11-14,3801,2015-10-03,1916,002132,TARAV,6,5,7,3801,0,0,0,,0,3I11D,"JUDAH ST","FUNSTON AV",0.00,,Y,A,-,N,,,,,,,,,,N,4,0,1,1,A,-,03,22350,,N,E,I,A,A,H,-,C,A,0,,,Y,,Y,,C,02,0,0,1,0,0,0,0,0,1,"- ","- ",,,"SAN FRANCISCO","SAN FRANCISCO",-122.47047994,37.762039940000001
6918966,2015,2015-11-14,3801,2015-10-13,0525,1849,INGLE,2,5,7,3801,0,0,0,,0,3H13E,"MISSION ST","NEY ST",0.00,,Y,A,-,N,,,,,,,,,,N,3,0,1,2,A,-,07,21658,A,N,D,G,A,A,H,-,C,D,0,,Y,,,Y,,I,11,0,1,0,0,0,0,1,0,0,"- ","- ",,,"SAN FRANCISCO","SAN FRANCISCO",-122.43000996000001,37.730009920000001
6918976,2015,2015-11-14,3801,2015-10-01,2307,1759,INGLE,4,5,7,3801,0,0,0,,0,3H13E,"ALEMANY BL","CONGDON ST",0.00,,Y,A,-,N,,,,,,,,,,Y,3,0,2,2,A,-,08,22101,D,N,D,C,A,A,H,-,C,A,0,,,,,Y,,A,,0,1,1,0,0,0,0,0,0,"- ","- ",,,"SAN FRANCISCO","SAN FRANCISCO",-122.42618988,37.731169940000001
6918980,2015,2015-11-14,3801,2015-10-02,1117,1254,CENTR,5,5,7,3801,0,0,0,,0,3A5C,"MARKET ST","BATTERY ST",0.00,,Y,A,-,N,,,,,,,,,,N,4,0,1,2,A,-,10,21950,A,N,D,B,B,A,H,-,A,A,0,Y,,,,Y,,A,01,0,0,1,0,1,0,0,0,0,"- ","- ",,,"SAN FRANCISCO","SAN FRANCISCO",-122.3995099,37.790769920000002
6924096,2015,2016-11-03,9335,2015-04-30,2235,020461,,4,3,7,3801,0,1,2,,2,015,"RT 101","MARKET ST",30.00,S,N,A,-,Y,SF,4,101,-,M,5.440,H,-,N,Y,4,0,6,6,A,-,03,22350,,N,C,C,A,A,H,-,C,A,0,,,,Y,Y,,F,26,0,0,6,0,0,0,0,0,0,"- ","- ",37.77176,-122.4233,"SAN FRANCISCO","SAN FRANCISCO",-122.42323779,37.77174943
6928696,2015,2016-12-17,9335,2015-05-19,0755,019521,,2,1,7,3801,0,1,1,,2,080,"RT 80","4TH ST",80.00,W,N,B,-,Y,SF,4,80,-,-,5.050,H,-,E,N,4,0,1,3,A,-,03,22350,,N,C,C,A,A,H,-,A,D,1,,,,,Y,,A,01,0,0,1,0,0,0,0,0,0,"- ","- ",37.464230000000001,-122.24245000000001,"SAN FRANCISCO","SAN FRANCISCO",-122.39649095999999,37.781932480000002
6936674,2015,2016-11-03,9350,2015-05-17,1635,013450,,7,2,7,3801,0,1,2,,1,120,"RT 101","GOLDEN GATE TOLL PLAZA",5.00,N,N,B,-,Y,SF,4,101,-,-,9.860,H,-,S,Y,4,0,1,1,A,-,08,22107,,N,E,I,A,A,H,-,A,A,1,,,,,Y,,A,01,0,0,1,0,0,0,0,0,0,"- ","- ",,,"SAN FRANCISCO","SAN FRANCISCO",-122.47557353000001,37.807038040000002
6937772,2014,2015-08-22,3801,2014-12-10,0951,848,SOUTH,3,5,7,3801,0,0,0,,0,001,"MARKET ST","3RD ST",275.00,W,N,B,-,N,,,,,,,,,,N,3,0,1,1,A,-,03,22350,,N,F,J,A,A,H,-,A,A,0,,Y,,,Y,,L,04,0,1,0,0,0,0,1,0,0,"- ","- ",,,"SAN FRANCISCO","SAN FRANCISCO",-122.40413253,37.787125349999997
6937875,2014,2015-08-05,3801,2014-09-08,1900,004256,BAYVI,1,5,7,3801,0,0,0,,0,3C11D,"CONNECTICUT ST","CESAR CHAVEZ ST",66.00,N,N,B,-,N,,,,,,,,,,N,4,0,1,2,A,-,11,21955,,N,G,B,D,A,H,-,A,D,0,Y,,,,Y,,N,60,0,0,1,0,1,0,0,0,0,"- ","- ",,,"SAN FRANCISCO","SAN FRANCISCO",-122.39628909,37.749930679999999
6938279,2015,2015-09-19,3801,2015-08-29,0105,2374,INGLE,6,5,7,3801,0,0,0,,0,003,"ALEMANY BL","CONGDON ST",300.00,S,N,A,-,N,,,,,,,,,,N,4,0,1,1,A,-,03,22350,,N,E,J,A,A,C,-,D,D,0,,Y,,,Y,Y,L,04,0,0,1,0,0,0,1,0,0,"- ","- ",,,"SAN FRANCISCO","SAN FRANCISCO",-122.42516998000001,37.731070000000003
6938283,2015,2015-09-19,3801,2015-08-29,2340,2089,MISSI,6,5,7,3801,0,0,0,,0,,"MISSION ST","15TH ST",0.00,,Y,A,-,N,,,,,,,,,,N,4,0,1,2,A,-,10,21950,A,N,G,B,B,A,H,-,C,A,0,Y,,,,Y,,A,01,0,0,1,0,1,0,0,0,0,"- ","- ",,,"SAN FRANCISCO","SAN FRANCISCO",-122.41981998,37.76666994
6938883,2015,2016-12-17,9335,2015-05-17,1025,19510,,7,1,7,3801,0,1,2,,2,014,"RT 80","17TH ST",100.00,E,N,B,-,Y,SF,4,80,-,-,3.850,H,-,E,Y,4,0,1,3,A,-,07,21658,A,N,B,C,A,A,H,-,A,D,1,,,Y,,Y,,A,01,0,0,1,0,0,0,0,0,1,"- ","- ",37.455159999999999,-122.24175,"SAN FRANCISCO","SAN FRANCISCO",-122.40490739000001,37.765717709999997
6944484,2015,2016-12-17,9335,2015-05-30,1705,20217,,6,2,7,3801,0,1,1,,1,081,"RT 80","FREMONT ST",600.00,E,N,A,-,Y,SF,4,80,-,-,5.670,H,-,W,N,4,0,3,3,A,-,03,22350,,N,C,C,A,A,H,-,A,D,4,,,,,Y,,A,01,0,0,3,0,0,0,0,0,0,"- ","- ",37.789520000000003,-122.38718,"SAN FRANCISCO","SAN FRANCISCO",-122.38920677999999,37.787393889999997
6944524,2015,2016-12-17,9335,2015-05-20,2250,13397,,3,3,7,3801,0,1,1,,1,081,"RT 80","MAIN ST",1.00,E,N,B,C,Y,SF,4,80,-,-,5.740,H,-,W,Y,4,0,1,2,A,-,08,22107,,N,B,C,A,B,H,-,C,D,4,,,,,Y,,A,01,0,0,1,0,0,0,0,0,0,"- ","- ",37.787500000000001,-122.38934,"SAN FRANCISCO","SAN FRANCISCO",-122.38843089,37.788097579999999
6946065,2015,2016-11-03,9350,2015-05-28,2120,020905,,4,2,7,3801,0,1,2,,2,010,"RT 101","GOLDEN GATE TOLL PLAZA",1056.00,S,N,B,-,Y,SF,4,101,-,-,9.660,H,-,S,Y,4,0,2,2,A,-,07,21658,A,N,C,C,A,A,H,-,C,D,1,,,,,Y,,A,01,0,0,2,0,0,0,0,0,0,"- ","- ",37.803739999999998,-122.47157,"SAN FRANCISCO","SAN FRANCISCO",-122.47309661,37.804842170000001
6960180,2015,2016-12-17,9335,2015-06-05,1425,20157,,5,2,7,3801,0,1,2,,2,013,"RT 101","CESAR CHAVEZ ST",500.00,S,N,A,-,Y,SF,4,101,-,-,2.830,H,-,N,Y,4,0,1,3,C,-,18,,,N,E,I,A,A,H,-,A,D,1,,,,,Y,,-,"- ",0,0,1,0,0,0,0,0,0,"- ","- ",37.744,-122.40600000000001,"SAN FRANCISCO","SAN FRANCISCO",-122.40441168,37.746863220000002
6960184,2015,2016-11-03,9335,2015-06-10,1508,19007,,3,2,7,3801,0,1,1,,2,022,"RT 280","JUDSON ST",150.00,S,N,B,-,Y,SF,4,280,-,R,2.180,H,-,S,Y,4,0,1,2,A,-,03,22350,,N,C,C,A,B,H,-,A,D,1,,,,,Y,,A,07,0,0,1,0,0,0,0,0,0,"- ","- ",,,"SAN FRANCISCO","SAN FRANCISCO",-122.44395643,37.728093860000001
6960308,2015,2016-11-03,9335,2015-06-05,1150,17806,,5,1,7,3801,0,1,1,,2,022,"RT 280","THERESA ST",178.00,S,N,A,-,Y,SF,4,280,-,R,2.574,R,1,S,Y,2,0,1,2,A,-,03,22350,,N,C,C,A,A,H,-,A,D,1,,,,,Y,,A,01,1,0,0,0,0,0,0,0,0,FR,"- ",37.730960000000003,-122.43729,"SAN FRANCISCO","SAN FRANCISCO",-122.43766816999999,37.730732420000002
6961274,2015,2016-11-03,9335,2015-05-28,1719,020198,,4,2,7,3801,0,1,1,,2,022,"RT 35","OCEAN AV",150.00,N,N,B,-,Y,SF,4,280,-,R,1.780,H,-,S,N,4,0,2,2,A,-,07,21658,A,N,B,C,A,A,H,-,A,D,1,,,,,Y,,A,07,0,0,2,0,0,0,0,0,0,"- ","- ",37.723599999999998,-122.44776,"SAN FRANCISCO","SAN FRANCISCO",-122.44785702999999,37.723103870000003
6967143,2015,2016-12-17,9335,2015-06-04,2337,13397,,4,3,7,3801,0,1,1,,2,080,"RT 80","7TH ST",200.00,E,N,A,-,Y,SF,4,80,-,-,4.550,H,-,E,N,4,0,1,2,A,-,01,23152,A,N,C,C,A,A,H,-,C,D,1,,,,,Y,Y,A,01,0,0,1,0,0,0,0,0,0,"- ","- ",37.775570000000002,-122.40532,"SAN FRANCISCO","SAN FRANCISCO",-122.40322091,37.777010789999999
6968562,2015,2016-12-17,9335,2015-06-17,1850,013058,,3,2,7,3801,0,1,1,,1,083,"RT 80","STERLING ST",2640.00,E,N,A,-,Y,SF,4,80,-,-,5.990,H,-,E,Y,4,0,3,4,A,-,07,21658,A,N,B,C,A,A,H,-,A,-,4,,,,,Y,,A,01,0,0,3,0,0,0,0,0,0,"- ","- ",,,"SAN FRANCISCO","SAN FRANCISCO",-122.38561113,37.790666260000002
6968779,2015,2016-12-17,9335,2015-06-13,1845,020509,,6,2,7,3801,0,1,2,,2,013,"RT 101","CESAR CHAVEZ ST",2006.00,S,N,B,-,Y,SF,4,101,-,-,2.360,H,-,N,N,4,0,2,2,A,-,03,22350,,N,C,C,A,A,H,-,B,D,1,,,,,Y,,A,08,0,0,2,0,0,0,0,0,0,"- ",SF,37.442610000000002,-122.24281999999999,"SAN FRANCISCO","SAN FRANCISCO",-122.4076838,37.740806540000001