CASE_ID,ACCIDENT_YEAR,PROC_DATE,JURIS,COLLISION_DATE,COLLISION_TIME,OFFICER_ID,REPORTING_DISTRICT,DAY_OF_WEEK,CHP_SHIFT,POPULATION,CNTY_CITY_LOC,SPECIAL_COND,BEAT_TYPE,CHP_BEAT_TYPE,CITY_DIVISION_LAPD,CHP_BEAT_CLASS,BEAT_NUMBER,PRIMARY_RD,SECONDARY_RD,DISTANCE,DIRECTION,INTERSECTION,WEATHER_1,WEATHER_2,STATE_HWY_IND,CALTRANS_COUNTY,CALTRANS_DISTRICT,STATE_ROUTE,ROUTE_SUFFIX,POSTMILE_PREFIX,POSTMILE,LOCATION_TYPE,RAMP_INTERSECTION,SIDE_OF_HWY,TOW_AWAY,COLLISION_SEVERITY,NUMBER_KILLED,NUMBER_INJURED,PARTY_COUNT,PRIMARY_COLL_FACTOR,PCF_CODE_OF_VIOL,PCF_VIOL_CATEGORY,PCF_VIOLATION,PCF_VIOL_SUBSECTION,HIT_AND_RUN,TYPE_OF_COLLISION,MVIW,PED_ACTION,ROAD_SURFACE,ROAD_COND_1,ROAD_COND_2,LIGHTING,CONTROL_DEVICE,CHP_ROAD_TYPE,PEDESTRIAN_ACCIDENT,BICYCLE_ACCIDENT,MOTORCYCLE_ACCIDENT,TRUCK_ACCIDENT,NOT_PRIVATE_PROPERTY,ALCOHOL_INVOLVED,STWD_VEHTYPE_AT_FAULT,CHP_VEHTYPE_AT_FAULT,COUNT_SEVERE_INJ,COUNT_VISIBLE_INJ,COUNT_COMPLAINT_PAIN,COUNT_PED_KILLED,COUNT_PED_INJURED,COUNT_BICYCLIST_KILLED,COUNT_BICYCLIST_INJURED,COUNT_MC_KILLED,COUNT_MC_INJURED,PRIMARY_RAMP,SECONDARY_RAMP,LATITUDE,LONGITUDE,COUNTY,CITY,POINT_X,POINT_Y
7029244,2015,2015-08-27,3801,2015-06-26,2204,298,CENTR,5,5,7,3801,0,0,0,,0,3A11E,"POST ST","LEAVENWORTH ST",0.00,,Y,A,-,N,,,,,,,,,,,4,0,1,2,A,-,12,21453,A,F,D,C,A,A,H,-,C,A,0,,,,,Y,,A,01,0,0,1,0,0,0,0,0,0,"- ","- ",,,"SAN FRANCISCO","SAN FRANCISCO",-122.41498987,37.787449889999998
7029251,2015,2015-09-02,3801,2015-06-30,1427,1374,INGLE,2,5,7,3801,0,0,0,,0,3H13C,"EVELYN WY","DEL VALE AV",0.00,,Y,A,-,N,,,,,,,,,,Y,4,0,1,1,A,-,03,22350,,N,E,I,A,A,H,-,A,D,0,,,,,Y,,A,01,0,0,1,0,0,0,0,0,0,"- ","- ",,,"SAN FRANCISCO","SAN FRANCISCO",-122.44779995,37.74243998
7029267,2015,2015-08-27,3801,2015-06-14,0317,1396,NORTH,7,5,7,3801,0,0,0,,0,3E12E,"GEARY ST","WEBSTER ST",0.00,,Y,A,-,N,,,,,,,,,,N,4,0,1,2,A,-,04,21703,,N,C,C,A,A,H,-,C,A,0,,,,,Y,,A,01,0,0,1,0,0,0,0,0,0,"- ","- ",,,"SAN FRANCISCO","SAN FRANCISCO",-122.4312999,37.784729929999997
7029268,2015,2015-08-27,3801,2015-06-13,0230,00776,NORTH,6,5,7,3801,0,0,0,,0,3E11E,"PAGE ST","OCTAVIA ST",0.00,,Y,A,-,N,,,,,,,,,,Y,4,0,1,2,A,-,01,23153,A,F,C,C,A,A,H,-,C,A,0,,,,,Y,Y,A,01,0,0,1,0,0,0,0,0,0,"- ","- ",,,"SAN FRANCISCO","SAN FRANCISCO",-122.42410987,37.773879960000002
7029273,2015,2015-09-08,3801,2015-06-12,1737,004324,COD,5,5,7,3801,0,0,0,,0,901,"22ND ST","SHOTWELL ST",0.00,,Y,A,-,N,,,,,,,,,,N,4,0,1,2,A,-,12,22450,A,N,-,-,A,A,H,-,A,-,0,,Y,,,Y,,-,"- ",0,0,1,0,0,0,1,0,0,"- ","- ",,,"SAN FRANCISCO","SAN FRANCISCO",-122.41548987,37.755629890000002
7029287,2015,2015-08-31,3801,2015-07-07,1410,01884,RICHM,2,5,7,3801,0,0,0,,0,901,"FULTON ST","ARGUELLO BL",0.00,,Y,A,-,N,,,,,,,,,,N,3,0,1,2,A,-,10,21950,A,N,G,B,B,A,H,-,A,A,0,Y,,,,Y,,A,01,0,1,0,0,1,0,0,0,0,"- ","- ",,,"SAN FRANCISCO","SAN FRANCISCO",-122.45834993,37.774289899999999
7029291,2015,2016-11-03,3801,2015-06-06,2125,01310,NORTH,6,5,7,3801,0,0,0,,0,3E13E,"VAN NESS AV","WASHINGTON ST",9.00,N,N,B,-,Y,SF,4,101,-,-,6.130,I,5,S,Y,2,0,1,2,A,-,11,21453,D,N,A,B,B,A,H,-,C,A,0,Y,,,,Y,Y,N,60,1,0,0,0,1,0,0,0,0,"- ","- ",,,"SAN FRANCISCO","SAN FRANCISCO",-122.42299302000001,37.793076859999999
7029293,2014,2015-08-26,3801,2014-06-25,1332,1856,PARK,3,5,7,3801,0,0,0,,0,3F13A,"FELL ST","MASONIC AV",0.00,W,N,A,-,N,,,,,,,,,,Y,4,0,1,4,A,-,07,21658,A,N,B,E,A,A,H,-,A,A,0,,,,,Y,,-,,0,0,1,0,0,0,0,0,0,"- ","- ",,,"SAN FRANCISCO","SAN FRANCISCO",-122.44591997000001,37.772979970000002
7029313,2015,2015-08-26,3801,2015-06-21,2100,01431,INGLE,7,5,7,3801,0,0,0,,0,3H15D,"MISSION ST","PRECITA AV",124.00,N,N,A,-,N,,,,,,,,,,N,4,0,2,2,A,-,04,21703,,M,C,C,A,A,H,-,C,D,0,,,,,Y,,A,01,0,0,2,0,0,0,0,0,0,"- ","- ",,,"SAN FRANCISCO","SAN FRANCISCO",-122.41891677,37.747059999999998
7029314,2015,2015-08-26,3801,2015-06-18,1816,02342,SOUTH,4,5,7,3801,0,0,0,,0,3B13D,"HOWARD ST","5TH ST",0.00,,Y,A,-,N,,,,,,,,,,N,3,0,1,2,A,-,08,22107,,N,B,G,A,A,H,-,A,D,0,,Y,,,Y,,L,04,0,1,0,0,0,0,1,0,0,"- ","- ",,,"SAN FRANCISCO","SAN FRANCISCO",-122.40492992999999,37.781509960000001
7029320,2015,2015-09-01,3801,2015-06-04,0914,618,TARAV,4,5,7,3801,0,0,0,,0,3I11A,"42ND AV","VICENTE ST",0.00,,Y,A,-,N,,,,,,,,,,N,4,0,1,2,A,-,10,21950,A,N,G,B,B,A,H,-,A,A,0,Y,,,,Y,,-,,0,0,1,0,1,0,0,0,0,"- ","- ",,,"SAN FRANCISCO","SAN FRANCISCO",-122.50005992,37.73822998
7029322,2015,2015-08-26,3801,2015-06-22,1729,00761,,1,5,7,3801,0,0,0,,0,03G,"FULTON ST","ARGUELLO BL",0.00,,Y,A,-,N,,,,,,,,,,N,3,0,1,2,A,-,08,22107,,N,A,C,A,A,H,-,A,A,0,,,Y,,Y,,-,,0,1,0,0,0,0,0,0,1,"- ","- ",,,"SAN FRANCISCO","SAN FRANCISCO",-122.45834993,37.774289899999999
7029325,2015,2015-08-26,3801,2015-06-26,1527,1582,BAYVI,5,5,7,3801,0,0,0,,0,3C15B,"JERROLD AV","SELBY ST",0.00,,Y,A,-,N,,,,,,,,,,Y,3,0,1,2,A,-,08,22107,,N,B,D,A,A,H,-,A,A,0,,,Y,,Y,,A,01,0,1,0,0,0,0,0,0,1,"- ","- ",,,"SAN FRANCISCO","SAN FRANCISCO",-122.39699988,37.742919960000002
7029331,2015,2015-08-27,3801,2015-06-13,1835,01310,NORTH,6,5,7,3801,0,0,0,,0,3E11D,"POLK ST","GEARY ST",80.00,S,N,A,-,N,,,,,,,,,,N,3,0,1,3,A,-,09,21801,A,N,D,G,A,A,H,-,A,D,0,,Y,Y,,Y,,A,01,0,1,0,0,0,0,1,0,0,"- ","- ",,,"SAN FRANCISCO","SAN FRANCISCO",-122.41969389,37.785683300000002
7029333,2015,2015-08-26,3801,2015-06-23,1752,1177,MISSI,2,5,7,3801,0,0,0,,0,3D16D,"S VAN NESS AV","15TH ST",0.00,,Y,A,-,N,,,,,,,,,,Y,3,0,1,2,A,-,09,21801,A,N,D,C,A,A,H,-,A,A,0,,,Y,,Y,,A,01,0,1,0,0,0,0,0,0,1,"- ","- ",,,"SAN FRANCISCO","SAN FRANCISCO",-122.41763985999999,37.766799939999999
7029338,2015,2015-08-26,3801,2015-06-20,0455,1998,,6,5,7,3801,0,0,0,,0,,"DAY ST","CHURCH ST",146.00,E,N,A,-,N,,,,,,,,,,Y,4,0,1,2,A,-,03,22350,,N,C,E,A,A,H,-,C,D,0,,,,,Y,,A,01,0,0,1,0,0,0,0,0,0,"- ","- ",,,"SAN FRANCISCO","SAN FRANCISCO",-122.42606723,37.742938279999997
7029340,2015,2015-09-01,3801,2015-06-03,1646,01482,BAYVI,3,5,7,3801,0,0,0,,0,3C11D,"23RD ST","WISCONSIN ST",12.00,E,N,A,B,N,,,,,,,,,,N,4,0,1,2,A,-,09,21802,A,M,C,C,A,A,H,-,A,A,0,,,,,Y,,A,01,0,0,1,0,0,0,0,0,0,"- ","- ",,,"SAN FRANCISCO","SAN FRANCISCO",-122.39866861,37.754762560000003
7029345,2015,2015-08-26,3801,2015-06-24,1703,1423,BAYVI,3,5,7,3801,0,0,0,,0,3C13D,"16TH ST","ARKANSAS ST",0.00,,Y,A,-,N,,,,,,,,,,N,4,0,1,1,D,-,00,,,N,G,A,A,A,H,-,A,D,0,,Y,,,Y,,-,"- ",0,0,1,0,0,0,1,0,0,"- ","- ",,,"SAN FRANCISCO","SAN FRANCISCO",-122.39879990999999,37.766319930000002
7029347,2015,2015-08-31,3801,2015-06-03,2240,00796,NORTH,3,5,7,3801,0,0,0,,0,002,"FRANKLIN ST","FELL ST",0.00,,Y,A,-,N,,,,,,,,,,N,4,0,1,3,A,-,08,22100,A,N,B,D,A,A,H,-,C,A,0,,,,,Y,,A,01,0,0,1,0,0,0,0,0,0,"- ","- ",,,"SAN FRANCISCO","SAN FRANCISCO",-122.42113997,37.776159900000003
7029360,2015,2015-09-01,3801,2015-06-02,1955,1666,PARK,2,5,7,3801,0,0,0,,0,2CAR,"PARNASSUS AV","WILLARD ST",0.00,,Y,A,-,N,,,,,,,,,,N,4,0,1,1,D,-,00,,,N,H,-,A,A,H,-,A,A,0,,,Y,,Y,,-,"- ",0,0,1,0,0,0,0,0,1,"- ","- ",,,"SAN FRANCISCO","SAN FRANCISCO",-122.45421985999999,37.764330000000001
7029859,2015,2016-07-07,3801,2015-06-27,0255,01660,NORTH,6,5,7,3801,0,0,0,,0,3E14E,"MARKET ST","CHURCH ST",0.00,,Y,A,-,N,,,,,,,,,,N,2,0,1,2,A,-,00,20001,A,F,C,G,A,A,H,-,C,A,0,,Y,,,Y,,A,01,1,0,0,0,0,0,1,0,0,"- ","- ",,,"SAN FRANCISCO","SAN FRANCISCO",-122.42893989,37.767609890000003
7032732,2015,2015-08-28,3801,2015-05-27,1407,1096,SOUTH,3,5,7,3801,0,0,0,,0,3B13C,"5TH ST","CLEMENTINA ST",0.00,,Y,A,-,N,,,,,,,,,,N,4,0,1,3,A,-,03,22350,,N,G,B,B,A,H,-,A,D,0,Y,,,,Y,,D,22,0,0,1,0,1,0,0,0,0,"- ","- ",,,"SAN FRANCISCO","SAN FRANCISCO",-122.40390991,37.780709899999998
7032736,2015,2015-09-04,3801,2015-05-06,1108,298,SOUTH,3,5,7,3801,0,0,0,,0,3B13A,"6TH ST","MINNA ST",30.00,S,N,A,-,N,,,,,,,,,,N,3,0,1,3,A,-,17,22517,,N,B,C,A,A,H,-,A,D,0,,,,,Y,,-,,0,1,0,0,0,0,0,0,0,"- ","- ",,,"SAN FRANCISCO","SAN FRANCISCO",-122.40805707,37.780491339999998
7032748,2015,2015-09-08,3801,2015-05-18,0950,1436,SOUTH,1,5,7,3801,0,0,0,,0,3B13C,"9TH ST","HARRISON ST",60.00,N,N,A,-,N,,,,,,,,,,Y,4,0,1,4,A,-,07,21658,A,F,B,C,A,A,H,-,A,D,0,,,,,Y,,A,01,0,0,1,0,0,0,0,0,0,"- ","- ",,,"SAN FRANCISCO","SAN FRANCISCO",-122.41019832000001,37.772645359999999
7032759,2015,2015-10-06,3801,2015-05-13,0816,001839,MISSI,3,5,7,3801,0,0,0,,0,3D60,"GUERRERO ST","CESAR CHAVEZ ST",50.00,N,N,A,-,N,,,,,,,,,,N,3,0,2,3,A,-,12,21453,A,N,D,C,A,A,H,-,A,A,0,,,,,Y,,D,22,0,1,1,0,0,0,0,0,0,"- ","- ",,,"SAN FRANCISCO","SAN FRANCISCO",-122.42249599,37.748156770000001
7032812,2015,2015-08-20,3801,2015-05-14,1807,1751,CENTR,4,5,7,3801,0,0,0,,0,3A14D,"MONTGOMERY ST","PACIFIC AV",0.00,,Y,A,-,N,,,,,,,,,,N,4,0,1,2,A,-,03,22350,,N,C,C,A,A,H,-,A,A,0,,,,,Y,,A,01,0,0,1,0,0,0,0,0,0,"- ","- ",,,"SAN FRANCISCO","SAN FRANCISCO",-122.40365991,37.797309890000001
7032815,2015,2015-08-20,3801,2015-05-24,1440,000690,3800,7,5,7,3801,0,0,0,,0,3D15A,"16TH ST","MISSION ST",0.00,,Y,A,-,N,,,,,,,,,,N,4,0,1,2,A,-,07,21658,A,N,C,G,A,A,H,-,A,A,0,,Y,,,Y,,L,04,0,0,1,0,0,0,1,0,0,"- ","- ",,,"SAN FRANCISCO","SAN FRANCISCO",-122.41966992,37.765049910000002
7032819,2015,2016-06-15,3801,2015-05-24,0819,2045,TENDE,7,5,7,3801,0,0,0,,0,002,"MCALLISTER ST","HYDE ST",0.00,,Y,B,-,N,,,,,,,,,,,4,0,1,2,A,-,12,21453,A,N,D,C,A,A,-,-,A,A,0,,,,,Y,,-,,0,0,1,0,0,0,0,0,0,"- ","- ",,,"SAN FRANCISCO","SAN FRANCISCO",-122.4153199,37.780739930000003
7032830,2015,2015-08-20,3801,2015-05-08,1630,1438,SOUTH,5,5,7,3801,0,0,0,,0,"3 CAR","S VAN NESS AV","MARKET ST",0.00,,Y,A,-,N,,,,,,,,,,N,4,0,1,2,A,-,11,21456,B,F,G,B,B,A,H,-,A,A,0,Y,,,,Y,Y,N,60,0,0,1,0,1,0,0,0,0,"- ","- ",,,"SAN FRANCISCO","SAN FRANCISCO",-122.41925990999999,37.775169959999999
7032833,2015,2015-08-20,3801,2015-05-24,2214,1075,NORTH,7,5,7,3801,0,0,0,,0,3E62,"FILLMORE ST","POST ST",0.00,,Y,A,-,N,,,,,,,,,,Y,3,0,2,2,A,-,12,21453,A,N,D,C,A,B,H,-,C,A,0,,,,,Y,,A,01,0,1,1,0,0,0,0,0,0,"- ","- ",,,"SAN FRANCISCO","SAN FRANCISCO",-122.43307996999999,37.78515994
7032836,2015,2016-06-16,3801,2015-05-13,1240,A09854,INGLE,3,5,7,3801,0,0,0,,0,,"ALEMANY BL","FOOTE AV",0.00,,Y,A,-,N,,,,,,,,,,,4,0,1,2,A,-,08,22107,,M,D,C,A,A,H,-,A,D,0,,,,,Y,,A,07,0,0,1,0,0,0,0,0,0,"- ","- ",,,"SAN FRANCISCO","SAN FRANCISCO",-122.44731993000001,37.714669899999997
7032842,2015,2015-08-20,3801,2015-05-04,2159,4212,3801,1,5,7,3801,0,0,0,,0,3116E,"SAN JOSE AV","LAKEVIEW AV",0.00,,Y,A,-,N,,,,,,,,,,N,4,0,1,2,A,-,03,22350,,F,G,B,B,A,H,-,C,D,0,Y,,,,Y,,A,01,0,0,1,0,1,0,0,0,0,"- ","- ",,,"SAN FRANCISCO","SAN FRANCISCO",-122.45039994,37.716159920000003
7032848,2015,2015-08-24,3801,2015-05-11,0814,1939,MISSI,1,5,7,3801,0,0,0,,0,3D13A,"POTRERO AV","16TH ST",0.00,,Y,A,-,N,,,,,,,,,,N,3,0,1,2,A,-,03,22350,,F,H,G,A,A,H,-,A,A,0,,Y,,,Y,,L,04,0,1,0,0,0,0,1,0,0,"- ","- ",,,"SAN FRANCISCO","SAN FRANCISCO",-122.40755998,37.765769929999998
7032851,2015,2015-08-20,3801,2015-05-15,1755,000751,CENTR,5,5,7,3801,0,0,0,,0,3A14D,"BATTERY ST","VALLEJO ST",0.00,,Y,A,-,N,,,,,,,,,,N,4,0,1,2,A,-,09,21802,A,N,D,C,A,A,H,-,A,A,0,,,Y,,Y,,A,01,0,0,1,0,0,0,0,0,1,"- ","- ",,,"SAN FRANCISCO","SAN FRANCISCO",-122.40121988999999,37.799529980000003
7032857,2015,2015-08-20,3801,2015-05-22,1754,001542,INGLE,5,5,7,3801,0,0,0,,0,3H13D,"OXFORD ST","BACON ST",0.00,,Y,B,-,N,,,,,,,,,,N,4,0,1,4,A,-,12,22450,A,F,D,C,A,A,H,-,A,A,0,,,,,Y,,A,07,0,0,1,0,0,0,0,0,0,"- ","- ",,,"SAN FRANCISCO","SAN FRANCISCO",-122.41838989999999,37.72375993
7032867,2015,2015-08-20,3801,2015-05-10,1730,4086,PARK,7,5,7,3801,0,0,0,,0,3F130,"MASONIC AV","FELL ST",0.00,,Y,A,-,N,,,,,,,,,,N,4,0,1,2,A,-,09,21453,C,N,D,G,A,A,H,-,A,A,0,,Y,,,Y,,A,01,0,0,1,0,0,0,1,0,0,"- ","- ",,,"SAN FRANCISCO","SAN FRANCISCO",-122.44591997000001,37.772979970000002
7032870,2015,2015-08-20,3801,2015-05-26,0917,000866,TENDE,2,5,7,3801,0,0,0,,0,3J90,"EDDY ST","LARKIN ST",0.00,,Y,B,-,N,,,,,,,,,,N,4,0,1,2,A,-,10,21950,A,N,A,B,B,B,H,-,A,A,0,Y,,,,Y,,-,,0,0,1,0,1,0,0,0,0,"- ","- ",,,"SAN FRANCISCO","SAN FRANCISCO",-122.41751985000001,37.783299909999997
7032874,2015,2015-08-20,3801,2015-05-27,1334,001515,NORTH,3,5,7,3801,0,0,0,,0,3E11C,"CLAY ST","2401 CLAY ST",0.00,,Y,A,B,N,,,,,,,,,,Y,3,0,1,2,A,-,09,21804,A,N,D,C,A,A,H,-,A,D,0,,,,,Y,,A,01,0,1,0,0,0,0,0,0,0,"- ","- ",,,"SAN FRANCISCO","SAN FRANCISCO",-122.43310153,37.790849659999999
7032876,2015,2015-08-19,3801,2015-05-05,1707,000878,,2,5,7,3801,0,0,0,,0,,"HOWARD ST","MARY ST",0.00,,Y,A,-,N,,,,,,,,,,N,4,0,1,2,C,-,18,,,N,D,G,A,A,H,-,A,D,0,,Y,,,Y,,-,"- ",0,0,1,0,0,0,1,0,0,"- ","- ",,,"SAN FRANCISCO","SAN FRANCISCO",-122.40570992000001,37.780899990000002
7032877,2015,2015-08-20,3801,2015-05-01,0808,000076,,5,5,7,3801,0,0,0,,0,3E12E,"FILLMORE ST","MCALLISTER ST",0.00,,Y,A,-,N,,,,,,,,,,N,3,0,1,2,A,-,09,21801,A,M,D,G,A,A,H,-,A,A,0,,Y,,,Y,,-,99,0,1,0,0,0,0,1,0,0,"- ","- ",,,"SAN FRANCISCO","SAN FRANCISCO",-122.43174987,37.778639890000001
7032880,2015,2015-08-19,3801,2015-05-06,1725,004335,MISSI,3,5,7,3801,0,0,0,,0,901,"POTRERO AV","15TH ST",20.00,N,N,A,-,N,,,,,,,,,,N,4,0,1,2,A,-,04,21703,,N,C,C,A,A,H,-,A,D,0,,,,,Y,,A,01,0,0,1,0,0,0,0,0,0,"- ","- ",,,"SAN FRANCISCO","SAN FRANCISCO",-122.40767498,37.7671548
7032884,2015,2015-08-19,3801,2015-05-23,0045,2343,SOUTH,6,5,7,3801,0,0,0,,0,3B12E,"KING ST","3RD ST",155.00,W,N,F,-,N,,,,,,,,,,Y,3,0,1,2,A,-,03,22350,,N,E,I,F,B,H,-,C,D,0,Y,,,,Y,,A,07,0,1,0,0,1,0,0,0,0,"- ","- ",,,"SAN FRANCISCO","SAN FRANCISCO",-122.39232785,37.777897729999999
7032893,2015,2015-08-19,3801,2015-05-22,1001,4246,SANFR,5,5,7,3801,0,0,0,,0,00B,"HARRISON ST","6TH ST",0.00,,Y,A,-,N,,,,,,,,,,N,4,0,1,2,A,-,08,22101,D,N,C,C,A,A,H,-,A,A,0,,,Y,,Y,,C,02,0,0,1,0,0,0,0,0,0,"- ","- ",,,"SAN FRANCISCO","SAN FRANCISCO",-122.4040799,37.77730992
7032905,2015,2015-08-19,3801,2015-05-22,2251,000354,BAYVI,5,5,7,3801,0,0,0,,0,,"GRIFFITH ST","OAKDALE AV",0.00,,Y,A,-,N,,,,,,,,,,Y,4,0,1,1,A,-,03,22350,,N,A,J,A,A,H,-,C,A,0,,,,,Y,,A,01,0,0,1,0,0,0,0,0,0,"- ","- ",,,"SAN FRANCISCO","SAN FRANCISCO",-122.37914997999999,37.728209890000002
7032907,2015,2015-08-20,3801,2015-05-08,1100,004028,SOUTH,5,5,7,3801,0,0,0,,0,3B5A,"BRYANT ST","2ND ST",166.00,,N,A,-,N,,,,,,,,,,N,4,0,1,2,A,-,17,22517,,F,B,G,A,A,H,-,A,D,0,,Y,,,Y,,A,01,0,0,1,0,0,0,1,0,0,"- ","- ",,,"SAN FRANCISCO","SAN FRANCISCO",-122.39362985,37.78307993
7032912,2015,2015-08-19,3801,2015-05-30,1517,004265,INGLE,6,5,7,3801,0,0,0,,0,3H13D,"ELLSWORTH ST","CRESCENT AV",440.00,S,N,A,-,N,,,,,,,,,,Y,2,0,1,2,A,-,"- ",,,N,H,E,A,A,H,-,A,D,0,,,,,Y,,A,07,1,0,0,0,0,0,0,0,0,"- ","- ",,,"SAN FRANCISCO","SAN FRANCISCO",-122.41502844999999,37.733622140000001
7032917,2015,2015-08-19,3801,2015-05-17,1647,856,SOUTH,7,5,7,3801,0,0,0,,0,003,"HARRISON ST","6TH ST",0.00,,Y,A,-,N,,,,,,,,,,Y,3,0,2,3,A,-,17,23109,C,N,D,C,F,A,H,-,A,A,0,Y,,Y,,Y,,C,02,0,1,1,0,1,0,0,0,1,"- ","- ",,,"SAN FRANCISCO","SAN FRANCISCO",-122.4040799,37.77730992
7032918,2015,2015-08-20,3801,2015-05-30,1417,2260,NORTH,6,5,7,3801,0,0,0,,0,4CAR,"LAGUNA ST","WASHINGTON ST",153.00,S,N,A,-,N,,,,,,,,,,Y,3,0,1,2,A,-,21,22106,,N,D,C,A,A,H,-,A,D,0,,,,,Y,,A,01,0,1,0,0,0,0,0,0,0,"- ","- ",,,"SAN FRANCISCO","SAN FRANCISCO",-122.42935153000001,37.791815589999999
7032925,2015,2015-08-26,3801,2015-05-17,1746,001538,COG,7,5,7,3801,0,0,0,,0,,"FULTON ST","21ST AV",0.00,,Y,A,-,N,,,,,,,,,,Y,3,0,1,2,A,-,08,22107,,N,B,C,A,A,H,-,A,A,0,,,Y,,Y,,A,01,0,1,0,0,0,0,0,0,1,"- ","- ",,,"SAN FRANCISCO","SAN FRANCISCO",-122.47990999,37.772749959999999
7032926,2015,2015-08-19,3801,2015-05-07,1540,000751,CENTR,4,5,7,3801,0,0,0,,0,3A12D,"POWELL ST","LOMBARD ST",3.00,S,N,A,-,N,,,,,,,,,,N,3,0,1,2,A,-,11,21950,B,N,G,B,D,A,H,-,A,A,0,Y,,,,Y,,N,60,0,1,0,0,1,0,0,0,0,"- ","- ",,,"SAN FRANCISCO","SAN FRANCISCO",-122.41137825,37.803021880000003
7032928,2015,2015-08-19,3801,2015-05-20,0805,97,PARK,3,5,7,3801,0,0,0,,0,3F11A,"GALEWOOD CIR","GALEWOOD CIR 202",114.00,N,N,B,-,N,,,,,,,,,,,2,0,1,2,A,-,03,22350,,N,B,E,A,A,H,-,A,D,0,,,,,Y,,-,,1,0,0,0,0,0,0,0,0,"- ","- ",,,"SAN FRANCISCO","SAN FRANCISCO",,
7032929,2015,2015-08-20,3801,2015-05-31,2050,001933,TARAV,7,5,7,3801,0,0,0,,0,3I16D,"BROAD ST","CAPITOL AV",0.00,,Y,A,-,N,,,,,,,,,,Y,4,0,1,5,A,-,12,22450,A,N,B,C,A,A,H,-,C,A,0,,,,,Y,,A,01,0,0,1,0,0,0,0,0,0,"- ","- ",,,"SAN FRANCISCO","SAN FRANCISCO",-122.45903995,37.713189900000003
7032934,2015,2015-08-20,3801,2015-05-05,1554,A10754,,2,5,7,3801,0,0,0,,0,TARAVA,"PLYMOUTH AV","LOBOS ST",95.00,N,N,A,-,N,,,,,,,,,,N,3,0,1,2,A,-,11,21954,A,N,G,B,D,A,H,-,A,D,0,Y,,,,Y,,N,60,0,1,0,0,1,0,0,0,0,"- ","- ",,,"SAN FRANCISCO","SAN FRANCISCO",-122.45611,37.71516098
7032945,2015,2015-08-20,3801,2015-05-16,2327,002315,TARAV,6,5,7,3801,0,0,0,,0,3I116E,"SUNSET BL","TARAVAL ST",0.00,,Y,A,-,N,,,,,,,,,,N,4,0,1,2,A,-,01,23153,A,N,C,D,A,A,H,-,C,A,0,,,,,Y,Y,A,07,0,0,1,0,0,0,0,0,0,"- ","- ",,,"SAN FRANCISCO","SAN FRANCISCO",-122.49452995,37.742209950000003
7032957,2015,2015-08-19,3801,2015-05-25,2336,004282,NORTH,1,5,7,3801,0,0,0,,0,5CAR,"POLK ST","BROADWAY ST",0.00,,Y,A,-,N,,,,,,,,,,N,3,0,1,2,A,-,10,21950,A,N,G,B,B,A,H,-,C,A,0,Y,,,,Y,,A,01,0,1,0,0,1,0,0,0,0,"- ","- ",,,"SAN FRANCISCO","SAN FRANCISCO",-122.42175989,37.795939959999998
7033332,2015,2015-09-09,3801,2015-02-26,0640,1593,MISSI,4,5,7,3801,0,0,0,,0,901,"MISSION ST","14TH ST",0.00,,Y,A,-,N,,,,,,,,,,N,4,0,1,2,A,-,21,22106,,N,C,C,A,A,H,-,A,A,0,,,,,Y,,A,01,0,0,1,0,0,0,0,0,0,"- ","- ",,,"SAN FRANCISCO","SAN FRANCISCO",-122.41996989,37.768289969999998
7033340,2015,2016-10-13,3801,2015-02-26,1045,004282,NORTH,4,5,7,3801,0,0,0,,0,4CAR,"VAN NESS AV","WASHINGTON ST",0.00,,Y,A,-,Y,SF,4,101,-,-,6.140,H,-,S,Y,4,0,1,2,A,-,03,22350,,N,B,C,A,A,H,-,A,A,0,,,,,Y,,A,01,0,0,1,0,0,0,0,0,0,"- ","- ",,,"SAN FRANCISCO","SAN FRANCISCO",-122.42302196999999,37.793220779999999
7033425,2015,2015-08-21,3801,2015-05-23,0218,4347,TARAV,6,5,7,3801,0,0,0,,0,948,"19TH AV","PACHECO ST",0.00,,Y,F,-,N,,,,,,,,,,Y,4,0,1,2,A,-,11,21453,D,N,G,B,D,D,H,-,C,A,0,Y,,,,Y,Y,N,60,0,0,1,0,1,0,0,0,0,"- ","- ",,,"SAN FRANCISCO","SAN FRANCISCO",-122.47617997,37.75050993
7033754,2015,2015-09-01,3801,2015-01-21,1034,1849,INGLE,3,5,7,3801,0,0,0,,0,3H14C,"GENEVA AV","STONERIDGE LN",40.00,E,N,A,-,N,,,,,,,,,,Y,4,0,1,3,A,-,03,22350,,N,C,C,A,A,H,-,A,D,0,,,,,Y,,A,01,0,0,1,0,0,0,0,0,0,"- ","- ",,,"SAN FRANCISCO","SAN FRANCISCO",-122.42603128,37.710919769999997
7033755,2015,2015-09-01,3801,2015-01-25,1627,2169,SOUTH,7,5,7,3801,0,0,0,,0,3B15D,"NEW MONTGOMERY ST","MINNA ST",0.00,,Y,A,-,N,,,,,,,,,,N,4,0,1,2,A,-,10,21954,B,F,G,B,E,A,H,-,A,D,0,Y,,,,Y,,D,22,0,0,1,0,1,0,0,0,0,"- ","- ",,,"SAN FRANCISCO","SAN FRANCISCO",-122.39998996,37.787029889999999
7033758,2015,2015-09-01,3801,2015-01-27,1926,1184,,2,5,7,3801,0,0,0,,0,,"ORTEGA ST","41ST AV",0.00,,Y,A,-,N,,,,,,,,,,N,3,0,1,2,A,-,10,21950,A,N,G,B,B,A,H,-,C,A,0,Y,,,,Y,Y,D,22,0,1,0,0,1,0,0,0,0,"- ","- ",,,"SAN FRANCISCO","SAN FRANCISCO",-122.49990998,37.75133993