CASE_ID,ACCIDENT_YEAR,PROC_DATE,JURIS,COLLISION_DATE,COLLISION_TIME,OFFICER_ID,REPORTING_DISTRICT,DAY_OF_WEEK,CHP_SHIFT,POPULATION,CNTY_CITY_LOC,SPECIAL_COND,BEAT_TYPE,CHP_BEAT_TYPE,CITY_DIVISION_LAPD,CHP_BEAT_CLASS,BEAT_NUMBER,PRIMARY_RD,SECONDARY_RD,DISTANCE,DIRECTION,INTERSECTION,WEATHER_1,WEATHER_2,STATE_HWY_IND,CALTRANS_COUNTY,CALTRANS_DISTRICT,STATE_ROUTE,ROUTE_SUFFIX,POSTMILE_PREFIX,POSTMILE,LOCATION_TYPE,RAMP_INTERSECTION,SIDE_OF_HWY,TOW_AWAY,COLLISION_SEVERITY,NUMBER_KILLED,NUMBER_INJURED,PARTY_COUNT,PRIMARY_COLL_FACTOR,PCF_CODE_OF_VIOL,PCF_VIOL_CATEGORY,PCF_VIOLATION,PCF_VIOL_SUBSECTION,HIT_AND_RUN,TYPE_OF_COLLISION,MVIW,PED_ACTION,ROAD_SURFACE,ROAD_COND_1,ROAD_COND_2,LIGHTING,CONTROL_DEVICE,CHP_ROAD_TYPE,PEDESTRIAN_ACCIDENT,BICYCLE_ACCIDENT,MOTORCYCLE_ACCIDENT,TRUCK_ACCIDENT,NOT_PRIVATE_PROPERTY,ALCOHOL_INVOLVED,STWD_VEHTYPE_AT_FAULT,CHP_VEHTYPE_AT_FAULT,COUNT_SEVERE_INJ,COUNT_VISIBLE_INJ,COUNT_COMPLAINT_PAIN,COUNT_PED_KILLED,COUNT_PED_INJURED,COUNT_BICYCLIST_KILLED,COUNT_BICYCLIST_INJURED,COUNT_MC_KILLED,COUNT_MC_INJURED,PRIMARY_RAMP,SECONDARY_RAMP,LATITUDE,LONGITUDE,COUNTY,CITY,POINT_X,POINT_Y
7190007,2016,2016-02-19,3801,2016-01-16,1300,2260,NORTH,6,5,7,3801,0,0,0,,0,4CAR,"POST ST","DIVISADERO ST",8.00,E,N,A,-,N,,,,,,,,,,Y,1,1,0,2,A,-,10,21950,A,N,G,B,B,A,H,-,A,A,0,Y,,,,Y,,I,10,0,0,0,1,0,0,0,0,0,"- ","- ",,,"SAN FRANCISCO","SAN FRANCISCO",-122.43964268000001,37.784313599999997
7190008,2016,2018-09-24,3801,2016-01-29,1834,,INGLE,5,5,7,3801,0,0,0,,0,4B3C,"30TH ST","DOLORES ST",18.00,W,N,C,-,N,,,,,,,,,,N,1,1,0,2,A,-,11,21456,B,N,G,B,B,B,H,-,C,A,0,Y,,,,Y,Y,N,60,0,0,0,1,0,0,0,0,0,"- ","- ",37.742370000000001,-122.42440999999999,"SAN FRANCISCO","SAN FRANCISCO",-122.42438212,37.742216599999999
7190475,2016,2016-10-11,3801,2016-09-25,2331,4143,1380,7,5,7,3801,0,0,0,,0,001,"W FIELD RD","W CARGO RD",378.00,W,N,A,-,N,,,,,,,,,,N,1,1,0,2,A,-,11,21955,,N,G,B,D,A,E,-,C,D,0,Y,,,,Y,,N,60,0,0,0,1,0,0,0,0,0,"- ","- ",,,"SAN FRANCISCO","SAN FRANCISCO",,
7193242,2016,2016-04-13,3801,2016-03-25,1941,4254,MISSI,5,5,7,3801,0,0,0,,0,3D13D,"23RD ST","SHOTWELL ST",62.00,E,N,-,-,N,,,,,,,,,,Y,2,0,1,4,A,-,00,20001,A,F,-,B,E,A,H,-,B,D,0,Y,,,,Y,,A,07,1,0,0,0,1,0,0,0,0,"- ","- ",,,"SAN FRANCISCO","SAN FRANCISCO",-122.41511619000001,37.754063860000002
7193246,2016,2016-04-13,3801,2016-03-23,1710,466,MISSI,3,5,7,3801,0,0,0,,0,006,"FOLSOM ST","17TH ST",0.00,,Y,A,-,N,,,,,,,,,,N,4,0,1,2,A,-,09,21804,A,F,D,C,A,A,H,-,A,D,0,,,Y,,Y,,A,01,0,0,1,0,0,0,0,0,1,"- ","- ",,,"SAN FRANCISCO","SAN FRANCISCO",-122.41514995999999,37.763689900000003
7202013,2016,2016-03-07,3801,2016-02-01,1140,001114,BAYVI,1,5,7,3801,0,0,0,,0,3C62,"IOWA ST","22ND ST",0.00,,Y,A,-,N,,,,,,,,,,N,3,0,1,1,C,-,18,,,N,-,-,A,A,H,-,A,D,0,,,Y,,Y,,-,"- ",0,1,0,0,0,0,0,0,1,"- ","- ",,,"SAN FRANCISCO","SAN FRANCISCO",-122.39236989,37.757699930000001
7202016,2016,2016-03-11,3801,2016-02-17,1100,864,J,3,5,7,3801,0,0,0,,0,334,"JONES ST","EDDY ST",0.00,,Y,-,-,N,,,,,,,,,,N,4,0,1,2,A,-,10,21950,A,N,-,-,-,-,-,-,-,-,0,Y,,,,Y,,A,01,0,0,1,0,1,0,0,0,0,"- ","- ",,,"SAN FRANCISCO","SAN FRANCISCO",-122.41258998000001,37.78393999
7202023,2016,2016-03-07,3801,2016-02-25,1658,979,INGLE,4,5,7,3801,0,0,0,,0,3H13C,"BADEN ST","CIRCULAR AV",0.00,,Y,A,-,N,,,,,,,,,,Y,2,0,2,1,D,-,00,,,N,E,I,A,A,H,-,A,A,0,,,,,Y,Y,-,"- ",2,0,0,0,0,0,0,0,0,"- ","- ",,,"SAN FRANCISCO","SAN FRANCISCO",-122.43969993,37.730299969999997
7202031,2016,2016-03-07,3801,2016-02-22,1230,2310,NORTH,1,5,7,3801,0,0,0,,0,3E13C,"POLK ST","GEARY ST",8.00,S,N,A,-,N,,,,,,,,,,N,3,0,1,2,A,-,17,21209,A,M,D,G,A,A,H,-,A,A,0,,Y,,,Y,,A,01,0,1,0,0,0,0,1,0,0,"- ","- ",,,"SAN FRANCISCO","SAN FRANCISCO",-122.41973539,37.785878330000003
7202038,2016,2016-03-07,3801,2016-02-17,2056,001933,TARAV,3,5,7,3801,0,0,0,,0,3I11D,"19TH AV","JUDAH ST",0.00,,Y,C,-,N,,,,,,,,,,N,3,0,1,2,A,-,11,21954,A,N,G,-,E,C,H,-,C,A,0,Y,,,,Y,Y,N,60,0,1,0,0,1,0,0,0,0,"- ","- ",,,"SAN FRANCISCO","SAN FRANCISCO",-122.47702998,37.76169994
7202042,2016,2016-03-07,3801,2016-02-19,0714,606,CENTR,5,5,7,3801,0,0,0,,0,3A4,"BATTERY ST","GREEN ST",0.00,,Y,A,-,N,,,,,,,,,,N,3,0,1,2,A,-,10,21950,A,N,G,B,B,A,H,-,A,A,0,Y,,,,Y,,A,01,0,1,0,0,1,0,0,0,0,"- ","- ",,,"SAN FRANCISCO","SAN FRANCISCO",-122.40140997,37.800459930000002
7202045,2016,2016-04-22,3801,2016-02-02,2203,837,CENTR,2,5,7,3801,0,0,0,,0,3A153,"FRONT ST","CALIFORNIA ST",15.00,S,N,A,-,N,,,,,,,,,,N,4,0,1,2,A,-,10,21950,A,N,G,B,B,A,H,-,C,A,0,Y,,,,Y,,A,01,0,0,1,0,1,0,0,0,0,"- ","- ",,,"SAN FRANCISCO","SAN FRANCISCO",-122.3988117,37.793329319999998
7202049,2016,2016-03-07,3801,2016-02-01,0914,1944,INGLE,1,5,7,3801,0,0,0,,0,005,"WINDING WY","DRAKE ST",0.00,,Y,A,-,N,,,,,,,,,,Y,4,0,1,4,A,-,12,22450,A,N,D,C,A,A,H,-,A,A,0,,,,,Y,,A,01,0,0,1,0,0,0,0,0,0,"- ","- ",,,"SAN FRANCISCO","SAN FRANCISCO",-122.43600986,37.709299899999998
7202057,2016,2016-03-07,3801,2016-02-01,1055,976,NORTH,1,5,7,3801,0,0,0,,0,3E16A,"EDDY ST","VAN NESS AV",0.00,,Y,A,-,N,,,,,,,,,,N,4,0,1,2,A,-,10,21950,A,N,G,B,B,A,H,-,A,A,0,Y,,,,Y,,A,,0,0,1,0,1,0,0,0,0,"- ","- ",,,"SAN FRANCISCO","SAN FRANCISCO",-122.42089998,37.782869980000001
7202059,2016,2016-03-07,3801,2016-02-13,1624,4372,RICHM,6,5,7,3801,0,0,0,,0,"3 CAR","BALBOA ST","6TH AV",150.00,S,N,A,-,N,,,,,,,,,,N,4,0,1,2,A,-,21,22106,,N,B,C,A,A,H,-,A,A,0,,,,,Y,,A,01,0,0,1,0,0,0,0,0,0,"- ","- ",,,"SAN FRANCISCO","SAN FRANCISCO",-122.46402999999999,37.77722
7202060,2016,2016-03-07,3801,2016-02-21,0638,133,CENTR,7,5,7,3801,0,0,0,,0,3A14A,"LARKIN ST","POST ST",0.00,,Y,A,-,N,,,,,,,,,,N,4,0,2,4,A,-,07,21658,A,N,F,C,F,A,D,-,A,A,0,Y,,,,Y,Y,A,07,0,0,2,0,1,0,0,0,0,"- ","- ",,,"SAN FRANCISCO","SAN FRANCISCO",-122.41826994,37.787039900000003
7202076,2016,2016-03-07,3801,2016-02-04,1505,1216,BAYVI,4,5,7,3801,0,0,0,,0,3C14C,"SAN BRUNO AV","SILVER AV",150.00,S,N,A,-,N,,,,,,,,,,N,3,0,1,2,A,-,11,21955,,F,G,B,E,A,H,-,A,A,0,Y,,,,Y,,N,60,0,1,0,0,1,0,0,0,0,"- ","- ",,,"SAN FRANCISCO","SAN FRANCISCO",-122.40545873000001,37.732058340000002
7202098,2016,2016-03-07,3801,2016-02-17,2100,4373,,3,5,7,3801,0,0,0,,0,,"SAN BRUNO AV","ALEMANY BL",0.00,,Y,A,-,N,,,,,,,,,,N,3,0,1,2,A,-,11,21456,B,N,G,B,D,A,H,-,C,A,0,Y,,,,Y,,N,60,0,1,0,0,1,0,0,0,0,"- ","- ",,,"SAN FRANCISCO","SAN FRANCISCO",-122.40816993999999,37.735880000000002
7202099,2016,2016-03-07,3801,2016-02-08,1335,4307,MISSI,1,5,7,3801,0,0,0,,0,3D3C,"BRYANT ST","22ND ST",0.00,,Y,A,-,N,,,,,,,,,,N,4,0,1,2,A,-,06,21750,,N,D,C,A,A,H,-,A,A,0,,,Y,,Y,,C,02,0,0,1,0,0,0,0,0,1,"- ","- ",,,"SAN FRANCISCO","SAN FRANCISCO",-122.40946986,37.755989960000001
7202102,2016,2016-03-07,3801,2016-02-24,0020,4262,MISSI,3,5,7,3801,0,0,0,,0,3D3,"20TH ST","TREAT WY",0.00,,Y,A,-,N,,,,,,,,,,Y,3,0,1,3,A,-,03,22350,,N,B,E,A,A,H,-,C,D,0,,,,,Y,,A,01,0,1,0,0,0,0,0,0,0,"- ","- ",,,"SAN FRANCISCO","SAN FRANCISCO",-122.41358993,37.758949940000001
7202117,2016,2016-04-22,3801,2016-02-22,1751,679,TARAV,1,5,7,3801,0,0,0,,0,0I5,"WINSTON DR","BUCKINGHAM WY",100.00,W,N,A,-,N,,,,,,,,,,N,4,0,1,2,A,-,09,21801,A,N,B,C,A,A,H,-,C,D,0,,,,,Y,,M,97,0,0,1,0,0,0,0,0,0,"- ","- ",,,"SAN FRANCISCO","SAN FRANCISCO",-122.47892819,37.728396580000002
7202162,2016,2016-08-24,3801,2016-02-16,1600,002371,CENTR,2,5,7,3801,0,0,0,,0,3A36B,"BATTERY ST","FILBERT ST",10.00,N,N,A,-,N,,,,,,,,,,Y,4,0,2,3,A,-,03,22350,,F,B,C,A,A,H,-,A,A,0,,,,,Y,,A,01,0,0,2,0,0,0,0,0,0,"- ","- ",,,"SAN FRANCISCO","SAN FRANCISCO",-122.40179500000001,37.802357180000001
7202174,2016,2016-03-08,3801,2016-02-14,1702,002339,PARK,7,5,7,3801,0,0,0,,0,3F14D,"LINCOLN AV","3RD AV",0.00,,Y,A,-,N,,,,,,,,,,N,4,0,1,1,A,-,03,22350,,N,E,I,A,A,H,-,A,D,0,,,Y,,Y,,C,03,0,0,1,0,0,0,0,0,1,"- ","- ",,,"SAN FRANCISCO","SAN FRANCISCO",-122.45992987,37.766169929999997
7202175,2016,2016-03-07,3801,2016-02-24,1130,001588,CENTR,3,5,7,3801,0,0,0,,0,3A14A,"BROADWAY ST","POWELL ST",75.00,W,N,A,-,N,,,,,,,,,,N,4,0,1,2,A,-,07,21658,A,F,B,C,A,A,H,-,A,A,0,,,Y,,Y,,A,07,0,0,1,0,0,0,0,0,1,"- ","- ",,,"SAN FRANCISCO","SAN FRANCISCO",-122.4104949,37.797370780000001
7202185,2016,2016-03-08,3801,2016-02-12,0949,2093,TENDE,5,5,7,3801,0,0,0,,0,3J13A,"4TH ST","JESSIE ST",66.00,N,N,A,-,N,,,,,,,,,,N,4,0,1,2,A,-,17,22517,,N,-,G,A,A,H,-,A,D,0,,Y,,,Y,,A,01,0,0,1,0,0,0,1,0,0,"- ","- ",,,"SAN FRANCISCO","SAN FRANCISCO",-122.40492755,37.785071299999998
7202191,2016,2016-03-07,3801,2016-02-18,0900,515,3A40C,4,5,7,3801,0,0,0,,0,3A40C,BEACH,MASON,0.00,,Y,A,B,N,,,,,,,,,,N,4,0,1,2,A,-,10,21950,A,N,A,B,B,B,H,-,A,A,0,Y,,,,Y,,-,,0,0,1,0,1,0,0,0,0,"- ","- ",,,"SAN FRANCISCO","SAN FRANCISCO",-122.4139799,37.807490000000001
7202205,2016,2016-03-07,3801,2016-02-11,1306,956,NORTH,4,5,7,3801,0,0,0,,0,3E61,"VAN NESS AV","BROADWAY ST",72.00,S,N,A,-,N,,,,,,,,,,Y,4,0,1,3,A,-,03,22350,,N,B,C,A,A,H,-,A,D,0,,,,,Y,,A,01,0,0,1,0,0,0,0,0,0,"- ","- ",,,"SAN FRANCISCO","SAN FRANCISCO",-122.42346309,37.79553439
7202214,2016,2016-03-07,3801,2016-02-19,1426,207,NORTH,5,5,7,3801,0,0,0,,0,3E12C,WEBSTER,"GOLDEN GATE AV",0.00,,Y,C,-,N,,,,,,,,,,N,3,0,1,2,A,-,10,21950,A,N,G,B,B,B,H,-,A,A,0,Y,,,,Y,,A,01,0,1,0,0,1,0,0,0,0,"- ","- ",,,"SAN FRANCISCO","SAN FRANCISCO",-122.43029989999999,37.779759949999999
7202221,2016,2016-03-07,3801,2016-02-18,1752,000737,CENTR,4,5,7,3801,0,0,0,,0,3A13D,"BAY ST","JONES ST",0.00,,Y,A,-,N,,,,,,,,,,N,4,0,2,2,A,-,07,21658,A,N,-,C,A,A,H,-,C,A,0,,,Y,,Y,,A,01,0,0,2,0,0,0,0,0,2,"- ","- ",,,"SAN FRANCISCO","SAN FRANCISCO",-122.41689989,37.805219950000001
7202231,2016,2016-03-07,3801,2016-02-02,1412,004359,MISSI,2,5,7,3801,0,0,0,,0,,"16TH ST","BRYANT ST",0.00,,Y,A,-,N,,,,,,,,,,Y,4,0,1,3,A,-,09,21806,A,N,D,C,A,A,H,-,A,A,0,,,,,Y,,-,,0,0,1,0,0,0,0,0,0,"- ","- ",,,"SAN FRANCISCO","SAN FRANCISCO",-122.41051998,37.765589970000001
7202233,2016,2016-03-07,3801,2016-02-17,1117,979,INGLE,3,5,7,3801,0,0,0,,0,3H15C,"ALEMANY BL","TINGLEY ST",26.00,W,N,B,G,N,,,,,,,,,,N,4,0,1,2,A,-,09,21801,A,N,D,C,A,A,H,-,A,A,0,,,Y,,Y,,A,01,0,0,1,0,0,0,0,0,1,"- ","- ",,,"SAN FRANCISCO","SAN FRANCISCO",-122.43407209,37.72930178
7202286,2016,2016-03-08,3801,2016-01-31,1943,2369,,7,5,7,3801,0,0,0,,0,0B5,"TOWNSEND ST","4TH ST",298.00,W,N,A,-,N,,,,,,,,,,N,4,0,1,2,A,-,09,21801,A,N,H,A,A,A,H,-,C,D,0,,,Y,,Y,,A,01,0,0,1,0,0,0,0,0,1,"- ","- ",,,"SAN FRANCISCO","SAN FRANCISCO",-122.39572003000001,37.776531720000001
7202296,2015,2017-01-13,3801,2015-09-08,0808,000251,RICHM,2,5,7,3801,0,0,0,,0,3G61,"PARK PRESIDIO BL","CROSSOVER DR",0.00,,Y,A,-,Y,SF,4,1,-,-,4.490,I,5,N,Y,4,0,2,4,A,-,08,22107,,N,C,C,A,A,H,-,A,A,0,,,,,Y,,A,07,0,0,2,0,0,0,0,0,0,"- ","- ",,,"SAN FRANCISCO","SAN FRANCISCO",-122.47936009,37.771157090000003
7202304,2016,2017-02-11,3801,2016-01-23,1130,1609,NORTH,6,5,7,3801,0,0,0,,0,3E13A,"VAN NESS","POST ST",6.00,N,N,B,-,Y,SF,4,101,-,-,5.670,I,5,N,N,2,0,2,3,A,-,12,21453,A,N,G,B,B,A,H,-,A,A,0,Y,,,,Y,,-,,1,1,0,0,2,0,0,0,0,"- ","- ",,,"SAN FRANCISCO","SAN FRANCISCO",-122.42148206,37.786642739999998
7202307,2016,2016-03-09,3801,2016-02-07,2043,2214,NORTH,7,5,7,3801,0,0,0,,0,3E12D,"FRANKLIN ST","POST ST",90.00,S,N,A,-,N,,,,,,,,,,N,4,0,1,2,A,-,03,22350,,N,C,C,A,A,H,-,C,A,0,,,,,Y,,A,01,0,0,1,0,0,0,0,0,0,"- ","- ",,,"SAN FRANCISCO","SAN FRANCISCO",-122.4231522,37.78615568
7202531,2014,2016-03-14,3801,2014-12-26,0150,004301,NORHT,5,5,7,3801,0,0,0,,0,3E11E,"FELL ST","FILLMORE ST",0.00,,Y,A,-,N,,,,,,,,,,Y,4,0,1,2,A,-,12,21453,A,N,D,C,A,A,H,-,C,A,0,,,,,Y,,-,"- ",0,0,1,0,0,0,0,0,0,"- ","- ",,,"SAN FRANCISCO","SAN FRANCISCO",-122.43099999,37.77488992
7202555,2014,2016-03-11,3801,2014-02-05,1013,001857,MISSI,3,5,7,3801,0,0,0,,0,3D13A,"18TH ST","GUERRERO ST",0.00,,Y,A,-,N,,,,,,,,,,N,4,0,1,2,A,-,03,22350,,N,C,-,A,A,H,-,A,A,0,,,,,Y,,A,07,0,0,1,0,0,0,0,0,0,"- ","- ",,,"SAN FRANCISCO","SAN FRANCISCO",-122.42379996,37.761579930000003
7203041,2016,2016-03-07,3801,2016-02-11,1530,004372,RICHM,4,5,7,3801,0,0,0,,0,3CAR,"CALIFORNIA ST","7TH AV",0.00,,Y,A,-,N,,,,,,,,,,N,4,0,2,2,A,-,04,21703,,N,C,C,A,A,H,-,A,A,0,,,,,Y,,A,01,0,0,2,0,0,0,0,0,0,"- ","- ",,,"SAN FRANCISCO","SAN FRANCISCO",-122.4656399,37.784859900000001
7203048,2016,2016-03-07,3801,2016-02-29,1736,000738,NORTH,1,5,7,3801,0,0,0,,0,3E15D,"VALLEJO ST","OCTAVIA ST",0.00,,Y,A,-,N,,,,,,,,,,N,3,0,1,2,C,-,18,,,N,D,B,A,A,H,-,A,A,0,,,,,Y,,-,"- ",0,1,0,0,0,0,0,0,0,"- ","- ",,,"SAN FRANCISCO","SAN FRANCISCO",-122.42851991000001,37.796069930000002
7203061,2016,2016-03-07,3801,2016-02-10,2240,2112,"CO E",3,5,7,3801,0,0,0,,0,3E13E,"TURK ST","VAN NESS AV",35.00,E,N,A,-,N,,,,,,,,,,Y,4,0,1,1,A,-,05,21651,B,N,E,I,A,A,H,-,C,A,0,,,,,Y,,A,01,0,0,1,0,0,0,0,0,0,"- ","- ",,,"SAN FRANCISCO","SAN FRANCISCO",-122.42057952,37.781940069999997
7203066,2016,2016-03-07,3801,2016-02-02,1130,2102,INGLE,2,5,7,3801,0,0,0,,0,3H13C,"PORTOLA DR","EVELYN AV",0.00,,Y,A,-,N,,,,,,,,,,Y,4,0,2,2,A,-,12,21453,A,N,D,C,A,A,H,-,A,A,0,,,,,Y,,A,07,0,0,2,0,0,0,0,0,0,"- ","- ",,,"SAN FRANCISCO","SAN FRANCISCO",-122.45427989,37.744039970000003
7203074,2016,2016-03-07,3801,2016-02-02,2030,1993,NORTH,2,5,7,3801,0,0,0,,0,3E13D,"FILLMORE ST","FULTON ST",0.00,,Y,A,-,N,,,,,,,,,,Y,2,0,2,2,A,-,09,21801,A,N,D,C,A,A,H,-,C,A,0,,,Y,,Y,,A,01,1,0,1,0,0,0,0,0,1,"- ","- ",,,"SAN FRANCISCO","SAN FRANCISCO",-122.43155991,37.777689979999998
7203076,2016,2016-03-07,3801,2016-02-04,0949,2375,RICHM,4,5,7,3801,0,0,0,,0,3G60,"GEARY BL","44TH AV",90.00,E,N,A,-,N,,,,,,,,,,Y,4,0,1,2,A,-,21,22106,,N,B,C,A,A,H,-,A,D,0,,,,,Y,,A,01,0,0,1,0,0,0,0,0,0,"- ","- ",,,"SAN FRANCISCO","SAN FRANCISCO",-122.50473897000001,37.779173720000003
7203089,2016,2016-03-07,3801,2016-02-05,1832,004291,TARAV,5,5,7,3801,0,0,0,,0,3I15D,"ALEMANY BL","CRYSTAL ST",124.00,W,N,A,-,N,,,,,,,,,,N,4,0,1,3,A,-,03,22350,,N,C,C,A,A,H,-,C,A,0,,,,,Y,,A,01,0,0,1,0,0,0,0,0,0,"- ","- ",,,"SAN FRANCISCO","SAN FRANCISCO",-122.46084499,37.710461049999999
7203099,2016,2016-03-07,3801,2016-02-07,1150,2375,RICHM,7,5,7,3801,0,0,0,,0,3G60,"GREAT HWY","BALBOA ST",0.00,,Y,A,-,N,,,,,,,,,,N,4,0,1,2,A,-,12,22450,A,M,D,C,A,A,H,-,A,D,0,,,,,Y,Y,A,01,0,0,1,0,0,0,0,0,0,"- ","- ",,,"SAN FRANCISCO","SAN FRANCISCO",-122.51128997000001,37.775079920000003
7203117,2016,2016-03-07,3801,2016-02-07,1620,2369,SOUHT,7,5,7,3801,0,0,0,,0,002,"FOLSOM ST","6TH ST",0.00,,Y,A,-,N,,,,,,,,,,N,4,0,1,2,A,-,08,22100,B,N,B,C,A,A,H,-,A,A,0,,,Y,,Y,,A,01,0,0,1,0,0,0,0,0,1,"- ","- ",,,"SAN FRANCISCO","SAN FRANCISCO",-122.40559986,37.778500000000001
8008457,2016,2016-05-26,3801,2016-04-08,1721,1994,INGLE,5,5,7,3801,0,0,0,,0,4B3B,"ALEMANY BL","JUSTIN DR",0.00,,Y,B,-,N,,,,,,,,,,Y,3,0,3,2,A,-,09,21806,A,N,D,C,A,B,H,-,A,A,0,,,,,Y,,A,01,0,1,2,0,0,0,0,0,0,"- ","- ",37.731299999999997,-122.42624000000001,"SAN FRANCISCO","SAN FRANCISCO",-122.42595992,37.73179992
8008844,2017,2017-07-20,3801,2017-06-02,2055,1427,TENDE,5,5,7,3801,0,0,0,,0,14D,"LEAVENWORTH ST","TURK ST",20.00,N,N,A,-,N,,,,,,,,,,N,2,0,1,2,A,-,11,21954,A,F,G,B,E,A,H,-,C,D,0,Y,,,,Y,,N,60,1,0,0,0,1,0,0,0,0,"- ","- ",,,"SAN FRANCISCO","SAN FRANCISCO",-122.41405165,37.782854159999999
8008876,2017,2018-03-19,3801,2017-06-14,2212,1601,PARK,3,5,7,3801,0,0,0,,0,3F13E,"FULTON ST","CENTRAL AV",0.00,,Y,A,-,N,,,,,,,,,,Y,4,0,1,6,A,-,12,21453,A,F,D,C,A,A,H,-,C,A,0,,,,,Y,,A,01,0,0,1,0,0,0,0,0,0,"- ","- ",,,"SAN FRANCISCO","SAN FRANCISCO",-122.44478998,37.775999929999998
8008878,2017,2017-07-19,3801,2017-06-12,0820,1430,MISSI,1,5,7,3801,0,0,0,,0,3D16D,"SACRAMENTO ST","MONTGOMERY ST",1.00,E,N,-,-,N,,,,,,,,,,N,4,0,1,2,A,-,00,20001,A,F,D,G,A,A,H,-,A,D,0,,Y,,,Y,,A,07,0,0,1,0,0,0,1,0,0,"- ","- ",,,"SAN FRANCISCO","SAN FRANCISCO",-122.40293659,37.793790450000003
8008915,2016,2016-06-08,3801,2016-05-26,0051,1427,,4,5,7,3801,0,0,0,,0,3J14E,"ELLIS ST","VAN NESS AV",0.00,,Y,A,-,N,,,,,,,,,,Y,3,0,1,2,A,-,00,23103,A,N,D,C,A,A,H,-,C,A,0,,,,,Y,,A,01,0,1,0,0,0,0,0,0,0,"- ","- ",,,"SAN FRANCISCO","SAN FRANCISCO",-122.42106991,37.783819919999999
8014269,2016,2016-04-21,3801,2016-03-01,0800,518,INGLE,2,5,7,3801,0,0,0,,0,4B6H,"ALEMANY BL",TRUMBULL,687.00,N,N,A,-,N,,,,,,,,,,N,4,0,1,2,A,-,03,22350,,N,C,C,A,A,H,-,A,D,0,,,Y,,Y,,C,02,0,0,1,0,0,0,0,0,1,"- ","- ",,,"SAN FRANCISCO","SAN FRANCISCO",,
8015237,2016,2016-04-14,3801,2016-03-19,1704,002449,COB,6,5,7,3801,0,0,0,,0,003,"BRYANT ST","8TH ST",50.00,E,N,A,-,N,,,,,,,,,,N,4,0,1,2,A,-,08,22107,,N,B,C,A,A,H,-,A,D,0,,,,,Y,,A,01,0,0,1,0,0,0,0,0,0,"- ","- ",,,"SAN FRANCISCO","SAN FRANCISCO",-122.40685137,37.772601880000003
8015238,2016,2016-04-14,3801,2016-03-31,1612,2423,CENTR,4,5,7,3801,0,0,0,,0,3A14D,"FRANCISCO ST","POWELL ST",0.00,,Y,A,-,N,,,,,,,,,,N,4,0,1,2,A,-,03,22350,,N,D,C,A,A,H,-,A,A,0,,,,,Y,,A,01,0,0,1,0,0,0,0,0,0,"- ","- ",,,"SAN FRANCISCO","SAN FRANCISCO",-122.41176986000001,37.80489996
8016094,2016,2016-04-18,3801,2016-03-05,2235,4274,RICHM,6,5,7,3801,0,0,0,,0,3G13E,"MARTIN LUTHER KING JR DR","SUNSET BL",0.00,,Y,C,-,N,,,,,,,,,,Y,4,0,1,2,A,-,12,22450,A,F,D,C,A,B,-,-,C,A,0,,,,,Y,,A,01,0,0,1,0,0,0,0,0,0,"- ","- ",,,"SAN FRANCISCO","SAN FRANCISCO",-122.49621993,37.765439929999999
8016117,2016,2016-04-20,3801,2016-02-23,1130,2260,NORTH,2,5,7,3801,0,0,0,,0,1CAR,"OAK ST","BUCHANAN ST",0.00,,Y,A,-,N,,,,,,,,,,Y,3,0,1,2,A,-,12,21453,A,N,D,C,A,A,H,-,A,A,0,,,,,Y,,A,07,0,1,0,0,0,0,0,0,0,"- ","- ",,,"SAN FRANCISCO","SAN FRANCISCO",-122.42753998000001,37.774399889999998
8016396,2016,2016-04-13,3801,2016-03-02,1421,1108,SOUTH,3,5,7,3801,0,0,0,,0,5CAR,"KING ST","2ND ST",0.00,,Y,A,-,N,,,,,,,,,,N,4,0,1,2,A,-,11,21456,B,N,G,B,B,A,H,-,A,A,0,Y,,,,Y,,N,60,0,0,1,0,1,0,0,0,0,"- ","- ",,,"SAN FRANCISCO","SAN FRANCISCO",-122.3897,37.779959959999999
8016492,2016,2016-04-13,3801,2016-03-16,0801,2375,RICHO,3,5,7,3801,0,0,0,,0,3G60,"TURK ST","ARGUELLO BL",8.00,E,N,A,-,N,,,,,,,,,,N,4,0,1,2,A,-,06,21750,,N,B,G,A,A,H,-,A,A,0,,Y,,,Y,,L,04,0,0,1,0,0,0,1,0,0,"- ","- ",,,"SAN FRANCISCO","SAN FRANCISCO",-122.45856231,37.777250000000002
8016496,2016,2016-04-13,3801,2016-03-15,1509,1312,MISSI,2,5,7,3801,0,0,0,,0,,"16TH ST","BRYANT ST",0.00,,Y,A,-,N,,,,,,,,,,N,4,0,1,2,A,-,08,22107,,N,D,C,A,A,H,-,A,A,0,,,Y,,Y,,A,01,0,0,1,0,0,0,0,0,1,"- ","- ",,,"SAN FRANCISCO","SAN FRANCISCO",-122.41051998,37.765589970000001
8019353,2015,2016-04-15,3801,2015-12-29,1244,1510,RICHM,2,5,7,3801,0,0,0,,0,3G14C,"FULTON ST","40TH AV",7.00,E,N,A,-,N,,,,,,,,,,N,3,0,1,2,A,-,10,21950,A,N,G,B,B,A,H,-,A,D,0,Y,,,,Y,,A,07,0,1,0,0,1,0,0,0,0,"- ","- ",,,"SAN FRANCISCO","SAN FRANCISCO",-122.50026583,37.771831310000003
8019445,2016,2016-08-24,3801,2016-03-19,2349,000707,TENDE,6,5,7,3801,0,0,0,,0,3J15E,"ELLIS ST","JONES ST",0.00,,Y,A,-,N,,,,,,,,,,N,4,0,1,2,A,-,09,21453,B,N,G,B,D,A,H,-,C,A,0,Y,,,,Y,,A,01,0,0,1,0,1,0,0,0,0,"- ","- ",,,"SAN FRANCISCO","SAN FRANCISCO",-122.41277993,37.78489999
8020049,2016,2016-04-18,3801,2016-03-22,0645,1917,TARAV,2,5,7,3801,0,0,0,,0,3116A,"SAN JOSE AV","GOETHE ST",0.00,,Y,A,-,N,,,,,,,,,,N,3,0,2,3,A,-,10,21950,A,N,G,B,B,A,H,-,C,A,0,Y,,,,Y,,D,22,0,2,0,0,2,0,0,0,0,"- ","- ",,,"SAN FRANCISCO","SAN FRANCISCO",-122.45884989,37.708439920000004