CASE_ID,ACCIDENT_YEAR,PROC_DATE,JURIS,COLLISION_DATE,COLLISION_TIME,OFFICER_ID,REPORTING_DISTRICT,DAY_OF_WEEK,CHP_SHIFT,POPULATION,CNTY_CITY_LOC,SPECIAL_COND,BEAT_TYPE,CHP_BEAT_TYPE,CITY_DIVISION_LAPD,CHP_BEAT_CLASS,BEAT_NUMBER,PRIMARY_RD,SECONDARY_RD,DISTANCE,DIRECTION,INTERSECTION,WEATHER_1,WEATHER_2,STATE_HWY_IND,CALTRANS_COUNTY,CALTRANS_DISTRICT,STATE_ROUTE,ROUTE_SUFFIX,POSTMILE_PREFIX,POSTMILE,LOCATION_TYPE,RAMP_INTERSECTION,SIDE_OF_HWY,TOW_AWAY,COLLISION_SEVERITY,NUMBER_KILLED,NUMBER_INJURED,PARTY_COUNT,PRIMARY_COLL_FACTOR,PCF_CODE_OF_VIOL,PCF_VIOL_CATEGORY,PCF_VIOLATION,PCF_VIOL_SUBSECTION,HIT_AND_RUN,TYPE_OF_COLLISION,MVIW,PED_ACTION,ROAD_SURFACE,ROAD_COND_1,ROAD_COND_2,LIGHTING,CONTROL_DEVICE,CHP_ROAD_TYPE,PEDESTRIAN_ACCIDENT,BICYCLE_ACCIDENT,MOTORCYCLE_ACCIDENT,TRUCK_ACCIDENT,NOT_PRIVATE_PROPERTY,ALCOHOL_INVOLVED,STWD_VEHTYPE_AT_FAULT,CHP_VEHTYPE_AT_FAULT,COUNT_SEVERE_INJ,COUNT_VISIBLE_INJ,COUNT_COMPLAINT_PAIN,COUNT_PED_KILLED,COUNT_PED_INJURED,COUNT_BICYCLIST_KILLED,COUNT_BICYCLIST_INJURED,COUNT_MC_KILLED,COUNT_MC_INJURED,PRIMARY_RAMP,SECONDARY_RAMP,LATITUDE,LONGITUDE,COUNTY,CITY,POINT_X,POINT_Y
8046725,2016,2016-05-19,3801,2016-04-08,1240,4372,RICHM,5,5,7,3801,0,0,0,,0,3CAR,"FULTON ST","3RD AV",40.00,E,N,A,-,N,,,,,,,,,,N,3,0,1,2,A,-,08,22107,,N,B,C,A,A,H,-,A,A,0,,,Y,,Y,,A,01,0,1,0,0,0,0,0,0,1,"- ","- ",,,"SAN FRANCISCO","SAN FRANCISCO",-122.46044334,37.774047549999999
8046753,2016,2016-05-19,3801,2016-04-07,0855,4284,,4,5,7,3801,0,0,0,,0,,"9TH ST","BRYANT ST",300.00,S,N,A,-,N,,,,,,,,,,N,4,0,1,3,A,-,04,21703,,N,C,C,A,A,H,-,A,A,0,,,,,Y,,A,07,0,0,1,0,0,0,0,0,0,"- ","- ",,,"SAN FRANCISCO","SAN FRANCISCO",-122.40779988,37.770704080000002
8046758,2016,2016-05-18,3801,2016-04-16,1530,2465,NORTH,6,5,7,3801,0,0,0,,0,3E14C,"GOUGH ST","FELL ST",0.00,,Y,A,-,N,,,,,,,,,,N,3,0,2,3,A,-,10,21950,A,N,G,B,B,A,H,-,A,A,0,Y,,,,Y,,A,07,0,1,1,0,2,0,0,0,0,"- ","- ",,,"SAN FRANCISCO","SAN FRANCISCO",-122.42277993,37.775939919999999
8046760,2016,2016-05-17,3801,2016-04-25,1741,0466,MISSI,1,5,7,3801,0,0,0,,0,001,"MARKET ST","SANCHEZ ST",0.00,,Y,A,-,N,,,,,,,,,,Y,4,0,3,2,A,-,09,21801,A,N,B,C,A,A,H,-,A,A,0,,,,,Y,,A,01,0,0,3,0,0,0,0,0,0,"- ","- ",,,"SAN FRANCISCO","SAN FRANCISCO",-122.43100990000001,37.765979909999999
8046766,2016,2016-05-18,3801,2016-04-25,1245,2475,NORTH,1,5,7,3801,0,0,0,,0,3E13C,"POLK ST",OFARRELL,25.00,N,N,A,-,N,,,,,,,,,,N,3,0,1,2,A,-,07,21658,A,N,B,G,A,A,H,-,A,A,0,,Y,,,Y,,A,01,0,1,0,0,0,0,1,0,0,"- ","- ",,,"SAN FRANCISCO","SAN FRANCISCO",-122.41956328000001,37.785037869999996
8046772,2016,2016-05-17,3801,2016-04-13,1115,4036,BAYVI,3,5,7,3801,0,0,0,,0,4B6C,"PALOU AV","CRISP RD",0.00,,Y,A,-,N,,,,,,,,,,Y,4,0,3,2,A,-,09,21801,A,N,D,C,A,A,H,-,A,D,0,,,,,Y,,A,01,0,0,3,0,0,0,0,0,0,"- ","- ",37.727910000000001,-122.38003999999999,"SAN FRANCISCO","SAN FRANCISCO",-122.37989985999999,37.727759990000003
8046791,2016,2016-05-18,3801,2016-04-29,0930,002283,,5,5,7,3801,0,0,0,,0,3H5A,"ALEMANY BL","ONONDAGA AV",0.00,,Y,A,-,N,,,,,,,,,,N,4,0,1,2,A,-,10,21950,A,N,G,B,B,A,H,-,A,A,0,Y,,,,Y,,A,01,0,0,1,0,1,0,0,0,0,"- ","- ",,,"SAN FRANCISCO","SAN FRANCISCO",-122.43870986,37.721649900000003
8046794,2016,2016-05-18,3801,2016-04-13,0827,1794,SOUTH,3,5,7,3801,0,0,0,,0,4B1F,"TOWNSEND ST","5TH ST",473.00,W,N,A,-,N,,,,,,,,,,Y,3,0,2,6,A,-,05,21651,A,N,B,C,A,A,H,-,A,D,0,,,,,Y,,A,01,0,1,1,0,0,0,0,0,0,"- ","- ",,,"SAN FRANCISCO","SAN FRANCISCO",-122.39839094,37.774433879999997
8046798,2016,2016-05-18,3801,2016-04-18,2318,001242,CENTR,1,5,7,3801,0,0,0,,0,3A60,"CLAY ST","MONTGOMERY ST",0.00,,Y,A,-,N,,,,,,,,,,N,4,0,1,2,A,-,10,21950,A,N,G,B,B,A,H,-,C,A,0,Y,,,,Y,,A,01,0,0,1,0,1,0,0,0,0,"- ","- ",,,"SAN FRANCISCO","SAN FRANCISCO",-122.40311989,37.79467992
8049474,2016,2016-06-09,3801,2016-05-10,0848,2441,NORTH,2,5,7,3801,0,0,0,,0,3E16A,"POLK ST","FILBERT ST",155.00,S,N,A,-,N,,,,,,,,,,N,3,0,1,2,A,-,17,22517,,N,H,G,A,A,H,-,A,D,0,,Y,,,Y,,D,22,0,1,0,0,0,0,1,0,0,"- ","- ",,,"SAN FRANCISCO","SAN FRANCISCO",-122.42242939,37.79927902
8049478,2016,2016-06-09,3801,2016-05-30,2055,445,INGLE,1,5,7,3801,0,0,0,,0,3H14E,"SAN JOSE AV","RANDALL ST",675.00,S,N,A,-,N,,,,,,,,,,N,4,0,1,4,A,-,16,24002,A,N,H,J,A,A,H,-,C,D,0,,,,,Y,,A,01,0,0,1,0,0,0,0,0,0,"- ","- ",,,"SAN FRANCISCO","SAN FRANCISCO",-122.42493557,37.738088490000003
8049541,2016,2016-06-09,3801,2016-05-13,0219,002038,F,5,5,7,3801,0,0,0,,0,3F4E,"CASTRO ST","MARKET ST",30.00,N,N,A,-,N,,,,,,,,,,Y,3,0,1,3,A,-,01,23152,A,M,C,E,A,A,H,-,C,D,0,,,,,Y,Y,A,01,0,1,0,0,0,0,0,0,0,"- ","- ",,,"SAN FRANCISCO","SAN FRANCISCO",-122.43517291000001,37.76272178
8049604,2016,2016-06-07,3801,2016-05-14,1630,004259,BAYVI,6,5,7,3801,0,0,0,,0,3C11D,"CARROLL AV","PHELPS ST",0.00,,Y,A,-,N,,,,,,,,,,N,4,0,1,3,A,-,04,21703,,N,C,C,A,A,H,-,A,A,0,,,,,Y,,A,01,0,0,1,0,0,0,0,0,0,"- ","- ",,,"SAN FRANCISCO","SAN FRANCISCO",-122.40085999999999,37.729189920000003
8049608,2016,2016-06-07,3801,2016-05-08,1005,777,TARAV,7,5,7,3801,0,0,0,,0,313A,"WEST PORTAL AV","15TH AV",108.00,S,N,B,-,N,,,,,,,,,,N,2,0,1,1,B,-,22,,,N,E,I,A,A,H,-,A,A,0,,Y,,,Y,,-,"- ",1,0,0,0,0,0,1,0,0,"- ","- ",,,"SAN FRANCISCO","SAN FRANCISCO",-122.47075651,37.73632851
8049640,2016,2016-06-07,3801,2016-05-04,1829,2205,TEND,3,5,7,3801,0,0,0,,0,3J11D,"9TH ST","MARKET ST",38.00,S,N,A,-,N,,,,,,,,,,N,4,0,1,2,C,-,18,,,F,-,G,A,A,H,-,A,A,0,,Y,,,Y,,-,"- ",0,0,1,0,0,0,1,0,0,"- ","- ",,,"SAN FRANCISCO","SAN FRANCISCO",-122.41623737,37.777425890000004
8049667,2016,2016-06-07,3801,2016-05-15,1049,002006,NORTH,7,5,7,3801,0,0,0,,0,0E4,"SACRAMENTO ST","GOUGH ST",219.00,W,N,A,-,N,,,,,,,,,,Y,4,0,1,4,A,-,03,22350,,N,D,C,A,A,H,-,A,D,0,,,,,Y,,A,01,0,0,1,0,0,0,0,0,0,"- ","- ",,,"SAN FRANCISCO","SAN FRANCISCO",-122.42653736,37.790779030000003
8049749,2016,2016-06-08,3801,2016-05-07,1405,1498,TARAV,6,5,7,3801,0,0,0,,0,314B,"GREAT HWY","VICENTE ST",3.00,S,N,B,-,N,,,,,,,,,,Y,4,0,1,2,A,-,03,22350,,F,C,C,A,B,H,-,A,A,0,,,,,Y,,A,01,0,0,1,0,0,0,0,0,0,"- ","- ",,,"SAN FRANCISCO","SAN FRANCISCO",-122.50645909000001,37.737951789999997
8049757,2016,2016-06-08,3801,2016-05-15,0005,2030,TARAV,7,5,7,3801,0,0,0,,0,004,"SANTA CLARA","ST FRANCIS",190.00,S,N,-,-,N,,,,,,,,,,Y,4,0,1,2,A,-,03,22350,,N,-,-,A,-,-,-,-,-,0,,,,,Y,,A,01,0,0,1,0,0,0,0,0,0,"- ","- ",,,"SAN FRANCISCO","SAN FRANCISCO",-122.46622164999999,37.73442893
8049769,2016,2016-06-07,3801,2016-04-28,1503,8,,4,5,7,3801,0,0,0,,0,,"BRUCE AV","EDGAR AV",54.00,E,N,B,-,N,,,,,,,,,,N,4,0,1,2,A,-,05,21650,,N,D,C,A,A,H,-,A,D,0,,,,,Y,,A,01,0,0,1,0,0,0,0,0,0,"- ","- ",,,"SAN FRANCISCO","SAN FRANCISCO",-122.45192326,37.722112119999998
8049885,2016,2016-06-07,3801,2016-05-06,1100,4196,,5,5,7,3801,0,0,0,,0,006,"BROADWAY ST","POLK ST",0.00,,Y,C,-,N,,,,,,,,,,N,4,0,1,2,A,-,10,21950,A,N,G,B,B,B,-,-,A,A,0,Y,,,,Y,,-,,0,0,1,0,1,0,0,0,0,"- ","- ",,,"SAN FRANCISCO","SAN FRANCISCO",-122.42175989,37.795939959999998
8052068,2016,2016-06-08,3801,2016-05-10,0415,2453,,2,5,7,3801,0,0,0,,0,3D15E,"FOLSOM ST","ENTERPRISE ST",26.00,S,N,B,-,N,,,,,,,,,,N,4,0,2,3,A,-,21,22106,,F,E,I,F,A,H,-,C,A,0,Y,,,,Y,,-,,0,0,2,0,2,0,0,0,0,"- ","- ",,,"SAN FRANCISCO","SAN FRANCISCO",-122.41523365,37.76462875
8052344,2016,2016-08-29,3801,2016-05-15,1745,001375,COI,7,5,7,3801,0,0,0,,0,3I13D,"GREAT HWY","SLOAT BL",740.00,S,N,G,-,N,,,,,,,,,,Y,2,0,1,2,A,-,04,21703,,N,E,C,A,A,B,G,A,D,0,,,Y,,Y,,A,07,1,0,0,0,0,0,0,0,1,"- ","- ",,,"SAN FRANCISCO","SAN FRANCISCO",-122.50712092000001,37.733539039999997
8052380,2016,2016-06-08,3801,2016-05-14,2335,004327,BAYVI,6,5,7,3801,0,0,0,,0,3C13E,"MENDELL ST","GALVEZ AV",0.00,,Y,A,-,N,,,,,,,,,,Y,4,0,2,2,A,-,00,20001,A,F,D,C,A,A,H,-,C,A,0,,,,,Y,,A,01,0,0,2,0,0,0,0,0,0,"- ","- ",,,"SAN FRANCISCO","SAN FRANCISCO",-122.38584999,37.739629890000003
8052533,2016,2016-06-07,3801,2016-02-19,1726,2328,MISSI,5,5,7,3801,0,0,0,,0,3D74,"GUERRERO ST","26TH ST",0.00,,Y,A,-,N,,,,,,,,,,N,2,0,1,2,A,-,09,21801,A,N,D,C,A,A,H,-,A,A,0,,,Y,,Y,,A,07,1,0,0,0,0,0,0,0,1,"- ","- ",,,"SAN FRANCISCO","SAN FRANCISCO",-122.42256990999999,37.748789940000002
8052580,2016,2016-06-07,3801,2016-05-01,1718,004372,RICHM,7,5,7,3801,0,0,0,,0,4CAR,"BALBOA ST","36TH AV",0.00,,Y,A,-,N,,,,,,,,,,Y,4,0,1,2,A,-,12,22450,A,N,D,C,A,A,H,-,A,A,0,,,,,Y,,A,01,0,0,1,0,0,0,0,0,0,"- ","- ",,,"SAN FRANCISCO","SAN FRANCISCO",-122.49627992000001,37.775759890000003
8052650,2016,2016-06-16,3801,2016-05-21,0510,1075,NORTH,6,5,7,3801,0,0,0,,0,3E13E,"VAN NESS AV","BUSH ST",0.00,,Y,A,-,N,,,,,,,,,,Y,4,0,2,2,A,-,12,21453,A,N,-,C,A,A,H,-,B,A,0,,,,,Y,,-,"- ",0,0,2,0,0,0,0,0,0,"- ","- ",,,"SAN FRANCISCO","SAN FRANCISCO",-122.42202996,37.788469890000002
8052651,2016,2016-06-07,3801,2016-05-14,0144,4276,,6,5,7,3801,0,0,0,,0,3D13E,"SOUTH VAN NESS AV","21ST ST",0.00,,Y,A,-,N,,,,,,,,,,Y,3,0,1,7,A,-,17,21658,B,N,C,E,A,A,H,-,C,A,0,,,,,Y,,A,01,0,1,0,0,0,0,0,0,0,"- ","- ",,,"SAN FRANCISCO","SAN FRANCISCO",-122.4167499,37.757159950000002
8052653,2016,2016-06-08,3801,2016-05-27,1545,615,PARK,5,5,7,3801,0,0,0,,0,3F14D,"15TH ST","CASTRO ST",0.00,,Y,A,-,N,,,,,,,,,,N,3,0,1,3,A,-,12,21453,A,F,D,C,A,A,H,-,A,A,0,,,Y,,Y,Y,A,01,0,1,0,0,0,0,0,0,1,"- ","- ",,,"SAN FRANCISCO","SAN FRANCISCO",-122.43545992999999,37.765719920000002
8052657,2016,2016-06-08,3801,2016-05-27,1800,1475,PARK,5,5,7,3801,0,0,0,,0,3F11D,"CASTRO ST","DUBOCE AV",0.00,,Y,A,-,N,,,,,,,,,,N,4,0,2,3,A,-,05,21460,A,N,-,C,A,A,H,-,A,A,0,,,,,Y,,A,01,0,0,2,0,0,0,0,0,0,"- ","- ",,,"SAN FRANCISCO","SAN FRANCISCO",-122.4358199,37.769049969999998
8052659,2016,2016-06-07,3801,2016-05-12,0755,2355,MISSI,4,5,7,3801,0,0,0,,0,3D11A,"17TH ST","CHURCH ST",15.00,W,N,A,-,N,,,,,,,,,,N,2,0,1,1,A,-,"- ",,,N,H,G,A,A,H,-,A,A,0,,Y,,,Y,,L,04,1,0,0,0,0,0,1,0,0,"- ","- ",,,"SAN FRANCISCO","SAN FRANCISCO",-122.42856179,37.762877189999998
8052660,2016,2016-06-07,3801,2016-05-20,2107,4124,INGLE,5,5,7,3801,0,0,0,,0,3H11D,BOSWORTH,"CHILTON AV",89.00,E,N,A,-,N,,,,,,,,,,N,2,0,2,1,A,-,03,22350,,N,H,A,A,A,H,-,C,A,0,,Y,,,Y,Y,L,04,1,1,0,0,0,0,2,0,0,"- ","- ",,,"SAN FRANCISCO","SAN FRANCISCO",-122.43635870999999,37.733989780000002
8052662,2016,2016-06-08,3801,2016-05-22,1626,000340,COG,7,5,7,3801,0,0,0,,0,3G15D,"CABRILLO ST","38TH AV",0.00,,Y,A,-,N,,,,,,,,,,N,3,0,1,2,A,-,11,21956,A,N,D,B,E,A,H,-,A,D,0,Y,,,,Y,,N,60,0,1,0,0,1,0,0,0,0,"- ","- ",,,"SAN FRANCISCO","SAN FRANCISCO",-122.49823986,37.773809900000003
8052663,2016,2016-06-07,3801,2016-05-12,1123,1574,BAYVI,4,5,7,3801,0,0,0,,0,3C15A,"ARMSTRONG AV","INGALLS ST",0.00,,Y,A,-,N,,,,,,,,,,Y,4,0,1,2,A,-,12,22450,A,F,D,C,A,A,H,-,A,A,0,,,,,Y,,A,01,0,0,1,0,0,0,0,0,0,"- ","- ",,,"SAN FRANCISCO","SAN FRANCISCO",-122.38846997,37.724119930000001
8052671,2016,2016-06-07,3801,2016-05-25,1857,4302,BAYVI,3,5,7,3801,0,0,0,,0,3C13D,"MISSOURI ST","CESAR CHAVEZ ST",220.00,N,N,A,-,N,,,,,,,,,,N,4,0,1,2,A,-,21,22106,,N,G,B,D,A,H,-,A,D,0,Y,,,,Y,,A,01,0,0,1,0,1,0,0,0,0,"- ","- ",,,"SAN FRANCISCO","SAN FRANCISCO",-122.39531335,37.75041289
8052687,2016,2016-06-07,3801,2016-05-26,1742,466,MISSI,4,5,7,3801,0,0,0,,0,006,"POTRERO ST","DIVISION ST",0.00,,Y,A,-,N,,,,,,,,,,N,3,0,1,2,A,-,07,21658,A,N,B,C,A,A,H,-,A,D,0,,,Y,,Y,,C,02,0,1,0,0,0,0,0,0,1,"- ","- ",,,"SAN FRANCISCO","SAN FRANCISCO",-122.40788000000001,37.769219900000003
8052691,2016,2016-06-07,3801,2016-05-26,1737,2427,NORTH,4,5,7,3801,0,0,0,,0,3E12D,"OFARRELL ST","DIVISADERO ST",0.00,,Y,A,-,N,,,,,,,,,,Y,4,0,1,3,A,-,12,21453,A,N,D,C,A,A,H,-,A,A,0,,,Y,,Y,,A,01,0,0,1,0,0,0,0,0,0,"- ","- ",,,"SAN FRANCISCO","SAN FRANCISCO",-122.43929998999999,37.782429899999997
8052696,2016,2016-06-07,3801,2016-05-22,1651,891,MISSI,7,5,7,3801,0,0,0,,0,3D4D,"16TH ST","ALABAMA ST",0.00,,Y,A,-,N,,,,,,,,,,Y,3,0,1,2,A,-,09,21802,A,N,D,C,A,A,H,-,A,D,0,,,,,Y,,A,01,0,1,0,0,0,0,0,0,0,"- ","- ",,,"SAN FRANCISCO","SAN FRANCISCO",-122.41239991,37.765489959999996
8052700,2016,2016-06-07,3801,2016-05-14,1505,2421,SOUTH,6,5,7,3801,0,0,0,,0,3B14C,"5TH ST","HOWARD ST",0.00,,Y,A,-,N,,,,,,,,,,N,4,0,1,2,A,-,11,21950,B,N,G,B,D,A,H,-,A,A,0,Y,,,,Y,,N,60,0,0,1,0,1,0,0,0,0,"- ","- ",,,"SAN FRANCISCO","SAN FRANCISCO",-122.40492992999999,37.781509960000001
8052719,2016,2016-06-07,3801,2016-05-25,2036,2457,MISSI,3,5,7,3801,0,0,0,,0,3D71,"FOLSOM ST","13TH ST",3.00,S,N,A,-,N,,,,,,,,,,N,4,0,1,2,A,-,07,21658,A,N,D,C,A,A,H,-,C,A,0,,,Y,,Y,,-,"- ",0,0,1,0,0,0,0,0,1,"- ","- ",,,"SAN FRANCISCO","SAN FRANCISCO",-122.41559187,37.769511889999997
8053203,2016,2016-06-08,3801,2016-04-26,0724,518,INGLE,2,5,7,3801,0,0,0,,0,4B6H,"BLYTHDALE AV","SANTOS ST",209.00,W,N,A,-,N,,,,,,,,,,Y,3,0,3,2,A,-,09,21804,A,N,D,C,A,A,H,-,A,D,0,,,,,Y,,A,01,0,1,2,0,0,0,0,0,0,"- ","- ",37.710900000000002,-122.41875,"SAN FRANCISCO","SAN FRANCISCO",-122.41953803,37.710785280000003
8053243,2016,2016-06-08,3801,2016-04-29,1800,1573,BAYVI,5,5,7,3801,0,0,0,,0,3C92,"3RD ST","REVERE AV",0.00,,Y,A,-,N,,,,,,,,,,N,3,0,1,2,A,-,17,21663,,F,G,B,F,A,H,-,A,A,0,Y,,Y,,Y,Y,C,02,0,1,0,0,1,0,0,0,0,"- ","- ",,,"SAN FRANCISCO","SAN FRANCISCO",-122.39160997,37.732439980000002
8054198,2016,2016-06-10,3801,2016-04-26,1617,917,,2,5,7,3801,0,0,0,,0,4B8E,"FILLMORE ST","EDDY ST",0.00,,Y,A,-,N,,,,,,,,,,Y,3,0,2,2,A,-,09,21801,A,N,A,C,A,A,H,-,A,A,0,,,,,Y,,J,48,0,1,1,0,0,0,0,0,0,"- ","- ",,,"SAN FRANCISCO","SAN FRANCISCO",-122.43231986000001,37.781419990000003
8054206,2016,2016-06-10,3801,2016-05-12,1748,52,,4,5,7,3801,0,0,0,,0,0B1,"2ND ST","MISSION ST",35.00,N,N,A,-,N,,,,,,,,,,N,3,0,1,2,A,-,07,21658,A,N,B,G,A,A,H,-,A,A,0,,Y,,,Y,,J,48,0,1,0,0,0,0,1,0,0,"- ","- ",,,"SAN FRANCISCO","SAN FRANCISCO",-122.399877,37.788076920000002
8055523,2016,2016-06-09,3801,2016-04-30,1630,001906,BAYVI,6,5,7,3801,0,0,0,,0,3C11D,"3RD ST","CESAR CHAVEZ ST",65.00,S,N,A,-,N,,,,,,,,,,,4,0,1,2,A,-,04,21703,,N,C,C,A,A,H,-,A,A,0,,,,,Y,,I,11,0,0,1,0,0,0,0,0,0,"- ","- ",,,"SAN FRANCISCO","SAN FRANCISCO",-122.38767783999999,37.7500517
8055863,2016,2016-06-06,3801,2016-05-27,0650,002483,NORTH,5,5,7,3801,0,0,0,,0,3E14A,"POLK ST","CALIFORNIA ST",0.00,,Y,A,-,N,,,,,,,,,,N,4,0,1,2,A,-,08,22102,,N,D,G,A,A,H,-,A,A,0,,Y,,,Y,,A,01,0,0,1,0,0,0,1,0,0,"- ","- ",,,"SAN FRANCISCO","SAN FRANCISCO",-122.42067992,37.790569959999999
8055866,2016,2016-06-06,3801,2016-05-26,0851,2001,INGLE,4,5,7,3801,0,0,0,,0,001,"CRESCENT ST","FOLSOM ST",0.00,,Y,A,-,N,,,,,,,,,,N,3,0,1,2,A,-,12,22450,A,N,D,G,A,A,H,-,A,D,0,,Y,,,Y,,L,04,0,1,0,0,0,0,1,0,0,"- ","- ",,,"SAN FRANCISCO","SAN FRANCISCO",-122.41371986999999,37.734749890000003
8055877,2016,2016-06-07,3801,2016-05-31,0606,2082,,2,5,7,3801,0,0,0,,0,002,"CORTLAND AV","HILTON ST",8.00,W,N,A,-,N,,,,,,,,,,Y,4,0,1,1,A,-,15,26452,,N,E,I,A,A,H,-,B,A,0,,,,,Y,,-,,0,0,1,0,0,0,0,0,0,"- ","- ",,,"SAN FRANCISCO","SAN FRANCISCO",-122.40769761,37.739611449999998
8055936,2016,2016-06-07,3801,2016-05-29,1000,1900,CENTR,7,5,7,3801,0,0,0,,0,3A1B,"BAY ST","LEAVENWORTH ST",20.00,E,N,A,-,N,,,,,,,,,,N,4,0,1,2,A,-,03,22350,,N,C,C,A,A,G,-,A,D,0,,,,,Y,,A,01,0,0,1,0,0,0,0,0,0,"- ","- ",,,"SAN FRANCISCO","SAN FRANCISCO",-122.41849148999999,37.805037980000002
8055938,2016,2016-06-07,3801,2016-05-28,0930,1900,CENTR,6,5,7,3801,0,0,0,,0,3A11B,"THE EMBARCADERO","SANSOME ST",0.00,,Y,A,-,N,,,,,,,,,,Y,4,0,1,2,A,-,08,22101,D,N,D,C,A,A,H,-,A,A,0,,,,,Y,,A,01,0,0,1,0,0,0,0,0,0,"- ","- ",,,"SAN FRANCISCO","SAN FRANCISCO",-122.40355997,37.80542998
8055942,2016,2016-06-07,3801,2016-05-16,1350,777,,1,5,7,3801,0,0,0,,0,3I104,"LAKE MERCED BL","SUNSET BL",950.00,W,N,A,-,N,,,,,,,,,,Y,4,0,1,1,A,-,05,21650,,N,E,I,A,A,H,-,A,A,0,,,,,Y,,A,01,0,0,1,0,0,0,0,0,0,"- ","- ",,,"SAN FRANCISCO","SAN FRANCISCO",-122.4966964,37.729105019999999
8067254,2017,2017-07-21,3801,2017-06-09,0910,86,TARAV,5,5,7,3801,0,0,0,,0,3I11A,"MORAGA ST","21ST AV",0.00,,Y,A,-,N,,,,,,,,,,Y,4,0,1,2,A,-,"- ",,,N,D,C,A,A,H,-,A,A,0,,,,,Y,,A,01,0,0,1,0,0,0,0,0,0,"- ","- ",,,"SAN FRANCISCO","SAN FRANCISCO",-122.47874991,37.755999899999999
8067255,2017,2017-07-20,3801,2017-06-10,1619,2105,CENTR,6,5,7,3801,0,0,0,,0,3A13B,"CALIFORNIA ST","HYDE ST",50.00,W,N,A,-,N,,,,,,,,,,N,4,0,1,2,C,-,18,,,N,H,-,A,A,H,-,A,D,0,,Y,,,Y,,-,"- ",0,0,1,0,0,0,1,0,0,"- ","- ",,,"SAN FRANCISCO","SAN FRANCISCO",-122.41757108,37.790969140000001
8067266,2017,2017-07-24,3801,2017-06-08,0958,38,SOUTH,4,5,7,3801,0,0,0,,0,3CAR,"MISSION ST","7TH ST",0.00,,Y,C,-,N,,,,,,,,,,N,3,0,1,2,A,-,11,21453,D,N,G,B,B,B,H,-,A,A,0,Y,,,,Y,,N,60,0,1,0,0,1,0,0,0,0,"- ","- ",,,"SAN FRANCISCO","SAN FRANCISCO",-122.41089991,37.779209899999998
8067270,2017,2017-07-24,3801,2017-06-08,1111,329,NORTH,4,5,7,3801,0,0,0,,0,3E13C,"VAN NESS AV","EDDY ST",6.00,S,N,C,-,N,,,,,,,,,,N,2,0,1,2,A,-,11,21950,B,N,G,B,B,B,H,-,A,A,0,Y,,,,Y,,N,60,1,0,0,0,1,0,0,0,0,"- ","- ",,,"SAN FRANCISCO","SAN FRANCISCO",-122.42089728000001,37.782853660000001
8067278,2017,2017-07-24,3801,2017-06-08,0855,708,MISSI,4,5,7,3801,0,0,0,,0,3D11A,"16TH ST","CHURCH ST",40.00,E,N,C,-,N,,,,,,,,,,N,4,0,1,2,A,-,03,22350,,N,H,A,A,B,H,-,A,D,0,,,Y,,Y,,C,03,0,0,1,0,0,0,0,0,1,"- ","- ",,,"SAN FRANCISCO","SAN FRANCISCO",-122.42851206,37.764509109999999
8076462,2016,2016-07-14,3801,2016-06-18,0948,2237,BAYVI,6,5,7,3801,0,0,0,,0,,"BAYSHORE BL","3RD ST",0.00,,Y,A,-,N,,,,,,,,,,Y,4,0,4,2,A,-,03,22350,,N,C,C,A,A,H,-,A,D,0,,,,,Y,,A,01,0,0,4,0,0,0,0,0,0,"- ","- ",,,"SAN FRANCISCO","SAN FRANCISCO",-122.39887998,37.715229890000003
8076475,2016,2016-08-11,3801,2016-06-23,0818,2481,COJ,4,5,7,3801,0,0,0,,0,0JI,"MARKET ST","9TH ST",0.00,,Y,A,-,N,,,,,,,,,,N,3,0,1,2,A,-,11,21456,B,N,G,B,D,A,H,-,A,A,0,Y,,,,Y,,N,60,0,1,0,0,1,0,0,0,0,"- ","- ",,,"SAN FRANCISCO","SAN FRANCISCO",-122.41632995000001,37.777499929999998
8077208,2017,2017-07-26,3801,2017-06-02,0006,629,NORTH,5,5,7,3801,0,0,0,,0,3E14E,"STEINER ST","CALIFORNIA ST",0.00,,Y,A,-,N,,,,,,,,,,N,4,0,1,2,A,-,12,21453,A,N,D,G,A,A,H,-,C,A,0,,Y,,,Y,,L,04,0,0,1,0,0,0,1,0,0,"- ","- ",,,"SAN FRANCISCO","SAN FRANCISCO",-122.43549,37.788709949999998
8077219,2017,2017-07-26,3801,2017-06-01,2143,2465,CENTR,4,5,7,3801,0,0,0,,0,3A14E,"VALLEJO ST","STOCKTON ST",0.00,,Y,A,-,N,,,,,,,,,,N,3,0,1,2,A,-,03,22350,,N,H,-,A,A,H,-,B,A,0,,,,,Y,,A,01,0,1,0,0,0,0,0,0,0,"- ","- ",,,"SAN FRANCISCO","SAN FRANCISCO",-122.40877995,37.798589929999999
8077224,2017,2017-07-26,3801,2017-06-12,2106,A06498,INGLE,1,5,7,3801,0,0,0,,0,0H3,"MISSION ST","HIGHLAND AV",0.00,,Y,A,-,N,,,,,,,,,,Y,4,0,3,2,A,-,04,21703,,N,C,C,A,A,H,-,C,A,0,,,,,Y,,A,01,0,0,3,0,0,0,0,0,0,"- ","- ",,,"SAN FRANCISCO","SAN FRANCISCO",-122.42403989,37.737359929999997
8078251,2016,2016-07-14,3801,2016-04-03,1655,1730,BAYVI,7,5,7,3801,0,0,0,,0,4B8G,"GRIFFITH ST","REVERE AV",0.00,,Y,A,-,N,,,,,,,,,,Y,4,0,1,1,A,-,03,22350,,N,H,A,A,A,H,-,A,D,0,,,Y,,Y,,C,02,0,0,1,0,0,0,0,0,1,"- ","- ",37.726219999999998,-122.38073,"SAN FRANCISCO","SAN FRANCISCO",-122.38082989,37.726370000000003