CASE_ID,ACCIDENT_YEAR,PROC_DATE,JURIS,COLLISION_DATE,COLLISION_TIME,OFFICER_ID,REPORTING_DISTRICT,DAY_OF_WEEK,CHP_SHIFT,POPULATION,CNTY_CITY_LOC,SPECIAL_COND,BEAT_TYPE,CHP_BEAT_TYPE,CITY_DIVISION_LAPD,CHP_BEAT_CLASS,BEAT_NUMBER,PRIMARY_RD,SECONDARY_RD,DISTANCE,DIRECTION,INTERSECTION,WEATHER_1,WEATHER_2,STATE_HWY_IND,CALTRANS_COUNTY,CALTRANS_DISTRICT,STATE_ROUTE,ROUTE_SUFFIX,POSTMILE_PREFIX,POSTMILE,LOCATION_TYPE,RAMP_INTERSECTION,SIDE_OF_HWY,TOW_AWAY,COLLISION_SEVERITY,NUMBER_KILLED,NUMBER_INJURED,PARTY_COUNT,PRIMARY_COLL_FACTOR,PCF_CODE_OF_VIOL,PCF_VIOL_CATEGORY,PCF_VIOLATION,PCF_VIOL_SUBSECTION,HIT_AND_RUN,TYPE_OF_COLLISION,MVIW,PED_ACTION,ROAD_SURFACE,ROAD_COND_1,ROAD_COND_2,LIGHTING,CONTROL_DEVICE,CHP_ROAD_TYPE,PEDESTRIAN_ACCIDENT,BICYCLE_ACCIDENT,MOTORCYCLE_ACCIDENT,TRUCK_ACCIDENT,NOT_PRIVATE_PROPERTY,ALCOHOL_INVOLVED,STWD_VEHTYPE_AT_FAULT,CHP_VEHTYPE_AT_FAULT,COUNT_SEVERE_INJ,COUNT_VISIBLE_INJ,COUNT_COMPLAINT_PAIN,COUNT_PED_KILLED,COUNT_PED_INJURED,COUNT_BICYCLIST_KILLED,COUNT_BICYCLIST_INJURED,COUNT_MC_KILLED,COUNT_MC_INJURED,PRIMARY_RAMP,SECONDARY_RAMP,LATITUDE,LONGITUDE,COUNTY,CITY,POINT_X,POINT_Y
8132554,2016,2016-11-01,3801,2016-09-08,2131,310,NORTH,4,5,7,3801,0,0,0,,0,3E13E,"OFARRELL ST","VAN NESS AV",3.00,W,N,A,-,N,,,,,,,,,,N,4,0,1,2,A,-,08,22107,,N,D,D,A,A,H,-,C,A,0,,,,,Y,,A,01,0,0,1,0,0,0,0,0,0,"- ","- ",,,"SAN FRANCISCO","SAN FRANCISCO",-122.42127026,37.78473872
8132573,2016,2016-10-11,3801,2016-09-20,0848,000222,BAYVI,2,5,7,3801,0,0,0,,0,3C14B,"SILVER AV","BARNEVELD AV",0.00,,Y,A,-,N,,,,,,,,,,N,4,0,1,2,A,-,09,21802,A,F,D,C,A,A,H,-,A,A,0,,,,,Y,,A,01,0,0,1,0,0,0,0,0,0,"- ","- ",,,"SAN FRANCISCO","SAN FRANCISCO",-122.40676996000001,37.732089960000003
8132603,2016,2016-12-10,3801,2016-09-19,1438,776,MISSI,1,5,7,3801,0,0,0,,0,3D17C,"BRYANT ST","17TH ST",0.00,,Y,A,-,N,,,,,,,,,,N,4,0,1,2,A,-,09,21800,A,N,D,G,A,A,H,-,A,A,0,,Y,,,Y,,-,,0,0,1,0,0,0,1,0,0,"- ","- ",,,"SAN FRANCISCO","SAN FRANCISCO",-122.41037987999999,37.764319929999999
8136882,2016,2016-10-12,3801,2016-09-05,0233,1530,RICHM,1,5,7,3801,0,0,0,,0,3G12E,"PARK PRESIDIO BL","CABRILLO ST",0.00,,Y,A,-,N,,,,,,,,,,Y,4,0,2,2,A,-,12,21453,A,N,B,C,A,A,H,-,C,A,0,,,,,Y,,I,11,0,0,2,0,0,0,0,0,0,"- ","- ",,,"SAN FRANCISCO","SAN FRANCISCO",-122.47191991,37.774999909999998
8136886,2016,2016-10-11,3801,2016-09-11,1500,2294,PARK,7,5,7,3801,0,0,0,,0,3F13D,"OAK ST","LYON ST",0.00,,Y,A,-,N,,,,,,,,,,N,4,0,1,3,A,-,04,21703,,F,C,C,A,A,H,-,A,A,0,,,,,Y,,-,99,0,0,1,0,0,0,0,0,0,"- ","- ",,,"SAN FRANCISCO","SAN FRANCISCO",-122.44235992999999,37.772499969999998
8136910,2016,2016-10-31,3801,2016-09-19,1027,466,MISSI,1,5,7,3801,0,0,0,,0,004,"SOUTH VAN NESS AV","23RD ST",0.00,,Y,A,-,N,,,,,,,,,,Y,3,0,1,2,A,-,04,21703,,N,C,C,A,A,H,-,A,D,0,,,,Y,Y,,A,01,0,1,0,0,0,0,0,0,0,"- ","- ",,,"SAN FRANCISCO","SAN FRANCISCO",-122.41643992,37.753959969999997
8136918,2016,2016-11-01,3801,2016-09-15,0900,002393,CENTR,4,5,7,3801,0,0,0,,0,3A12B,"PINE ST","SANSOME ST",0.00,,Y,B,-,N,,,,,,,,,,N,4,0,1,2,A,-,08,22107,,N,H,C,A,A,D,-,A,A,0,,,,,Y,,-,,0,0,1,0,0,0,0,0,0,"- ","- ",,,"SAN FRANCISCO","SAN FRANCISCO",-122.40091997,37.792099899999997
8137317,2016,2016-10-11,3801,2016-09-29,0824,000664,MISSI,4,5,7,3801,0,0,0,,0,3D15A,"25TH ST","BRYANT ST",0.00,,Y,B,-,N,,,,,,,,,,N,4,0,1,3,A,-,12,22450,A,N,B,G,A,A,H,-,A,A,0,,Y,,,Y,,L,04,0,0,1,0,0,0,1,0,0,"- ","- ",,,"SAN FRANCISCO","SAN FRANCISCO",-122.40899992999999,37.75118999
8137353,2016,2016-10-11,3801,2016-09-23,2314,004347,TARVL,5,5,7,3801,0,0,0,,0,3I11E,"YERBA BUENA AV","SAN PABLO AV",0.00,,Y,A,-,N,,,,,,,,,,N,4,0,1,1,A,-,03,22350,,N,H,A,A,A,H,-,C,A,0,,,Y,,Y,,C,02,0,0,1,0,0,0,0,0,1,"- ","- ",,,"SAN FRANCISCO","SAN FRANCISCO",-122.46205996,37.736359960000001
8137368,2016,2016-10-11,3801,2016-09-27,1652,433,MISSI,2,5,7,3801,0,0,0,,0,3D15D,"POTRERO AV","23RD ST",0.00,,Y,A,-,N,,,,,,,,,,N,4,0,2,3,A,-,10,21950,A,N,G,B,B,A,H,-,A,A,0,Y,,,,Y,,A,07,0,0,2,0,2,0,0,0,0,"- ","- ",,,"SAN FRANCISCO","SAN FRANCISCO",-122.40646989,37.754579890000002
8137374,2016,2017-03-02,3801,2016-09-17,1245,1682,,6,5,7,3801,0,0,0,,0,6CAR,"RT 280",GENEVA,0.00,,Y,A,-,Y,SF,4,280,-,R,1.557,R,3,S,N,3,0,1,2,A,-,"- ",,,N,-,C,-,A,H,-,A,-,0,Y,,,,Y,,A,01,0,1,0,0,1,0,0,0,0,"- ","- ",,,"SAN FRANCISCO","SAN FRANCISCO",-122.44841004,37.719863240000002
8137380,2016,2016-11-10,3801,2016-09-25,1128,777,TARAV,7,5,7,3801,0,0,0,,0,3I4A,"LOWER GREAT HWY","PACHECO ST",54.00,S,N,A,-,N,,,,,,,,,,N,3,0,1,1,A,-,04,21703,,N,H,J,A,A,H,-,A,D,0,,,Y,,Y,,C,02,0,1,0,0,0,0,0,0,1,"- ","- ",,,"SAN FRANCISCO","SAN FRANCISCO",-122.50820160000001,37.748971769999997
8137383,2016,2016-10-11,3801,2016-09-22,1836,1092,NORTH,4,5,7,3801,0,0,0,,0,3E13D,"POLK ST","TURK ST",0.00,,Y,A,-,N,,,,,,,,,,Y,3,0,1,2,A,-,00,27155,A,N,D,C,A,A,H,-,A,A,0,,,Y,,Y,,C,02,0,1,0,0,0,0,0,0,1,"- ","- ",,,"SAN FRANCISCO","SAN FRANCISCO",-122.41899994000001,37.782169969999998
8137392,2016,2016-10-11,3801,2016-09-27,1800,4187,MISSI,2,5,7,3801,0,0,0,,0,3D15D,"CAPP ST","23RD ST",0.00,,Y,A,-,N,,,,,,,,,,N,4,0,1,2,A,-,12,22450,A,N,D,G,A,A,H,-,A,A,0,,Y,,,Y,,L,04,0,0,1,0,0,0,1,0,0,"- ","- ",,,"SAN FRANCISCO","SAN FRANCISCO",-122.41747994000001,37.753909890000003
8137394,2016,2016-10-11,3801,2016-09-17,1701,2069,BAYVE,6,5,7,3801,0,0,0,,0,3C12D,"SAN BRUNO AV","SAN BRUNO AV 2420",0.00,,-,A,-,N,,,,,,,,,,N,4,0,1,2,A,-,21,22106,,N,C,E,A,A,H,-,A,D,0,,,,,Y,,A,01,0,0,1,0,0,0,0,0,0,"- ","- ",,,"SAN FRANCISCO","SAN FRANCISCO",-122.40539699999999,37.731898520000001
8122075,2016,2016-11-16,3801,2016-08-23,0942,2203,MISSI,2,5,7,3801,0,0,0,,0,"3 CAR","S VAN NESS AV","22ND ST",0.00,,Y,A,-,N,,,,,,,,,,Y,4,0,1,2,A,-,08,22107,,N,A,C,A,A,H,-,A,A,0,,,,,Y,,A,01,0,0,1,0,0,0,0,0,0,"- ","- ",,,"SAN FRANCISCO","SAN FRANCISCO",-122.41658996,37.755569940000001
8122062,2016,2016-09-15,3801,2016-08-13,2039,891,MISSI,6,5,7,3801,0,0,0,,0,3D11D,"18TH ST","DOLORES ST",0.00,,Y,A,-,N,,,,,,,,,,Y,4,0,3,2,A,-,09,21801,B,N,D,C,A,A,H,-,C,A,0,,,,,Y,,A,01,0,0,3,0,0,0,0,0,0,"- ","- ",,,"SAN FRANCISCO","SAN FRANCISCO",-122.42615994000001,37.761439930000002
8122061,2016,2016-11-09,3801,2016-08-15,1757,2446,MISSI,1,5,7,3801,0,0,0,,0,3D75,"HAMPSHIRE ST","CESAR CHAVEZ ST",0.00,,Y,A,-,N,,,,,,,,,,N,4,0,1,2,D,-,00,,,M,B,G,A,A,-,-,A,D,0,,Y,,,Y,,-,"- ",0,0,1,0,0,0,1,0,0,"- ","- ",,,"SAN FRANCISCO","SAN FRANCISCO",-122.40676995,37.748779919999997
8122060,2016,2016-09-14,3801,2016-08-02,1615,2290,NORTH,2,5,7,3801,0,0,0,,0,3E12D,"POST ST","LAGUNA ST",168.00,E,N,A,-,N,,,,,,,,,,Y,4,0,1,2,A,-,08,22103,,N,D,C,A,A,-,-,A,D,0,,,,,Y,,A,07,0,0,1,0,0,0,0,0,0,"- ","- ",,,"SAN FRANCISCO","SAN FRANCISCO",-122.42758501,37.785868999999998
8122059,2016,2016-09-14,3801,2016-08-08,0905,A22254,,1,5,7,3801,0,0,0,,0,CENTRA,"WASHINGTON ST","GRANT AV",0.00,,Y,A,-,N,,,,,,,,,,N,3,0,1,2,A,-,12,21453,A,F,G,B,B,A,H,-,A,A,0,Y,,,,Y,,A,07,0,1,0,0,1,0,0,0,0,"- ","- ",,,"SAN FRANCISCO","SAN FRANCISCO",-122.40644999,37.795159949999999
8122057,2016,2016-09-14,3801,2016-08-11,1111,976,BAYVI,4,5,7,3801,0,0,0,,0,3C15C,"HOLLISTER AV","HOLLISTER AV 1135",0.00,,N,A,-,N,,,,,,,,,,N,4,0,1,3,A,-,21,22106,,N,D,C,A,A,H,-,A,D,0,,,,,Y,,A,01,0,0,1,0,0,0,0,0,0,"- ","- ",,,"SAN FRANCISCO","SAN FRANCISCO",-122.39317328,37.7201448
8120749,2016,2016-09-19,3801,2016-08-10,2150,4341,PARK,3,5,7,3801,0,0,0,,0,3F53,"HAIGHT ST","MASONIC ST",0.00,,Y,A,-,N,,,,,,,,,,N,4,0,1,2,A,-,11,21453,D,N,G,B,B,A,H,-,C,A,0,Y,,,,Y,,N,60,0,0,1,0,1,0,0,0,0,"- ","- ",,,"SAN FRANCISCO","SAN FRANCISCO",-122.44534989,37.770209989999998
8120322,2016,2016-09-13,3801,2016-08-01,1400,621,CENTR,1,5,7,3801,0,0,0,,0,3A44A,"KEARNY ST","SACRAMENTO ST",5.00,N,N,A,-,N,,,,,,,,,,N,4,0,1,2,A,-,00,21760,B,N,B,G,A,A,H,-,A,A,0,,Y,,,Y,,A,08,0,0,1,0,0,0,1,0,0,"- ","- ",,,"SAN FRANCISCO","SAN FRANCISCO",-122.40459352000001,37.793613450000002
8113375,2016,2016-09-08,3801,2016-07-09,2322,2031,3,6,5,7,3801,0,0,0,,0,002,"FAXON ST","DEMONTFORT AV",0.00,,Y,A,-,N,,,,,,,,,,N,2,0,1,2,A,-,12,22450,A,N,D,C,A,A,H,-,C,A,0,,,Y,,Y,,C,02,1,0,0,0,0,0,0,0,1,"- ","- ",37.706670000000003,-122.45882,"SAN FRANCISCO","SAN FRANCISCO",-122.46024988000001,37.723639949999999
8102430,2016,2016-08-17,3801,2016-07-27,0758,1485,3E,3,5,7,3801,0,0,0,,0,12A,"FULTON ST","FILLMORE ST",0.00,,Y,A,-,N,,,,,,,,,,N,3,0,1,2,A,-,09,21800,A,N,D,G,A,A,H,-,A,A,0,,Y,,,Y,,L,04,0,1,0,0,0,0,1,0,0,"- ","- ",,,"SAN FRANCISCO","SAN FRANCISCO",-122.43155991,37.777689979999998
8101645,2016,2016-09-02,3801,2016-07-12,1638,964,NORTH,2,5,7,3801,0,0,0,,0,3E45,"PAGE ST","DIVISADERO ST",6.00,E,N,A,-,N,,,,,,,,,,Y,4,0,1,2,A,-,03,22350,,N,A,E,A,A,H,-,A,A,0,,,,,Y,Y,A,01,0,0,1,0,0,0,0,0,0,"- ","- ",,,"SAN FRANCISCO","SAN FRANCISCO",-122.43720949999999,37.772212609999997
8101424,2016,2016-08-17,3801,2016-07-13,1400,2135,TENDE,3,5,7,3801,0,0,0,,0,3J51C,"MARKET ST","7TH ST",0.00,,Y,A,-,N,,,,,,,,,,N,4,0,1,2,A,-,12,21453,A,N,D,G,A,A,H,-,A,A,0,,Y,,,Y,,-,,0,0,1,0,0,0,1,0,0,"- ","- ",,,"SAN FRANCISCO","SAN FRANCISCO",-122.4125099,37.780479900000003
8101416,2016,2016-08-17,3801,2016-07-06,0919,2413,MISSI,3,5,7,3801,0,0,0,,0,901,"CAPP ST","CAPP ST 355",0.00,,Y,B,-,N,,,,,,,,,,N,4,0,1,2,A,-,13,22515,A,N,A,E,A,A,H,-,A,D,0,,,,,Y,,-,"- ",0,0,1,0,0,0,0,0,0,"- ","- ",,,"SAN FRANCISCO","SAN FRANCISCO",-122.41817594,37.761007820000003
8101412,2016,2016-08-17,3801,2016-07-11,0030,488,INGLE,1,5,7,3801,0,0,0,,0,3H11E,"MISSION ST","SENECA AV",68.00,N,N,A,-,N,,,,,,,,,,Y,4,0,1,2,A,-,07,21658,A,F,B,E,A,A,H,-,C,D,0,,,,,Y,,A,01,0,0,1,0,0,0,0,0,0,"- ","- ",,,"SAN FRANCISCO","SAN FRANCISCO",-122.44001363,37.71782228
8137407,2016,2016-10-11,3801,2016-09-22,1616,004286,RICHM,4,5,7,3801,0,0,0,,0,0G2,"BRODERICK ST","CALIFORNIA ST",0.00,,Y,A,-,N,,,,,,,,,,N,3,0,1,2,A,-,08,22100,A,N,B,G,A,A,H,-,A,A,0,,Y,,,Y,,A,01,0,1,0,0,0,0,1,0,0,"- ","- ",,,"SAN FRANCISCO","SAN FRANCISCO",-122.44207992,37.787849909999998
8137410,2016,2016-10-11,3801,2016-09-18,2021,1019,MISSI,7,5,7,3801,0,0,0,,0,3D13D,"S VAN NESS AV","16TH ST",0.00,,Y,A,-,N,,,,,,,,,,N,3,0,1,2,A,-,09,21801,A,N,-,C,A,A,H,-,C,A,0,,,Y,,Y,,A,01,0,1,0,0,0,0,0,0,1,"- ","- ",,,"SAN FRANCISCO","SAN FRANCISCO",-122.41748986,37.765179910000001
8137413,2016,2016-10-11,3801,2016-09-10,2201,1052,,6,5,7,3801,0,0,0,,0,3D11E,"14TH ST","VALENCIA ST",128.00,W,N,A,-,N,,,,,,,,,,Y,4,0,1,4,A,-,01,23152,A,N,F,E,A,A,H,-,C,A,0,,,,,Y,Y,A,01,0,0,1,0,0,0,0,0,0,"- ","- ",,,"SAN FRANCISCO","SAN FRANCISCO",-122.42262178,37.76812425
8137419,2016,2016-10-10,3801,2016-09-14,1832,2450,MISSI,3,5,7,3801,0,0,0,,0,3D15C,"DIVISION ST","SAN BRUNO ST",0.00,,Y,A,-,N,,,,,,,,,,N,3,0,1,2,A,-,09,21800,A,N,D,G,A,A,H,-,B,D,0,,Y,,,Y,,A,01,0,1,0,0,0,0,1,0,0,"- ","- ",,,"SAN FRANCISCO","SAN FRANCISCO",-122.40619997,37.769449889999997
8137421,2016,2016-10-11,3801,2016-09-03,2105,4314,CENTR,6,5,7,3801,0,0,0,,0,0A1,"POST ST","MASON ST",30.00,W,N,A,-,N,,,,,,,,,,N,4,0,1,2,A,-,17,22517,,F,H,G,A,A,H,-,C,D,0,,Y,,,Y,Y,A,01,0,0,1,0,0,0,1,0,0,"- ","- ",,,"SAN FRANCISCO","SAN FRANCISCO",-122.4101328,37.788038309999997
8137425,2016,2016-10-11,3801,2016-09-05,1142,2375,,1,5,7,3801,0,0,0,,0,3G60,"GEARY BL","12TH AV",7.00,E,N,A,-,N,,,,,,,,,,N,3,0,1,2,A,-,10,21950,A,N,G,B,B,A,H,-,A,A,0,Y,,,,Y,,A,01,0,1,0,0,1,0,0,0,0,"- ","- ",,,"SAN FRANCISCO","SAN FRANCISCO",-122.47067579,37.780790690000003
8137427,2016,2016-10-10,3801,2016-09-16,1819,001430,MISSI,5,5,7,3801,0,0,0,,0,3D11D,"GUERRERO ST","DUBOCE AV",30.00,S,N,A,-,N,,,,,,,,,,N,3,0,1,2,A,-,09,21801,A,N,D,C,A,A,H,-,A,D,0,,,Y,,Y,,A,01,0,1,0,0,0,0,0,0,1,"- ","- ",,,"SAN FRANCISCO","SAN FRANCISCO",-122.42458043000001,37.769657940000002
8137436,2016,2016-10-11,3801,2016-09-21,0835,2375,RICHM,3,5,7,3801,0,0,0,,0,3G60,"LAKE ST","ARGUELLO BL",120.00,W,N,A,-,N,,,,,,,,,,N,3,0,1,2,A,-,17,22517,,N,H,G,A,A,H,-,A,D,0,,Y,,,Y,,A,07,0,1,0,0,0,0,1,0,0,"- ","- ",,,"SAN FRANCISCO","SAN FRANCISCO",-122.45970475,37.786901810000003
8137444,2016,2016-10-11,3801,2016-09-05,1600,4253,INGLE,1,5,7,3801,0,0,0,,0,0H2,"MISSION ST","29TH ST",18.00,S,N,A,-,N,,,,,,,,,,N,4,0,1,2,A,-,03,22350,,N,C,G,A,A,B,-,A,D,0,,Y,,,Y,,L,04,0,0,1,0,0,0,1,0,0,"- ","- ",,,"SAN FRANCISCO","SAN FRANCISCO",-122.42094763999999,37.744035689999997
8137451,2016,2016-10-11,3801,2016-09-30,1957,1848,TARAV,5,5,7,3801,0,0,0,,0,2CAR,"TARAVAL ST","27TH AV",0.00,,Y,A,-,N,,,,,,,,,,N,3,0,1,2,A,-,10,21950,A,N,G,B,B,A,H,-,C,A,0,Y,,,,Y,,A,01,0,1,0,0,1,0,0,0,0,"- ","- ",,,"SAN FRANCISCO","SAN FRANCISCO",-122.48426987000001,37.742669900000003
8137456,2016,2016-10-11,3801,2016-09-05,1234,27,TARAV,1,5,7,3801,0,0,0,,0,3I1B,"KIRKHAM AV","11TH AV",0.00,,Y,A,-,N,,,,,,,,,,Y,4,0,2,2,A,-,12,22450,A,F,D,C,A,A,H,-,A,A,0,,,,,Y,,A,01,0,0,2,0,0,0,0,0,0,"- ","- ",,,"SAN FRANCISCO","SAN FRANCISCO",-122.46819993,37.760199900000003
8137500,2016,2016-12-05,3801,2016-09-30,0745,1042,COE,5,5,7,3801,0,0,0,,0,3E13A,"BUSH ST","GOUGH ST",62.00,E,N,A,-,N,,,,,,,,,,N,4,0,1,2,A,-,07,21658,A,N,B,C,A,A,H,-,A,D,0,,,,,Y,,-,"- ",0,0,1,0,0,0,0,0,0,"- ","- ",,,"SAN FRANCISCO","SAN FRANCISCO",-122.42502806,37.788096809999999
8137504,2016,2016-10-11,3801,2016-09-30,1840,1597,TARAV,5,5,7,3801,0,0,0,,0,3116D,"KIRKHAM ST","27TH AV",0.00,,Y,A,-,N,,,,,,,,,,N,2,0,1,2,A,-,10,21950,A,N,G,B,D,A,H,-,B,D,0,Y,,,,Y,,A,01,1,0,0,0,1,0,0,0,0,"- ","- ",,,"SAN FRANCISCO","SAN FRANCISCO",-122.48542986,37.759459960000001
8137626,2016,2016-10-11,3801,2016-09-07,2100,469,MISSI,3,5,7,3801,0,0,0,,0,3D2D,"13TH ST","FOLSOM ST",0.00,,Y,A,-,N,,,,,,,,,,Y,4,0,1,2,A,-,12,21453,A,N,D,G,A,A,H,-,C,A,0,,Y,,,Y,,L,04,0,0,1,0,0,0,1,0,0,"- ","- ",,,"SAN FRANCISCO","SAN FRANCISCO",-122.41558999,37.76952
8137661,2016,2017-01-28,3801,2016-09-26,1640,002180,TARAV,1,5,7,3801,0,0,0,,0,3II6D,"RT 1","ALEMANY BL",0.00,,Y,A,-,Y,SF,4,1,-,R,0.170,H,-,N,Y,4,0,1,2,A,-,03,22350,,F,B,C,A,A,H,-,A,D,0,,,,,Y,,A,01,0,0,1,0,0,0,0,0,0,"- ","- ",,,"SAN FRANCISCO","SAN FRANCISCO",-122.47104861,37.710532260000001
8137677,2016,2017-01-28,3801,2016-09-17,1530,1110,COG,6,5,7,3801,0,0,0,,0,001,"PARK PRESIDIO BY PASS","CROSSOVER DR",90.00,N,N,A,-,Y,SF,4,1,-,-,4.510,H,-,S,Y,4,0,1,3,A,-,04,21703,,F,C,C,A,A,H,-,A,A,0,,,,,Y,,A,01,0,0,1,0,0,0,0,0,0,"- ","- ",,,"SAN FRANCISCO","SAN FRANCISCO",-122.47958074,37.771424949999997
8137752,2016,2016-11-28,3801,2016-08-18,1755,1339,NORTH,4,5,7,3801,0,0,0,,0,903,"FRANKLIN ST","FERN ST",0.00,,Y,A,-,N,,,,,,,,,,Y,3,0,1,2,A,-,09,21802,A,N,D,D,A,A,H,-,A,-,0,,,Y,,Y,,A,01,0,1,0,0,0,0,0,0,1,"- ","- ",,,"SAN FRANCISCO","SAN FRANCISCO",-122.42348991,37.78780991
8142606,2016,2016-11-10,3801,2016-09-30,1747,2216,BAYVI,5,5,7,3801,0,0,0,,0,3C13D,"SCOTIA AV","SILVER AV",0.00,,Y,A,-,N,,,,,,,,,,Y,4,0,2,2,A,-,09,21801,A,N,D,C,A,A,H,-,A,A,0,,,,,Y,,A,01,0,0,2,0,0,0,0,0,0,"- ","- ",,,"SAN FRANCISCO","SAN FRANCISCO",-122.40216997,37.734529950000002
8142653,2016,2016-10-21,3801,2016-09-02,1704,1014,MISSI,5,5,7,3801,0,0,0,,0,3D12D,"VALENCIA ST","18TH ST",0.00,,Y,A,-,N,,,,,,,,,,Y,4,0,1,2,A,-,09,21806,A,N,B,D,A,A,H,-,A,A,0,,,,,Y,,-,"- ",0,0,1,0,0,0,0,0,0,"- ","- ",,,"SAN FRANCISCO","SAN FRANCISCO",-122.42155988,37.761709949999997
8142689,2016,2016-10-21,3801,2016-09-08,1330,2198,NORTH,4,5,7,3801,0,0,0,,0,3E11,"BUSH ST","DIVISADERO ST",0.00,,Y,A,-,N,,,,,,,,,,Y,4,0,2,2,A,-,12,21453,A,N,D,C,A,A,H,-,A,A,0,,,,,Y,,-,,0,0,2,0,0,0,0,0,0,"- ","- ",,,"SAN FRANCISCO","SAN FRANCISCO",-122.44004998,37.786189999999998
8142697,2016,2016-10-21,3801,2016-09-08,1512,256,INGLE,4,5,7,3801,0,0,0,,0,4B8H,"PERSIA AV","MOSCOW ST",0.00,,Y,A,-,N,,,,,,,,,,N,4,0,2,2,A,-,09,21802,A,N,B,C,A,A,H,-,A,A,0,,,,,Y,,A,01,0,0,2,0,0,0,0,0,0,"- ","- ",37.71969,-122.42888000000001,"SAN FRANCISCO","SAN FRANCISCO",-122.42879994,37.71968991
8142987,2016,2016-10-20,3801,2016-09-19,1523,1682,TARAV,1,5,7,3801,0,0,0,,0,5CAR,"JUNIPERO SERRA BL","ESTERO AV",0.00,,Y,A,-,N,,,,,,,,,,Y,4,0,1,3,A,-,09,21800,A,N,D,C,A,A,H,-,A,A,0,,,,,Y,,A,01,0,0,1,0,0,0,0,0,0,"- ","- ",,,"SAN FRANCISCO","SAN FRANCISCO",-122.47214993999999,37.723729990000002
8143890,2016,2016-11-30,3801,2016-10-03,1120,2260,NORTH,1,5,7,3801,0,0,0,,0,4CAR,"JACKSON ST","SCOTT ST",99.00,W,N,A,-,N,,,,,,,,,,Y,4,0,3,2,C,-,18,,,N,C,E,A,A,H,-,A,D,0,,,,Y,Y,,-,"- ",0,0,3,0,0,0,0,0,0,"- ","- ",,,"SAN FRANCISCO","SAN FRANCISCO",-122.43982849,37.791787429999999
8143914,2016,2016-11-30,3801,2016-10-12,1045,1939,PARK,3,5,7,3801,0,0,0,,0,4B6H,"LINCOLN BL","4TH AV",113.00,E,N,B,-,N,,,,,,,,,,N,3,0,1,2,A,-,07,21658,A,N,C,C,A,A,H,-,A,D,0,,,,,Y,,J,49,0,1,0,0,0,0,0,0,0,"- ","- ",,,"SAN FRANCISCO","SAN FRANCISCO",-122.46068943,37.766175320000002
8144755,2016,2016-12-15,3801,2016-11-15,1043,2749,,2,5,7,3801,0,0,0,,0,3E11A,"OCTAVIA ST","PAGE ST",0.00,,Y,A,-,N,,,,,,,,,,Y,4,0,4,3,A,-,04,21703,,N,C,C,A,A,H,-,A,A,0,,,,,Y,,A,01,0,0,4,0,0,0,0,0,0,"- ","- ",,,"SAN FRANCISCO","SAN FRANCISCO",-122.42410987,37.773879960000002
8144759,2016,2016-12-14,3801,2016-11-30,2008,181,,3,5,7,3801,0,0,0,,0,4CAR,"MARKET ST","GUERRERO ST",0.00,,Y,A,-,N,,,,,,,,,,N,3,0,1,2,A,-,08,22107,,N,G,B,B,A,H,-,B,A,0,Y,,,,Y,,A,01,0,1,0,0,1,0,0,0,0,"- ","- ",,,"SAN FRANCISCO","SAN FRANCISCO",-122.42485991,37.770749879999997
8144787,2016,2017-01-03,3801,2016-08-17,1510,000917,MISSI,3,5,7,3801,0,0,0,,0,4B8E,"16TH ST","SANCHEZ ST",9.00,E,N,A,-,N,,,,,,,,,,N,4,0,1,2,A,-,07,21658,A,N,C,C,A,A,H,-,A,A,0,,,,,Y,,A,01,0,0,1,0,0,0,0,0,0,"- ","- ",,,"SAN FRANCISCO","SAN FRANCISCO",-122.43084896000001,37.764361989999998
8144809,2016,2016-12-23,3801,2016-11-11,0925,2704,CENTR,5,5,7,3801,0,0,0,,0,,"LEAVENWORTH ST","PINE ST",139.00,S,N,A,-,N,,,,,,,,,,N,4,0,2,2,A,-,03,21756,B,N,B,C,A,A,H,-,A,D,0,,,,,Y,,I,19,0,0,2,0,0,0,0,0,0,"- ","- ",,,"SAN FRANCISCO","SAN FRANCISCO",-122.41548616999999,37.789882669999997
8150352,2016,2016-12-01,3801,2016-09-11,0752,395,0,7,5,7,3801,0,0,0,,0,,"MCDONNELL RD","CARD READER BOX",5.00,N,N,A,-,N,,,,,,,,,,N,4,0,1,2,A,-,21,22106,,N,H,C,A,A,H,-,A,A,0,,,,,Y,,A,01,0,0,1,0,0,0,0,0,0,"- ","- ",,,"SAN FRANCISCO","SAN FRANCISCO",,
8166026,2016,2016-11-15,3801,2016-10-04,0838,2704,CENTR,2,5,7,3801,0,0,0,,0,,"GREEN ST","LEAVENWORTH ST",0.00,,Y,B,F,N,,,,,,,,,,Y,4,0,1,2,A,-,12,22450,A,N,D,C,A,A,G,-,A,A,0,,,,,Y,,A,01,0,0,1,0,0,0,0,0,0,"- ","- ",,,"SAN FRANCISCO","SAN FRANCISCO",-122.41722993,37.798479929999999
8166033,2016,2016-11-15,3801,2016-10-07,1055,222,BAYVI,5,5,7,3801,0,0,0,,0,3C4B,"BACON ST","SAN BRUNO AV",10.00,E,N,A,-,N,,,,,,,,,,Y,4,0,1,2,A,-,10,21950,A,N,G,B,B,A,H,-,A,A,0,Y,,,,Y,,A,01,0,0,1,0,1,0,0,0,0,"- ","- ",,,"SAN FRANCISCO","SAN FRANCISCO",-122.4035769,37.72764797
8166038,2016,2016-11-16,3801,2016-10-01,1240,1177,RICHM,6,5,7,3801,0,0,0,,0,3A2C,"ARGUELLO ST","CALIFORNIA ST",0.00,,Y,A,-,N,,,,,,,,,,Y,4,0,2,2,A,-,12,21453,A,N,D,C,A,A,H,-,A,A,0,,,,,Y,,A,01,0,0,2,0,0,0,0,0,0,"- ","- ",,,"SAN FRANCISCO","SAN FRANCISCO",-122.45920995,37.785669919999997