CASE_ID,ACCIDENT_YEAR,PROC_DATE,JURIS,COLLISION_DATE,COLLISION_TIME,OFFICER_ID,REPORTING_DISTRICT,DAY_OF_WEEK,CHP_SHIFT,POPULATION,CNTY_CITY_LOC,SPECIAL_COND,BEAT_TYPE,CHP_BEAT_TYPE,CITY_DIVISION_LAPD,CHP_BEAT_CLASS,BEAT_NUMBER,PRIMARY_RD,SECONDARY_RD,DISTANCE,DIRECTION,INTERSECTION,WEATHER_1,WEATHER_2,STATE_HWY_IND,CALTRANS_COUNTY,CALTRANS_DISTRICT,STATE_ROUTE,ROUTE_SUFFIX,POSTMILE_PREFIX,POSTMILE,LOCATION_TYPE,RAMP_INTERSECTION,SIDE_OF_HWY,TOW_AWAY,COLLISION_SEVERITY,NUMBER_KILLED,NUMBER_INJURED,PARTY_COUNT,PRIMARY_COLL_FACTOR,PCF_CODE_OF_VIOL,PCF_VIOL_CATEGORY,PCF_VIOLATION,PCF_VIOL_SUBSECTION,HIT_AND_RUN,TYPE_OF_COLLISION,MVIW,PED_ACTION,ROAD_SURFACE,ROAD_COND_1,ROAD_COND_2,LIGHTING,CONTROL_DEVICE,CHP_ROAD_TYPE,PEDESTRIAN_ACCIDENT,BICYCLE_ACCIDENT,MOTORCYCLE_ACCIDENT,TRUCK_ACCIDENT,NOT_PRIVATE_PROPERTY,ALCOHOL_INVOLVED,STWD_VEHTYPE_AT_FAULT,CHP_VEHTYPE_AT_FAULT,COUNT_SEVERE_INJ,COUNT_VISIBLE_INJ,COUNT_COMPLAINT_PAIN,COUNT_PED_KILLED,COUNT_PED_INJURED,COUNT_BICYCLIST_KILLED,COUNT_BICYCLIST_INJURED,COUNT_MC_KILLED,COUNT_MC_INJURED,PRIMARY_RAMP,SECONDARY_RAMP,LATITUDE,LONGITUDE,COUNTY,CITY,POINT_X,POINT_Y
8343053,2017,2017-04-11,3801,2017-03-23,1842,1304,COC,4,5,7,3801,0,0,0,,0,3C14D,"SILVER AV","SAN BRUNO AV",127.00,W,N,A,-,N,,,,,,,,,,N,3,0,1,2,A,-,11,21954,A,N,G,B,D,A,H,-,B,A,0,Y,,,,Y,,N,60,0,1,0,0,1,0,0,0,0,"- ","- ",,,"SAN FRANCISCO","SAN FRANCISCO",-122.40602746,37.732319609999998
8343067,2017,2017-04-12,3801,2017-03-16,1926,1427,TENDE,4,5,7,3801,0,0,0,,0,J11,"MARKET ST","8TH ST",0.00,,Y,A,G,N,,,,,,,,,,N,3,0,1,1,A,-,03,22350,,N,E,J,A,A,H,-,B,D,0,,Y,,,Y,,L,04,0,1,0,0,0,0,1,0,0,"- ","- ",,,"SAN FRANCISCO","SAN FRANCISCO",-122.41475996,37.778709880000001
8343070,2017,2017-04-13,3801,2017-03-18,2057,1636,TARAV,6,5,7,3801,0,0,0,,0,3I2D,"SUNSET BL","WAWONA ST",30.00,S,N,A,-,N,,,,,,,,,,Y,4,0,3,2,A,-,03,22350,,N,C,C,A,A,H,-,C,A,0,,,,,Y,,A,01,0,0,3,0,0,0,0,0,0,"- ","- ",,,"SAN FRANCISCO","SAN FRANCISCO",-122.49412445,37.736547700000003
8343071,2017,2017-04-12,3801,2017-03-16,1650,1517,TARAV,4,5,7,3801,0,0,0,,0,3I13D,"SKYLINE BL","HARDING RD",0.00,,Y,A,-,N,,,,,,,,,,Y,4,0,1,2,A,-,09,21804,A,N,D,C,A,A,H,-,A,D,0,,,,,Y,,A,01,0,0,1,0,0,0,0,0,0,"- ","- ",,,"SAN FRANCISCO","SAN FRANCISCO",-122.50252994,37.72661995
8343075,2017,2017-04-12,3801,2017-03-14,1337,2059,MISIS,2,5,7,3801,0,0,0,,0,3D14A,"22ND ST","MISSION ST",0.00,,Y,A,-,N,,,,,,,,,,N,4,0,1,2,A,-,11,21954,A,N,G,B,D,A,H,-,A,D,0,Y,,,,Y,,N,60,0,0,1,0,1,0,0,0,0,"- ","- ",,,"SAN FRANCISCO","SAN FRANCISCO",-122.41873990000001,37.755449990000002
8343076,2017,2017-08-21,3801,2017-03-12,2020,278,MISSI,7,5,7,3801,0,0,0,,0,3D11D,"MARKET ST","REFERENCE PT",18.00,N,N,A,-,N,,,,,,,,,,N,2,0,1,2,A,-,11,21954,A,F,G,B,D,A,H,-,C,A,0,Y,,,,Y,Y,N,60,1,0,0,0,1,0,0,0,0,"- ","- ",,,"SAN FRANCISCO","SAN FRANCISCO",,
8343080,2017,2017-04-14,3801,2017-03-12,1253,494,MISSI,7,5,7,3801,0,0,0,,0,0D2,"GUERRERO ST","25TH ST",0.00,,Y,A,-,N,,,,,,,,,,N,4,0,1,2,A,-,08,22107,A,N,A,C,A,A,H,-,A,A,0,,,Y,,Y,,A,01,0,0,1,0,0,0,0,0,1,"- ","- ",,,"SAN FRANCISCO","SAN FRANCISCO",-122.42271986,37.75038996
8343084,2017,2017-04-14,3801,2017-03-12,1317,2375,RICHM,7,5,7,3801,0,0,0,,0,3G60,"MARTIN LUTHER KING JR DR","STOW LAKE DR E",0.00,,Y,A,-,N,,,,,,,,,,N,4,0,1,2,A,-,11,21950,B,N,H,B,D,A,H,-,A,D,0,Y,Y,,,Y,,N,60,0,0,1,0,1,0,0,0,0,"- ","- ",,,"SAN FRANCISCO","SAN FRANCISCO",-122.47264997000001,37.767489980000001
8343086,2017,2017-04-13,3801,2017-03-19,1100,4291,TENDE,7,5,7,3801,0,0,0,,0,3J42C,"6TH ST","HOWARD ST",0.00,,Y,A,-,N,,,,,,,,,,N,4,0,1,2,A,-,07,21658,A,F,B,C,A,A,H,-,A,-,0,,,,,Y,Y,-,,0,0,1,0,0,0,0,0,0,"- ","- ",,,"SAN FRANCISCO","SAN FRANCISCO",-122.40713988,37.779749950000003
8343093,2017,2017-04-11,3801,2017-03-23,1429,2305,MISSI,4,5,7,3801,0,0,0,,0,,"18TH ST","S VAN NESS AV",0.00,,Y,A,-,N,,,,,,,,,,Y,4,0,1,4,A,-,00,21453,,F,D,C,B,A,H,-,A,A,0,Y,,,,Y,,A,01,0,0,1,0,1,0,0,0,0,"- ","- ",37.762160000000002,-122.41722,"SAN FRANCISCO","SAN FRANCISCO",-122.41719995,37.761949960000003
8343104,2017,2017-04-14,3801,2017-03-11,1846,470,NORTH,6,5,7,3801,0,0,0,,0,3E12E,"OFARRELL ST","ELLIS ST",0.00,,Y,A,-,N,,,,,,,,,,N,4,0,1,2,A,-,03,22350,,F,C,E,A,A,H,-,A,-,0,,,,,Y,,A,01,0,0,1,0,0,0,0,0,0,"- ","- ",,,"SAN FRANCISCO","SAN FRANCISCO",,
8343108,2017,2017-06-08,3801,2017-03-11,1859,1188,,6,5,7,3801,0,0,0,,0,3J12D,"HYDE ST","FULTON ST",15.00,S,N,A,-,N,,,,,,,,,,N,4,0,1,2,A,-,08,22107,,N,B,G,A,A,H,-,B,D,0,,Y,,,Y,,L,04,0,0,1,0,0,0,1,0,0,"- ","- ",,,"SAN FRANCISCO","SAN FRANCISCO",-122.41512319,37.77976915
8343110,2017,2017-04-13,3801,2017-03-17,1908,4316,RICHM,5,5,7,3801,0,0,0,,0,004,"GEARY BL","22ND AV",0.00,,Y,A,-,N,,,,,,,,,,N,4,0,1,2,A,-,10,21950,A,N,G,B,B,A,H,-,A,A,0,Y,,,,Y,,-,,0,0,1,0,1,0,0,0,0,"- ","- ",,,"SAN FRANCISCO","SAN FRANCISCO",-122.48153000000001,37.780289949999997
8343115,2017,2017-04-12,3801,2017-03-14,1634,677,NORTH,2,5,7,3801,0,0,0,,0,3E13D,"POST ST","LARKIN ST",0.00,,Y,A,-,N,,,,,,,,,,Y,3,0,2,2,A,-,12,21453,A,N,D,C,A,A,H,-,A,A,0,,,,,Y,,A,01,0,1,1,0,0,0,0,0,0,"- ","- ",,,"SAN FRANCISCO","SAN FRANCISCO",-122.41826994,37.787039900000003
8343119,2017,2017-04-12,3801,2017-03-14,1711,986,TARAV,2,5,7,3801,0,0,0,,0,3I16D,"SAN JOSE AV","SAGAMORE ST",0.00,,Y,A,-,N,,,,,,,,,,Y,4,0,1,2,A,-,00,21453,,N,D,C,A,A,H,-,A,A,0,,,,,Y,,A,01,0,0,1,0,0,0,0,0,0,"- ","- ",,,"SAN FRANCISCO","SAN FRANCISCO",-122.45581994,37.711239980000002
8343126,2017,2017-04-13,3801,2017-03-07,0839,1939,INGLE,2,5,7,3801,0,0,0,,0,4B6H,"MISSION ST","EXCELSIOR AV",6.00,S,N,A,-,N,,,,,,,,,,N,3,0,1,2,A,-,11,21456,B,N,G,B,B,A,H,-,A,A,0,Y,,,,Y,,N,60,0,1,0,0,1,0,0,0,0,"- ","- ",37.726300000000002,-122.43352,"SAN FRANCISCO","SAN FRANCISCO",-122.43365084,37.726225939999999
8343130,2017,2017-04-13,3801,2017-03-07,1205,2452,COA,2,5,7,3801,0,0,0,,0,3A60,"MASON ST","UNION ST",0.00,,Y,A,-,N,,,,,,,,,,Y,4,0,1,2,A,-,12,21453,A,F,D,C,A,A,H,-,A,A,0,,,,,Y,,A,01,0,0,1,0,0,0,0,0,0,"- ","- ",,,"SAN FRANCISCO","SAN FRANCISCO",-122.41246989,37.800019990000003
8343135,2017,2017-04-13,3801,2017-03-03,0229,215,TENDE,5,5,7,3801,0,0,0,,0,3J13E,"ELLIS ST","JONES ST",20.00,W,N,A,-,N,,,,,,,,,,Y,4,0,1,3,A,-,03,22350,A,F,B,E,A,A,H,-,C,A,0,,Y,,,Y,Y,A,07,0,0,1,0,0,0,1,0,0,"- ","- ",,,"SAN FRANCISCO","SAN FRANCISCO",-122.41284817,37.784890439999998
8343158,2017,2017-04-13,3801,2017-03-05,0146,2481,COF,7,5,7,3801,0,0,0,,0,001,"KEZAR DR","WALLER ST",0.00,,Y,B,C,N,,,,,,,,,,Y,3,0,2,1,A,-,03,22350,A,N,E,I,A,B,H,-,C,D,0,,,Y,,Y,,C,03,0,1,1,0,0,0,0,0,2,"- ","- ",,,"SAN FRANCISCO","SAN FRANCISCO",-122.45531827000001,37.768209329999998
8343161,2017,2017-04-13,3801,2017-03-09,0802,251,INGLE,4,5,7,3801,0,0,0,,0,3H10,"SAN JOSE AV","ROUSSEAU ST",426.00,S,N,A,-,N,,,,,,,,,,N,4,0,1,2,A,-,03,22350,,N,C,C,A,A,H,-,A,D,0,,,,,Y,,A,01,0,0,1,0,0,0,0,0,0,"- ","- ",,,"SAN FRANCISCO","SAN FRANCISCO",-122.43171626,37.733301529999999
8343180,2017,2017-04-14,3801,2017-03-11,0450,1364,NORTH,6,5,7,3801,0,0,0,,0,901,"FRANKLIN ST","ELLIS ST",0.00,,Y,A,-,N,,,,,,,,,,Y,3,0,1,2,A,-,00,23103,A,M,E,I,A,A,H,-,C,A,0,,,,,Y,,A,01,0,1,0,0,0,0,0,0,0,"- ","- ",,,"SAN FRANCISCO","SAN FRANCISCO",-122.42264996,37.783609939999998
8343187,2017,2017-04-13,3801,2017-03-02,0700,1290,TARAV,4,5,7,3801,0,0,0,,0,0I5,"EUCALYPTUS DR","WESTMOORLAND DR",0.00,,Y,A,-,N,,,,,,,,,,N,2,0,1,2,A,-,10,21950,A,F,A,B,B,A,H,-,A,D,0,Y,,,,Y,,A,01,1,0,0,0,1,0,0,0,0,"- ","- ",,,"SAN FRANCISCO","SAN FRANCISCO",-122.49051991,37.73093995
8343189,2017,2017-04-12,3801,2017-03-08,1045,1485,3E,3,5,7,3801,0,0,0,,0,12A,"DIVISADERO ST","GOLDEN GATE AV",0.00,,Y,A,-,N,,,,,,,,,,N,4,0,1,2,A,-,04,21703,,N,C,C,A,A,H,-,A,A,0,,,,,Y,,A,01,0,0,1,0,0,0,0,0,0,"- ","- ",,,"SAN FRANCISCO","SAN FRANCISCO",-122.43853989,37.778729890000001
8343190,2017,2017-04-14,3801,2017-03-04,1842,004286,RICHM,6,5,7,3801,0,0,0,,0,0G3,"9TH AV","CLEMENT ST",0.00,,Y,C,-,N,,,,,,,,,,N,4,0,1,2,A,-,10,21950,A,N,G,B,B,B,H,-,C,A,0,Y,,,,Y,,A,07,0,0,1,0,1,0,0,0,0,"- ","- ",,,"SAN FRANCISCO","SAN FRANCISCO",-122.46762998,37.782779980000001
8343191,2017,2017-04-13,3801,2017-03-02,2128,255,INFLE,4,5,7,3801,0,0,0,,0,3H13E,"MISSION ST","COLLEGE AV",0.00,,Y,A,-,N,,,,,,,,,,Y,3,0,1,2,D,-,00,,,N,D,C,A,A,H,-,C,D,0,,,,,Y,,-,"- ",0,1,0,0,0,0,0,0,0,"- ","- ",,,"SAN FRANCISCO","SAN FRANCISCO",-122.42480987,37.735259890000002
8343195,2017,2017-04-13,3801,2017-03-02,1908,279,CENTR,4,5,7,3801,0,0,0,,0,3A11D,"POST ST","JONES ST",0.00,,Y,A,-,N,,,,,,,,,,N,3,0,1,2,A,-,10,21950,A,N,G,B,B,A,H,-,C,A,0,Y,,,,Y,,A,01,0,1,0,0,1,0,0,0,0,"- ","- ",,,"SAN FRANCISCO","SAN FRANCISCO",-122.41333989,37.787689960000002
8343199,2017,2017-05-04,3801,2017-03-02,1854,2207,SOUTH,4,5,7,3801,0,0,0,,0,3B11D,"FOLSOM ST","HARRIET ST",0.00,,Y,A,-,N,,,,,,,,,,N,4,0,1,3,A,-,03,22350,,N,C,C,A,A,H,-,C,D,0,,,,,Y,,A,01,0,0,1,0,0,0,0,0,0,"- ","- ",,,"SAN FRANCISCO","SAN FRANCISCO",-122.40613994,37.778080000000003
8344492,2017,2017-04-18,3801,2017-03-24,0948,203,MISSI,5,5,7,3801,0,0,0,,0,006,"22ND ST","POTRERO AV",300.00,E,N,B,C,N,,,,,,,,,,N,3,0,1,2,A,-,10,21950,A,F,G,B,C,B,H,-,A,D,0,Y,,,,Y,,A,01,0,1,0,0,1,0,0,0,0,"- ","- ",,,"SAN FRANCISCO","SAN FRANCISCO",-122.40566483000001,37.756900709999996
8344496,2017,2017-04-18,3801,2017-03-22,1709,A20979,SOUTH,3,5,7,3801,0,0,0,,0,3B14D,"HOWARD ST","1ST ST",84.00,E,N,A,-,N,,,,,,,,,,Y,4,0,1,3,A,-,03,22350,,N,C,C,A,A,H,-,A,A,0,,,,,Y,,A,01,0,0,1,0,0,0,0,0,0,"- ","- ",,,"SAN FRANCISCO","SAN FRANCISCO",-122.39583061,37.788710119999998
8344500,2017,2017-04-18,3801,2017-03-30,1800,A21369,SOUTH,4,5,7,3801,0,0,0,,0,0B5,"TOWNSEND ST","2ND ST",0.00,,Y,A,-,N,,,,,,,,,,N,3,0,1,3,A,-,17,22517,,N,B,G,A,A,H,-,A,A,0,,Y,,,Y,,-,,0,1,0,0,0,0,1,0,0,"- ","- ",,,"SAN FRANCISCO","SAN FRANCISCO",-122.39051993,37.780619989999998
8344544,2017,2017-04-18,3801,2017-03-26,1439,A11409,SOUTH,7,5,7,3801,0,0,0,,0,0B4,"MARKET ST","MCCOPPIN ST",0.00,,Y,A,-,N,,,,,,,,,,N,2,0,1,2,A,-,08,22107,,N,C,G,A,A,G,-,A,D,0,,Y,,,Y,Y,A,01,1,0,0,0,0,0,1,0,0,"- ","- ",,,"SAN FRANCISCO","SAN FRANCISCO",-122.42381399999999,37.771605000000001
8344548,2017,2017-04-18,3801,2017-03-15,1106,2375,RICHM,3,5,7,3801,0,0,0,,0,3G60,"34TH AV","CLEMENT ST",0.00,N,N,B,-,N,,,,,,,,,,N,4,0,1,2,A,-,11,21950,B,N,G,B,D,-,-,-,A,D,0,Y,,,,Y,,N,60,0,0,1,0,1,0,0,0,0,"- ","- ",,,"SAN FRANCISCO","SAN FRANCISCO",-122.49449996,37.781569900000001
8344560,2017,2017-04-18,3801,2017-03-08,1839,892,SOUTH,3,5,7,3801,0,0,0,,0,3B13D,"11TH ST","MISSION ST",32.00,S,N,A,-,N,,,,,,,,,,N,4,0,1,2,A,-,17,22517,,N,H,G,A,A,H,-,C,A,0,,Y,,,Y,,A,01,0,0,1,0,0,0,1,0,0,"- ","- ",,,"SAN FRANCISCO","SAN FRANCISCO",-122.41702119,37.774268229999997
8351939,2016,2017-05-23,3801,2016-09-28,1652,1044,COE,3,5,7,3801,0,0,0,,0,,"FELL ST","DIVISION ST",0.00,,Y,A,-,N,,,,,,,,,,N,4,0,1,2,-,-,"- ",,,N,-,C,A,A,H,-,A,A,0,,,,,Y,,-,"- ",0,0,1,0,0,0,0,0,0,"- ","- ",,,"SAN FRANCISCO","SAN FRANCISCO",-122.43761121999999,37.774058220000001
8352682,2017,2017-06-01,3801,2017-04-02,1601,195,"CO E",7,5,7,3801,0,0,0,,0,3E15D,"FILBERT ST","FILLMORE ST",0.00,,Y,A,-,N,,,,,,,,,,N,4,0,1,2,A,-,09,21800,A,N,D,C,A,A,H,-,A,D,0,,,,,Y,,A,01,0,0,1,0,0,0,0,0,0,"- ","- ",,,"SAN FRANCISCO","SAN FRANCISCO",-122.43567999,37.798019969999999
8352691,2017,2017-05-31,3801,2017-04-28,1010,465,3801,5,5,7,3801,0,0,0,,0,901,"CLIPPER ST","NOE ST",20.00,E,N,A,-,N,,,,,,,,,,N,4,0,1,2,A,-,06,21750,A,N,B,C,A,A,-,-,A,-,0,,,,Y,Y,,A,01,0,0,1,0,0,0,0,0,0,"- ","- ",,,"SAN FRANCISCO","SAN FRANCISCO",-122.43157096,37.749033730000001
8352695,2017,2017-06-01,3801,2017-04-21,1340,4180,PARK,5,5,7,3801,0,0,0,,0,03F,"CLARENDON AV","LAGUNA HONDA BL",44.00,E,N,A,-,N,,,,,,,,,,N,4,0,1,2,A,-,04,21703,,N,C,C,A,A,H,-,A,A,0,,,,,Y,,-,,0,0,1,0,0,0,0,0,0,"- ","- ",,,"SAN FRANCISCO","SAN FRANCISCO",-122.4615055,37.751529660000003
8359480,2017,2017-05-11,3801,2017-04-12,1214,257,NORTH,3,5,7,3801,0,0,0,,0,3E12A,"GEARY BL","SCOTT ST",3.00,W,N,-,-,N,,,,,,,,,,N,4,0,1,2,A,-,04,21703,,N,C,C,A,-,-,-,-,-,0,,,,,Y,,I,11,0,0,1,0,0,0,0,0,0,"- ","- ",,,"SAN FRANCISCO","SAN FRANCISCO",-122.43786009999999,37.783788080000001
8359516,2017,2017-05-11,3801,2017-04-21,0950,1925,BAYVI,5,5,7,3801,0,0,0,,0,3C15A,"CESAR CHAVEZ ST","2200 CESAR CHAVEZ ST",85.00,E,N,A,-,N,,,,,,,,,,N,3,0,1,2,A,-,08,22107,,N,D,C,A,A,H,-,A,D,0,,,Y,,Y,,D,23,0,1,0,0,0,0,0,0,1,"- ","- ",,,"SAN FRANCISCO","SAN FRANCISCO",,
8360104,2017,2017-05-11,3801,2017-04-15,0054,1104,INGLE,6,5,7,3801,0,0,0,,0,3H13E,"BAYSHORE BL","ARLETA AV",0.00,,Y,A,-,N,,,,,,,,,,N,4,0,1,2,D,-,00,,,F,B,B,B,A,H,-,C,A,0,Y,,,,Y,,-,"- ",0,0,1,0,1,0,0,0,0,"- ","- ",,,"SAN FRANCISCO","SAN FRANCISCO",-122.40260997999999,37.712269990000003
8360108,2017,2017-05-11,3801,2017-04-21,1245,2450,INGLE,5,5,7,3801,0,0,0,,0,3H15C,"MADRID ST","AMAZON AV",24.00,N,N,A,-,N,,,,,,,,,,N,4,0,1,2,A,-,01,23152,A,N,A,E,A,A,H,-,A,D,0,,,,,Y,Y,A,01,0,0,1,0,0,0,0,0,0,"- ","- ",,,"SAN FRANCISCO","SAN FRANCISCO",-122.43701752,37.716036639999999
8360127,2017,2017-05-11,3801,2017-04-27,2016,1469,NORTH,4,5,7,3801,0,0,0,,0,3E11D,"TURK ST","FILLMORE ST",121.00,E,N,A,-,N,,,,,,,,,,N,3,0,1,2,A,-,00,21955,A,N,G,-,D,A,H,-,C,D,0,Y,,,,Y,Y,N,60,0,1,0,0,1,0,0,0,0,"- ","- ",,,"SAN FRANCISCO","SAN FRANCISCO",-122.43171605000001,37.780540479999999
8360139,2017,2017-05-11,3801,2017-04-28,1816,2079,TENDE,5,5,7,3801,0,0,0,,0,3J41C,"EDDY ST","MASON ST",0.00,,Y,A,-,N,,,,,,,,,,N,3,0,2,2,A,-,00,23103,A,F,D,C,A,A,H,-,A,A,0,,,,,Y,,-,,0,2,0,0,0,0,0,0,0,"- ","- ",,,"SAN FRANCISCO","SAN FRANCISCO",-122.40929991,37.784379960000003
8360140,2017,2017-05-11,3801,2017-04-22,0117,1061,NORTH,6,5,7,3801,0,0,0,,0,3E13E,"VAN NESS AV","CHESTNUT ST",0.00,,Y,A,-,N,,,,,,,,,,Y,4,0,1,2,A,-,12,21453,A,N,D,C,A,A,H,-,C,A,0,,,,,Y,,A,01,0,0,1,0,0,0,0,0,0,"- ","- ",,,"SAN FRANCISCO","SAN FRANCISCO",-122.42477992000001,37.802259980000002
8360148,2017,2017-05-11,3801,2017-04-22,2137,A20817,BAYVI,6,5,7,3801,0,0,0,,0,3C13E,"HUDSON AV","MENDELL ST",0.00,,Y,A,-,N,,,,,,,,,,N,2,0,1,2,A,-,11,21955,,N,G,B,D,A,-,-,C,A,0,Y,,,,Y,,N,60,1,0,0,0,1,0,0,0,0,"- ","- ",,,"SAN FRANCISCO","SAN FRANCISCO",-122.38639997,37.738969949999998
8360159,2017,2017-05-11,3801,2017-04-21,1350,2452,CENTR,5,5,7,3801,0,0,0,,0,3A60,"GEARY ST","LEAVENWORTH ST",0.00,,Y,A,-,N,,,,,,,,,,Y,4,0,2,2,A,-,09,21800,D,N,D,C,A,A,H,-,A,B,0,,,,,Y,,A,01,0,0,2,0,0,0,0,0,0,"- ","- ",,,"SAN FRANCISCO","SAN FRANCISCO",-122.41479993999999,37.78653997
8360172,2017,2017-05-11,3801,2017-04-29,1328,A22696,SOUTH,6,5,7,3801,0,0,0,,0,3B15C,"TOWNSEND ST","COLIN P KELLY JR ST",15.00,E,N,A,-,N,,,,,,,,,,N,3,0,1,2,A,-,09,21801,A,N,H,A,A,A,H,-,A,A,0,,,Y,,Y,,A,01,0,1,0,0,0,0,0,0,1,"- ","- ",,,"SAN FRANCISCO","SAN FRANCISCO",-122.38970187,37.781257969999999
8360176,2017,2017-05-11,3801,2017-04-26,1513,560,INGLE,3,5,7,3801,0,0,0,,0,3H16C,"ARLETA AV","BAYSHORE BL",0.00,,Y,A,-,N,,,,,,,,,,N,4,0,2,3,B,-,22,,,N,G,B,B,A,H,-,A,A,0,Y,,,,Y,,A,01,0,0,2,0,2,0,0,0,0,"- ","- ",,,"SAN FRANCISCO","SAN FRANCISCO",-122.40260997999999,37.712269990000003
8360183,2017,2017-05-11,3801,2017-04-01,1754,256,INGLE,6,5,7,3801,0,0,0,,0,4B8I,"VISITACION AV","SAWYER ST",0.00,,Y,A,-,N,,,,,,,,,,Y,3,0,3,3,A,-,03,22350,,N,D,C,A,A,H,-,A,A,0,,,,,Y,,A,01,0,2,1,0,0,0,0,0,0,"- ","- ",37.713340000000002,-122.41428000000001,"SAN FRANCISCO","SAN FRANCISCO",-122.41435994,37.713259919999999
8360193,2017,2017-05-11,3801,2017-04-24,0805,004286,RICHM,1,5,7,3801,0,0,0,,0,0G3,"FULTON ST","16TH AV",0.00,,Y,A,-,N,,,,,,,,,,N,4,0,1,2,A,-,09,21801,A,N,D,C,A,A,H,-,A,A,0,,,,,Y,,A,07,0,0,1,0,0,0,0,0,0,"- ","- ",,,"SAN FRANCISCO","SAN FRANCISCO",-122.47453999,37.772999910000003
8360195,2017,2017-05-11,3801,2017-04-07,1235,545,NORTH,5,5,7,3801,0,0,0,,0,3E12C,"GROVE ST","WEBSTER ST",0.00,,Y,A,-,N,,,,,,,,,,Y,4,0,2,2,A,-,12,21453,A,N,D,C,A,A,H,-,A,A,0,,,,,Y,,A,01,0,0,2,0,0,0,0,0,0,"- ","- ",,,"SAN FRANCISCO","SAN FRANCISCO",-122.42974997,37.776969989999998
8360201,2017,2017-05-11,3801,2017-04-24,1647,4057,NORTH,1,5,7,3801,0,0,0,,0,3E15D,"MARINA BL","FILLMORE ST",75.00,E,N,A,-,N,,,,,,,,,,N,3,0,2,2,A,-,03,22350,,N,G,-,F,A,H,-,A,-,0,Y,Y,,,Y,,L,04,0,2,0,0,1,0,1,0,0,"- ","- ",,,"SAN FRANCISCO","SAN FRANCISCO",-122.43718326,37.806430669999997
8360203,2017,2017-05-11,3801,2017-04-07,1744,986,TARAV,5,5,7,3801,0,0,0,,0,3I15D,"LAKE MERCED BL","HIGUERA AV",0.00,,Y,A,C,N,,,,,,,,,,N,4,0,2,4,A,-,03,22350,,N,C,C,A,B,H,-,A,A,0,,,,,Y,,A,01,0,0,2,0,0,0,0,0,0,"- ","- ",,,"SAN FRANCISCO","SAN FRANCISCO",-122.48509994,37.71854991
8360208,2017,2017-05-11,3801,2017-04-29,1645,A22067,CENTR,6,5,7,3801,0,0,0,,0,3A15C,"HYDE ST","WASHINGTON ST",0.00,,Y,A,-,N,,,,,,,,,,N,4,0,1,2,A,-,10,21950,A,N,G,B,B,A,H,-,A,A,0,Y,,,,Y,,A,01,0,0,1,0,1,0,0,0,0,"- ","- ",,,"SAN FRANCISCO","SAN FRANCISCO",-122.41793988000001,37.793689960000002
8360212,2017,2017-05-11,3801,2017-04-30,1730,448,CENTR,7,5,7,3801,0,0,0,,0,3A5D,"THE EMBARCADERO","WASHINGTON ST",120.00,N,N,A,-,N,,,,,,,,,,N,4,0,1,2,A,-,03,22350,,N,C,C,A,A,H,-,A,A,0,,,,,Y,,A,01,0,0,1,0,0,0,0,0,0,"- ","- ",,,"SAN FRANCISCO","SAN FRANCISCO",-122.39579113000001,37.796913930000002
8360215,2017,2017-05-11,3801,2017-04-02,1140,1990,3B7A,7,5,7,3801,0,0,0,,0,3B7A,"TREASURE ISLAND RD",MACALLA,0.00,,Y,A,-,N,,,,,,,,,,N,4,0,2,2,A,-,02,22400,A,N,D,C,A,A,H,-,A,D,0,,,,,Y,,A,01,0,0,2,0,0,0,0,0,0,"- ","- ",,,"SAN FRANCISCO","SAN FRANCISCO",-122.37102985999999,37.813229980000003
8360225,2017,2017-05-11,3801,2017-04-05,1624,33,CENTR,3,5,7,3801,0,0,0,,0,004,"COLUMBUS AV","WASHINGTON ST",0.00,,Y,A,-,N,,,,,,,,,,N,4,0,1,2,A,-,08,22102,,N,H,C,A,A,H,-,A,A,0,,,Y,,Y,,A,01,0,0,1,0,0,0,0,0,1,"- ","- ",,,"SAN FRANCISCO","SAN FRANCISCO",-122.40329986,37.795529899999998
8360226,2017,2017-05-11,3801,2017-04-17,1650,A21296,,1,5,7,3801,0,0,0,,0,3C15D,"BACON ST","SAN BRUNO AV",0.00,,Y,B,-,N,,,,,,,,,,N,4,0,1,2,A,-,10,21950,A,F,G,B,B,B,H,-,A,A,0,Y,,,,Y,,A,01,0,0,1,0,1,0,0,0,0,"- ","- ",,,"SAN FRANCISCO","SAN FRANCISCO",-122.40360991,37.7276399
8360232,2017,2017-05-11,3801,2017-04-25,2146,574,NORTH,2,5,7,3801,0,0,0,,0,3E16E,"POST ST","FILLMORE ST",6.00,E,N,A,-,N,,,,,,,,,,N,4,0,1,2,A,-,10,21950,A,N,G,B,B,A,H,-,C,A,0,Y,,,,Y,,A,01,0,0,1,0,1,0,0,0,0,"- ","- ",,,"SAN FRANCISCO","SAN FRANCISCO",-122.43305949000001,37.785162589999999
8360236,2017,2017-05-11,3801,2017-04-26,1419,2132,,3,5,7,3801,0,0,0,,0,,"VALENCIA ST","22ND ST",0.00,,Y,C,-,N,,,,,,,,,,N,3,0,1,2,A,-,10,21950,A,N,G,B,B,B,H,-,A,A,0,Y,,,,Y,,-,,0,1,0,0,1,0,0,0,0,"- ","- ",,,"SAN FRANCISCO","SAN FRANCISCO",-122.42096986,37.755309920000002
8360329,2017,2017-05-11,3801,2017-04-25,1906,1240,MISSI,2,5,7,3801,0,0,0,,0,3D14D,"S VAN NESS AV","25TH ST",100.00,N,N,A,-,N,,,,,,,,,,N,3,0,1,2,A,-,06,21750,A,F,B,C,A,A,H,-,B,A,0,,,Y,,Y,,A,01,0,1,0,0,0,0,0,0,1,"- ","- ",,,"SAN FRANCISCO","SAN FRANCISCO",-122.41618855999999,37.751054320000001