CASE_ID,ACCIDENT_YEAR,PROC_DATE,JURIS,COLLISION_DATE,COLLISION_TIME,OFFICER_ID,REPORTING_DISTRICT,DAY_OF_WEEK,CHP_SHIFT,POPULATION,CNTY_CITY_LOC,SPECIAL_COND,BEAT_TYPE,CHP_BEAT_TYPE,CITY_DIVISION_LAPD,CHP_BEAT_CLASS,BEAT_NUMBER,PRIMARY_RD,SECONDARY_RD,DISTANCE,DIRECTION,INTERSECTION,WEATHER_1,WEATHER_2,STATE_HWY_IND,CALTRANS_COUNTY,CALTRANS_DISTRICT,STATE_ROUTE,ROUTE_SUFFIX,POSTMILE_PREFIX,POSTMILE,LOCATION_TYPE,RAMP_INTERSECTION,SIDE_OF_HWY,TOW_AWAY,COLLISION_SEVERITY,NUMBER_KILLED,NUMBER_INJURED,PARTY_COUNT,PRIMARY_COLL_FACTOR,PCF_CODE_OF_VIOL,PCF_VIOL_CATEGORY,PCF_VIOLATION,PCF_VIOL_SUBSECTION,HIT_AND_RUN,TYPE_OF_COLLISION,MVIW,PED_ACTION,ROAD_SURFACE,ROAD_COND_1,ROAD_COND_2,LIGHTING,CONTROL_DEVICE,CHP_ROAD_TYPE,PEDESTRIAN_ACCIDENT,BICYCLE_ACCIDENT,MOTORCYCLE_ACCIDENT,TRUCK_ACCIDENT,NOT_PRIVATE_PROPERTY,ALCOHOL_INVOLVED,STWD_VEHTYPE_AT_FAULT,CHP_VEHTYPE_AT_FAULT,COUNT_SEVERE_INJ,COUNT_VISIBLE_INJ,COUNT_COMPLAINT_PAIN,COUNT_PED_KILLED,COUNT_PED_INJURED,COUNT_BICYCLIST_KILLED,COUNT_BICYCLIST_INJURED,COUNT_MC_KILLED,COUNT_MC_INJURED,PRIMARY_RAMP,SECONDARY_RAMP,LATITUDE,LONGITUDE,COUNTY,CITY,POINT_X,POINT_Y
8553147,2018,2018-02-14,3801,2018-01-18,1237,4036,SOUTH,4,5,7,3801,0,0,0,,0,4B2I,"MISSION ST","JULIA ST",130.00,E,N,B,-,N,,,,,,,,,,N,3,0,1,2,A,-,11,21954,A,N,G,B,D,B,H,-,A,B,0,Y,,,,Y,,N,60,0,1,0,0,1,0,0,0,0,"- ","- ",37.778011322021484,-122.41259002685547,"SAN FRANCISCO","SAN FRANCISCO",-122.41208648681641,37.778297424316406
8553152,2018,2018-02-14,3801,2018-01-12,1055,859,TENDE,5,5,7,3801,0,0,0,,0,03J,"5TH ST","FOLSOM ST",34.00,N,N,B,-,N,,,,,,,,,,N,3,0,1,2,A,-,06,21750,A,F,-,J,A,A,H,-,A,A,0,,,,,Y,,-,"- ",0,1,0,0,0,0,0,0,0,"- ","- ",,,"SAN FRANCISCO","SAN FRANCISCO",-122.40348052978516,37.780338287353516
8553159,2018,2018-02-14,3801,2018-01-25,0926,1794,SOUTH,4,5,7,3801,0,0,0,,0,4B1I,"TERRY A FRANCOIS BL","SOUTH ST",193.00,N,N,B,-,N,,,,,,,,,,N,3,0,1,2,A,-,08,22102,,N,D,C,A,B,H,-,A,D,0,,Y,,,Y,,A,01,0,1,0,0,0,0,1,0,0,"- ","- ",37.768939971923828,-122.38655853271484,"SAN FRANCISCO","SAN FRANCISCO",-122.3863525390625,37.769557952880859
8553166,2018,2018-02-14,3801,2018-01-05,1004,1917,TARAV,5,5,7,3801,0,0,0,,0,3I16A,"LAKE MERCED BL","SUNSET BL",0.00,,Y,C,-,N,,,,,,,,,,Y,4,0,2,2,A,-,03,22350,,N,D,C,A,B,H,-,A,A,0,,,,,Y,,A,01,0,0,2,0,0,0,0,0,0,"- ","- ",,,"SAN FRANCISCO","SAN FRANCISCO",-122.49353790283203,37.729579925537109
8553170,2018,2018-02-14,3801,2018-01-05,0841,164,NORTH,5,5,7,3801,0,0,0,,0,COE,GEARY,LAGUNA,0.00,,Y,B,C,N,,,,,,,,,,N,4,0,1,2,A,-,10,21950,A,N,B,B,B,B,H,-,A,A,0,Y,,,,Y,,-,,0,0,1,0,1,0,0,0,0,"- ","- ",,,"SAN FRANCISCO","SAN FRANCISCO",-122.42800140380859,37.785041809082031
8553182,2018,2018-02-14,3801,2018-01-05,1930,344,SOUTH,5,5,7,3801,0,0,0,,0,001,"2ND ST","BRANNAN ST",3.00,N,N,C,-,N,,,,,,,,,,N,4,0,1,2,A,-,10,21950,A,N,G,B,B,B,H,-,C,A,0,Y,,,,Y,,A,01,0,0,1,0,0,0,0,0,0,"- ","- ",,,"SAN FRANCISCO","SAN FRANCISCO",-122.39206695556641,37.781845092773438
8553187,2018,2018-02-14,3801,2018-01-14,1523,328,INGLE,7,5,7,3801,0,0,0,,0,3H12C,"GENEVA AV","PHONE POLE  #110045581",37.00,,N,A,-,N,,,,,,,,,,N,4,0,1,2,A,-,09,21801,A,N,D,C,A,A,H,-,A,A,0,,,,,Y,,A,01,0,0,1,0,0,0,0,0,0,"- ","- ",37.711898803710938,-122.42828369140625,"SAN FRANCISCO","SAN FRANCISCO",,
8553192,2018,2018-02-14,3801,2018-01-05,0555,470,NORTH,5,5,7,3801,0,0,0,,0,3E78,"PINE ST","FULTON ST",0.00,,Y,A,-,N,,,,,,,,,,Y,4,0,1,2,A,-,10,21950,A,N,G,B,B,A,H,-,C,A,0,Y,,,,Y,,A,01,0,0,1,0,1,0,0,0,0,"- ","- ",,,"SAN FRANCISCO","SAN FRANCISCO",,
8553194,2018,2018-02-14,3801,2018-01-06,1835,195,3E13D,6,5,7,3801,0,0,0,,0,06E,"POLK ST","BROADWAY ST",35.00,S,N,A,-,N,,,,,,,,,,N,4,0,1,2,A,-,11,21954,A,N,G,B,E,A,H,-,A,A,0,Y,,,,Y,,N,60,0,0,1,0,1,0,0,0,0,"- ","- ",,,"SAN FRANCISCO","SAN FRANCISCO",-122.42173767089844,37.795845031738281
8553197,2018,2018-02-13,3801,2018-01-08,2141,271,SOUTH,1,5,7,3801,0,0,0,,0,0B1,"FOLSOM ST","3RD ST",0.00,,Y,C,-,N,,,,,,,,,,N,3,0,1,2,A,-,11,21954,A,N,G,B,E,B,H,-,C,A,0,Y,,,,Y,Y,N,60,0,1,0,0,1,0,0,0,0,"- ","- ",,,"SAN FRANCISCO","SAN FRANCISCO",-122.39895629882812,37.783779144287109
8553229,2018,2018-02-15,3801,2018-01-03,1741,A09968,COFPA,3,5,7,3801,0,0,0,,0,3F61,"PARNASSUS AV","HILLWAY AV",36.00,W,N,B,C,N,,,,,,,,,,N,4,0,1,2,A,-,11,21950,B,N,G,B,D,B,H,-,C,A,0,Y,,,,Y,,N,60,0,0,1,0,1,0,0,0,0,"- ","- ",,,"SAN FRANCISCO","SAN FRANCISCO",-122.45681762695312,37.763805389404297
8553253,2018,2018-02-15,3801,2018-01-06,0720,529,TARAV,6,5,7,3801,0,0,0,,0,3I15A,"JUNIPERO SERRA BL","MERCEDES WY",9.00,S,N,A,-,N,,,,,,,,,,Y,3,0,1,1,A,-,03,22350,,N,B,I,A,B,H,-,A,A,0,,,,,Y,,A,07,0,1,0,0,0,0,0,0,0,"- ","- ",,,"SAN FRANCISCO","SAN FRANCISCO",-122.47199249267578,37.726825714111328
8553439,2017,2018-02-21,3801,2017-07-14,2140,1695,NORTH,5,5,7,3801,0,0,0,,0,COE2CA,"GEARY BL","LAGUNA ST",0.00,,Y,A,-,N,,,,,,,,,,Y,4,0,2,2,A,-,08,22101,D,N,A,C,A,A,H,-,C,A,0,,,,,Y,,-,,0,0,2,0,0,0,0,0,0,"- ","- ",,,"SAN FRANCISCO","SAN FRANCISCO",-122.42799999,37.785039920000003
8554181,2018,2018-08-02,3801,2018-01-10,1400,A03640,SOUTH,3,5,7,3801,0,0,0,,0,3B5B,"HARRISON ST","ESSEX ST",0.00,,Y,A,-,Y,SF,4,80,-,-,5.543,R,4,E,N,4,0,1,3,A,-,03,22350,,N,C,C,A,B,H,-,A,D,0,,,,,Y,,A,01,0,0,1,0,0,0,0,0,0,"- ","- ",,,"SAN FRANCISCO","SAN FRANCISCO",-122.39054107666016,37.786197662353516
8555252,2018,2018-02-14,3801,2018-01-09,1821,676,TENDE,2,5,7,3801,0,0,0,,0,3J52D,"MARKET ST","5TH ST",0.00,,Y,A,-,N,,,,,,,,,,N,4,0,1,2,A,-,12,21453,A,N,H,G,A,A,H,-,C,A,0,,Y,,,Y,,L,04,0,0,1,0,0,0,1,0,0,"- ","- ",,,"SAN FRANCISCO","SAN FRANCISCO",-122.40805816650391,37.784000396728516
8555562,2018,2018-02-16,3801,2018-01-05,0645,189,NORTH,5,5,7,3801,0,0,0,,0,004,"BUSH ST","LAGUNA ST",0.00,,Y,C,-,N,,,,,,,,,,N,4,0,1,2,A,-,10,21950,A,N,G,B,B,B,H,-,C,A,0,Y,,,,Y,,A,07,0,0,1,0,1,0,0,0,0,"- ","- ",,,"SAN FRANCISCO","SAN FRANCISCO",-122.42852783203125,37.787651062011719
8556698,2017,2018-03-08,3801,2017-12-09,1607,2111,MISSI,6,5,7,3801,0,0,0,,0,3D15D,"16TH ST","BRYANT ST",0.00,,Y,A,-,N,,,,,,,,,,N,3,0,1,2,A,-,09,21804,A,N,E,C,A,A,H,-,A,D,0,,,,,Y,,-,"- ",0,1,0,0,0,0,0,0,0,"- ","- ",,,"SAN FRANCISCO","SAN FRANCISCO",-122.41051998,37.765589970000001
8557536,2018,2018-03-15,3801,2018-02-26,1132,1572,SOUTH,1,5,7,3801,0,0,0,,0,3B13A,"FOLSOM ST","7TH ST",0.00,,Y,A,-,N,,,,,,,,,,N,4,0,1,2,A,-,07,21658,A,N,B,G,A,A,H,-,A,A,0,,Y,,,Y,,L,04,0,0,1,0,0,0,1,0,0,"- ","- ",,,"SAN FRANCISCO","SAN FRANCISCO",-122.40785217285156,37.776771545410156
8558208,2018,2018-06-25,3801,2018-04-30,2047,1730,INGLE,1,5,7,3801,0,0,0,,0,4B4D,"MONTEREY BL","CIRCULAR AV",0.00,,Y,A,-,N,,,,,,,,,,Y,4,0,1,2,A,-,08,22100,B,M,D,C,A,A,H,-,C,A,0,,,,,Y,,A,01,0,0,1,0,0,0,0,0,0,"- ","- ",,,"SAN FRANCISCO","SAN FRANCISCO",-122.4365234375,37.731578826904297
8562261,2018,2018-02-27,3801,2018-01-26,0620,1561,MISSI,5,5,7,3801,0,0,0,,0,3D11A,"DOLORES ST","14TH ST",149.00,N,N,A,-,N,,,,,,,,,,Y,3,0,1,3,A,-,07,21658,A,N,B,E,A,A,H,-,B,D,0,,,,,Y,Y,A,01,0,1,0,0,0,0,0,0,0,"- ","- ",,,"SAN FRANCISCO","SAN FRANCISCO",-122.42681884765625,37.768287658691406
8568812,2018,2018-03-16,3801,2018-02-01,2000,986,MISSI,4,5,7,3801,0,0,0,,0,3D14D,"HARRISON ST","18TH ST",0.00,,Y,A,-,N,,,,,,,,,,Y,3,0,1,2,A,-,01,23153,,N,C,G,A,A,H,-,C,D,0,,Y,,,Y,Y,A,01,0,1,0,0,0,0,1,0,0,"- ","- ",,,"SAN FRANCISCO","SAN FRANCISCO",-122.41284942626953,37.762248992919922
8572495,2018,2018-03-22,3801,2018-02-02,1220,1968,TENDE,5,5,7,3801,0,0,0,,0,3J12A,"JESSIE ST","6TH ST",93.00,E,N,A,-,N,,,,,,,,,,N,4,0,1,2,A,-,21,22106,,N,C,C,A,A,H,-,A,D,0,,,,Y,Y,,F,21,0,0,1,0,0,0,0,0,0,"- ","- ",,,"SAN FRANCISCO","SAN FRANCISCO",-122.40898132324219,37.781578063964844
8572501,2018,2018-03-20,3801,2018-02-11,1516,863,CENTR,7,5,7,3801,0,0,0,,0,3A60,"MASON ST","PACIFIC AV",0.00,,Y,A,-,N,,,,,,,,,,N,4,0,1,2,A,-,17,22517,,N,B,J,A,A,-,-,A,D,0,,,,,Y,,A,01,0,0,1,0,0,0,0,0,0,"- ","- ",,,"SAN FRANCISCO","SAN FRANCISCO",-122.41171264648438,37.796310424804688
8572545,2018,2018-07-03,3801,2018-02-15,0228,A21795,BAYVI,4,5,7,3801,0,0,0,,0,3C11E,"EVANS AV","TOLAND ST",147.00,E,N,A,-,N,,,,,,,,,,Y,4,0,1,2,A,-,08,22107,,F,C,E,A,A,H,-,C,D,0,,,,Y,Y,Y,F,26,0,0,1,0,0,0,0,0,0,"- ","- ",,,"SAN FRANCISCO","SAN FRANCISCO",-122.39553833007812,37.746994018554688
8572676,2018,2018-03-14,3801,2018-02-10,0817,002345,TARAV,6,5,7,3801,0,0,0,,0,3I13A,"RIVERA ST","40TH AV",0.00,,Y,A,-,N,,,,,,,,,,N,2,0,1,2,A,-,10,21950,A,N,G,B,D,A,H,-,A,A,0,Y,,,,Y,,A,01,1,0,0,0,1,0,0,0,0,"- ","- ",,,"SAN FRANCISCO","SAN FRANCISCO",-122.49842071533203,37.74578857421875
8572688,2018,2018-03-14,3801,2018-02-04,2007,942,SOUTH,7,5,7,3801,0,0,0,,0,3B12D,"HOWARD ST","5TH ST",0.00,,Y,A,-,N,,,,,,,,,,N,3,0,1,2,A,-,12,21453,A,N,D,G,A,A,H,-,B,A,0,,Y,,,Y,,A,01,0,1,0,0,0,0,1,0,0,"- ","- ",,,"SAN FRANCISCO","SAN FRANCISCO",-122.40493011474609,37.781509399414062
8572804,2018,2018-03-14,3801,2018-02-28,0952,A22283,BAYVI,3,5,7,3801,0,0,0,,0,3C14B,"SILLIMAN ST","BRUSSELS ST",0.00,,Y,B,-,N,,,,,,,,,,N,4,0,1,3,A,-,09,21802,A,N,D,C,A,A,H,-,A,A,0,,,,,Y,,A,01,0,0,1,0,0,0,0,0,0,"- ","- ",,,"SAN FRANCISCO","SAN FRANCISCO",-122.40706634521484,37.730728149414062
8572828,2018,2018-03-14,3801,2018-02-12,1859,18011612,PARK,1,5,7,3801,0,0,0,,0,3F14D,"STANYAN ST","FULTON ST",140.00,S,N,A,-,N,,,,,,,,,,Y,4,0,1,2,A,-,09,21801,A,N,D,C,A,A,H,-,C,D,0,,,,,Y,,A,01,0,0,1,0,0,0,0,0,0,"- ","- ",,,"SAN FRANCISCO","SAN FRANCISCO",-122.45458984375,37.774368286132812
8572856,2018,2018-03-14,3801,2018-02-06,1323,2338,SOUTH,2,5,7,3801,0,0,0,,0,001,"MISSION ST","ANTHONY ST",15.00,E,N,A,-,N,,,,,,,,,,N,3,0,1,2,A,-,11,21950,B,N,G,B,D,A,H,-,A,D,0,Y,,,,Y,,N,60,0,1,0,0,1,0,0,0,0,"- ","- ",,,"SAN FRANCISCO","SAN FRANCISCO",-122.3992919921875,37.788410186767578
8573761,2018,2018-03-14,3801,2018-02-03,1505,865,MISSI,6,5,7,3801,0,0,0,,0,3D44C,"24TH ST","CAPP ST",66.00,W,N,A,-,N,,,,,,,,,,N,4,0,1,2,A,-,00,20001,A,M,B,G,A,A,H,-,A,D,0,,Y,,,Y,,L,04,0,0,1,0,0,0,1,0,0,"- ","- ",,,"SAN FRANCISCO","SAN FRANCISCO",-122.41756439208984,37.752296447753906
8573772,2018,2018-03-14,3801,2018-02-05,1611,A23074,INGLE,1,5,7,3801,0,0,0,,0,3H13C,"BRAZIL AV","VIENNA ST",0.00,,Y,A,-,N,,,,,,,,,,Y,4,0,1,2,C,-,18,,,N,D,E,A,A,H,-,A,A,0,,,,,Y,Y,-,"- ",0,0,1,0,0,0,0,0,0,"- ","- ",,,"SAN FRANCISCO","SAN FRANCISCO",-122.42922210693359,37.722011566162109
8573776,2018,2018-03-14,3801,2018-02-01,1650,2312,NORTH,4,5,7,3801,0,0,0,,0,003,"POLK ST","ELM ST",0.00,,Y,A,-,N,,,,,,,,,,N,4,0,1,2,A,-,09,21801,A,N,D,G,A,A,H,-,A,D,0,,Y,,,Y,,A,01,0,0,1,0,0,0,1,0,0,"- ","- ",,,"SAN FRANCISCO","SAN FRANCISCO",-122.41890716552734,37.781700134277344
8573777,2018,2018-03-14,3801,2018-02-15,1118,2388,TENDE,4,5,7,3801,0,0,0,,0,3J91A,"EDDY ST","MASON ST",0.00,,Y,A,-,N,,,,,,,,,,N,4,0,1,2,A,-,08,22107,,N,-,G,A,A,H,-,A,A,0,,Y,,,Y,,A,01,0,0,1,0,0,0,1,0,0,"- ","- ",,,"SAN FRANCISCO","SAN FRANCISCO",-122.4093017578125,37.784381866455078
8573789,2018,2018-03-21,3801,2018-02-02,1122,2366,NORTH,5,5,7,3801,0,0,0,,0,001,LINDEN,WEBSTER,133.00,E,N,A,-,N,,,,,,,,,,N,2,0,1,1,A,-,03,22350,,N,H,I,A,A,H,-,A,D,0,,,Y,,Y,,C,03,1,0,0,0,0,0,0,0,1,"- ","- ",,,"SAN FRANCISCO","SAN FRANCISCO",-122.42898559570312,37.775642395019531
8573792,2018,2018-03-15,3801,2018-02-16,1039,A23039,NORTH,5,5,7,3801,0,0,0,,0,3E11A,"FILBERT ST","VAN NESS AV",0.00,,Y,A,-,N,,,,,,,,,,Y,4,0,1,2,A,-,12,21453,A,N,D,J,A,A,H,-,A,A,0,,,,,Y,,A,01,0,0,1,0,0,0,0,0,0,"- ","- ",,,"SAN FRANCISCO","SAN FRANCISCO",-122.42424774169922,37.799491882324219
8573796,2018,2018-03-15,3801,2018-02-15,1911,4358,BAYVI,4,5,7,3801,0,0,0,,0,002,"PALOU AV","INGALLS ST",226.00,E,N,A,-,N,,,,,,,,,,Y,2,0,1,4,A,-,03,22350,,F,D,C,A,A,H,-,D,D,0,,,,,Y,,A,01,1,0,0,0,0,0,0,0,0,"- ","- ",,,"SAN FRANCISCO","SAN FRANCISCO",-122.38280487060547,37.729385375976562
8573797,2018,2018-03-14,3801,2018-02-22,0800,1157,INGLE,4,5,7,3801,0,0,0,,0,3H12A,"MISSION ST","ST MARY ST",0.00,,Y,A,-,N,,,,,,,,,,Y,3,0,1,2,A,-,09,21800,A,N,H,C,A,A,H,-,A,A,0,,,Y,,Y,,A,01,0,1,0,0,0,0,0,0,1,"- ","- ",,,"SAN FRANCISCO","SAN FRANCISCO",-122.42611694335938,37.733951568603516
8573813,2018,2018-03-14,3801,2018-02-21,0050,2718,RICHM,3,5,7,3801,0,0,0,,0,3G14E,"27TH AV","ANZA ST",0.00,,Y,A,-,N,,,,,,,,,,Y,3,0,1,2,A,-,01,23152,F,N,B,C,A,A,H,-,C,D,0,,,,,Y,Y,A,01,0,1,0,0,0,0,0,0,0,"- ","- ",,,"SAN FRANCISCO","SAN FRANCISCO",-122.48674774169922,37.778060913085938
8573818,2018,2018-04-04,3801,2018-02-28,1545,887,NORTH,3,5,7,3801,0,0,0,,0,3E12D,"GOUGH ST","TURK ST",0.00,,Y,A,-,N,,,,,,,,,,N,4,0,1,2,A,-,06,21750,A,F,B,C,A,A,H,-,A,A,0,,,,,Y,,A,01,0,0,1,0,0,0,0,0,0,"- ","- ",,,"SAN FRANCISCO","SAN FRANCISCO",-122.42391967773438,37.781528472900391
8573821,2018,2018-03-14,3801,2018-02-20,0720,827,INGLE,2,5,7,3801,0,0,0,,0,3H11A,"BERNAL HTS BL","CARVER ST",0.00,,Y,A,-,N,,,,,,,,,,N,4,0,1,2,A,-,10,21950,A,N,G,B,B,A,H,-,A,A,0,Y,,,,Y,,A,01,0,0,1,0,1,0,0,0,0,"- ","- ",,,"SAN FRANCISCO","SAN FRANCISCO",-122.41005706787109,37.742721557617188
8573845,2017,2018-03-14,3801,2017-02-07,1515,964,NORTH,2,5,7,3801,0,0,0,,0,3E45C,"LAGUNA ST","GEARY BL",0.00,,Y,A,-,N,,,,,,,,,,N,3,0,1,2,A,-,10,21950,A,N,G,B,B,A,H,-,A,A,0,Y,,,,Y,,A,01,0,1,0,0,1,0,0,0,0,"- ","- ",,,"SAN FRANCISCO","SAN FRANCISCO",-122.42799999,37.785039920000003
8573857,2018,2018-03-14,3801,2018-02-23,1654,2046,NORTH,5,5,7,3801,0,0,0,,0,3E14D,"PACIFIC AV","FILLMORE ST",6.00,W,N,A,-,N,,,,,,,,,,N,4,0,1,2,A,-,10,21950,A,N,G,B,B,A,H,-,A,A,0,Y,,,,Y,,A,01,0,0,1,0,1,0,0,0,0,"- ","- ",,,"SAN FRANCISCO","SAN FRANCISCO",-122.43475341796875,37.793357849121094
8573862,2018,2018-03-14,3801,2018-02-10,2006,2008,TARAV,6,5,7,3801,0,0,0,,0,3I16D,"IRVING ST","33RD AV",0.00,,Y,A,-,N,,,,,,,,,,Y,4,0,3,2,A,-,09,21802,A,N,D,C,A,A,H,-,C,A,0,,,,,Y,,A,01,0,0,3,0,0,0,0,0,0,"- ","- ",,,"SAN FRANCISCO","SAN FRANCISCO",-122.49211883544922,37.762889862060547
8573869,2018,2018-03-14,3801,2018-02-23,1252,1572,SOUTH,5,5,7,3801,0,0,0,,0,3B4A,"10TH ST","BRYANT ST",0.00,,Y,A,-,N,,,,,,,,,,Y,4,0,1,2,A,-,08,22101,D,N,B,-,A,A,H,-,A,A,0,,,,,Y,,-,,0,0,1,0,0,0,0,0,0,"- ","- ",,,"SAN FRANCISCO","SAN FRANCISCO",-122.40973663330078,37.770339965820312
8573870,2018,2018-03-14,3801,2018-02-09,2317,271,SOUTH,5,5,7,3801,0,0,0,,0,3B3,"MISSION ST","7TH ST",345.00,E,N,A,-,N,,,,,,,,,,N,3,0,1,2,A,-,11,21954,A,N,G,B,D,A,H,-,C,A,0,Y,,,,Y,,N,60,0,1,0,0,1,0,0,0,0,"- ","- ",,,"SAN FRANCISCO","SAN FRANCISCO",-122.41005706787109,37.779884338378906
8573871,2018,2018-03-15,3801,2018-02-19,0829,2060+,SOUTH,1,5,7,3801,0,0,0,,0,3B12A,"BRYANT ST","5TH ST",0.00,,Y,A,B,N,,,,,,,,,,N,4,0,1,2,A,-,08,22107,,N,D,G,A,A,H,-,A,A,0,,Y,,,Y,,A,01,0,0,1,0,0,0,1,0,0,"- ","- ",,,"SAN FRANCISCO","SAN FRANCISCO",-122.40029144287109,37.777801513671875
8573886,2018,2018-03-14,3801,2018-02-09,1105,A10359,TARAV,5,5,7,3801,0,0,0,,0,3I13A,"KIRKHAM ST","30TH AV",13.00,E,N,A,-,N,,,,,,,,,,N,3,0,1,2,A,-,10,21950,A,N,G,B,B,A,H,-,A,A,0,Y,,,,Y,,-,,0,1,0,0,1,0,0,0,0,"- ","- ",,,"SAN FRANCISCO","SAN FRANCISCO",-122.48858642578125,37.759311676025391
8573889,2018,2018-03-14,3801,2018-02-14,2213,4102,NORTH,3,5,7,3801,0,0,0,,0,3E11E,"WEBSTER ST","POST ST",0.00,,Y,A,-,N,,,,,,,,,,N,4,0,1,2,A,-,10,21950,A,F,G,B,B,A,H,-,C,A,0,Y,,,,Y,,A,01,0,0,1,0,1,0,0,0,0,"- ","- ",,,"SAN FRANCISCO","SAN FRANCISCO",-122.43142700195312,37.785358428955078
8573891,2018,2018-03-15,3801,2018-02-20,0845,1116,MISSI,2,5,7,3801,0,0,0,,0,3D2A,"24TH ST","DIAMOND ST",174.00,E,N,A,-,N,,,,,,,,,,N,3,0,1,1,A,-,03,22350,,N,F,A,A,A,H,-,A,D,0,,Y,,,Y,,L,04,0,1,0,0,0,0,1,0,0,"- ","- ",,,"SAN FRANCISCO","SAN FRANCISCO",-122.43569946289062,37.751197814941406
8573894,2018,2018-03-14,3801,2018-02-09,0845,A22283,BAYVI,5,5,7,3801,0,0,0,,0,3C15B,"PAUL AV","3RD ST",0.00,,Y,A,-,N,,,,,,,,,,Y,2,0,1,2,A,-,08,22107,,N,D,C,A,A,H,-,A,A,0,,,,,Y,,A,01,1,0,0,0,0,0,0,0,0,"- ","- ",,,"SAN FRANCISCO","SAN FRANCISCO",-122.395751953125,37.722408294677734
8573903,2018,2018-03-15,3801,2018-02-19,1526,381,NORTH,1,5,7,3801,0,0,0,,0,3E14C,"PINE ST","SCOTT ST",0.00,,Y,B,G,N,,,,,,,,,,N,4,0,2,2,A,-,12,21453,A,N,D,C,A,A,H,-,A,A,0,,,,,Y,,A,01,0,0,2,0,0,0,0,0,0,"- ","- ",,,"SAN FRANCISCO","SAN FRANCISCO",-122.43856811523438,37.787330627441406
8573906,2018,2018-03-21,3801,2018-02-08,1445,978,TENDE,4,5,7,3801,0,0,0,,0,,"LARKIN ST","GROVE ST",0.00,,Y,A,-,N,,,,,,,,,,N,3,0,1,2,A,-,"- ",,,N,G,B,E,A,H,-,A,A,0,Y,,,,Y,,-,"- ",0,1,0,0,1,0,0,0,0,"- ","- ",,,"SAN FRANCISCO","SAN FRANCISCO",-122.41658782958984,37.778659820556641
8573910,2018,2018-03-15,3801,2018-02-08,1130,1519,BAYVI,4,5,7,3801,0,0,0,,0,04C,"SAN BRUNO AV","PAUL AV",20.00,N,N,A,-,N,,,,,,,,,,N,4,0,1,2,A,-,21,22106,,N,G,B,F,A,H,-,A,D,0,Y,,,,Y,,A,08,0,0,1,0,1,0,0,0,0,"- ","- ",,,"SAN FRANCISCO","SAN FRANCISCO",-122.40206909179688,37.723972320556641
8573915,2018,2018-03-15,3801,2018-02-19,0028,334,MISSI,1,5,7,3801,0,0,0,,0,901,"VALENCIA ST","CESAR CHAVEZ",0.00,,Y,A,-,N,,,,,,,,,,N,3,0,1,2,A,-,10,21950,A,N,G,B,B,A,H,-,C,A,0,Y,,,,Y,,A,01,0,1,0,0,1,0,0,0,0,"- ","- ",,,"SAN FRANCISCO","SAN FRANCISCO",-122.42024993896484,37.748119354248047
8574400,2018,2018-03-20,3801,2018-02-02,1109,A22595,,5,5,7,3801,0,0,0,,0,3A15A,"PINE ST","PINE ST 855",0.00,,-,A,-,N,,,,,,,,,,N,4,0,1,2,A,-,06,21750,,N,B,C,A,A,D,E,A,D,0,,,,,Y,,J,43,0,0,1,0,0,0,0,0,0,"- ","- ",,,"SAN FRANCISCO","SAN FRANCISCO",-122.409959,37.790961000000003
8574421,2018,2018-03-21,3801,2018-02-19,1335,2746,TARAV,1,5,7,3801,0,0,0,,0,3I13A,"47TH AV","RIVERA ST",0.00,,Y,A,-,N,,,,,,,,,,Y,4,0,3,2,A,-,09,21802,A,N,D,C,A,A,H,-,A,D,0,,,,,Y,,-,,0,0,3,0,0,0,0,0,0,"- ","- ",,,"SAN FRANCISCO","SAN FRANCISCO",-122.50595855712891,37.745460510253906
8574708,2018,2018-04-23,3801,2018-03-05,1600,324,CENTR,1,5,7,3801,0,0,0,,0,3A40B,"POWELL ST","BEACH ST",0.00,,Y,A,-,N,,,,,,,,,,Y,4,0,2,2,A,-,12,21453,A,N,D,C,A,A,H,-,A,A,0,,,,,Y,,A,01,0,0,2,0,0,0,0,0,0,"- ","- ",,,"SAN FRANCISCO","SAN FRANCISCO",-122.41232299804688,37.807701110839844
8574836,2018,2018-04-19,3801,2018-03-15,0920,2376,SOUTH,4,5,7,3801,0,0,0,,0,3B5A,"DIVISION ST","VERMONT ST",0.00,,Y,B,C,N,,,,,,,,,,N,4,0,1,2,A,-,08,22107,,N,B,G,A,B,H,-,A,D,0,,Y,,,Y,,A,01,0,0,1,0,0,0,1,0,0,"- ","- ",,,"SAN FRANCISCO","SAN FRANCISCO",-122.40496826171875,37.769741058349609
8574945,2018,2018-04-18,3801,2018-03-21,1850,2422,BAYVI,3,5,7,3801,0,0,0,,0,MISSIO,"POTRERO AV","25TH ST",300.00,S,N,B,-,N,,,,,,,,,,Y,4,0,1,1,A,-,03,22350,,N,-,I,A,A,H,-,B,-,0,,,,,Y,,-,,0,0,1,0,0,0,0,0,0,"- ","- ",,,"SAN FRANCISCO","SAN FRANCISCO",-122.40612030029297,37.750919342041016
8575050,2018,2018-06-28,3801,2018-02-01,1904,2180,PARK,4,5,7,3801,0,0,0,,0,3F13D,"FELL ST","MASONIC AV",0.00,,Y,A,-,N,,,,,,,,,,N,3,0,1,1,C,-,18,,,N,H,I,A,A,H,-,C,A,0,,Y,,,Y,,-,"- ",0,1,0,0,0,0,1,0,0,"- ","- ",,,"SAN FRANCISCO","SAN FRANCISCO",-122.4459228515625,37.772979736328125