CASE_ID,ACCIDENT_YEAR,PROC_DATE,JURIS,COLLISION_DATE,COLLISION_TIME,OFFICER_ID,REPORTING_DISTRICT,DAY_OF_WEEK,CHP_SHIFT,POPULATION,CNTY_CITY_LOC,SPECIAL_COND,BEAT_TYPE,CHP_BEAT_TYPE,CITY_DIVISION_LAPD,CHP_BEAT_CLASS,BEAT_NUMBER,PRIMARY_RD,SECONDARY_RD,DISTANCE,DIRECTION,INTERSECTION,WEATHER_1,WEATHER_2,STATE_HWY_IND,CALTRANS_COUNTY,CALTRANS_DISTRICT,STATE_ROUTE,ROUTE_SUFFIX,POSTMILE_PREFIX,POSTMILE,LOCATION_TYPE,RAMP_INTERSECTION,SIDE_OF_HWY,TOW_AWAY,COLLISION_SEVERITY,NUMBER_KILLED,NUMBER_INJURED,PARTY_COUNT,PRIMARY_COLL_FACTOR,PCF_CODE_OF_VIOL,PCF_VIOL_CATEGORY,PCF_VIOLATION,PCF_VIOL_SUBSECTION,HIT_AND_RUN,TYPE_OF_COLLISION,MVIW,PED_ACTION,ROAD_SURFACE,ROAD_COND_1,ROAD_COND_2,LIGHTING,CONTROL_DEVICE,CHP_ROAD_TYPE,PEDESTRIAN_ACCIDENT,BICYCLE_ACCIDENT,MOTORCYCLE_ACCIDENT,TRUCK_ACCIDENT,NOT_PRIVATE_PROPERTY,ALCOHOL_INVOLVED,STWD_VEHTYPE_AT_FAULT,CHP_VEHTYPE_AT_FAULT,COUNT_SEVERE_INJ,COUNT_VISIBLE_INJ,COUNT_COMPLAINT_PAIN,COUNT_PED_KILLED,COUNT_PED_INJURED,COUNT_BICYCLIST_KILLED,COUNT_BICYCLIST_INJURED,COUNT_MC_KILLED,COUNT_MC_INJURED,PRIMARY_RAMP,SECONDARY_RAMP,LATITUDE,LONGITUDE,COUNTY,CITY,POINT_X,POINT_Y
90318936,2016,2016-11-14,9335,2016-11-02,0905,020068,,3,1,7,3801,0,1,2,,2,014,"US-101 N/B","22ND ST PED OC",979.00,N,N,A,-,Y,,,101,,,,,,N,Y,3,0,1,2,A,-,03,22350,,N,C,C,A,A,H,-,A,D,0,,,Y,,Y,,C,02,0,1,0,0,0,0,0,0,1,"- ","- ",37.758899999999997,-122.40560000000001,"SAN FRANCISCO","SAN FRANCISCO",-122.4056147,37.758886779999997
90320724,2016,2016-11-16,9335,2016-11-05,0040,020274,,6,3,7,3801,0,1,2,,2,014,"US-101 S/B","CORTLAND AVE",580.00,N,N,A,-,Y,,,,,,,,,,Y,3,0,1,1,A,-,03,22350,,M,F,A,A,A,H,-,C,D,0,,,Y,,Y,,C,02,0,1,0,0,0,0,0,0,1,"- ","- ",37.44285,-122.24283,"SAN FRANCISCO","SAN FRANCISCO",-122.40774149000001,37.741197229999997
90320920,2016,2016-11-16,9350,2016-11-08,1720,013450,,2,2,7,3801,0,1,3,,2,011,"SR-1 S/B","MACARTHUR TUNNEL",528.00,S,N,A,-,Y,,,,,,,,,,N,4,0,3,4,A,-,03,22350,,N,C,C,A,A,H,-,C,D,0,,,,,Y,,A,01,0,0,3,0,0,0,0,0,0,"- ","- ",,,"SAN FRANCISCO","SAN FRANCISCO",,
90321398,2016,2016-11-17,9335,2016-11-02,2255,020666,,3,3,7,3801,0,1,1,,2,022,"I-280 S/B","GENEVA AVE",64.00,N,N,A,-,Y,,,280,,,,,,S,Y,3,0,1,1,A,-,01,23152,A,N,E,I,A,A,H,-,D,D,0,,,,,Y,Y,A,01,0,1,0,0,0,0,0,0,0,"- ","- ",37.72139,-122.44815,"SAN FRANCISCO","SAN FRANCISCO",-122.44821426999999,37.721399030000001
90329805,2016,2016-11-28,9335,2016-11-18,2330,021390,,5,3,7,3801,0,1,1,,2,023,"I-280 S/B","ELLSWORTH ST",665.00,N,N,B,-,Y,,,280,,,,,,S,Y,4,0,1,1,A,-,01,23152,A,N,E,I,A,A,H,-,C,D,0,,,,,Y,Y,A,07,0,0,1,0,0,0,0,0,0,"- ","- ",37.732100000000003,-122.4166,"SAN FRANCISCO","SAN FRANCISCO",-122.41659866000001,37.732030819999999
9032985,2019,2020-01-31,3801,2019-12-24,1930,1462,NORTH,2,5,7,3801,0,0,0,,0,3E13D,"GOUGH ST","MCALLISTER ST",0.00,,Y,A,-,N,,,,,,,,,,N,4,0,1,2,A,-,08,22107,,N,B,C,A,A,H,-,C,D,0,,,,,Y,,D,22,0,0,1,0,0,0,0,0,0,"- ","- ",,,"SAN FRANCISCO","SAN FRANCISCO",-122.42353820800781,37.779670715332031
9032994,2019,2020-02-04,3801,2019-12-09,1110,1917,TARAV,1,5,7,3801,0,0,0,,0,3I16A,"OCEAN AV","MIRAMAR AV",95.00,E,N,A,-,N,,,,,,,,,,N,4,0,1,2,A,-,03,22350,,N,C,C,A,A,H,-,A,A,0,,,,,Y,,D,22,0,0,1,0,0,0,0,0,0,"- ","- ",,,"SAN FRANCISCO","SAN FRANCISCO",-122.45789337158203,37.724250793457031
9033002,2019,2020-02-14,3801,2019-12-01,0739,2467,CENTR,7,5,7,3801,0,0,0,,0,3A13A,"LEAVENWORTH ST","JACKSON ST",0.00,,Y,C,E,N,,,,,,,,,,Y,4,0,1,2,A,-,12,22450,A,N,D,J,A,B,H,-,A,A,0,,,,,Y,,A,01,0,0,1,0,0,0,0,0,0,"- ","- ",,,"SAN FRANCISCO","SAN FRANCISCO",-122.41647338867188,37.794780731201172
9033013,2019,2020-01-31,3801,2019-12-21,1904,621,CENTR,6,5,7,3801,0,0,0,,0,3A12D,"KEARRY ST","GEARY ST",0.00,,Y,A,-,N,,,,,,,,,,N,4,0,1,1,C,-,18,,,N,H,A,A,A,H,-,C,A,0,,,,,Y,Y,-,"- ",0,0,1,0,0,0,0,0,0,"- ","- ",,,"SAN FRANCISCO","SAN FRANCISCO",-122.40351104736328,37.787948608398438
90331630,2016,2016-11-29,9335,2016-11-19,1919,021125,,6,2,7,3801,0,1,2,,2,013,"US-101 N/B","ALEMANY BLVD. UNDER-CROSSING",285.00,N,N,A,-,Y,,,101,,,,,,N,Y,3,0,1,3,A,-,03,22350,,N,C,C,A,A,H,-,C,D,0,,,,,Y,,A,01,0,1,0,0,0,0,0,0,0,"- ","- ",37.738700000000001,-122.40796,"SAN FRANCISCO","SAN FRANCISCO",-122.40798682,37.738699089999997
90332770,2016,2016-11-30,9335,2016-11-22,1845,020509,,2,2,7,3801,0,1,1,,1,083,"I-80 EASTBOUND","YERBA BUENA ISLAND TUNNEL",2534.00,E,N,A,-,Y,,,80,,,,,,E,N,4,0,1,2,A,-,07,21658,A,N,B,C,A,A,H,-,C,D,0,,,Y,,Y,,A,01,0,0,1,0,0,0,0,0,1,"- ","- ",37.815040000000003,-122.35872000000001,"SAN FRANCISCO","SAN FRANCISCO",-122.3587419,37.815078280000002
90335488,2016,2016-12-02,9335,2016-11-06,1500,020201,,7,2,7,3801,0,1,1,,1,081,"I-80 WESTBOUND","TREASURE ISLAND RD",400.00,W,N,A,-,Y,,,80,,,,,,W,N,4,0,4,3,A,-,03,22350,,N,C,C,A,A,H,-,A,D,0,,,,,Y,,A,01,0,0,4,0,0,0,0,0,0,"- ","- ",37.808399999999999,-122.36708,"SAN FRANCISCO","SAN FRANCISCO",-122.36696384,37.808279400000004
90335937,2016,2016-12-02,9335,2016-11-20,1010,020201,,7,1,7,3801,0,1,1,,2,023,"I-280 NORTHBOUND","GENEVA AVE",500.00,S,N,B,C,Y,,,280,,,,,,N,Y,4,0,1,1,A,-,03,22350,,N,E,I,A,B,H,-,A,D,0,,,,,Y,,A,07,0,0,1,0,0,0,0,0,0,"- ","- ",37.719889999999999,-122.44826999999999,"SAN FRANCISCO","SAN FRANCISCO",-122.44823347000001,37.719885900000001
90338665,2016,2016-12-07,9335,2016-11-24,1700,020783,,4,2,7,3801,0,1,2,,2,014,"US-101 N/B","CESAR CHAVEZ ST",90.00,N,N,A,-,Y,,,101,,,,,,N,N,4,0,2,3,A,-,03,22350,,N,C,C,A,A,H,-,A,D,0,,,,,Y,,A,01,0,0,2,0,0,0,0,0,0,"- ","- ",37.749960000000002,-122.40338,"SAN FRANCISCO","SAN FRANCISCO",-122.40342557,37.749974909999999
90343406,2016,2016-12-13,9335,2016-11-16,1455,019799,,3,2,7,3801,0,1,2,,2,013,"US-101 N/B","CESAR CHAVEZ ST OFF RAMP",200.00,S,N,A,-,Y,,,,,,,,,,Y,4,0,2,2,A,-,03,22350,,N,C,C,A,A,H,-,A,D,0,,,,,Y,,A,01,0,0,2,0,0,0,0,0,0,"- ","- ",,,"SAN FRANCISCO","SAN FRANCISCO",,
90344010,2016,2016-12-13,9335,2016-12-06,1812,018688,,2,2,7,3801,0,1,1,,2,024,"I-280 S/B","20TH ST OVERPASS",50.00,S,N,A,-,Y,,,,,,,,,,N,4,0,2,2,A,-,04,21703,,N,C,C,A,A,H,-,D,D,0,,,,,Y,,A,07,0,0,2,0,0,0,0,0,0,"- ","- ",,,"SAN FRANCISCO","SAN FRANCISCO",-122.39252193,37.760112790000001
9034408,2019,2020-01-28,3801,2019-12-17,1100,481,TARAV,2,5,7,3801,0,0,0,,0,3I44,"LAKE MERCED BL","JOHN MUIR DR",0.00,,Y,A,-,N,,,,,,,,,,Y,3,0,8,3,A,-,03,22350,,N,D,C,A,A,H,-,A,D,0,,,,,Y,,A,01,0,1,7,0,0,0,0,0,0,"- ","- ",,,"SAN FRANCISCO","SAN FRANCISCO",-122.48574066162109,37.708110809326172
9034486,2019,2020-07-13,3801,2019-12-02,2353,4046,NORTH,1,5,7,3801,0,0,0,,0,3E12E,"VAN NESS AV","MARKET ST",66.00,N,N,C,-,Y,SF,4,101,-,T,4.880,H,-,S,N,3,0,1,2,A,-,11,21954,A,F,G,B,D,B,D,-,C,A,0,Y,,,,Y,,N,60,0,1,0,0,1,0,0,0,0,"- ","- ",,,"SAN FRANCISCO","SAN FRANCISCO",-122.41941070556641,37.775428771972656
90344934,2016,2016-12-14,9335,2016-12-05,2027,017150,,1,2,7,3801,0,1,1,,1,081,"I-80 W/B TO FREMONT ST.","HARRISON ST",30.00,E,N,A,-,Y,,,80,,,,R,,W,Y,3,0,1,1,A,-,03,22350,,N,F,A,A,A,H,-,C,D,0,,,Y,,Y,,C,02,0,1,0,0,0,0,0,0,1,"- ","- ",37.785049999999998,-122.39310999999999,"SAN FRANCISCO","SAN FRANCISCO",-122.39310999999999,37.785049999999998
90346046,2016,2016-12-15,9335,2016-11-29,0155,019737,,2,3,7,3801,0,1,2,,2,013,"US 101 S/B TO I-280 S/B","I-280 S/B",755.00,N,N,B,-,Y,,,,,,,,,,Y,3,0,1,2,A,-,01,23152,A,N,B,C,A,A,H,-,D,D,0,,,,,Y,Y,A,01,0,1,0,0,0,0,0,0,0,"- ","- ",37.737220000000001,-122.40824000000001,"SAN FRANCISCO","SAN FRANCISCO",,
90349648,2016,2016-12-20,9335,2016-12-11,2324,021328,,7,3,7,3801,0,1,2,,2,014,"US-101 S/B","18TH ST. PED O/C",2.00,N,N,A,-,Y,,,101,,,,,,S,Y,2,0,1,1,A,-,08,22107,,N,E,I,A,A,H,-,D,D,0,,,,,Y,,A,01,1,0,0,0,0,0,0,0,0,"- ","- ",37.762180000000001,-122.40575,"SAN FRANCISCO","SAN FRANCISCO",-122.40580881,37.762217970000002
90349723,2016,2016-12-20,9335,2016-12-10,0820,020201,,6,1,7,3801,0,1,1,,2,022,"I-280 NORTHBOUND","SICKLES AVE. UNDER-CROSSING",1500.00,N,N,B,C,Y,,,280,,,,,,N,Y,4,0,1,2,A,-,03,22350,,N,C,C,A,B,H,-,A,D,0,,,,,Y,,D,22,0,0,1,0,0,0,0,0,0,"- ","- ",37.713650000000001,-122.45159,"SAN FRANCISCO","SAN FRANCISCO",-122.4516543,37.713725009999997
90352110,2016,2016-12-27,9335,2016-12-12,2310,020157,,1,3,7,3801,0,1,2,,2,013,"US-101 N/B","BLANKEN AVE. U/C",949.00,N,N,A,-,Y,,,101,,,,,,N,Y,4,0,1,2,A,-,03,22350,,N,C,C,A,A,H,-,C,D,0,,,,,Y,,A,01,0,0,1,0,0,0,0,0,0,"- ","- ",37.713410000000003,-122.39667,"SAN FRANCISCO","SAN FRANCISCO",-122.39659033,37.713465630000002
90352725,2016,2016-12-27,9335,2016-12-13,0645,021436,,2,1,7,3801,0,1,2,,2,015,"US-101 S/B","BRYANT ST",167.00,S,N,A,-,Y,,,101,,,,,,S,Y,4,0,1,3,A,-,03,22350,,N,C,C,A,A,H,-,A,D,0,,,,,Y,,A,01,0,0,1,0,0,0,0,0,0,"- ","- ",37.769100000000002,-122.4102,"SAN FRANCISCO","SAN FRANCISCO",-122.41018171,37.769214490000003
9035380,2020,2020-08-26,3801,2020-07-02,1711,1642,,4,5,7,3801,0,0,0,,0,3J53C,"KEZAR DR","WALLER ST",204.00,N,N,A,-,N,,,,,,,,,,Y,4,0,3,3,A,-,04,21703,,N,C,C,A,A,H,-,A,D,0,,,,,Y,,A,01,0,0,3,0,0,0,0,0,0,"- ","- ",,,"SAN FRANCISCO","SAN FRANCISCO",-122.45487976074219,37.768703460693359
9035522,2019,2020-02-03,3801,2019-12-05,0814,2266,INGLE,4,5,7,3801,0,0,0,,0,3H16A,"GENEVA AV","PRAGUE ST",0.00,,Y,B,-,N,,,,,,,,,,N,4,0,1,2,A,-,10,21950,A,F,G,B,B,A,H,-,A,A,0,Y,,,,Y,,-,,0,0,1,0,1,0,0,0,0,"- ","- ",,,"SAN FRANCISCO","SAN FRANCISCO",-122.43196105957031,37.712779998779297
9035535,2019,2020-02-05,3801,2019-12-15,0122,2459,SOUTH,7,5,7,3801,0,0,0,,0,0B3,"MISSION ST","6TH ST",334.00,W,N,A,-,N,,,,,,,,,,Y,2,0,1,3,D,-,00,,,F,B,B,-,A,H,-,C,D,0,Y,,,,Y,,-,"- ",1,0,0,0,1,0,0,0,0,"- ","- ",,,"SAN FRANCISCO","SAN FRANCISCO",-122.40950775146484,37.780326843261719
9035539,2019,2020-02-05,3801,2019-12-19,1937,1133,RICHM,4,5,7,3801,0,0,0,,0,03D,"BALBOA ST","2ND AV",0.00,,Y,A,-,N,,,,,,,,,,N,4,0,2,2,A,-,09,21800,A,N,D,C,A,A,H,-,C,A,0,,,,,Y,,A,01,0,0,2,0,0,0,0,0,0,"- ","- ",,,"SAN FRANCISCO","SAN FRANCISCO",-122.45973968505859,37.777431488037109
9035544,2019,2020-02-03,3801,2019-12-19,1045,2375,RICHM,4,5,7,3801,0,0,0,,0,3G60,"GEARY BL","BLAKE ST",129.00,E,N,B,-,N,,,,,,,,,,N,4,0,1,2,A,-,10,21954,B,F,G,B,E,A,H,-,A,D,0,Y,,,,Y,,A,01,0,0,1,0,1,0,0,0,0,"- ","- ",,,"SAN FRANCISCO","SAN FRANCISCO",-122.45067596435547,37.7821044921875
9035567,2019,2020-02-05,3801,2019-12-15,1918,1435,TRAFF,7,5,7,3801,0,0,0,,0,4B4I,"BRYANT ST","16TH ST",100.00,N,N,A,-,N,,,,,,,,,,N,4,0,1,2,A,-,03,22350,,N,G,B,E,A,G,-,C,D,0,Y,,,,Y,,A,01,0,0,1,0,1,0,0,0,0,"- ","- ",,,"SAN FRANCISCO","SAN FRANCISCO",-122.41053771972656,37.765865325927734
9035573,2019,2020-01-30,3801,2019-12-06,1030,574,MISSI,5,5,7,3801,0,0,0,,0,3D90,"17TH ST","FOLSOM ST",167.00,E,N,A,-,N,,,,,,,,,,N,3,0,1,2,A,-,17,22517,,N,H,C,A,A,H,-,A,D,0,,,,,Y,,A,07,0,1,0,0,0,0,0,0,0,"- ","- ",,,"SAN FRANCISCO","SAN FRANCISCO",-122.41457366943359,37.763725280761719
9035577,2019,2020-02-14,3801,2019-12-06,0407,1104,MISSI,5,5,7,3801,0,0,0,,0,3D13E,"MISSION ST","22ND ST",0.00,,Y,B,-,N,,,,,,,,,,Y,4,0,1,2,A,-,03,22350,,F,C,C,A,A,H,-,C,A,0,,,,,Y,Y,A,01,0,0,1,0,0,0,0,0,0,"- ","- ",,,"SAN FRANCISCO","SAN FRANCISCO",-122.41873931884766,37.755451202392578
9035597,2019,2020-01-30,3801,2019-12-05,1045,1490,TENDE,4,5,7,3801,0,0,0,,0,3J53A,"JONES ST","ELLIS ST",0.00,,Y,B,-,N,,,,,,,,,,N,4,0,1,2,A,-,10,21950,A,N,G,B,B,A,H,-,A,A,0,Y,,,,Y,Y,A,01,0,0,1,0,1,0,0,0,0,"- ","- ",,,"SAN FRANCISCO","SAN FRANCISCO",-122.41278076171875,37.784900665283203
9035602,2019,2020-02-05,3801,2019-12-04,2352,293,PARK,3,5,7,3801,0,0,0,,0,3F13E,"ANZA ST","COLLINS ST",0.00,,Y,A,-,N,,,,,,,,,,N,2,0,1,2,A,-,11,21954,A,N,G,B,E,B,H,-,C,D,0,Y,,,,Y,Y,N,60,1,0,0,0,1,0,0,0,0,"- ","- ",,,"SAN FRANCISCO","SAN FRANCISCO",-122.44980621337891,37.78076171875
9035607,2019,2020-02-05,3801,2019-12-15,2130,426,NORTH,7,5,7,3801,0,0,0,,0,3E12E,"DIVISADERO ST","OAK ST",0.00,,Y,A,-,N,,,,,,,,,,N,4,0,1,2,A,-,03,22350,,F,C,C,A,A,H,-,C,A,0,,,,,Y,,-,99,0,0,1,0,0,0,0,0,0,"- ","- ",,,"SAN FRANCISCO","SAN FRANCISCO",-122.43743133544922,37.773139953613281
9035609,2019,2020-03-11,3801,2019-12-24,1015,1342,NORTH,2,5,7,3801,0,0,0,,0,3E14A,"SACRAMENTO ST","POLK ST",75.00,W,N,A,-,N,,,,,,,,,,Y,4,0,1,2,A,-,"- ",,,N,C,E,A,A,H,-,A,D,0,,,,,Y,,A,01,0,0,1,0,0,0,0,0,0,"- ","- ",,,"SAN FRANCISCO","SAN FRANCISCO",-122.42112731933594,37.791465759277344
9035623,2019,2020-02-05,3801,2019-12-21,1315,4119,TRAFF,6,5,7,3801,0,0,0,,0,4B3K,"IRVING ST","21ST AV",72.00,E,N,B,-,N,,,,,,,,,,Y,2,0,2,3,A,-,21,22106,,N,G,B,F,A,H,-,A,D,0,Y,,,,Y,,A,07,1,0,1,0,2,0,0,0,0,"- ","- ",,,"SAN FRANCISCO","SAN FRANCISCO",-122.47903442382812,37.763481140136719
9035629,2019,2020-01-30,3801,2019-12-03,1644,2161,MISSI,2,5,7,3801,0,0,0,,0,3D11D,"15TH ST","VALENCIA ST",30.00,W,N,A,-,N,,,,,,,,,,N,4,0,1,3,A,-,16,24002,A,N,H,B,E,B,H,-,A,-,0,Y,,,,Y,,A,01,0,0,1,0,1,0,0,0,0,"- ","- ",,,"SAN FRANCISCO","SAN FRANCISCO",-122.42213439941406,37.766521453857422
9035631,2019,2020-02-05,3801,2019-12-27,1900,2078,MISSI,5,5,7,3801,0,0,0,,0,3D11D,"19TH ST","GUERRERO ST",0.00,,Y,A,-,N,,,,,,,,,,N,3,0,1,2,A,-,12,21453,A,N,H,G,A,A,H,-,C,A,0,,Y,,,Y,Y,L,04,0,1,0,0,0,0,1,0,0,"- ","- ",,,"SAN FRANCISCO","SAN FRANCISCO",-122.42362976074219,37.759979248046875
9035639,2019,2020-02-05,3801,2019-12-27,1312,954,TARAV,5,5,7,3801,0,0,0,,0,3I13A,"9TH AV","LINCOLN WY",0.00,,Y,A,-,N,,,,,,,,,,N,3,0,1,2,A,-,10,21950,A,N,G,B,B,A,H,-,A,A,0,Y,,,,Y,,A,01,0,1,0,0,1,0,0,0,0,"- ","- ",,,"SAN FRANCISCO","SAN FRANCISCO",-122.46643829345703,37.76593017578125
9035640,2019,2020-01-31,3801,2019-12-30,1405,574,MISSI,1,5,7,3801,0,0,0,,0,3D16A,"SOUTH VAN NESS AV","14TH ST",0.00,,Y,A,-,N,,,,,,,,,,Y,4,0,2,2,A,-,12,21453,A,N,D,C,A,A,H,-,A,A,0,,,,,Y,,A,01,0,0,2,0,0,0,0,0,0,"- ","- ",,,"SAN FRANCISCO","SAN FRANCISCO",-122.41780090332031,37.768421173095703
9035651,2019,2020-02-05,3801,2019-12-27,0710,2140,INGLE,5,5,7,3801,0,0,0,,0,3H1A,"MISSION ST","LOWELL ST",0.00,,Y,A,-,N,,,,,,,,,,N,2,0,1,2,A,-,10,21950,A,N,G,B,B,A,H,-,A,A,0,Y,,,,Y,,A,08,1,0,0,0,1,0,0,0,0,"- ","- ",,,"SAN FRANCISCO","SAN FRANCISCO",-122.4464111328125,37.711448669433594
9035653,2019,2020-01-29,3801,2019-12-02,1605,1389,MISSI,1,5,7,3801,0,0,0,,0,3D13D,"SOUTH VAN NESS AV","20TH ST",0.00,,Y,A,-,N,,,,,,,,,,Y,4,0,1,2,A,-,09,21800,B,N,D,C,A,A,H,-,B,A,0,,,,,Y,,A,01,0,0,1,0,0,0,0,0,0,"- ","- ",,,"SAN FRANCISCO","SAN FRANCISCO",-122.41690826416016,37.758758544921875
9035665,2019,2020-01-29,3801,2019-12-02,0933,1144,TARAV,1,5,7,3801,0,0,0,,0,3I16A,"SAN JOSE AV","SICKLES AV",0.00,,Y,C,-,N,,,,,,,,,,Y,2,0,1,3,A,-,09,21801,A,N,D,D,A,B,H,-,A,A,0,,,,,Y,,A,01,1,0,0,0,0,0,0,0,0,"- ","- ",,,"SAN FRANCISCO","SAN FRANCISCO",-122.45581817626953,37.711238861083984
9035668,2019,2020-01-31,3801,2019-12-31,2245,1945,INGLE,2,5,7,3801,0,0,0,,0,3H13D,"ALEMANY BL","CONGDON ST",0.00,,Y,A,-,N,,,,,,,,,,Y,4,0,2,2,A,-,08,22101,D,N,D,C,A,A,H,-,C,A,0,,,,,Y,,A,01,0,0,2,0,0,0,0,0,0,"- ","- ",,,"SAN FRANCISCO","SAN FRANCISCO",-122.42619323730469,37.731170654296875
9035669,2019,2020-01-29,3801,2019-12-02,0100,101,INGLE,1,5,7,3801,0,0,0,,0,3H13E,"MISSION ST","TRUMBULL ST",0.00,,Y,C,-,N,,,,,,,,,,N,2,0,1,2,A,-,00,21954,,F,G,B,E,B,H,-,C,D,0,Y,,,,Y,,N,60,1,0,0,0,1,0,0,0,0,"- ","- ",,,"SAN FRANCISCO","SAN FRANCISCO",-122.42925262451172,37.730781555175781
9035676,2019,2020-01-31,3801,2019-12-31,1735,1861,TARAV,2,5,7,3801,0,0,0,,0,3I11D,"PORTOLA DR","ST FRANCIS BL",50.00,N,N,A,-,N,,,,,,,,,,N,3,0,1,2,A,-,11,21453,D,N,G,B,B,A,H,-,C,A,0,Y,,,,Y,,N,60,0,1,0,0,1,0,0,0,0,"- ","- ",,,"SAN FRANCISCO","SAN FRANCISCO",-122.47140502929688,37.734855651855469
9035680,2019,2020-01-31,3801,2019-12-31,1259,1518,CENTR,2,5,7,3801,0,0,0,,0,,"CALIFORNIA ST",LEAVENWORTH,84.00,E,N,A,-,N,,,,,,,,,,N,4,0,1,2,A,-,08,22107,,N,C,C,A,A,H,-,A,A,0,,,,,Y,,A,01,0,0,1,0,0,0,0,0,0,"- ","- ",,,"SAN FRANCISCO","SAN FRANCISCO",-122.41546630859375,37.791248321533203
9035689,2019,2020-02-13,3801,2019-12-31,0915,2420,TENDE,2,5,7,3801,0,0,0,,0,3J12A,"MARKET ST","OFARRELL ST",0.00,,Y,A,-,N,,,,,,,,,,N,4,0,1,2,A,-,03,22350,,F,B,C,A,A,H,-,A,A,0,,,Y,,Y,,A,01,0,0,1,0,0,0,0,0,1,"- ","- ",,,"SAN FRANCISCO","SAN FRANCISCO",-122.40458,37.786769999999997
9035692,2019,2020-01-30,3801,2019-12-03,0934,405,INGLE,2,5,7,3801,0,0,0,,0,3H60,"GENEVA AV","PARIS ST",0.00,,Y,A,-,N,,,,,,,,,,N,4,0,1,2,A,-,10,21950,A,N,B,B,B,A,A,-,A,A,0,Y,,,,Y,,A,01,0,0,1,0,1,0,0,0,0,"- ","- ",,,"SAN FRANCISCO","SAN FRANCISCO",-122.43943023681641,37.715679168701172
9035697,2019,2020-01-30,3801,2019-12-30,2037,2705,BAYVI,1,5,7,3801,0,0,0,,0,3C11D,"BAYSHORE BL","FITZGERALD AV",0.00,,Y,-,-,N,,,,,,,,,,N,3,0,1,2,A,-,11,21956,B,F,D,B,D,A,H,-,C,D,0,Y,,,,Y,Y,N,60,0,1,0,0,1,0,0,0,0,"- ","- ",,,"SAN FRANCISCO","SAN FRANCISCO",-122.40190124511719,37.726921081542969
9035703,2019,2020-01-29,3801,2019-12-15,1721,624,NORTH,7,5,7,3801,0,0,0,,0,001,"STEINER ST","PAGE ST",0.00,,Y,A,-,N,,,,,,,,,,N,2,0,1,2,A,-,10,21950,A,F,G,B,B,A,H,-,C,A,0,Y,,,,Y,,-,,1,0,0,0,1,0,0,0,0,"- ","- ",,,"SAN FRANCISCO","SAN FRANCISCO",-122.43228149414062,37.772830963134766
9035704,2019,2020-01-30,3801,2019-12-11,1724,2716,PARK,3,5,7,3801,0,0,0,,0,3F13D,"FULTON ST","CLAYTON ST",0.00,,Y,F,-,N,,,,,,,,,,N,2,0,1,2,A,-,10,21950,A,N,G,B,B,B,H,-,C,D,0,Y,,,,Y,,A,07,1,0,0,0,1,0,0,0,0,"- ","- ",,,"SAN FRANCISCO","SAN FRANCISCO",-122.44972229003906,37.775390625
9035707,2019,2020-01-29,3801,2019-12-15,1657,2186,TENDE,7,5,7,3801,0,0,0,,0,3J12D,"MARKET ST","4TH ST",0.00,,Y,A,-,N,,,,,,,,,,N,3,0,1,1,A,-,08,22101,D,N,F,A,A,A,H,-,B,D,0,,,,,Y,,M,94,0,1,0,0,0,0,0,0,0,"- ","- ",,,"SAN FRANCISCO","SAN FRANCISCO",-122.40589141845703,37.785701751708984
9035709,2019,2020-01-30,3801,2019-12-18,1930,1871,BAYVI,3,5,7,3801,0,0,0,,0,901,"RHODE ISLAND ST","17TH ST & MARIPOSA ST",0.00,,N,B,-,N,,,,,,,,,,N,3,0,1,2,A,-,21,22106,,N,G,B,D,B,H,-,-,D,0,Y,,,,Y,,A,01,0,1,0,0,1,0,0,0,0,"- ","- ",,,"SAN FRANCISCO","SAN FRANCISCO",,
9035710,2019,2020-01-30,3801,2019-12-13,1710,312,TARAV,5,5,7,3801,0,0,0,,0,"1 CAR","14TH AV","TARAVAL ST",0.00,,Y,B,C,N,,,,,,,,,,N,4,0,1,2,A,-,10,21950,A,N,G,B,B,B,H,-,A,A,0,Y,,,,Y,,A,01,0,0,1,0,1,0,0,0,0,"- ","- ",,,"SAN FRANCISCO","SAN FRANCISCO",-122.47023010253906,37.743289947509766
9035718,2019,2020-01-30,3801,2019-12-13,1250,964,NORTH,5,5,7,3801,0,0,0,,0,3E11A,"GOLDEN GATE AV","POLK ST",0.00,,Y,B,-,N,,,,,,,,,,N,4,0,1,2,A,-,03,22350,,N,C,C,A,A,H,-,A,D,0,,,,,Y,,A,01,0,0,1,0,0,0,0,0,0,"- ","- ",,,"SAN FRANCISCO","SAN FRANCISCO",-122.41880035400391,37.781230926513672
9035728,2019,2020-01-30,3801,2019-12-07,0421,1250,CENTR,6,5,7,3801,0,0,0,,0,3A11E,"TAYLOR ST","POST ST",0.00,,Y,C,-,N,,,,,,,,,,Y,4,0,1,2,A,-,12,21453,A,N,D,C,A,B,H,-,C,A,0,,,,,Y,,A,01,0,0,1,0,0,0,0,0,0,"- ","- ",,,"SAN FRANCISCO","SAN FRANCISCO",-122.41169738769531,37.787860870361328
9035731,2019,2020-01-29,3801,2019-12-07,1803,2188,INGLE,6,5,7,3801,0,0,0,,0,1600,"MONTEREY BL","EDNA ST",0.00,,Y,C,-,N,,,,,,,,,,N,4,0,1,2,A,-,12,22450,A,N,D,G,A,B,H,-,C,D,0,,Y,,,Y,,L,04,0,0,1,0,0,0,1,0,0,"- ","- ",,,"SAN FRANCISCO","SAN FRANCISCO",-122.44727325439453,37.731559753417969