CASE_ID,ACCIDENT_YEAR,PROC_DATE,JURIS,COLLISION_DATE,COLLISION_TIME,OFFICER_ID,REPORTING_DISTRICT,DAY_OF_WEEK,CHP_SHIFT,POPULATION,CNTY_CITY_LOC,SPECIAL_COND,BEAT_TYPE,CHP_BEAT_TYPE,CITY_DIVISION_LAPD,CHP_BEAT_CLASS,BEAT_NUMBER,PRIMARY_RD,SECONDARY_RD,DISTANCE,DIRECTION,INTERSECTION,WEATHER_1,WEATHER_2,STATE_HWY_IND,CALTRANS_COUNTY,CALTRANS_DISTRICT,STATE_ROUTE,ROUTE_SUFFIX,POSTMILE_PREFIX,POSTMILE,LOCATION_TYPE,RAMP_INTERSECTION,SIDE_OF_HWY,TOW_AWAY,COLLISION_SEVERITY,NUMBER_KILLED,NUMBER_INJURED,PARTY_COUNT,PRIMARY_COLL_FACTOR,PCF_CODE_OF_VIOL,PCF_VIOL_CATEGORY,PCF_VIOLATION,PCF_VIOL_SUBSECTION,HIT_AND_RUN,TYPE_OF_COLLISION,MVIW,PED_ACTION,ROAD_SURFACE,ROAD_COND_1,ROAD_COND_2,LIGHTING,CONTROL_DEVICE,CHP_ROAD_TYPE,PEDESTRIAN_ACCIDENT,BICYCLE_ACCIDENT,MOTORCYCLE_ACCIDENT,TRUCK_ACCIDENT,NOT_PRIVATE_PROPERTY,ALCOHOL_INVOLVED,STWD_VEHTYPE_AT_FAULT,CHP_VEHTYPE_AT_FAULT,COUNT_SEVERE_INJ,COUNT_VISIBLE_INJ,COUNT_COMPLAINT_PAIN,COUNT_PED_KILLED,COUNT_PED_INJURED,COUNT_BICYCLIST_KILLED,COUNT_BICYCLIST_INJURED,COUNT_MC_KILLED,COUNT_MC_INJURED,PRIMARY_RAMP,SECONDARY_RAMP,LATITUDE,LONGITUDE,COUNTY,CITY,POINT_X,POINT_Y
91456891,2021,2021-04-23,9335,2021-04-15,2310,021754,,4,3,7,3801,0,1,2,,2,013,"US-101 SB TO I-280 SB","CORTLAND AVE U/C SOUTH RD. EDGE",530.00,S,N,A,-,Y,,,101,,,,R,,S,Y,3,0,2,2,A,-,08,22107,,N,E,I,A,A,H,-,C,D,0,,,,,Y,,D,22,0,1,1,0,0,0,0,0,0,"- ","- ",37.738140106201172,-122.408203125,"SAN FRANCISCO","SAN FRANCISCO",-122.408203125,37.738140106201172
91457102,2021,2021-04-23,9335,2021-04-21,1300,020658,,3,1,7,3801,0,1,1,,2,024,"I-280 N/B TO 6TH STREET","BRANNAN STREET",135.00,S,N,A,-,Y,,,280,,,,R,,N,N,4,0,1,2,A,-,03,22350,,N,C,C,A,A,H,-,A,D,0,,,,,Y,,A,01,0,0,1,0,0,0,0,0,0,"- ","- ",37.774528503417969,-122.40057373046875,"SAN FRANCISCO","SAN FRANCISCO",-122.40057373046875,37.774528503417969
91457574,2021,2021-04-26,9335,2021-03-27,1432,021736,,6,2,7,3801,0,1,1,,2,023,"I-280 N/B","SAN BRUNO AVE",878.00,S,N,A,-,Y,,,280,,,,,,N,Y,4,0,2,2,A,-,08,22107,,N,B,C,A,A,H,-,A,D,0,,,,,Y,,A,01,0,0,2,0,0,0,0,0,0,"- ","- ",37.73406982421875,-122.40995788574219,"SAN FRANCISCO","SAN FRANCISCO",-122.40994262695312,37.734035491943359
91461101,2021,2021-04-29,9335,2021-04-24,1310,021916,,6,1,7,3801,0,1,2,,2,013,"US-101 N/B","PAUL AVENUE UNDERCROSSING",775.00,S,N,A,-,Y,,,101,,,,,,N,Y,4,0,1,2,A,-,07,21658,A,N,B,C,A,A,H,-,A,D,0,,,,,Y,,A,01,0,0,1,0,0,0,0,0,0,"- ","- ",37.721549987792969,-122.40029144287109,"SAN FRANCISCO","SAN FRANCISCO",-122.40023040771484,37.721572875976562
91461244,2021,2021-04-29,9335,2021-04-25,0610,019631,,7,1,7,3801,0,1,1,,2,080,"I-80 E/B FROM ESSEX ST","I-80 E/B FROM ESSEX ST (PHYSICAL GORE)",5.00,W,N,B,-,Y,,,80,,,,R,,E,Y,4,0,1,1,A,-,08,22107,,N,E,I,A,A,H,-,B,D,0,,,,,Y,,A,01,0,0,1,0,0,0,0,0,0,"- ","- ",37.785381317138672,-122.39217376708984,"SAN FRANCISCO","SAN FRANCISCO",-122.39217376708984,37.785381317138672
91463802,2021,2021-05-03,9335,2021-04-25,0215,022525,,7,3,7,3801,0,1,1,,2,080,"I-80 W/B","15TH ST UNDERCROSSING",25.00,W,N,B,-,Y,,,80,,,,,,W,Y,3,0,4,3,A,-,03,22350,,N,C,C,A,A,H,-,C,D,0,,,,,Y,,D,22,0,1,3,0,0,0,0,0,0,"- ","- ",37.767131805419922,-122.40540313720703,"SAN FRANCISCO","SAN FRANCISCO",-122.40532684326172,37.767135620117188
91466793,2021,2021-05-06,9335,2021-04-29,1510,022007,,4,2,7,3801,0,1,1,,2,080,"I-80 W/B","BRANNAN STREET",89.00,E,N,A,-,Y,,,80,,,,,,W,Y,4,0,1,2,A,-,07,21658,A,N,B,C,A,A,H,-,A,D,0,,,Y,,Y,,C,02,0,0,1,0,0,0,0,0,1,"- ","- ",37.771091461181641,-122.40624237060547,"SAN FRANCISCO","SAN FRANCISCO",-122.40616607666016,37.771125793457031
9148360,2020,2020-10-23,3801,2020-08-16,1321,392,MISSI,7,5,7,3801,0,0,0,,0,3D13A,"MISSION ST","DUBOCE AV",34.00,S,N,A,-,N,,,,,,,,,,N,4,0,1,2,A,-,07,21658,A,N,B,G,A,A,H,-,A,A,0,,Y,,,Y,,I,09,0,0,1,0,0,0,1,0,0,"- ","- ",,,"SAN FRANCISCO","SAN FRANCISCO",-122.420166015625,37.7698974609375
91484862,2021,2021-05-28,9335,2021-05-16,0622,021222,,7,1,7,3801,0,1,1,,1,081,"I-80 W/B","TREASURE ISLAND RD",1760.00,W,N,A,-,Y,,,80,,,,,,W,Y,4,0,1,2,A,-,03,22350,,N,C,C,A,A,H,-,A,D,0,,,,,Y,,A,01,0,0,1,0,0,0,0,0,0,"- ","- ",37.805198669433594,-122.37008666992188,"SAN FRANCISCO","SAN FRANCISCO",-122.37017822265625,37.8052978515625
9148568,2020,2020-10-27,3801,2020-08-25,1427,4117,TARAV,2,5,7,3801,0,0,0,,0,3I16A,"TARAVAL ST","SSUNSET BL",0.00,,Y,A,-,N,,,,,,,,,,N,4,0,1,2,A,-,17,21200,A,N,D,G,A,A,H,-,A,A,0,,Y,,,Y,,L,04,0,0,1,0,0,0,1,0,0,"- ","- ",,,"SAN FRANCISCO","SAN FRANCISCO",-122.49452972412109,37.742210388183594
9148570,2020,2020-10-27,3801,2020-08-15,1044,4286,RICHM,6,5,7,3801,0,0,0,,0,0G1,"SUNSET BL","MLKJ DR",0.00,,Y,A,-,N,,,,,,,,,,N,4,0,1,2,A,-,21,22106,,N,G,B,E,A,H,-,B,D,0,Y,,,,Y,,A,01,0,0,1,0,1,0,0,0,0,"- ","- ",,,"SAN FRANCISCO","SAN FRANCISCO",,
9148571,2020,2020-10-27,3801,2020-08-16,1011,2181,BAYVI,7,5,7,3801,0,0,0,,0,3C11C,"LA SALLE AV","CASHMERE ST",247.00,E,N,B,C,N,,,,,,,,,,Y,4,0,1,1,A,-,07,21658,A,N,E,I,A,B,H,-,A,D,0,,,,,Y,,A,01,0,0,1,0,0,0,0,0,0,"- ","- ",,,"SAN FRANCISCO","SAN FRANCISCO",-122.38658905029297,37.735210418701172
9148584,2020,2020-10-26,3801,2020-08-04,1315,1238,NORTH,2,5,7,3801,0,0,0,,0,3E16C,"LOMBARD ST","FILLMORE ST",0.00,,Y,B,-,N,,,,,,,,,,Y,3,0,1,2,A,-,04,21703,,N,C,C,A,A,D,E,A,A,0,,,Y,,Y,,A,01,0,1,0,0,0,0,0,0,1,"- ","- ",,,"SAN FRANCISCO","SAN FRANCISCO",-122.43605041503906,37.799850463867188
9148587,2020,2020-10-26,3801,2020-08-26,1615,1184,MISSI,3,5,7,3801,0,0,0,,0,3D11D,"16TH ST","ALBION ST",0.00,,Y,A,-,N,,,,,,,,,,N,3,0,1,2,A,-,08,22107,,N,B,C,A,A,H,-,A,D,0,,,Y,,Y,,A,01,0,1,0,0,0,0,0,0,1,"- ","- ",,,"SAN FRANCISCO","SAN FRANCISCO",-122.42310333251953,37.764839172363281
9148594,2020,2020-10-26,3801,2020-08-27,1144,195,NORTH,4,5,7,3801,0,0,0,,0,3E14A,"VAN NESS AV","EDDY ST",0.00,,Y,A,-,N,,,,,,,,,,Y,3,0,2,2,A,-,08,22101,D,N,D,C,A,A,H,-,A,A,0,,,,,Y,,A,08,0,2,0,0,0,0,0,0,0,"- ","- ",,,"SAN FRANCISCO","SAN FRANCISCO",-122.4208984375,37.782871246337891
9148766,2020,2020-10-24,3801,2020-08-25,0615,885,BAYVI,2,5,7,3801,0,0,0,,0,03C,"BARNEVELD AV","MCKINNON AV",0.00,,Y,A,-,N,,,,,,,,,,Y,3,0,1,2,A,-,04,21703,,F,C,C,A,A,H,-,B,D,0,,,Y,,Y,,A,01,0,1,0,0,0,0,0,0,1,"- ","- ",,,"SAN FRANCISCO","SAN FRANCISCO",-122.40322113037109,37.743808746337891
91490101,2021,2021-06-07,9335,2021-06-01,0800,021390,,2,1,7,3801,0,1,2,,2,014,"US-101 N/B","THE 16TH ST. UNDERCROSSING",150.00,S,N,A,-,Y,,,101,,,,,,N,Y,4,0,1,2,D,-,00,,,N,B,2,A,A,H,-,A,D,0,,,,Y,Y,,-,"- ",0,0,1,0,0,0,0,0,0,"- ","- ",37.765460968017578,-122.40482330322266,"SAN FRANCISCO","SAN FRANCISCO",-122.40488433837891,37.765449523925781
91490157,2021,2021-06-07,9335,2021-06-01,1520,018688,,2,2,7,3801,0,1,1,,1,081,"I-80 W/B","MAIN ST.",295.00,W,N,A,-,Y,,,80,,,,,,W,N,4,0,2,2,A,-,03,22350,,N,C,C,A,A,H,-,A,D,0,,,,,Y,,A,07,0,0,2,0,0,0,0,0,0,"- ","- ",37.786800384521484,-122.39021301269531,"SAN FRANCISCO","SAN FRANCISCO",-122.39004516601562,37.78662109375
9149361,2020,2020-10-21,3801,2020-08-21,2300,1424,NORTH,5,5,7,3801,0,0,0,,0,3E13E,BROADWAY,"GOUGH ST",0.00,,Y,A,-,N,,,,,,,,,,Y,4,0,2,4,A,-,01,23152,A,F,D,C,A,A,H,-,C,A,0,,,,,Y,Y,A,01,0,0,2,0,0,0,0,0,0,"- ","- ",,,"SAN FRANCISCO","SAN FRANCISCO",-122.42669677734375,37.795318603515625
91493812,2021,2021-06-10,9335,2021-05-04,1000,014455,,2,1,7,3801,0,1,1,,2,080,"I-80 E/B","3RD ST.",300.00,W,N,A,-,Y,,,80,,,,,,E,N,4,0,1,2,A,-,07,21658,A,M,B,C,A,A,H,-,A,D,0,,,,,Y,,-,99,0,0,1,0,0,0,0,0,0,"- ","- ",37.781261444091797,-122.39730072021484,"SAN FRANCISCO","SAN FRANCISCO",-122.39729309082031,37.781253814697266
91494859,2021,2021-06-11,9350,2021-05-30,1210,022445,,7,1,7,3801,0,1,2,,2,010,"US-101 NORTHBOUND","GOLDEN GATE BRIDGE TOLL PLAZA",37.00,N,N,A,-,Y,,,101,,,,,,N,N,3,0,1,2,A,-,03,22350,,M,C,C,A,A,H,-,A,D,0,,,,,Y,,A,01,0,1,0,0,0,0,0,0,0,"- ","- ",37.807388305664062,-122.47551727294922,"SAN FRANCISCO","SAN FRANCISCO",-122.4755859375,37.80731201171875
91495522,2021,2021-06-14,9335,2021-06-05,0415,022179,,6,3,7,3801,0,1,1,,2,080,"I-80 W/B TO 5TH ST","5TH STREET",322.00,E,N,A,-,Y,,,80,,,,R,,W,Y,3,0,1,1,A,-,01,23152,A,N,E,I,A,A,H,-,C,D,0,,,,,Y,Y,A,01,0,1,0,0,0,0,0,0,0,"- ","- ",37.778980255126953,-122.40065765380859,"SAN FRANCISCO","SAN FRANCISCO",-122.40065765380859,37.778980255126953
91501147,2021,2021-06-21,9335,2021-06-16,1645,020658,,3,2,7,3801,0,1,1,,1,083,"I-80 E/B","YERBA BUENA ISLAND TUNNEL",5280.00,W,N,A,-,Y,,,80,,,,,,E,N,4,0,1,3,A,-,03,22350,,N,C,C,A,A,H,-,A,D,0,,,,,Y,,A,07,0,0,1,0,0,0,0,0,0,"- ","- ",37.797519683837891,-122.37866973876953,"SAN FRANCISCO","SAN FRANCISCO",-122.378662109375,37.797515869140625
91501675,2021,2021-06-21,9335,2021-06-12,2350,022525,,6,3,7,3801,0,1,2,,2,015,"US-101 SB TO I-80 EB","DIVISION ST UNDERCROSSING",100.00,N,N,A,-,Y,,,101,,,,R,,S,Y,3,0,1,1,A,-,08,22107,,N,F,A,A,A,H,-,C,D,0,,,,,Y,,A,07,0,1,0,0,0,0,0,0,0,"- ","- ",37.769371032714844,-122.40602111816406,"SAN FRANCISCO","SAN FRANCISCO",-122.40602111816406,37.769371032714844
91507294,2021,2021-06-28,9335,2021-06-21,2310,021474,,1,3,7,3801,0,1,2,,2,014,"US-101 N/B","18TH ST. PEDESTRIAN O/C",660.00,S,N,A,-,Y,,,101,,,,,,N,Y,4,0,1,1,A,-,01,23152,A,N,E,I,A,A,H,-,D,D,0,,,,,Y,Y,A,01,0,0,1,0,0,0,0,0,0,"- ","- ",37.760368347167969,-122.40638732910156,"SAN FRANCISCO","SAN FRANCISCO",-122.40629577636719,37.760368347167969
9150967,2020,2020-10-22,3801,2020-08-09,1233,2737,BAYVI,7,5,7,3801,0,0,0,,0,902,"BAYSHORE BL","OAKDALE AV",40.00,S,N,A,-,N,,,,,,,,,,Y,4,0,1,3,A,-,03,22350,A,F,D,C,A,A,H,-,A,A,0,,,,Y,Y,,A,01,0,0,1,0,0,0,0,0,0,"- ","- ",,,"SAN FRANCISCO","SAN FRANCISCO",-122.40529632568359,37.742946624755859
9150979,2020,2020-10-22,3801,2020-08-12,1355,2082,TENDE,3,5,7,3801,0,0,0,,0,3J54C,"MARKET ST","6TH ST",0.00,,Y,A,-,N,,,,,,,,,,Y,3,0,2,2,A,-,08,22107,,N,B,D,A,A,H,-,A,A,0,,,,Y,Y,,-,"- ",0,1,1,0,0,0,0,0,0,"- ","- ",,,"SAN FRANCISCO","SAN FRANCISCO",-122.41030120849609,37.782238006591797
9151410,2020,2020-10-13,3801,2020-08-11,1028,1463,SOUTH,2,5,7,3801,0,0,0,,0,0B4,"HARRISON ST","11TH ST",0.00,,Y,B,-,N,,,,,,,,,,N,4,0,1,2,A,-,08,22107,,N,G,B,B,A,H,-,A,A,0,Y,,,,Y,,A,01,0,0,1,0,1,0,0,0,0,"- ","- ",,,"SAN FRANCISCO","SAN FRANCISCO",-122.41246795654297,37.7706298828125
9151413,2020,2020-10-13,3801,2020-08-10,1411,783,TENDE,1,5,7,3801,0,0,0,,0,3J13C,"GOLDEN GATE AV","HYDE ST",48.00,E,N,A,-,N,,,,,,,,,,N,3,0,1,2,A,-,03,22350,A,N,B,G,A,A,H,-,A,D,0,,Y,,,Y,,L,04,0,1,0,0,0,0,1,0,0,"- ","- ",,,"SAN FRANCISCO","SAN FRANCISCO",-122.41533660888672,37.781673431396484
9151422,2020,2020-10-14,3801,2020-08-08,1323,2395,TARAV,6,5,7,3801,0,0,0,,0,005,"LAKE MERCED BL","STATE DR",287.00,N,N,A,-,N,,,,,,,,,,Y,3,0,2,3,A,-,03,22350,A,N,C,C,A,A,H,-,A,D,0,,,,,Y,,A,01,0,1,1,0,0,0,0,0,0,"- ","- ",,,"SAN FRANCISCO","SAN FRANCISCO",-122.48440551757812,37.725658416748047
9151437,2020,2020-10-14,3801,2020-08-23,1911,472,TARAV,7,5,7,3801,0,0,0,,0,3I16D,"PLYMOUTH AV","FARALLONES ST",0.00,,Y,A,-,N,,,,,,,,,,Y,4,0,1,2,A,-,12,22450,A,N,A,C,A,A,H,-,A,A,0,,,,,Y,,A,01,0,0,1,0,0,0,0,0,0,"- ","- ",,,"SAN FRANCISCO","SAN FRANCISCO",-122.45609283447266,37.714099884033203
91520822,2021,2021-07-15,9335,2021-07-02,1130,021222,,5,1,7,3801,0,1,1,,1,083,"I-80 EASTBOUND TO TREASURE ISLAND","TREASURE ISLAND RD",120.00,W,N,A,-,Y,,,80,,,,R,,E,N,4,0,1,1,A,-,08,22107,,N,E,I,A,A,H,-,A,D,0,,,,,Y,,A,07,0,0,1,0,0,0,0,0,0,"- ","- ",37.808990478515625,-122.36692810058594,"SAN FRANCISCO","SAN FRANCISCO",-122.36692810058594,37.808990478515625
91521759,2021,2021-07-16,9335,2021-07-04,0215,022326,,7,3,7,3801,0,1,1,,2,080,"I-80 E/B","HARRIET STREET",190.00,W,N,A,-,Y,,,80,,,,,,E,Y,2,0,9,3,A,-,01,23152,A,N,C,C,A,A,H,-,C,D,0,,,,,Y,Y,A,01,2,3,4,0,0,0,0,0,0,"- ","- ",37.776069641113281,-122.40467071533203,"SAN FRANCISCO","SAN FRANCISCO",-122.40470123291016,37.776107788085938
91522876,2021,2021-07-19,9335,2021-07-13,1145,022032,,2,1,7,3801,0,1,1,,2,080,"I-80 E/B","3RD ST",270.00,E,N,A,-,Y,,,80,,,,,,E,Y,3,0,1,2,A,-,03,22350,,N,C,C,A,A,H,-,A,D,0,,,,,Y,,A,08,0,1,0,0,0,0,0,0,0,"- ","- ",37.782539367675781,-122.39592742919922,"SAN FRANCISCO","SAN FRANCISCO",-122.3958740234375,37.782478332519531
91522881,2021,2021-07-19,9335,2021-07-13,1448,021672,,2,2,7,3801,0,1,1,,1,083,"I-80 E/B","YERBA BUENA ISLAND TUNNEL",550.00,W,N,A,-,Y,,,80,,,,,,E,N,4,0,1,2,A,-,03,22350,,N,C,C,A,A,H,-,A,D,0,,,,,Y,,A,08,0,0,1,0,0,0,0,0,0,"- ","- ",37.807758331298828,-122.36756134033203,"SAN FRANCISCO","SAN FRANCISCO",-122.36753082275391,37.807731628417969
91523298,2021,2021-07-19,9335,2021-06-12,0855,022032,,6,1,7,3801,0,1,1,,2,023,"I-280 N/B TO US-101 N/B","CORTLAND AVE",500.00,S,N,B,-,Y,,,,,,,,,,Y,3,0,1,2,A,-,07,21658,A,F,E,I,A,A,H,-,A,D,0,,,,,Y,,-,99,0,1,0,0,0,0,0,0,0,"- ","- ",37.738170623779297,-122.40762329101562,"SAN FRANCISCO","SAN FRANCISCO",,
91528155,2021,2021-07-26,9335,2021-06-18,1530,022326,,5,2,7,3801,0,1,1,,1,081,"I-80 WB TO FREMONT ST","FOLSOM STREET",100.00,E,N,A,-,Y,,,80,,,,R,,W,N,4,0,1,2,A,-,03,22350,,M,C,C,A,A,H,-,A,D,0,,,,,Y,,-,99,0,0,1,0,0,0,0,0,0,"- ","- ",37.786041259765625,-122.39549255371094,"SAN FRANCISCO","SAN FRANCISCO",-122.39549255371094,37.786041259765625
91528339,2021,2021-07-26,9335,2021-07-20,1033,021328,,2,1,7,3801,0,1,2,,2,014,"US-101 N/B","23RD ST. OVERCROSSING",50.00,N,N,B,-,Y,,,101,,,,,,N,N,4,0,2,2,A,-,03,22350,,N,C,C,A,A,H,-,A,D,0,,,,,Y,,A,01,0,0,2,0,0,0,0,0,0,"- ","- ",37.754718780517578,-122.40296936035156,"SAN FRANCISCO","SAN FRANCISCO",-122.4029541015625,37.754722595214844
91528641,2021,2021-07-26,9335,2021-07-18,1942,021736,,7,2,7,3801,0,1,1,,1,083,"I-80 E/B","TREASURE ISLAND ROAD OVERCROSSING",650.00,W,N,A,-,Y,,,80,,,,,,E,N,4,0,1,2,A,-,07,21658,A,N,B,C,A,A,H,-,A,D,0,,,,,Y,,A,01,0,0,1,0,0,0,0,0,0,"- ","- ",37.807571411132812,-122.36759185791016,"SAN FRANCISCO","SAN FRANCISCO",-122.36764526367188,37.807624816894531
9153038,2020,2020-10-29,3801,2020-08-21,1443,912,CENTR,5,5,7,3801,0,0,0,,0,3A11C,"THE EMBARCADERO NORTH","BAY ST",425.00,S,N,A,-,N,,,,,,,,,,N,3,0,2,2,A,-,03,22350,,F,G,-,F,A,H,-,A,D,0,Y,Y,,,Y,,L,04,0,1,1,0,1,0,1,0,0,"- ","- ",,,"SAN FRANCISCO","SAN FRANCISCO",-122.40474700927734,37.805980682373047
9153039,2020,2020-10-29,3801,2020-08-21,0800,1693,BAYVI,5,5,7,3801,0,0,0,,0,901,"SAN BRUNO","SILLIMAN ST",102.00,S,N,A,-,N,,,,,,,,,,N,4,0,1,2,A,-,07,21658,A,F,B,E,A,A,H,-,A,D,0,,,,,Y,Y,A,01,0,0,1,0,0,0,0,0,0,"- ","- ",,,"SAN FRANCISCO","SAN FRANCISCO",-122.40500640869141,37.730964660644531
91531729,2021,2021-07-29,9335,2021-07-26,1830,018688,,1,2,7,3801,0,1,1,,1,081,"I-80 W/B","CECTER ANCHORAGE",460.00,E,N,A,-,Y,,,80,,,,,,W,Y,4,0,2,5,A,-,07,21658,A,N,B,2,A,A,H,-,A,D,0,,,,Y,Y,,A,01,0,0,2,0,0,0,0,0,0,"- ","- ",37.799278259277344,-122.37632751464844,"SAN FRANCISCO","SAN FRANCISCO",-122.37650299072266,37.799472808837891
9153207,2020,2020-10-20,3801,2020-08-24,1328,1519,BAYVI,1,5,7,3801,0,0,0,,0,3C44B,"SAN BRUNO","FELTON ST",0.00,,Y,A,-,N,,,,,,,,,,Y,3,0,1,3,A,-,06,21751,,N,-,C,A,A,H,-,A,A,0,,,Y,,Y,,C,02,0,1,0,0,0,0,0,0,1,"- ","- ",,,"SAN FRANCISCO","SAN FRANCISCO",-122.40461730957031,37.730030059814453
91537256,2021,2021-08-05,9335,2021-07-27,2315,022596,,2,3,7,3801,0,1,2,,2,014,"US-101 S/B","23RD STREET OVERCROSSING",376.00,N,N,A,-,Y,,,101,,,,,,S,Y,3,0,3,2,A,-,01,23152,A,N,C,C,A,A,H,-,D,D,0,,,,,Y,Y,A,01,0,1,2,0,0,0,0,0,0,"- ","- ",37.757640838623047,-122.40440368652344,"SAN FRANCISCO","SAN FRANCISCO",-122.40436553955078,37.757682800292969
91539769,2021,2021-08-09,9335,2021-07-30,1710,021736,,5,2,7,3801,0,1,1,,2,080,"I-80 E/B","2ND ST",769.00,E,N,A,-,Y,,,80,,,,,,E,N,4,0,1,3,A,-,03,22350,,N,C,C,A,A,H,-,A,D,0,,,,,Y,,A,01,0,0,1,0,0,0,0,0,0,"- ","- ",37.785160064697266,-122.39234161376953,"SAN FRANCISCO","SAN FRANCISCO",-122.39232635498047,37.785125732421875
9154106,2020,2020-10-21,3801,2020-08-01,1949,1736,NORTH,6,5,7,3801,0,0,0,,0,3E14D,"PIERCE ST","MCALLISTER ST",37.00,N,N,A,-,N,,,,,,,,,,N,3,0,1,2,A,-,03,22350,,N,B,E,A,A,H,-,A,A,0,,Y,,,Y,Y,L,04,0,1,0,0,0,0,1,0,0,"- ","- ",,,"SAN FRANCISCO","SAN FRANCISCO",-122.43506622314453,37.7783203125
9154109,2020,2020-10-21,3801,2020-08-04,1935,1750,BAYVI,2,5,7,3801,0,0,0,,0,901,"SILVER AV","GIRARD ST",0.00,,Y,A,-,N,,,,,,,,,,Y,4,0,2,3,A,-,09,21802,A,M,D,C,A,A,H,-,A,D,0,,,,,Y,Y,A,01,0,0,2,0,0,0,0,0,0,"- ","- ",,,"SAN FRANCISCO","SAN FRANCISCO",-122.40660095214844,37.732139587402344
9154112,2020,2020-10-21,3801,2020-08-06,1600,4046,MISSI,4,5,7,3801,0,0,0,,0,3D11D,"BRYANT ST","17TH ST",0.00,,Y,A,-,N,,,,,,,,,,N,3,0,1,2,A,-,08,22107,,N,D,G,A,A,H,-,A,A,0,,Y,,,Y,,A,01,0,1,0,0,0,0,1,0,0,"- ","- ",,,"SAN FRANCISCO","SAN FRANCISCO",-122.41037750244141,37.764320373535156
91543182,2021,2021-08-12,9335,2021-01-09,0742,022186,,6,1,7,3801,0,1,2,,2,015,"US-101 S/B","16TH STREET U/C",572.00,N,N,B,-,Y,,,101,,,,,,S,Y,1,1,0,2,A,-,08,22107,,N,E,I,A,B,H,-,A,D,0,,,Y,,Y,Y,C,02,0,0,0,0,0,0,0,1,0,"- ","- ",37.767570495605469,-122.40550231933594,"SAN FRANCISCO","SAN FRANCISCO",-122.40552520751953,37.767555236816406
91545062,2021,2021-08-16,9335,2021-08-08,0100,022525,,7,3,7,3801,0,1,2,,2,015,"US-101 S/B","DIVISION ST UNDERCROSSING",75.00,S,N,B,-,Y,,,,,,,,,,Y,4,0,2,1,A,-,03,22350,,N,E,I,A,A,H,-,C,D,0,,,,,Y,,A,01,0,0,2,0,0,0,0,0,0,"- ","- ",37.769458770751953,-122.40544891357422,"SAN FRANCISCO","SAN FRANCISCO",-122.41340637207031,37.769451141357422
91552786,2021,2021-08-24,9335,2021-08-15,1550,021736,,7,2,7,3801,0,1,1,,2,023,"I-280 N/B TO I-280 N/B","BAYSHORE BLVD",105.00,N,N,A,-,N,,,280,,,,R,,N,N,4,0,1,2,A,-,03,22350,,N,C,C,A,A,H,-,A,D,0,,,,,Y,,A,07,0,0,1,0,0,0,0,0,0,"- ","- ",37.735458374023438,-122.40596771240234,"SAN FRANCISCO","SAN FRANCISCO",-122.40596771240234,37.735458374023438
91555029,2021,2021-10-18,9335,2021-08-21,1020,021222,,6,1,7,3801,0,1,1,,2,023,"I-280 N/B TO US-101 N/B","INDUSTRIAL STREET",300.00,N,N,A,-,Y,,,,,,,,,,N,3,0,1,2,A,-,03,22350,,N,C,C,A,A,H,-,A,D,0,,,Y,,Y,,C,02,0,1,0,0,0,0,0,0,1,"- ","- ",37.738780975341797,-122.40780639648438,"SAN FRANCISCO","SAN FRANCISCO",-122.39907836914062,37.740589141845703
91560565,2021,2021-09-01,9335,2021-08-20,2130,022266,,5,2,7,3801,0,1,1,,2,023,"I-280 N/B","ALEMANY BOULEVARD",286.00,S,N,A,-,Y,,,280,,,,,,N,Y,3,0,2,2,A,-,03,22350,,N,C,C,A,A,H,-,C,D,0,,,,,Y,,A,01,0,2,0,0,0,0,0,0,0,"- ","- ",37.731941223144531,-122.4156494140625,"SAN FRANCISCO","SAN FRANCISCO",-122.4156494140625,37.731956481933594
9156603,2020,2021-01-21,3801,2020-09-29,1511,1355,TARAV,2,5,7,3801,0,0,0,,0,3I16D,"TARAVAL ST","SUNSET BL",18.00,W,N,A,-,N,,,,,,,,,,N,3,0,1,2,A,-,03,22350,,M,C,C,A,A,H,-,A,A,0,,,,,Y,,A,01,0,1,0,0,0,0,0,0,0,"- ","- ",,,"SAN FRANCISCO","SAN FRANCISCO",-122.49459075927734,37.742206573486328
9156606,2020,2021-01-21,3801,2020-09-29,1428,2196,NORTH,2,5,7,3801,0,0,0,,0,3E16A,"POLK ST","CALIFORNIA ST",0.00,,Y,A,-,N,,,,,,,,,,N,4,0,1,2,A,-,09,21801,A,N,D,G,A,A,H,-,A,A,0,,Y,,,Y,,A,01,0,0,1,0,0,0,1,0,0,"- ","- ",,,"SAN FRANCISCO","SAN FRANCISCO",-122.42067718505859,37.790569305419922