CASE_ID,ACCIDENT_YEAR,PROC_DATE,JURIS,COLLISION_DATE,COLLISION_TIME,OFFICER_ID,REPORTING_DISTRICT,DAY_OF_WEEK,CHP_SHIFT,POPULATION,CNTY_CITY_LOC,SPECIAL_COND,BEAT_TYPE,CHP_BEAT_TYPE,CITY_DIVISION_LAPD,CHP_BEAT_CLASS,BEAT_NUMBER,PRIMARY_RD,SECONDARY_RD,DISTANCE,DIRECTION,INTERSECTION,WEATHER_1,WEATHER_2,STATE_HWY_IND,CALTRANS_COUNTY,CALTRANS_DISTRICT,STATE_ROUTE,ROUTE_SUFFIX,POSTMILE_PREFIX,POSTMILE,LOCATION_TYPE,RAMP_INTERSECTION,SIDE_OF_HWY,TOW_AWAY,COLLISION_SEVERITY,NUMBER_KILLED,NUMBER_INJURED,PARTY_COUNT,PRIMARY_COLL_FACTOR,PCF_CODE_OF_VIOL,PCF_VIOL_CATEGORY,PCF_VIOLATION,PCF_VIOL_SUBSECTION,HIT_AND_RUN,TYPE_OF_COLLISION,MVIW,PED_ACTION,ROAD_SURFACE,ROAD_COND_1,ROAD_COND_2,LIGHTING,CONTROL_DEVICE,CHP_ROAD_TYPE,PEDESTRIAN_ACCIDENT,BICYCLE_ACCIDENT,MOTORCYCLE_ACCIDENT,TRUCK_ACCIDENT,NOT_PRIVATE_PROPERTY,ALCOHOL_INVOLVED,STWD_VEHTYPE_AT_FAULT,CHP_VEHTYPE_AT_FAULT,COUNT_SEVERE_INJ,COUNT_VISIBLE_INJ,COUNT_COMPLAINT_PAIN,COUNT_PED_KILLED,COUNT_PED_INJURED,COUNT_BICYCLIST_KILLED,COUNT_BICYCLIST_INJURED,COUNT_MC_KILLED,COUNT_MC_INJURED,PRIMARY_RAMP,SECONDARY_RAMP,LATITUDE,LONGITUDE,COUNTY,CITY,POINT_X,POINT_Y
91783298,2022,2022-05-27,9335,2022-05-19,2215,022468,,4,3,7,3801,0,1,2,,2,014,"US-101 S/B TO I-280 S/B","ALEMANY BLVD",90.00,N,N,A,-,Y,SF,,101,,,2.147,H,,L,Y,4,0,2,2,A,-,01,23152,A,N,C,C,A,A,H,-,C,D,0,,,,,Y,Y,A,01,0,0,2,0,0,0,0,0,0,"- ","- ",37.737720489501953,-122.40818786621094,"SAN FRANCISCO","SAN FRANCISCO",-122.40800476074219,37.737743377685547
91783605,2022,2022-05-27,9350,2022-05-27,0825,022432,,5,1,7,3801,0,1,2,,2,010,"US-101 N/B","GIRARD RD",500.00,S,N,A,-,Y,SF,,101,,R,8.196,H,,R,Y,3,0,1,1,A,-,08,22107,,N,E,I,A,A,H,-,A,D,0,,,,,Y,,A,01,0,1,0,0,0,0,0,0,0,"- ","- ",37.802448272705078,-122.44992828369141,"SAN FRANCISCO","SAN FRANCISCO",-122.44988250732422,37.802482604980469
9178373,2020,2020-12-21,3801,2020-10-18,1840,229,MISSI,7,5,7,3801,0,0,0,,0,0D4,"S VAN NESS AV","CESAR CHAVEZ ST",0.00,,Y,A,-,N,,,,,,,,,,Y,4,0,2,2,A,-,03,22350,,N,C,C,A,A,H,-,C,A,0,,,,,Y,,A,01,0,0,2,0,0,0,0,0,0,"- ","- ",,,"SAN FRANCISCO","SAN FRANCISCO",-122.41591644287109,37.748218536376953
9178385,2020,2021-01-06,3801,2020-10-27,1349,2161,MISSI,2,5,7,3801,0,0,0,,0,3D11C,"CHURCH ST","CESAR CHAVEZ ST",0.00,,Y,A,-,N,,,,,,,,,,N,4,0,1,2,A,-,10,21950,A,N,G,B,B,A,H,-,A,D,0,Y,,,,Y,,A,01,0,0,1,0,1,0,0,0,0,"- ","- ",,,"SAN FRANCISCO","SAN FRANCISCO",-122.42704010009766,37.74774169921875
9178398,2020,2021-01-06,3801,2020-10-14,1520,560,NORTH,3,5,7,3801,0,0,0,,0,3E13D,"FRANKLIN ST","SUTTER ST",0.00,,Y,A,-,N,,,,,,,,,,N,3,0,1,2,A,-,11,21954,A,N,G,B,D,A,H,-,A,A,0,Y,,,,Y,,N,60,0,1,0,0,1,0,0,0,0,"- ","- ",,,"SAN FRANCISCO","SAN FRANCISCO",-122.42340087890625,37.787349700927734
9178446,2020,2020-12-31,3801,2020-10-20,2025,4314,RICHM,2,5,7,3801,0,0,0,,0,0G3,"7TH AV","BALBOA ST",0.00,,Y,A,-,N,,,,,,,,,,N,3,0,1,2,A,-,11,21954,A,N,G,B,E,A,H,-,C,A,0,Y,,,,Y,,N,60,0,1,0,0,1,0,0,0,0,"- ","- ",,,"SAN FRANCISCO","SAN FRANCISCO",-122.46507263183594,37.777191162109375
9178506,2020,2020-12-05,3801,2020-10-22,2035,1442,INGLE,4,5,7,3801,0,0,0,,0,3H13D,"ALEMANY BL","CRESENT ST",0.00,,Y,A,-,N,,,,,,,,,,Y,4,0,2,2,A,-,12,21453,,F,A,C,A,-,H,-,C,A,0,,,,,Y,,A,01,0,0,2,0,0,0,0,0,0,"- ","- ",,,"SAN FRANCISCO","SAN FRANCISCO",,
9178512,2020,2020-12-07,3801,2020-10-05,0815,1474,BAYVI,1,5,7,3801,0,0,0,,0,,"3RD ST","OAKDALE AV",0.00,,Y,E,-,N,,,,,,,,,,Y,4,0,1,2,A,-,12,21453,,F,D,C,A,A,H,-,A,A,0,,,,,Y,,-,"- ",0,0,1,0,0,0,0,0,0,"- ","- ",,,"SAN FRANCISCO","SAN FRANCISCO",-122.39076995849609,37.734828948974609
9178514,2020,2020-12-07,3801,2020-10-03,1200,2325,SOUTH,6,5,7,3801,0,0,0,,0,3B14A,"HOWARD ST","7TH ST",0.00,,Y,A,-,N,,,,,,,,,,N,3,0,1,2,D,-,00,,,N,G,B,B,A,H,-,A,A,0,Y,,,,Y,,-,"- ",0,1,0,0,1,0,0,0,0,"- ","- ",,,"SAN FRANCISCO","SAN FRANCISCO",-122.40940093994141,37.777980804443359
91787297,2022,2022-06-02,9335,2022-03-24,2234,022468,,4,3,7,3801,0,1,1,,2,023,"I-280 S/B","SAN BRUNO AVE",215.00,N,N,A,-,Y,SF,,280,,R,4.368,H,,L,Y,3,0,1,2,A,-,01,23152,A,N,B,C,A,A,H,-,D,D,0,,,,,Y,Y,A,07,0,1,0,0,0,0,0,0,0,"- ","- ",37.735420227050781,-122.40634918212891,"SAN FRANCISCO","SAN FRANCISCO",-122.40636444091797,37.735454559326172
91795071,2022,2022-06-14,9335,2022-05-19,1820,022241,,4,2,7,3801,0,1,2,,2,013,"US-101 S/B FROM CESAR CHAVEZ ST. E/B","CESAR CHAVEZ STREET",170.00,S,N,A,-,Y,,,,,,,,,,N,4,0,3,2,A,-,03,22350,,N,C,C,A,A,H,-,A,D,0,,,,,Y,,A,01,0,0,3,0,0,0,0,0,0,"- ","- ",37.748600006103516,-122.40483093261719,"SAN FRANCISCO","SAN FRANCISCO",-122.40483093261719,37.748600006103516
91796723,2022,2022-06-16,9335,2022-03-10,1400,022795,,4,2,7,3801,0,1,1,,2,080,"I-80 EASTBOUND","BEALE STREET UNDERCROSSING",815.00,W,N,A,-,Y,SF,,80,,,5.563,H,,R,N,4,0,1,4,A,-,03,22350,,M,C,C,A,A,H,-,A,D,0,,,,,Y,,D,22,0,0,1,0,0,0,0,0,0,"- ","- ",37.785079956054688,-122.39234161376953,"SAN FRANCISCO","SAN FRANCISCO",-122.39236450195312,37.785106658935547
91796861,2022,2022-06-16,9335,2022-06-04,1435,022186,,6,2,7,3801,0,1,1,,1,081,"I-80 W/B","SPEAR STREET U/C",1660.00,E,N,B,-,Y,SF,,80,,,6.170,H,,L,Y,4,0,2,4,A,-,03,22350,,N,C,C,A,A,H,-,A,D,0,,,,,Y,,A,01,0,0,2,0,0,0,0,0,0,"- ","- ",37.791561126708984,-122.38465881347656,"SAN FRANCISCO","SAN FRANCISCO",-122.38480377197266,37.791660308837891
91797014,2022,2022-06-16,9335,2022-06-04,1220,020972,,6,1,7,3801,0,1,2,,2,013,"US-101 N/B","23RD STREET",388.00,S,N,A,-,Y,SF,,101,,,3.288,H,,R,N,4,0,1,2,A,-,03,22350,,N,C,C,A,A,H,-,A,D,0,,,,,Y,,A,01,0,0,1,0,0,0,0,0,0,"- ","- ",37.753379821777344,-122.40286254882812,"SAN FRANCISCO","SAN FRANCISCO",-122.40283203125,37.753379821777344
91798827,2022,2022-06-20,9335,2022-06-08,2120,022823,,3,2,7,3801,0,1,1,,1,083,"I-80 E/B","YERBA BUENA ISLAND TUNNEL EDGE",650.00,W,N,A,-,Y,SF,,80,,,7.599,H,,R,Y,4,0,1,3,A,-,07,21658,A,F,B,C,A,A,H,-,C,D,0,,,,,Y,,-,99,0,0,1,0,0,0,0,0,0,"- ","- ",37.807491302490234,-122.36746215820312,"SAN FRANCISCO","SAN FRANCISCO",-122.36759948730469,37.807582855224609
91804421,2022,2022-06-27,9335,2022-06-18,1400,017672,,6,2,7,3801,0,1,1,,1,083,"I-80 E/B","SFOBB CENTER ANCHORAGE",816.00,W,N,A,-,Y,SF,,80,,,6.595,H,,R,N,4,0,1,2,A,-,03,22350,,F,C,C,A,A,H,-,A,D,0,,,,,Y,,-,99,0,0,1,0,0,0,0,0,0,"- ","- ",37.7965087890625,-122.37985992431641,"SAN FRANCISCO","SAN FRANCISCO",-122.37966156005859,37.796375274658203
91811553,2022,2022-08-03,9335,2022-06-18,1455,021222,,6,2,7,3801,0,1,1,,1,081,"I-80 WESTBOUND","TREASURE ISLAND ROAD",600.00,W,N,A,-,Y,SF,,80,,,7.606,H,,L,N,4,0,1,2,A,-,03,22350,,F,C,C,A,A,H,-,A,D,0,,,,,Y,,-,99,0,0,1,0,0,0,0,0,0,"- ","- ",37.807598114013672,-122.36743927001953,"SAN FRANCISCO","SAN FRANCISCO",-122.36751556396484,37.807651519775391
9181616,2020,2020-12-14,3801,2020-10-30,1855,488,INGLE,5,5,7,3801,0,0,0,,0,3H11E,"MARKET ST","VAN NESS AV",36.00,E,N,A,-,N,,,,,,,,,,N,4,0,1,2,A,-,04,21703,,F,C,G,A,A,H,-,C,A,0,,Y,,,Y,Y,I,20,0,0,1,0,0,0,1,0,0,"- ","- ",,,"SAN FRANCISCO","SAN FRANCISCO",-122.41917419433594,37.775238037109375
9181624,2020,2020-12-07,3801,2020-10-31,0930,4267,TARAV,6,5,7,3801,0,0,0,,0,3I41,"IRVING ST","20TH AV",13.00,E,N,A,-,N,,,,,,,,,,N,4,0,1,2,A,-,10,21950,A,N,G,B,B,A,H,-,A,A,0,Y,,,,Y,,D,22,0,0,1,0,1,0,0,0,0,"- ","- ",,,"SAN FRANCISCO","SAN FRANCISCO",-122.47816467285156,37.763511657714844
91817435,2022,2022-07-14,9335,2022-07-07,1525,017672,,4,2,7,3801,0,1,1,,1,083,"I-80 E/B","TOWER W-2",202.00,E,N,A,-,Y,SF,,80,,,6.133,H,,R,N,4,0,1,2,A,-,07,21658,A,N,B,C,A,A,H,-,A,D,0,,,,Y,Y,,F,27,0,0,1,0,0,0,0,0,0,"- ","- ",37.791271209716797,-122.38529968261719,"SAN FRANCISCO","SAN FRANCISCO",-122.38526153564453,37.791244506835938
91817586,2022,2022-07-14,9335,2022-07-04,1450,022920,,1,2,7,3801,0,1,2,,2,013,"US-101 S/B","THE PAUL AVE. UNDERCROSSING",120.00,S,N,A,-,Y,SF,,101,,,1.114,H,,L,N,3,0,1,2,A,-,07,21658,A,N,C,C,A,A,H,-,A,D,0,,,,,Y,,A,07,0,1,0,0,0,0,0,0,0,"- ","- ",37.723590850830078,-122.40142059326172,"SAN FRANCISCO","SAN FRANCISCO",-122.40131378173828,37.723621368408203
91819796,2022,2022-07-18,9335,2022-06-26,1920,022703,,7,2,7,3801,0,1,1,,1,083,"I-80 EASTBOUND","THE TREASURE ISLAND RD OVERCROSSING",1320.00,W,N,A,-,Y,SF,,80,,,7.473,H,,R,Y,3,0,1,3,A,-,01,23152,A,M,C,C,A,A,H,-,A,D,0,,,,,Y,Y,A,01,0,1,0,0,0,0,0,0,0,"- ","- ",37.806198120117188,-122.36914825439453,"SAN FRANCISCO","SAN FRANCISCO",-122.36910247802734,37.806171417236328
9182384,2020,2020-12-23,3801,2020-10-25,0832,1833,BAYVI,7,5,7,3801,0,0,0,,0,004,"FELTON ST","PRINCETON AV",0.00,,Y,A,-,N,,,,,,,,,,N,4,0,1,2,A,-,03,22350,A,N,D,-,A,A,H,-,A,A,0,,Y,,,Y,,L,04,0,0,1,0,0,0,1,0,0,"- ","- ",,,"SAN FRANCISCO","SAN FRANCISCO",-122.41542816162109,37.727218627929688
9182394,2020,2020-12-23,3801,2020-10-05,1507,4106,TENDE,1,5,7,3801,0,0,0,,0,003,"EDDY ST","LARKIN ST",0.00,,Y,A,-,N,,,,,,,,,,N,3,0,1,2,A,-,06,21755,A,N,C,G,A,A,-,-,A,-,0,,Y,,,Y,,L,04,0,1,0,0,0,0,1,0,0,"- ","- ",,,"SAN FRANCISCO","SAN FRANCISCO",-122.41751861572266,37.783298492431641
9182396,2020,2020-12-23,3801,2020-10-12,1509,4200,TARAV,1,5,7,3801,0,0,0,,0,3I6B,"BROAD ST","CAPITAL AV",45.00,E,N,A,-,N,,,,,,,,,,N,2,0,1,2,A,-,06,21755,A,F,G,B,G,A,H,-,A,D,0,Y,,Y,,Y,,C,02,1,0,0,0,1,0,0,0,0,"- ","- ",,,"SAN FRANCISCO","SAN FRANCISCO",-122.45888519287109,37.713188171386719
9182399,2020,2020-12-23,3801,2020-10-11,1653,2215,MISSI,7,5,7,3801,0,0,0,,0,3D11D,"CASTRO ST","CLIPPER ST",0.00,,Y,A,-,N,,,,,,,,,,N,4,0,1,2,A,-,12,22450,A,N,D,G,A,A,H,-,A,A,0,,Y,,,Y,,L,04,0,0,1,0,0,0,1,0,0,"- ","- ",,,"SAN FRANCISCO","SAN FRANCISCO",-122.433837890625,37.7489013671875
9182400,2020,2020-12-23,3801,2020-10-11,1606,1534,INGLE,7,5,7,3801,0,0,0,,0,3H13D,"SILLIMAN ST","HARVARD ST",0.00,,Y,A,-,N,,,,,,,,,,N,4,0,1,2,A,-,12,22450,A,N,D,C,A,A,H,-,A,D,0,,,,,Y,,A,01,0,0,1,0,0,0,0,0,0,"- ","- ",,,"SAN FRANCISCO","SAN FRANCISCO",-122.42086029052734,37.727108001708984
9182422,2020,2020-12-08,3801,2020-10-16,1658,2433,MISSI,5,5,7,3801,0,0,0,,0,3D16D,"POTRERO AV","22ND ST",0.00,,Y,A,-,N,,,,,,,,,,N,2,0,1,2,A,-,12,21453,A,N,D,C,A,A,H,-,A,A,0,,,Y,,Y,,C,03,1,0,0,0,0,0,0,0,1,"- ","- ",,,"SAN FRANCISCO","SAN FRANCISCO",-122.40670013427734,37.756839752197266
9182427,2020,2020-12-05,3801,2020-10-24,1459,1377,INGLE,6,5,7,3801,0,0,0,,0,3H16C,"OSHAUGHNESSY BL","ELK ST",77.00,N,N,A,-,N,,,,,,,,,,N,3,0,1,1,A,-,03,22350,A,N,H,-,A,A,H,-,A,D,0,,Y,,,Y,,L,04,0,1,0,0,0,0,1,0,0,"- ","- ",,,"SAN FRANCISCO","SAN FRANCISCO",-122.44022369384766,37.73480224609375
9182436,2020,2020-12-05,3801,2020-10-22,2023,2431,RICHM,4,5,7,3801,0,0,0,,0,3G2D,"CLEMENT ST","28TH AV",0.00,,Y,A,-,N,,,,,,,,,,N,3,0,1,2,A,-,10,21950,A,N,G,B,-,A,H,-,C,D,0,Y,,,,Y,,A,01,0,1,0,0,1,0,0,0,0,"- ","- ",,,"SAN FRANCISCO","SAN FRANCISCO",-122.48808288574219,37.7818603515625
9182440,2020,2020-12-05,3801,2020-10-29,0950,311,PARK,4,5,7,3801,0,0,0,,0,3F13A,"TURK BL","BAKER ST",0.00,,Y,A,-,N,,,,,,,,,,Y,4,0,1,3,A,-,09,21801,,N,D,C,A,A,H,-,A,A,0,,,,,Y,,A,07,0,0,1,0,0,0,0,0,0,"- ","- ",,,"SAN FRANCISCO","SAN FRANCISCO",-122.44206237792969,37.779258728027344
91824483,2022,2022-07-25,9335,2022-07-16,2115,022667,,6,2,7,3801,0,1,1,,2,022,"I-280 S/B","PAULDING ST O/C",310.00,S,N,A,-,Y,SF,,280,,R,2.146,H,,L,Y,3,0,1,1,A,-,08,22107,,N,E,I,A,A,H,-,C,D,0,,,,,Y,Y,A,01,0,1,0,0,0,0,0,0,0,"- ","- ",37.727668762207031,-122.44448852539062,"SAN FRANCISCO","SAN FRANCISCO",-122.44451904296875,37.727695465087891
91829108,2022,2022-07-29,9335,2022-07-16,1240,022802,,6,1,7,3801,0,1,1,,2,023,"I-280 S/B FROM ALEMANY BOULEVARD","ST. MARYS PARK FOOTBRIDGE",1215.00,N,N,A,-,Y,SF,,280,,R,3.766,H,,R,Y,3,0,1,1,A,-,08,22107,,N,E,J,A,A,H,-,A,D,0,,,Y,,Y,,C,02,0,1,0,0,0,0,0,0,1,"- ","- ",37.731739044189453,-122.41636657714844,"SAN FRANCISCO","SAN FRANCISCO",-122.4163818359375,37.731876373291016
91829723,2022,2022-08-01,9335,2022-07-20,1420,022795,,3,2,7,3801,0,1,1,,2,024,"I-280 SOUTHBOUND","25TH STREET",980.00,S,N,A,-,Y,SF,,280,,R,5.616,H,,L,Y,4,0,1,4,A,-,03,22350,,N,C,C,A,A,H,-,A,D,0,,,,,Y,,A,01,0,0,1,0,0,0,0,0,0,"- ","- ",37.749969482421875,-122.39235687255859,"SAN FRANCISCO","SAN FRANCISCO",-122.39238739013672,37.749977111816406
9184081,2020,2020-12-04,3801,2020-10-01,1340,2439,CENTR,4,5,7,3801,0,0,0,,0,,"POST ST","POWELL ST",0.00,,Y,A,-,N,,,,,,,,,,,4,0,1,2,A,-,11,21955,,M,-,B,D,A,H,-,B,D,0,Y,,,,Y,,N,60,0,0,1,0,1,0,0,0,0,"- ","- ",,,"SAN FRANCISCO","SAN FRANCISCO",-122.40840148925781,37.788288116455078
9184084,2020,2020-12-03,3801,2020-10-02,0214,1308,SOUTH,5,5,7,3801,0,0,0,,0,3B11E,"FOREST HILL RD","HILL CREST RD",0.00,,Y,A,-,N,,,,,,,,,,Y,3,0,2,1,A,-,03,22350,,N,F,A,A,A,G,-,D,D,0,,,,,Y,,A,01,0,1,1,0,0,0,0,0,0,"- ","- ",,,"SAN FRANCISCO","SAN FRANCISCO",-122.36345900000001,37.809449000000001
91840912,2022,2022-08-16,9335,2022-08-11,1730,022897,,4,2,7,3801,0,1,1,,2,022,"I-280 N/B","SAN JOSE AVE. OVERCROSSING",200.00,S,N,A,-,Y,SF,,280,,R,1.416,H,,R,N,4,0,1,2,A,-,03,22350,,N,C,C,A,A,H,-,A,D,0,,,,,Y,,A,07,0,0,1,0,0,0,0,0,0,"- ","- ",37.717941284179688,-122.44834899902344,"SAN FRANCISCO","SAN FRANCISCO",-122.44847106933594,37.717948913574219
9184138,2020,2020-12-03,3801,2020-10-17,1245,1533,BAYVI,6,5,7,3801,0,0,0,,0,3C11D,"3RD ST","19TH ST",0.00,,Y,A,-,N,,,,,,,,,,Y,3,0,1,2,A,-,12,21453,A,N,D,C,A,A,H,-,A,A,0,,,,,Y,,A,01,0,1,0,0,0,0,0,0,0,"- ","- ",,,"SAN FRANCISCO","SAN FRANCISCO",-122.38877105712891,37.761768341064453
9184139,2020,2020-12-03,3801,2020-10-15,1350,244,NORTH,4,5,7,3801,0,0,0,,0,3E15A,"RICHARSON ST","FRRANCISCO ST",3.00,S,N,A,-,N,,,,,,,,,,N,4,0,1,2,A,-,10,21950,A,F,G,B,B,A,H,-,A,A,0,Y,,,,Y,,A,01,0,0,1,0,1,0,0,0,0,"- ","- ",,,"SAN FRANCISCO","SAN FRANCISCO",-122.44710540771484,37.80035400390625
9184140,2020,2020-12-03,3801,2020-10-15,0535,1357,NORTH,4,5,7,3801,0,0,0,,0,3E13E,"VAN NESS AV","TURK ST",0.00,,Y,A,-,N,,,,,,,,,,Y,3,0,3,2,A,-,12,21453,A,N,D,C,A,A,D,-,C,A,0,,,,,Y,,A,01,0,1,2,0,0,0,0,0,0,"- ","- ",,,"SAN FRANCISCO","SAN FRANCISCO",-122.42070007324219,37.781929016113281
9184154,2020,2020-12-11,3801,2020-10-03,0948,2164,CENTR,6,5,7,3801,0,0,0,,0,0600-1,"STOCKTON ST","STARK ALLEY",0.00,,Y,A,-,N,,,,,,,,,,N,3,0,1,2,A,-,11,21955,,N,G,B,D,A,H,-,A,D,0,Y,,,,Y,,N,60,0,1,0,0,1,0,0,0,0,"- ","- ",,,"SAN FRANCISCO","SAN FRANCISCO",-122.40853881835938,37.797309875488281
9184182,2020,2020-12-10,3801,2020-10-03,1725,2706,TENDE,6,5,7,3801,0,0,0,,0,3J12D,"MARKET ST","4TH ST",0.00,,Y,A,-,N,,,,,,,,,,N,3,0,1,1,A,-,"- ",,,N,F,J,A,A,H,-,A,D,0,,,,,Y,,-,,0,1,0,0,0,0,0,0,0,"- ","- ",,,"SAN FRANCISCO","SAN FRANCISCO",-122.40589141845703,37.785701751708984
9184184,2020,2020-12-10,3801,2020-10-02,1125,2466,RICHM,5,5,7,3801,0,0,0,,0,THREE,"GEARY BL","4TH AV",0.00,,Y,A,-,N,,,,,,,,,,N,4,0,1,2,A,-,10,21950,A,F,G,B,B,A,H,-,A,A,0,Y,,,,Y,,A,01,0,0,1,0,1,0,0,0,0,"- ","- ",,,"SAN FRANCISCO","SAN FRANCISCO",-122.46215057373047,37.78118896484375
9184188,2020,2020-12-10,3801,2020-10-01,0802,2497,SOUTH,4,5,7,3801,0,0,0,,0,3B14A,"12TH ST","FOLSOM ST",0.00,,Y,A,-,N,,,,,,,,,,Y,3,0,1,2,A,-,00,22801,A,N,A,C,A,A,H,-,A,A,0,,,Y,,Y,,C,02,0,1,0,0,0,0,0,0,0,"- ","- ",,,"SAN FRANCISCO","SAN FRANCISCO",-122.41500091552734,37.770900726318359
9184189,2020,2020-12-10,3801,2020-10-12,1634,1147,TENDE,1,5,7,3801,0,0,0,,0,3J15D,"LEAVENWORTH ST","OFARRELL ST",0.00,,Y,A,-,N,,,,,,,,,,N,4,0,1,2,A,-,05,21650,,N,H,G,A,A,H,-,A,A,0,,Y,,,Y,,L,04,0,0,1,0,0,0,1,0,0,"- ","- ",,,"SAN FRANCISCO","SAN FRANCISCO",-122.41461181640625,37.785598754882812
9184196,2020,2020-12-14,3801,2020-10-26,0716,1846,TENDE,1,5,7,3801,0,0,0,,0,3J13A,"TURK ST","LARKIN ST",0.00,,Y,A,-,N,,,,,,,,,,Y,4,0,1,3,A,-,03,22350,,N,B,E,A,A,H,-,A,D,0,,,,,Y,,A,01,0,0,1,0,0,0,0,0,0,"- ","- ",,,"SAN FRANCISCO","SAN FRANCISCO",-122.41734313964844,37.782379150390625
9184197,2020,2020-12-14,3801,2020-10-28,1632,1741,BAYVI,3,5,7,3801,0,0,0,,0,3C15D,"FELTON ST","GIRARD ST",8.00,S,N,A,-,N,,,,,,,,,,,3,0,1,2,A,-,10,21950,A,F,G,B,B,A,H,-,A,A,0,Y,,,,Y,,B,01,0,1,0,0,1,0,0,0,0,"- ","- ",,,"SAN FRANCISCO","SAN FRANCISCO",-122.40560913085938,37.729782104492188
9184198,2020,2020-12-14,3801,2020-10-08,1115,2402,TARAV,4,5,7,3801,0,0,0,,0,3I1A,"SUNSET BL","RIVERA ST",0.00,,Y,B,-,N,,,,,,,,,,N,4,0,1,2,A,-,08,22107,,N,-,G,A,A,H,-,A,A,0,,Y,,,Y,,A,01,0,0,1,0,0,0,1,0,0,"- ","- ",,,"SAN FRANCISCO","SAN FRANCISCO",-122.49478149414062,37.745948791503906
9184240,2020,2020-12-10,3801,2020-10-02,2017,1239,MISSI,5,5,7,3801,0,0,0,,0,,"GUERRERO ST","17TH ST",19.00,S,N,A,-,N,,,,,,,,,,Y,4,0,1,2,A,-,01,23152,F,N,C,C,A,A,H,-,A,A,0,,,Y,,Y,Y,A,01,0,0,1,0,0,0,0,0,1,"- ","- ",,,"SAN FRANCISCO","SAN FRANCISCO",-122.42392730712891,37.763118743896484
9184837,2020,2020-12-15,3801,2020-10-03,0920,1474,BAYVI,6,5,7,3801,0,0,0,,0,,"GILMAN AV","ARELIOUS WALKER DR",0.00,,Y,A,-,N,,,,,,,,,,Y,4,0,3,2,A,-,08,22107,,N,B,C,A,A,G,-,A,A,0,,,,,Y,,-,"- ",0,0,3,0,0,0,0,0,0,"- ","- ",,,"SAN FRANCISCO","SAN FRANCISCO",-122.38626861572266,37.717159271240234
9184841,2020,2020-12-14,3801,2020-10-01,1100,1418,TARRA,4,5,7,3801,0,0,0,,0,3I5,"JUNIPERO SERRA BL","WINSTON DR",0.00,,Y,A,-,N,,,,,,,,,,Y,4,0,3,3,A,-,12,21453,A,N,D,C,A,A,H,-,A,A,0,,,,,Y,,A,07,0,0,3,0,0,0,0,0,0,"- ","- ",,,"SAN FRANCISCO","SAN FRANCISCO",-122.47236633300781,37.726840972900391
91851633,2022,2022-08-29,9335,2022-08-17,1650,022241,,3,2,7,3801,0,1,2,,2,013,"US-101 NB","FAITH STREET OVERCROSSING",50.00,S,N,A,-,Y,SF,,101,,,2.605,H,,R,N,4,0,1,2,A,-,07,21658,A,M,B,C,A,A,H,-,A,D,0,,,,,Y,,-,99,0,0,1,0,0,0,0,0,0,"- ","- ",37.743751525878906,-122.40567016601562,"SAN FRANCISCO","SAN FRANCISCO",-122.40572357177734,37.7437744140625
91853031,2022,2022-08-30,9350,2022-08-14,0034,022606,,7,3,7,3801,0,1,2,,1,120,"US-101 N/B","CONZELMAN RD. U/C",2060.00,S,N,A,-,Y,,,,,,,,,,Y,2,0,2,2,A,-,01,23152,A,N,C,C,A,A,H,-,C,D,0,,,Y,,Y,Y,C,02,1,0,1,0,0,0,0,0,1,"- ","- ",37.824859619140625,-122.47908782958984,"SAN FRANCISCO","SAN FRANCISCO",-122.47933959960938,37.824825286865234
91853245,2022,2022-08-30,9350,2022-08-23,1740,022956,,2,2,7,3801,0,1,3,,2,011,"SR-1 S/B","LAKE STREET",2112.00,N,N,A,-,Y,SF,,1,,,6.330,H,,L,Y,4,0,1,3,A,-,03,22350,,N,C,C,A,A,H,-,A,D,0,,,,,Y,,A,07,0,0,1,0,0,0,0,0,0,"- ","- ",37.792579650878906,-122.46971130371094,"SAN FRANCISCO","SAN FRANCISCO",-122.46965026855469,37.792579650878906
91855318,2022,2022-09-01,9335,2022-08-25,0750,022823,,4,1,7,3801,0,1,2,,2,014,"US-101 N/B","US-101 S/B TO I-80 EB",241.00,S,N,A,-,Y,SF,,101,,R,4.410,H,,R,N,4,0,1,2,A,-,03,22350,,N,C,C,A,A,H,-,A,D,0,,,,,Y,,A,07,0,0,1,0,0,0,0,0,0,"- ","- ",37.768390655517578,-122.40601348876953,"SAN FRANCISCO","SAN FRANCISCO",-122.40605163574219,37.768352508544922
91857014,2022,2022-09-05,9335,2022-08-28,2048,023065,,7,2,7,3801,0,1,1,,2,080,"I-80 WB","9TH STREET OFF-RAMP",600.00,E,N,A,-,Y,SF,,80,,,4.589,H,,L,N,4,0,1,3,A,-,03,22350,,N,C,C,A,A,H,-,C,D,0,,,,,Y,,A,07,0,0,1,0,0,0,0,0,0,"- ","- ",37.776329040527344,-122.40489196777344,"SAN FRANCISCO","SAN FRANCISCO",-122.40483856201172,37.776279449462891