CASE_ID,ACCIDENT_YEAR,PROC_DATE,JURIS,COLLISION_DATE,COLLISION_TIME,OFFICER_ID,REPORTING_DISTRICT,DAY_OF_WEEK,CHP_SHIFT,POPULATION,CNTY_CITY_LOC,SPECIAL_COND,BEAT_TYPE,CHP_BEAT_TYPE,CITY_DIVISION_LAPD,CHP_BEAT_CLASS,BEAT_NUMBER,PRIMARY_RD,SECONDARY_RD,DISTANCE,DIRECTION,INTERSECTION,WEATHER_1,WEATHER_2,STATE_HWY_IND,CALTRANS_COUNTY,CALTRANS_DISTRICT,STATE_ROUTE,ROUTE_SUFFIX,POSTMILE_PREFIX,POSTMILE,LOCATION_TYPE,RAMP_INTERSECTION,SIDE_OF_HWY,TOW_AWAY,COLLISION_SEVERITY,NUMBER_KILLED,NUMBER_INJURED,PARTY_COUNT,PRIMARY_COLL_FACTOR,PCF_CODE_OF_VIOL,PCF_VIOL_CATEGORY,PCF_VIOLATION,PCF_VIOL_SUBSECTION,HIT_AND_RUN,TYPE_OF_COLLISION,MVIW,PED_ACTION,ROAD_SURFACE,ROAD_COND_1,ROAD_COND_2,LIGHTING,CONTROL_DEVICE,CHP_ROAD_TYPE,PEDESTRIAN_ACCIDENT,BICYCLE_ACCIDENT,MOTORCYCLE_ACCIDENT,TRUCK_ACCIDENT,NOT_PRIVATE_PROPERTY,ALCOHOL_INVOLVED,STWD_VEHTYPE_AT_FAULT,CHP_VEHTYPE_AT_FAULT,COUNT_SEVERE_INJ,COUNT_VISIBLE_INJ,COUNT_COMPLAINT_PAIN,COUNT_PED_KILLED,COUNT_PED_INJURED,COUNT_BICYCLIST_KILLED,COUNT_BICYCLIST_INJURED,COUNT_MC_KILLED,COUNT_MC_INJURED,PRIMARY_RAMP,SECONDARY_RAMP,LATITUDE,LONGITUDE,COUNTY,CITY,POINT_X,POINT_Y
92996753,2024,2024-07-31,9335,2024-07-24,1555,023832,,3,2,7,3801,0,1,2,,2,013,"US-101 N/B","CORTLAND AVENUE UNDERCROSSING",475.00,S,N,A,-,Y,SF,,101," "," ",2.184,H,,R,Y,4,0,2,4,A,-,03,22350,,N,C,C,A,A,H,-,A,D,0,,,,,Y,,D,22,0,0,2,0,0,0,0,0,0,"- ","- ",37.738288879394531,-122.40801239013672,"SAN FRANCISCO","SAN FRANCISCO",-122.40795135498047,37.738292694091797
9300065,2021,2021-08-27,3801,2021-06-25,2232,2463,SOUTH,5,5,7,3801,0,0,0,,0,3B13E,"BRYANT ST","HARRIET ST",0.00,,Y,A,-,N,,,,,,,,,,N,3,0,2,2,A,-,09,21804,A,N,D,C,A,A,H,-,C,D,0,,,,,Y,,A,01,0,1,1,0,0,0,0,0,0,"- ","- ",,,"SAN FRANCISCO","SAN FRANCISCO",-122.40305328369141,37.775619506835938
9301682,2021,2021-10-05,3801,2021-05-28,2122,2047,SOUTH,5,5,7,3801,0,0,0,,0,5Z105,"16TH ST","FOLSOM ST",150.00,E,N,A,-,N,,,,,,,,,,N,1,1,0,2,D,-,00,,,F,G,B,-,A,H,-,C,D,0,Y,,,,Y,,-,"- ",0,0,0,1,0,0,0,0,0,"- ","- ",,,"SAN FRANCISCO","SAN FRANCISCO",-122.41477966308594,37.765342712402344
9301716,2021,2021-10-07,3801,2021-08-15,0242,4130,,7,5,7,3801,0,0,0,,0,5Z103,"MARKET ST","4TH ST",300.00,W,N,F,-,N,,,,,,,,,,N,1,1,0,1,A,-,03,22350,,N,H,I,A,B,H,-,C,-,0,,,,,Y,,M,94,0,0,0,0,0,0,0,0,0,"- ","- ",,,"SAN FRANCISCO","SAN FRANCISCO",-122.40662384033203,37.785114288330078
9307702,2021,2021-08-25,3801,2021-07-18,1851,1994,TRAFF,7,5,7,3801,0,0,0,,0,4B3G,"10TH ST","HARRISON ST",0.00,,Y,A,-,N,,,,,,,,,,Y,4,0,1,2,A,-,12,21453,A,F,D,C,A,A,H,-,A,A,0,,,,,Y,,A,01,0,0,1,0,0,0,0,0,0,"- ","- ",,,"SAN FRANCISCO","SAN FRANCISCO",-122.41124725341797,37.771595001220703
9307703,2021,2021-08-25,3801,2021-07-18,1800,2470,CENTR,7,5,7,3801,0,0,0,,0,3A1D,"GEARY ST","HYDE ST",51.00,W,N,A,-,N,,,,,,,,,,N,4,0,1,2,A,-,17,21657,,N,H,A,A,A,H,-,A,D,0,,,Y,,Y,,C,03,0,0,1,0,0,0,0,0,1,"- ","- ",,,"SAN FRANCISCO","SAN FRANCISCO",-122.4166259765625,37.786296844482422
9307711,2021,2021-08-25,3801,2021-07-16,2010,2718,BAYVI,5,5,7,3801,0,0,0,,0,3C11D,"SILVER AV","SAN BRUNO AV",0.00,,Y,A,-,N,,,,,,,,,,Y,3,0,1,2,A,-,04,21703,,N,C,C,A,A,H,-,A,A,0,,,Y,,Y,,C,02,0,1,0,0,0,0,0,0,1,"- ","- ",,,"SAN FRANCISCO","SAN FRANCISCO",-122.40561676025391,37.732444763183594
9313249,2021,2021-09-10,3801,2021-07-03,1403,80,RICHM,6,5,7,3801,0,0,0,,0,3G4C,"PARK PRESIDIO BL","GEARY BL",0.00,,Y,A,-,N,,,,,,,,,,N,4,0,1,5,A,-,03,22350,,N,C,C,A,-,H,-,A,A,0,,,,,Y,,A,07,0,0,1,0,0,0,0,0,0,"- ","- ",,,"SAN FRANCISCO","SAN FRANCISCO",-122.47234344482422,37.780723571777344
9313255,2021,2021-09-10,3801,2021-07-22,2122,1454,NORTH,4,5,7,3801,0,0,0,,0,3E15E,"FELL ST","PIERCE ST",0.00,,Y,A,-,N,,,,,,,,,,Y,2,0,1,2,A,-,17,21657,,N,A,C,A,A,H,-,C,A,0,,,Y,,Y,,A,01,1,0,0,0,0,0,0,0,1,"- ","- ",,,"SAN FRANCISCO","SAN FRANCISCO",-122.43429565429688,37.77447509765625
9313260,2021,2021-09-10,3801,2021-07-19,2210,4178,TRAFF,1,5,7,3801,0,0,0,,0,4B3A,"GUERRERO ST","DUBOCE AV",14.00,S,N,A,-,N,,,,,,,,,,N,3,0,1,2,A,-,11,21956,A,N,G,B,E,A,H,-,C,A,0,Y,,,,Y,,N,60,0,1,0,0,1,0,0,0,0,"- ","- ",,,"SAN FRANCISCO","SAN FRANCISCO",-122.42458343505859,37.769702911376953
9313263,2021,2021-09-03,3801,2021-07-14,1443,4023,MISSI,3,5,7,3801,0,0,0,,0,3D13C,"VALENCIA ST","25TH ST",7.00,S,N,A,-,N,,,,,,,,,,N,4,0,1,2,A,-,10,21950,A,N,G,B,B,A,H,-,A,A,0,Y,,,,Y,,A,01,0,0,1,0,1,0,0,0,0,"- ","- ",,,"SAN FRANCISCO","SAN FRANCISCO",-122.42049407958984,37.750492095947266
9313270,2021,2021-09-03,3801,2021-07-04,0308,2035,MISSI,7,5,7,3801,0,0,0,,0,3D91,"CAPP ST","20TH ST",214.00,N,N,A,-,N,,,,,,,,,,N,4,0,1,2,A,-,03,22350,,F,C,C,A,A,H,-,C,D,0,,,,,Y,,-,99,0,0,1,0,0,0,0,0,0,"- ","- ",,,"SAN FRANCISCO","SAN FRANCISCO",-122.41801452636719,37.759265899658203
9313352,2021,2021-09-28,3801,2021-07-12,1603,4200,TARAV,1,5,7,3801,0,0,0,,0,314D,"20TH AV","WINSTON DR",0.00,,Y,A,-,N,,,,,,,,,,Y,4,0,4,2,A,-,09,21804,A,N,D,C,A,A,H,-,A,D,0,,,,,Y,,A,07,0,0,4,0,0,0,0,0,0,"- ","- ",,,"SAN FRANCISCO","SAN FRANCISCO",-122.47597503662109,37.730087280273438
9313482,2021,2021-09-22,3801,2021-07-22,1730,2239,INGLE,4,5,7,3801,0,0,0,,0,3H11D,"MISSION ST","VIRGINIA AV",0.00,,Y,A,-,N,,,,,,,,,,Y,4,0,1,2,A,-,08,22107,,N,A,C,A,A,H,-,A,A,0,,,Y,,Y,,A,08,0,0,1,0,0,0,0,0,1,"- ","- ",,,"SAN FRANCISCO","SAN FRANCISCO",-122.42150115966797,37.743148803710938
9313485,2021,2021-09-16,3801,2021-07-02,0701,1819,NORTH,5,5,7,3801,0,0,0,,0,"1 CAR","OCTAVIA ST","PAGE ST",0.00,,Y,A,-,N,,,,,,,,,,N,4,0,1,2,A,-,03,22350,,N,C,C,A,A,H,-,A,A,0,,,,,Y,,A,01,0,0,1,0,0,0,0,0,0,"- ","- ",,,"SAN FRANCISCO","SAN FRANCISCO",-122.42411041259766,37.773883819580078
9314633,2021,2021-08-28,3801,2021-07-15,1624,472,TARAV,4,5,7,3801,0,0,0,,0,3I16D,"GRAFTON AV","ASHTON AV",0.00,,Y,B,-,N,,,,,,,,,,Y,4,0,2,3,A,-,12,22450,A,N,D,C,A,A,H,-,A,A,0,,,,,Y,,A,01,0,0,2,0,0,0,0,0,0,"- ","- ",,,"SAN FRANCISCO","SAN FRANCISCO",-122.46226501464844,37.720008850097656
9314637,2021,2021-08-28,3801,2021-07-21,0808,2149,NORTH,3,5,7,3801,0,0,0,,0,3E11A,"OCTAVIA ST","GREEN ST",0.00,,Y,B,-,N,,,,,,,,,,N,4,0,1,2,A,-,10,21950,A,N,G,B,B,A,H,-,A,A,0,Y,,,,Y,,A,01,0,0,1,0,1,0,0,0,0,"- ","- ",,,"SAN FRANCISCO","SAN FRANCISCO",-122.4287109375,37.796974182128906
9314682,2021,2021-09-13,3801,2021-07-30,1827,1160,SOUTH,5,5,7,3801,0,0,0,,0,0B2,"2ND ST","CLEMENTINA ST",0.00,,Y,A,-,N,,,,,,,,,,N,4,0,1,2,A,-,03,22350,,N,D,G,A,A,H,-,A,D,0,,Y,,,Y,,L,04,0,0,1,0,0,0,1,0,0,"- ","- ",,,"SAN FRANCISCO","SAN FRANCISCO",-122.39724731445312,37.785995483398438
9314691,2021,2021-09-13,3801,2021-07-28,0957,2224,MISSI,3,5,7,3801,0,0,0,,0,3D13A,"TREAT AV","23RD ST",12.00,N,N,A,-,N,,,,,,,,,,N,4,0,1,3,A,-,03,22350,,F,A,C,A,A,H,-,A,D,0,,,,,Y,Y,-,,0,0,1,0,0,0,0,0,0,"- ","- ",,,"SAN FRANCISCO","SAN FRANCISCO",-122.41312408447266,37.754203796386719
9314788,2021,2021-09-16,3801,2021-07-01,2157,2741,INGLE,4,5,7,3801,0,0,0,,0,3H14E,"GENEVA AV","RT 280",36.00,E,N,F,-,N,,,,,,,,,,Y,3,0,1,1,A,-,07,21658,A,N,E,I,A,B,H,-,C,D,0,,,,,Y,,A,01,0,1,0,0,0,0,0,0,0,"- ","- ",,,"SAN FRANCISCO","SAN FRANCISCO",-122.44788360595703,37.721229553222656
9314789,2021,2021-09-16,3801,2021-07-01,2237,901,INGLE,4,5,7,3801,0,0,0,,0,3H13E,ALEMANY,"SAN JOSE AV",0.00,,Y,C,-,N,,,,,,,,,,N,4,0,1,2,A,-,12,21453,A,F,D,D,A,B,H,-,C,A,0,,,,,Y,,-,,0,0,1,0,0,0,0,0,0,"- ","- ",,,"SAN FRANCISCO","SAN FRANCISCO",-122.45709991455078,37.710071563720703
9314790,2021,2021-09-09,3801,2021-07-01,1710,2433,INGLI,4,5,7,3801,0,0,0,,0,3H11D,"SAN JOSE AV","RANDALL ST",0.00,,Y,A,-,N,,,,,,,,,,N,3,0,1,2,A,-,10,21950,A,N,G,B,B,A,H,-,A,A,0,Y,,,,Y,,A,07,0,1,0,0,1,0,0,0,0,"- ","- ",,,"SAN FRANCISCO","SAN FRANCISCO",-122.42426300048828,37.739860534667969
9314793,2021,2021-09-09,3801,2021-07-05,0130,821,SOUTH,1,5,7,3801,0,0,0,,0,3B2,"HOWARD ST","3RD ST",25.00,S,N,A,-,N,,,,,,,,,,,4,0,1,2,A,-,03,22350,,N,C,D,A,A,H,-,C,A,0,,,,,Y,,-,"- ",0,0,1,0,0,0,0,0,0,"- ","- ",,,"SAN FRANCISCO","SAN FRANCISCO",-122.40056610107422,37.784961700439453
9314794,2021,2021-09-09,3801,2021-07-04,1120,1296,INGLI,7,5,7,3801,0,0,0,,0,3H15A,"OCEAN AV","SAN JOSE AV",20.00,W,N,A,-,N,,,,,,,,,,N,4,0,1,2,A,-,04,21703,,N,C,C,A,A,H,-,A,A,0,,,,,Y,,A,01,0,0,1,0,0,0,0,0,0,"- ","- ",,,"SAN FRANCISCO","SAN FRANCISCO",-122.44487762451172,37.722930908203125
9314797,2021,2021-09-09,3801,2021-07-25,0255,1967,NORTH,7,5,7,3801,0,0,0,,0,3E13E,"GOUGH ST","SUTTER ST",0.00,,Y,A,-,N,,,,,,,,,,Y,2,0,1,5,A,-,12,21453,A,F,B,C,A,A,H,-,C,A,0,,,,,Y,,A,01,1,0,0,0,0,0,0,0,0,"- ","- ",,,"SAN FRANCISCO","SAN FRANCISCO",-122.42504119873047,37.787139892578125
9315061,2021,2021-09-21,3801,2021-07-05,0415,821,SOUTH,1,5,7,3801,0,0,0,,0,,"MISSION ST","MISSION ST 1401",0.00,,Y,A,-,N,,,,,,,,,,,4,0,1,1,A,-,17,21663,,N,B,I,A,-,H,-,C,A,0,,,,,Y,,-,,0,0,1,0,0,0,0,0,0,"- ","- ",,,"SAN FRANCISCO","SAN FRANCISCO",-122.41979217529297,37.7705078125
9315082,2021,2021-09-13,3801,2021-07-09,2150,1994,TRAFF,5,5,7,3801,0,0,0,,0,4B3G,"3RD ST","KING ST",12.00,N,N,A,-,N,,,,,,,,,,N,2,0,1,2,A,-,10,21950,A,F,G,B,B,A,H,-,C,A,0,Y,,,,Y,,A,01,1,0,0,0,1,0,0,0,0,"- ","- ",,,"SAN FRANCISCO","SAN FRANCISCO",-122.39197540283203,37.778224945068359
9315088,2021,2021-09-13,3801,2021-07-31,2212,421,PARK,6,5,7,3801,0,0,0,,0,4CAR,"HAIGHT ST","BRODERICK ST",0.00,,Y,B,-,N,,,,,,,,,,N,4,0,1,2,A,-,04,21703,,F,C,C,A,A,H,-,C,A,0,,,,,Y,,A,01,0,0,1,0,0,0,0,0,0,"- ","- ",,,"SAN FRANCISCO","SAN FRANCISCO",-122.438720703125,37.771045684814453
9316641,2021,2021-10-14,3801,2021-07-17,0723,1628,RICHM,6,5,7,3801,0,0,0,,0,2CAR,"GEARY BL","ARGUELLO BL",0.00,,Y,A,-,N,,,,,,,,,,N,4,0,1,2,A,-,12,21453,A,N,D,G,A,A,H,-,A,A,0,,Y,,,Y,,A,01,0,0,1,0,0,0,1,0,0,"- ","- ",,,"SAN FRANCISCO","SAN FRANCISCO",-122.45887756347656,37.781333923339844
9316646,2021,2021-10-14,3801,2021-07-14,1929,2704,SOUTH,3,5,7,3801,0,0,0,,0,3B1,"THE EMBARCADERO NORTH","HARRISON ST",268.00,S,N,A,-,N,,,,,,,,,,Y,4,0,3,3,A,-,03,22350,,F,C,C,A,A,H,-,A,A,0,,,,,Y,,A,01,0,0,3,0,0,0,0,0,0,"- ","- ",,,"SAN FRANCISCO","SAN FRANCISCO",-122.38821411132812,37.788837432861328
9316659,2021,2021-10-12,3801,2021-07-10,1200,859,TENDE,6,5,7,3801,0,0,0,,0,03J,"MARKET ST","4TH ST",17.00,E,N,A,-,N,,,,,,,,,,N,3,0,1,1,A,-,08,22107,,N,-,I,A,A,H,-,A,A,0,,Y,,,Y,,L,04,0,1,0,0,0,0,1,0,0,"- ","- ",,,"SAN FRANCISCO","SAN FRANCISCO",-122.40584564208984,37.785732269287109
9316663,2021,2021-09-11,3801,2021-07-09,2124,2457,SOUTH,5,5,7,3801,0,0,0,,0,3B12E,"MISSION ST","5TH ST",300.00,E,N,A,-,N,,,,,,,,,,N,4,0,1,2,A,-,08,22107,,N,B,C,A,A,H,-,C,D,0,,,Y,,Y,,A,01,0,0,1,0,0,0,0,0,1,"- ","- ",,,"SAN FRANCISCO","SAN FRANCISCO",-122.40574645996094,37.783317565917969
9316664,2021,2021-09-11,3801,2021-07-09,2047,2056,SOUTH,5,5,7,3801,0,0,0,,0,3B21D,"FOLSOM ST","HAWTHORNE ST",0.00,,Y,A,-,N,,,,,,,,,,N,4,0,2,2,D,-,00,,,N,D,C,A,A,H,-,A,A,0,,,,,Y,,-,"- ",0,0,2,0,0,0,0,0,0,"- ","- ",,,"SAN FRANCISCO","SAN FRANCISCO",-122.39783477783203,37.784683227539062
9317064,2021,2021-08-31,3801,2021-06-24,2040,76,TRAFF,4,5,7,3801,0,0,0,,0,4B3B,"GENEVA AV","CARTER ST",0.00,,Y,A,-,N,,,,,,,,,,Y,2,0,3,2,A,-,12,21453,A,N,-,C,A,A,-,-,C,A,0,,,,,Y,,A,01,1,0,2,0,0,0,0,0,0,"- ","- ",,,"SAN FRANCISCO","SAN FRANCISCO",-122.42338562011719,37.709270477294922
9318340,2021,2021-09-29,3801,2021-08-26,0901,910,3,4,5,7,3801,0,0,0,,0,002,"S STATE DR","LAKE BL",673.00,E,N,A,-,N,,,,,,,,,,N,2,0,1,1,A,-,03,22350,,N,F,J,A,A,H,-,A,D,0,,,Y,,Y,,C,02,1,0,0,0,0,0,0,0,1,"- ","- ",37.763370513916016,-122.43534851074219,"SAN FRANCISCO","SAN FRANCISCO",,
9320212,2021,2021-12-21,3801,2021-11-10,0755,1936,TRAFF,3,5,7,3801,0,0,0,,0,4B1D,"FRANKLIN ST","UNION ST",0.00,,Y,B,-,N,,,,,,,,,,Y,1,1,1,7,A,-,12,21453,A,F,D,C,F,B,H,-,A,A,0,Y,,Y,Y,Y,,A,01,0,0,1,1,0,0,0,0,0,"- ","- ",,,"SAN FRANCISCO","SAN FRANCISCO",-122.42562103271484,37.798343658447266
9320386,2021,2022-02-15,3801,2021-12-17,0256,1766,TRAFF,5,5,7,3801,0,0,0,,0,4B103,"OAKDALE AV","NEWHALL ST",22.00,W,N,A,-,N,,,,,,,,,,Y,1,1,0,2,D,-,00,,,N,B,C,A,A,H,-,C,D,0,,,,,Y,,-,"- ",0,0,0,0,0,0,0,0,0,"- ","- ",,,"SAN FRANCISCO","SAN FRANCISCO",-122.39224243164062,37.735702514648438
9320564,2021,2022-03-24,3801,2021-10-29,2315,1994,TRAFF,5,5,7,3801,0,0,0,,0,4B3G,"HARRISON ST","16TH ST",0.00,,Y,A,-,N,,,,,,,,,,Y,1,1,0,2,A,-,12,21453,A,N,D,C,A,A,H,-,C,A,0,,,Y,,Y,,A,07,0,0,0,0,0,0,0,1,0,"- ","- ",,,"SAN FRANCISCO","SAN FRANCISCO",-122.41314697265625,37.765449523925781
9320732,2022,2022-05-24,3801,2022-03-02,0734,262,TRAFF,3,5,7,3801,0,0,0,,0,4B2G,"HARRISON ST","22ND ST",0.00,,Y,A,-,N,,,,,,,,,,Y,1,1,0,2,A,-,12,22450,A,N,D,C,A,A,H,-,A,A,0,,,,Y,Y,,-,"- ",0,0,0,0,0,0,0,0,0,"- ","- ",,,"SAN FRANCISCO","SAN FRANCISCO",-122.41222381591797,37.755836486816406
9320895,2022,2022-07-12,3801,2022-05-01,2029,1766,TENDE,7,5,7,3801,0,0,0,,0,4B103,"TAYLOR ST","TURK ST",2.00,S,N,A,-,N,,,,,,,,,,N,1,1,0,3,A,-,12,21453,A,F,D,C,A,A,H,-,C,A,0,,,Y,,Y,,A,07,0,0,0,0,0,0,0,1,0,"- ","- ",,,"SAN FRANCISCO","SAN FRANCISCO",-122.41078186035156,37.783203125
9321434,2022,2022-08-01,3801,2022-04-08,0823,2202,INGLE,5,5,7,3801,0,0,0,,0,8H13A,"SILVER AV","OXFORD ST",0.00,,Y,A,-,N,,,,,,,,,,Y,3,0,2,2,A,-,12,22450,A,N,D,D,A,A,H,-,A,A,0,,,,,Y,,A,01,0,1,1,0,0,0,0,0,0,"- ","- ",,,"SAN FRANCISCO","SAN FRANCISCO",-122.42051696777344,37.728935241699219
9322547,2021,2021-10-08,3801,2021-08-30,0151,709,BAYVI,1,5,7,3801,0,0,0,,0,3C12E,"3RD ST","JAMESTOWN AV",60.00,S,N,A,-,N,,,,,,,,,,Y,4,0,1,2,A,-,02,22400,A,F,C,C,A,A,H,-,C,A,0,,,,,Y,,D,22,0,0,1,0,0,0,0,0,0,"- ","- ",,,"SAN FRANCISCO","SAN FRANCISCO",-122.39677429199219,37.720104217529297
9339684,2021,2021-10-25,3801,2021-09-11,2100,614,TARAV,6,5,7,3801,0,0,0,,0,3I15E,"JUNIPERO SERRA BL","RT 280",0.00,,N,A,-,Y,SM,4,280,-,R,25.609,R,4,S,N,3,0,1,2,A,-,08,22107,,F,B,C,A,A,H,-,C,D,0,,,Y,,Y,,-,99,0,1,0,0,0,0,0,0,1,"- ",SO,,,"SAN FRANCISCO","SAN FRANCISCO",-122.47164916992188,37.6826171875
9340210,2021,2021-10-19,3801,2021-08-24,0948,4331,SOUTH,2,5,7,3801,0,0,0,,0,SECTOR,"TOWNSEND ST","2ND ST",0.00,,Y,-,-,N,,,,,,,,,,N,4,0,1,2,A,-,08,22107,,N,B,C,A,-,H,-,A,D,0,,,,,Y,,-,"- ",0,0,1,0,0,0,0,0,0,"- ","- ",,,"SAN FRANCISCO","SAN FRANCISCO",-122.39051818847656,37.780624389648438
9340218,2021,2021-10-08,3801,2021-08-17,1514,537,PARK,2,5,7,3801,0,0,0,,0,3F11C,"7TH AV","HUGO ST",0.00,,Y,A,-,N,,,,,,,,,,N,4,0,1,2,A,-,08,22107,,N,B,C,A,A,H,-,A,D,0,,,,,Y,,A,01,0,0,1,0,0,0,0,0,0,"- ","- ",,,"SAN FRANCISCO","SAN FRANCISCO",-122.46424102783203,37.765060424804688
9340957,2021,2021-10-12,3801,2021-08-08,1822,1389,BAYVI,7,5,7,3801,0,0,0,,0,3C12D,"BAY SHORE BL","PAUL AV",0.00,,Y,A,-,N,,,,,,,,,,Y,4,0,1,3,A,-,01,23152,A,F,C,C,A,A,H,-,A,A,0,,,,,Y,Y,A,01,0,0,1,0,0,0,0,0,0,"- ","- ",,,"SAN FRANCISCO","SAN FRANCISCO",-122.40079498291016,37.723606109619141
9341083,2021,2021-10-09,3801,2021-08-31,0101,1286,SOUTH,2,5,7,3801,0,0,0,,0,3B4,"MISSION ST","PLUM ST",0.00,,Y,A,-,N,,,,,,,,,,Y,3,0,1,1,A,-,03,22350,,M,E,I,A,A,H,-,C,A,0,,,,,Y,,A,01,0,1,0,0,0,0,0,0,0,"- ","- ",,,"SAN FRANCISCO","SAN FRANCISCO",-122.41963958740234,37.770984649658203
9341096,2021,2021-10-09,3801,2021-08-10,1250,2408,RICHM,2,5,7,3801,0,0,0,,0,3G4D,"MARTIN LUTHER KING JR DR","TRANSVERSE DR",75.00,W,N,A,-,N,,,,,,,,,,N,4,0,1,2,A,-,00,21703,A,N,C,C,A,A,H,-,A,A,0,,,,,Y,,A,01,0,0,1,0,0,0,0,0,0,"- ","- ",,,"SAN FRANCISCO","SAN FRANCISCO",-122.478515625,37.765922546386719
9341098,2021,2021-10-09,3801,2021-08-11,1634,2433,INGLE,3,5,7,3801,0,0,0,,0,3H12D,"CHURCH ST","28TH ST",0.00,,Y,A,-,N,,,,,,,,,,N,4,0,2,2,A,-,09,21800,A,N,D,C,A,A,H,-,A,D,0,,,,,Y,,A,01,0,0,2,0,0,0,0,0,0,"- ","- ",,,"SAN FRANCISCO","SAN FRANCISCO",-122.42681884765625,37.745307922363281
9341103,2021,2021-10-08,3801,2021-08-28,1630,1268,SOUTH,6,5,7,3801,0,0,0,,0,03B,"2ND ST","HARRISON ST",80.00,S,N,A,-,N,,,,,,,,,,N,4,0,2,2,A,-,04,21703,,N,C,C,A,A,H,-,A,A,0,,,,,Y,,A,01,0,0,2,0,0,0,0,0,0,"- ","- ",,,"SAN FRANCISCO","SAN FRANCISCO",-122.39498901367188,37.784172058105469
9341112,2021,2021-10-08,3801,2021-08-27,0048,DIAZ1308,SOUTH,5,5,7,3801,0,0,0,,0,3B11E,HOWARD,"STEUART ST",0.00,,Y,A,-,N,,,,,,,,,,N,4,0,1,2,A,-,"- ",,,N,G,B,B,A,H,-,C,A,0,Y,,,,Y,,-,"- ",0,0,1,0,1,0,0,0,0,"- ","- ",,,"SAN FRANCISCO","SAN FRANCISCO",-122.39163970947266,37.792018890380859
9341562,2021,2021-10-14,3801,2021-07-26,1240,796,NORTH,1,5,7,3801,0,0,0,,0,3E13A,"GOUGH ST","IVY ST",0.00,,Y,A,-,N,,,,,,,,,,N,4,0,1,2,A,-,09,21804,A,N,D,C,A,A,H,-,A,D,0,,,Y,,Y,,A,01,0,0,1,0,0,0,0,0,1,"- ","- ",,,"SAN FRANCISCO","SAN FRANCISCO",-122.42305755615234,37.777336120605469
9341909,2021,2021-10-21,3801,2021-08-12,1613,1148,MISSI,4,5,7,3801,0,0,0,,0,3D16D,"BRYANT ST","16TH ST",12.00,E,N,A,-,N,,,,,,,,,,N,4,0,1,2,A,-,09,21804,A,N,B,C,A,A,H,-,A,D,0,,,,,Y,,A,01,0,0,1,0,0,0,0,0,0,"- ","- ",,,"SAN FRANCISCO","SAN FRANCISCO",-122.41051483154297,37.765556335449219
9341910,2021,2021-10-21,3801,2021-08-13,1514,33,RICHM,5,5,7,3801,0,0,0,,0,003,"CLEMENT ST","10TH AV",0.00,,Y,B,-,N,,,,,,,,,,Y,4,0,2,3,A,-,10,21950,A,N,G,B,B,A,H,-,A,D,0,Y,,,,Y,,A,01,0,0,2,0,2,0,0,0,0,"- ","- ",,,"SAN FRANCISCO","SAN FRANCISCO",-122.46871185302734,37.782730102539062
9341982,2021,2021-10-21,3801,2021-09-23,0820,1288,NORTH,4,5,7,3801,0,0,0,,0,3E11A,"STEINER ST","OAK ST",0.00,,Y,A,-,N,,,,,,,,,,Y,4,0,1,2,-,-,"- ",,,N,C,D,A,-,-,-,A,-,0,,,Y,Y,Y,,-,"- ",0,0,1,0,0,0,0,0,1,"- ","- ",,,"SAN FRANCISCO","SAN FRANCISCO",-122.43245697021484,37.773746490478516
9342000,2021,2021-10-22,3801,2021-09-18,0028,766,CENTR,6,5,7,3801,0,0,0,,0,3A15E,"CALIFORNIA ST","DRUMM ST",150.00,,N,A,-,N,,,,,,,,,,N,4,0,1,2,A,-,07,21658,A,F,B,B,A,A,H,-,C,A,0,,,,,Y,,-,,0,0,1,0,0,0,0,0,0,"- ","- ",,,"SAN FRANCISCO","SAN FRANCISCO",-122.39640808105469,37.793663024902344
9342071,2021,2021-10-22,3801,2021-09-16,1703,2745,MISSI,4,5,7,3801,0,0,0,,0,3D16D,"24TH ST","BRYANT ST",112.00,E,N,A,-,N,,,,,,,,,,Y,4,0,1,4,A,-,03,22350,,N,B,E,A,A,H,-,A,D,0,,,,,Y,,A,01,0,0,1,0,0,0,0,0,0,"- ","- ",,,"SAN FRANCISCO","SAN FRANCISCO",-122.40874481201172,37.752841949462891
9343022,2021,2021-10-14,3801,2021-08-31,1832,4023,MISSI,2,5,7,3801,0,0,0,,0,0D4,"S VAN NESS AV","CESAR CHAVEZ ST",150.00,N,N,A,-,N,,,,,,,,,,N,4,0,1,2,A,-,17,21663,,F,G,B,F,A,H,-,A,D,0,Y,,,,Y,Y,A,01,0,0,1,0,1,0,0,0,0,"- ","- ",,,"SAN FRANCISCO","SAN FRANCISCO",-122.41596221923828,37.748672485351562
9343027,2021,2021-10-14,3801,2021-08-31,1107,1679,CENTR,2,5,7,3801,0,0,0,,0,3A13C,"THE EMBARCADERO","WASHINGTON ST",349.00,S,N,A,-,N,,,,,,,,,,Y,4,0,1,3,A,-,04,21703,,N,C,C,A,A,H,-,A,A,0,,,,,Y,,A,01,0,0,1,0,0,0,0,0,0,"- ","- ",,,"SAN FRANCISCO","SAN FRANCISCO",-122.39488220214844,37.795845031738281
9343031,2021,2021-10-14,3801,2021-08-01,1915,1148,MISSI,7,5,7,3801,0,0,0,,0,3D16D,"16TH ST","S VAN NESS AV",118.00,E,N,A,-,N,,,,,,,,,,Y,4,0,1,2,A,-,12,21453,A,F,D,C,A,A,H,-,A,D,0,,,,,Y,,-,"- ",0,0,1,0,0,0,0,0,0,"- ","- ",,,"SAN FRANCISCO","SAN FRANCISCO",-122.41708374023438,37.765201568603516