CASE_ID,ACCIDENT_YEAR,PROC_DATE,JURIS,COLLISION_DATE,COLLISION_TIME,OFFICER_ID,REPORTING_DISTRICT,DAY_OF_WEEK,CHP_SHIFT,POPULATION,CNTY_CITY_LOC,SPECIAL_COND,BEAT_TYPE,CHP_BEAT_TYPE,CITY_DIVISION_LAPD,CHP_BEAT_CLASS,BEAT_NUMBER,PRIMARY_RD,SECONDARY_RD,DISTANCE,DIRECTION,INTERSECTION,WEATHER_1,WEATHER_2,STATE_HWY_IND,CALTRANS_COUNTY,CALTRANS_DISTRICT,STATE_ROUTE,ROUTE_SUFFIX,POSTMILE_PREFIX,POSTMILE,LOCATION_TYPE,RAMP_INTERSECTION,SIDE_OF_HWY,TOW_AWAY,COLLISION_SEVERITY,NUMBER_KILLED,NUMBER_INJURED,PARTY_COUNT,PRIMARY_COLL_FACTOR,PCF_CODE_OF_VIOL,PCF_VIOL_CATEGORY,PCF_VIOLATION,PCF_VIOL_SUBSECTION,HIT_AND_RUN,TYPE_OF_COLLISION,MVIW,PED_ACTION,ROAD_SURFACE,ROAD_COND_1,ROAD_COND_2,LIGHTING,CONTROL_DEVICE,CHP_ROAD_TYPE,PEDESTRIAN_ACCIDENT,BICYCLE_ACCIDENT,MOTORCYCLE_ACCIDENT,TRUCK_ACCIDENT,NOT_PRIVATE_PROPERTY,ALCOHOL_INVOLVED,STWD_VEHTYPE_AT_FAULT,CHP_VEHTYPE_AT_FAULT,COUNT_SEVERE_INJ,COUNT_VISIBLE_INJ,COUNT_COMPLAINT_PAIN,COUNT_PED_KILLED,COUNT_PED_INJURED,COUNT_BICYCLIST_KILLED,COUNT_BICYCLIST_INJURED,COUNT_MC_KILLED,COUNT_MC_INJURED,PRIMARY_RAMP,SECONDARY_RAMP,LATITUDE,LONGITUDE,COUNTY,CITY,POINT_X,POINT_Y
9437543,2022,2022-05-16,3801,2022-04-23,1739,2441,INGLE,6,5,7,3801,0,0,0,,0,3H15D,"LONDON ST","GENEVA AV",0.00,,Y,A,-,N,,,,,,,,,,N,4,0,1,2,A,-,21,22106,,N,C,C,A,A,H,-,A,D,0,,,,,Y,,A,01,0,0,1,0,0,0,0,0,0,"- ","- ",,,"SAN FRANCISCO","SAN FRANCISCO",-122.44023895263672,37.716049194335938
9437560,2022,2022-05-13,3801,2022-04-21,2055,713,CENTR,4,5,7,3801,0,0,0,,0,3A14D,"THE EMBARCADERO NORTH","GRANT ST",19.00,E,N,A,-,N,,,,,,,,,,N,4,0,2,2,A,-,03,22350,,F,C,C,A,A,H,-,C,A,0,,,,,Y,,A,01,0,0,2,0,0,0,0,0,0,"- ","- ",,,"SAN FRANCISCO","SAN FRANCISCO",-122.40901947021484,37.808109283447266
94380021,2024,2024-09-03,9335,2024-08-15,2100,023489,,4,2,7,3801,0,1,2,,2,013,"US-101 SOUTHBOUND","BAYSHORE BOULEVARD UNDER-CROSSING",363.00,S,N,A,-,Y,SF,,101," "," ",2.873,H,,L,N,4,0,3,6,A,-,07,21658,A,M,C,C,A,A,H,-,C,D,0,,,Y,,Y,,-,99,0,0,3,0,0,0,0,0,1,"- ","- ",37.747539520263672,-122.40435028076172,"SAN FRANCISCO","SAN FRANCISCO",-122.40440368652344,37.747550964355469
9438255,2022,2022-05-23,3801,2022-04-07,1000,244,NORTH,4,5,7,3801,0,0,0,,0,3E14A,"CALIFORNIA ST","LAGUNA ST",0.00,,Y,A,-,N,,,,,,,,,,Y,4,0,1,2,D,-,00,,,N,D,C,A,A,H,-,A,A,0,,,,,Y,,-,"- ",0,0,1,0,0,0,0,0,0,"- ","- ",,,"SAN FRANCISCO","SAN FRANCISCO",-122.42888641357422,37.789531707763672
94389046,2024,2024-09-10,9335,2024-09-02,1740,021424,,1,2,7,3801,0,1,2,,2,013,"US-101 S/B","PAUL AVE",500.00,S,N,A,-,Y,SF,,101," "," ",1.028,H,,L,N,4,0,1,2,A,-,07,21658,A,N,B,C,A,A,H,-,A,D,0,,,,,Y,,-,"- ",0,0,1,0,0,0,0,0,0,"- ","- ",37.722389221191406,-122.40084838867188,"SAN FRANCISCO","SAN FRANCISCO",-122.40081787109375,37.722396850585938
94400875,2024,2024-09-19,9335,2024-09-11,2200,021754,,3,3,7,3801,0,1,1,,1,081,"I-80 W/B","THE EMBARCADERO UNDERCROSSING",300.00,E,N,A,-,Y,SF,,80," "," ",5.988,H,,L,N,4,0,2,2,A,-,03,22350,,N,C,C,A,A,H,-,C,D,0,,,,,Y,,A,07,0,0,2,0,0,0,0,0,0,"- ","- ",37.789718627929688,-122.38713073730469,"SAN FRANCISCO","SAN FRANCISCO",-122.38700866699219,37.789638519287109
94401048,2024,2024-09-20,9335,2024-09-14,"605 ",023167,,6,1,7,3801,0,1,1,,2,024,"I-280 S/B","16TH ST",220.00,S,N,A,-,Y,SF,,280," ",R,6.827,H,,L,Y,4,0,1,1,A,-,08,22107,,N,E,I,A,A,H,-,B,D,0,,,,,Y,,A,01,0,0,1,0,0,0,0,0,0,"- ","- ",37.766040802001953,-122.39405822753906,"SAN FRANCISCO","SAN FRANCISCO",-122.39418792724609,37.765953063964844
94401063,2024,2024-09-20,9335,2024-09-18,1430,023119,,3,2,7,3801,0,1,1,,2,023,"I-280 S/B","MISSION STREET OVERCROSSING",170.00,N,N,A,-,Y,SF,,280," ",R,3.154,H,,L,Y,4,0,1,2,A,-,03,22350,,N,C,C,A,A,H,-,A,D,0,,,,,Y,,A,08,0,0,1,0,0,0,0,0,0,"- ","- ",37.731891632080078,-122.42733764648438,"SAN FRANCISCO","SAN FRANCISCO",-122.42735290527344,37.731861114501953
9441199,2022,2022-05-20,3801,2022-04-24,1017,2466,RICHM,7,5,7,3801,0,0,0,,0,FOUR,"FULTON AV","18TH AV",0.00,,Y,A,-,N,,,,,,,,,,Y,4,0,1,2,A,-,04,21703,,F,E,I,A,A,H,-,A,A,0,,,,,Y,,A,01,0,0,1,0,0,0,0,0,0,"- ","- ",,,"SAN FRANCISCO","SAN FRANCISCO",-122.47669982910156,37.772899627685547
94417961,2024,2024-10-03,9335,2024-05-09,2120,023504,,4,2,7,3801,0,1,1,,1,083,"I-80 EB","TREASURE ISLAND ROAD",180.00,W,N,A,-,Y,SF,,80," "," ",7.765,H,,R,Y,3,0,3,2,A,-,08,22107,,N,E,I,A,A,H,-,C,D,0,,,,,Y,,A,07,0,2,1,0,0,0,0,0,0,"- ","- ",37.8094482421875,-122.36563110351562,"SAN FRANCISCO","SAN FRANCISCO",-122.36573028564453,37.809520721435547
94418735,2024,2024-10-04,9335,2024-09-24,1330,023595,,2,1,7,3801,0,1,1,,2,023,"I-280 S/B TO ALEMANY BOULEVARD","ELLSWORTH ST",770.00,N,N,A,-,Y,SF,,280," ",R,3.738,H,,L,Y,4,0,1,3,A,-,08,22107,,N,E,I,A,A,H,-,A,D,0,,,,,Y,,A,01,0,0,1,0,0,0,0,0,0,"- ","- ",37.732200622558594,-122.41683959960938,"SAN FRANCISCO","SAN FRANCISCO",-122.41683197021484,37.732025146484375
9442089,2022,2022-05-13,3801,2022-04-08,0242,2742,BAYVI,5,5,7,3801,0,0,0,,0,3C15E,"JENNINGS ST","WALLACE AV",135.00,S,N,A,-,N,,,,,,,,,,Y,2,0,3,2,A,-,03,22350,,N,D,E,A,A,H,-,C,D,0,,,,,Y,,A,01,1,0,2,0,0,0,0,0,0,"- ","- ",,,"SAN FRANCISCO","SAN FRANCISCO",-122.38951873779297,37.726116180419922
9442110,2022,2022-05-20,3801,2022-04-14,0149,2153,TARAV,4,5,7,3801,0,0,0,,0,3I16E,"RANDOLPH ST","RANDOLPH ST 940",0.00,,-,A,-,N,,,,,,,,,,Y,4,0,1,3,A,-,03,22350,,N,G,E,A,A,-,-,C,A,0,,,,,Y,,-,,0,0,1,0,0,0,0,0,0,"- ","- ",,,"SAN FRANCISCO","SAN FRANCISCO",,
94424975,2024,2024-10-09,9335,2024-09-27,"930 ",023832,,5,1,7,3801,0,1,2,,2,013,"US-101 N/B","SILVER AVENUE OVERCROSSING",950.00,N,N,A,-,Y,SF,,101," "," ",1.956,H,,R,Y,4,0,1,2,A,-,03,22350,,N,C,C,A,A,H,-,A,D,0,,,,,Y,,A,01,0,0,1,0,0,0,0,0,0,"- ","- ",37.735118865966797,-122.40666961669922,"SAN FRANCISCO","SAN FRANCISCO",-122.40662384033203,37.735137939453125
94426142,2024,2024-10-10,9335,2024-09-22,"249 ",023366,,7,3,7,3801,0,1,1,,1,083,"I-80 E/B","SFOBB TOWER",3375.00,E,N,B,-,Y,SF,,80," ",R,8.821,H,,R,Y,3,0,1,3,A,-,01,23152,A,M,C,C,A,A,H,-,C,D,0,,,,,Y,Y,A,01,0,1,0,0,0,0,0,0,0,"- ","- ",37.818820953369141,-122.35044860839844,"SAN FRANCISCO","SAN FRANCISCO",-122.35041809082031,37.818714141845703
94427796,2024,2024-10-11,9335,2024-09-22,2020,023603,,7,2,7,3801,0,1,1,,2,080,"I-80 W/B TO US-101 N/B","BRANNAN STREET UNDERCROSSING",170.00,W,N,A,-,Y,SF,,80," "," ",4.138,H,,L,Y,4,0,2,3,A,-,03,22350,,N,C,C,A,A,H,-,C,D,0,,,,,Y,,A,07,0,0,2,0,0,0,0,0,0,"- ","- ",37.770320892333984,-122.40592193603516,"SAN FRANCISCO","SAN FRANCISCO",-122.40582275390625,37.770343780517578
94427803,2024,2024-10-11,9335,2024-09-22,"203 ",023536,,7,3,7,3801,0,1,1,,1,081,"I-80 WB","SAN FRANCISCO OAKLAND BAY BRIDGE (SFOBB) TOWER",2000.00,E,N,A,-,Y,SF,,80," ",R,8.750,H,,L,Y,2,0,2,2,A,-,01,23152,A,N,A,C,A,A,H,-,C,A,0,,,,,Y,Y,A,01,1,1,0,0,0,0,0,0,0,"- ","- ",37.818790435791016,-122.35182189941406,"SAN FRANCISCO","SAN FRANCISCO",-122.35182952880859,37.818809509277344
94428962,2024,2024-11-07,9335,2024-09-20,2120,023685,,5,2,7,3801,0,1,1,,2,021,"I-280 N/B","WESTBOROUGH BOULEVARD",220.00,S,N,A,-,Y,SM,,280," ",R,22.581,H,,R,Y,4,0,1,2,A,-,03,22350,,F,C,C,A,A,H,-,C,D,0,,,,,Y,,-,99,0,0,1,0,0,0,0,0,0,"- ","- ",37.644821166992188,-122.44863128662109,"SAN FRANCISCO","SAN FRANCISCO",-122.44858551025391,37.644851684570312
94433959,2024,2024-10-16,9335,2024-10-05,2045,023474,,6,2,7,3801,0,1,2,,2,015,"US-101 S/B FROM 10TH STREET","ALAMEDA ST",71.00,N,N,A,-,Y,SF,,101," ",R,4.425,H,,L,N,3,0,1,3,A,-,03,22350,,N,C,C,A,A,H,-,C,D,0,,,,,Y,,A,07,0,1,0,0,0,0,0,0,0,"- ","- ",37.768558502197266,-122.40647888183594,"SAN FRANCISCO","SAN FRANCISCO",-122.40656280517578,37.768444061279297
94437216,2024,2024-10-21,9335,2024-10-08,2230,023991,,2,3,7,3801,0,1,1,,2,022,"I-280 S/B","OCEAN AVE OVERCROSSING",1033.00,N,N,A,-,Y,SF,,280," ",R,1.971,H,,L,N,3,0,1,2,A,-,03,22350,,N,C,C,A,A,H,-,C,D,0,,,,,Y,,A,01,0,1,0,0,0,0,0,0,0,"- ","- ",37.725738525390625,-122.44651031494141,"SAN FRANCISCO","SAN FRANCISCO",-122.44647216796875,37.725723266601562
94437858,2024,2024-10-21,9335,2024-10-11,2254,023483,,5,3,7,3801,0,1,2,,2,014,"US-101 NORTHBOUND","18TH STREET PEDESTRIAN OVERCROSSING",915.00,S,N,A,-,Y,SF,,101," "," ",3.773,H,,R,Y,3,0,2,2,A,-,03,22350,,N,C,C,A,A,H,-,C,D,0,,,,,Y,,A,01,0,2,0,0,0,0,0,0,0,"- ","- ",37.759628295898438,-122.40615844726562,"SAN FRANCISCO","SAN FRANCISCO",-122.4061279296875,37.759635925292969
9443975,2022,2022-05-13,3801,2022-04-08,1005,A22051,CENTR,5,5,7,3801,0,0,0,,0,3A14A,BROADWAY,"BATTERY ST",0.00,,Y,A,-,N,,,,,,,,,,N,4,0,1,2,A,-,10,21950,A,N,G,B,B,A,H,-,A,A,0,Y,,,,Y,,-,"- ",0,0,1,0,1,0,0,0,0,"- ","- ",,,"SAN FRANCISCO","SAN FRANCISCO",-122.40103912353516,37.798595428466797
9443982,2022,2022-05-16,3801,2022-03-23,0931,1936,TRAFF,3,5,7,3801,0,0,0,,0,4B1D,"PERSIA ST","MISSION ST",14.00,E,N,B,-,N,,,,,,,,,,Y,2,0,1,2,A,-,10,21950,A,N,G,B,B,A,H,-,A,A,0,Y,,,,Y,,A,01,1,0,0,0,1,0,0,0,0,"- ","- ",,,"SAN FRANCISCO","SAN FRANCISCO",-122.43592834472656,37.723121643066406
9444396,2022,2022-05-25,3801,2022-03-14,0647,610,MISSI,1,5,7,3801,0,0,0,,0,3D11A,"DUBOCE AV","VALENCIA ST",194.00,E,N,A,-,N,,,,,,,,,,N,4,0,1,2,A,-,05,21460,A,N,D,C,A,A,H,-,C,D,0,,,Y,,Y,,C,02,0,0,1,0,0,0,0,0,1,"- ","- ",,,"SAN FRANCISCO","SAN FRANCISCO",-122.42169189453125,37.769901275634766
94446567,2024,2024-10-28,9335,2024-10-19,1452,023592,,6,2,7,3801,0,1,1,,2,022,"I-280 N/B TO GENEVA AVE.","GENEVA AVE.",360.00,S,N,A,-,Y,SF,,280," ",R,1.567,H,,R,Y,4,0,2,2,A,-,03,22350,,N,C,C,A,A,H,-,A,D,0,,,,,Y,,A,08,0,0,2,0,0,0,0,0,0,"- ","- ",37.720081329345703,-122.44796752929688,"SAN FRANCISCO","SAN FRANCISCO",-122.44821166992188,37.720096588134766
94447110,2024,2024-10-28,9335,2024-10-22,"920 ",018804,,2,1,7,3801,0,1,2,,2,015,"US 101 N/B","11TH STREET",131.00,N,N,A,-,Y,SF,,101," ",R,4.774,H,,R,N,4,0,1,2,A,-,03,22350,,N,C,C,A,A,H,-,A,D,0,,,,,Y,,A,01,0,0,1,0,0,0,0,0,0,"- ","- ",37.769599914550781,-122.41172027587891,"SAN FRANCISCO","SAN FRANCISCO",-122.41172790527344,37.76953125
94455989,2024,2024-11-04,9335,2024-10-26,"440 ",023483,,6,3,7,3801,0,1,1,,1,081,"I-80 WESTBOUND","SFOBB TOWER",1900.00,W,N,A,-,Y,SF,,80," ",R,7.963,H,,L,Y,3,0,1,2,A,-,03,22350,,N,C,C,A,A,H,-,C,D,0,,,,,Y,,A,01,0,1,0,0,0,0,0,0,0,"- ","- ",37.811798095703125,-122.36331176757812,"SAN FRANCISCO","SAN FRANCISCO",-122.36347198486328,37.811862945556641
94457174,2024,2024-11-04,9335,2024-10-31,"645 ",024050,,4,1,7,3801,0,1,2,,2,013,"US-101 SB","FAITH STREET PEDESTRAIN OVERCROSSING",845.00,N,N,A,-,Y,SF,,101," "," ",2.772,H,,L,Y,4,0,1,4,A,-,07,21658,A,N,B,C,A,B,H,-,B,D,0,,,,,Y,,A,01,0,0,1,0,0,0,0,0,0,"- ","- ",37.746120452880859,-122.40480804443359,"SAN FRANCISCO","SAN FRANCISCO",-122.40483856201172,37.746124267578125
94457710,2024,2024-11-05,9335,2024-11-02,1845,023845,,6,2,7,3801,0,1,1,,1,083,"I-80 EASTBOUND","NORTHGATE ROAD",2482.00,E,N,A,-,Y,SF,,80," ",R,8.577,H,,R,N,4,0,3,2,A,-,03,22350,,N,C,C,A,A,H,-,C,D,0,,,,,Y,,A,01,0,0,3,0,0,0,0,0,0,"- ","- ",37.817378997802734,-122.35459899902344,"SAN FRANCISCO","SAN FRANCISCO",-122.35456848144531,37.817344665527344
94462744,2024,2024-11-08,9335,2024-11-07,"858 ",023504,,4,1,7,3801,0,1,2,,2,014,"US-101 SB","23RD ST OVER CROSS",23.00,S,N,A,-,Y,SF,,101," "," ",3.357,H,,L,N,3,0,1,2,A,-,03,22350,,N,C,C,A,A,H,-,A,D,0,,,Y,,Y,,C,02,0,1,0,0,0,0,0,0,1,"- ","- ",37.754379272460938,-122.40309143066406,"SAN FRANCISCO","SAN FRANCISCO",-122.40312957763672,37.754379272460938
94467011,2024,2024-11-13,9335,2024-11-06,1730,024080,,3,2,7,3801,0,1,2,,2,014,"US-101 S/B","23RD STREET O/C",213.00,N,N,A,-,Y,SF,,101," "," ",3.409,H,,L,Y,3,0,1,4,A,-,03,22350,,M,C,C,A,A,H,-,C,D,0,,,,,Y,,A,07,0,1,0,0,0,0,0,0,0,"- ","- ",37.755168914794922,-122.40316009521484,"SAN FRANCISCO","SAN FRANCISCO",-122.40320587158203,37.755168914794922
9446802,2022,2022-06-09,3801,2022-04-29,1208,1306,CENTR,5,5,7,3801,0,0,0,,0,3A44C,"PINE ST","GRANT AV",0.00,,Y,A,-,N,,,,,,,,,,N,4,0,1,2,A,-,10,21950,A,N,G,B,B,A,H,-,A,A,0,Y,,,,Y,,A,01,0,0,1,0,1,0,0,0,0,"- ","- ",,,"SAN FRANCISCO","SAN FRANCISCO",-122.40571594238281,37.791511535644531
9446811,2022,2022-06-09,3801,2022-04-22,2200,1396,SOUTH,5,5,7,3801,0,0,0,,0,3B13A,"BRYANT ST","8TH ST",0.00,,Y,A,-,N,,,,,,,,,,N,4,0,1,2,A,-,08,22100,B,F,B,C,A,A,H,-,C,A,0,,,,,Y,,A,01,0,0,1,0,0,0,0,0,0,"- ","- ",,,"SAN FRANCISCO","SAN FRANCISCO",-122.406982421875,37.772514343261719
9446819,2022,2022-06-08,3801,2022-04-27,0901,830,MISSI,3,5,7,3801,0,0,0,,0,3D15A,"16TH ST","POTRERO AV",0.00,,Y,A,-,N,,,,,,,,,,N,4,0,1,2,A,-,11,21950,B,N,D,C,A,A,H,-,A,A,0,,Y,,,Y,,L,04,0,0,1,0,0,0,1,0,0,"- ","- ",,,"SAN FRANCISCO","SAN FRANCISCO",-122.40756225585938,37.765773773193359
9446831,2022,2022-06-10,3801,2022-04-16,1348,104,INGLE,6,5,7,3801,0,0,0,,0,104,"GENEVA AV","PRAGUE ST",1100.00,E,N,B,-,N,,,,,,,,,,Y,2,0,1,2,A,-,11,21954,A,N,G,B,D,A,H,-,A,D,0,Y,,,,Y,,N,60,1,0,0,0,1,0,0,0,0,"- ","- ",,,"SAN FRANCISCO","SAN FRANCISCO",-122.42835235595703,37.711872100830078
9446859,2022,2022-11-09,3801,2022-05-03,2309,1750,NORTH,2,5,7,3801,0,0,0,,0,0E3,"FILLMORE ST","FELL ST",0.00,,Y,A,-,N,,,,,,,,,,Y,4,0,4,3,A,-,01,23153,F,N,D,C,A,A,H,-,C,A,0,,,,,Y,,A,01,0,0,4,0,0,0,0,0,0,"- ","- ",,,"SAN FRANCISCO","SAN FRANCISCO",-122.43099975585938,37.774890899658203
9446860,2022,2022-06-16,3801,2022-05-05,2210,1184,MISSI,4,5,7,3801,0,0,0,,0,3D13E,"SOUTH VAN NESS AV","23RD ST",53.00,S,N,A,-,N,,,,,,,,,,Y,4,0,1,3,A,-,01,23153,,N,C,C,A,A,H,-,C,D,0,,,,,Y,Y,A,01,0,0,1,0,0,0,0,0,0,"- ","- ",,,"SAN FRANCISCO","SAN FRANCISCO",-122.41642761230469,37.753814697265625
9446871,2022,2022-06-15,3801,2022-05-08,0245,1402,SOUTH,7,5,7,3801,0,0,0,,0,3B12E,"CLARA ST","6TH ST",0.00,,Y,A,-,N,,,,,,,,,,Y,4,0,1,4,A,-,03,22350,,F,D,E,A,A,H,-,C,D,0,,,,,Y,,A,01,0,0,1,0,0,0,0,0,0,"- ","- ",,,"SAN FRANCISCO","SAN FRANCISCO",-122.40460968017578,37.777706146240234
9446893,2022,2022-05-19,3801,2022-04-08,1132,1931,NORTH,5,5,7,3801,0,0,0,,0,3E41C,"HAYES ST","VAN NESS AV",0.00,,Y,A,-,N,,,,,,,,,,N,3,0,1,2,A,-,00,21657,B,N,-,J,A,A,H,-,A,A,0,,,,,Y,,M,94,0,1,0,0,0,0,0,0,0,"- ","- ",,,"SAN FRANCISCO","SAN FRANCISCO",-122.419677734375,37.777294158935547
9446895,2022,2022-05-19,3801,2022-04-08,0910,2266,INGLE,5,5,7,3801,0,0,0,,0,3H11A,"PERSIA AV","NAPLES ST",0.00,,Y,A,-,N,,,,,,,,,,N,4,0,1,2,A,-,10,21950,A,N,G,B,B,A,H,-,A,A,0,Y,,,,Y,,A,01,0,0,1,0,1,0,0,0,0,"- ","- ",,,"SAN FRANCISCO","SAN FRANCISCO",-122.43121337890625,37.720863342285156
9446898,2022,2022-05-19,3801,2022-04-08,1920,2107,NORTH,5,5,7,3801,0,0,0,,0,3E14D,"LOMBARD ST","GOUGH ST",182.00,W,N,A,-,N,,,,,,,,,,N,3,0,3,3,A,-,08,22107,,F,B,C,A,A,H,-,C,D,0,,,,,Y,,A,01,0,1,2,0,0,0,0,0,0,"- ","- ",,,"SAN FRANCISCO","SAN FRANCISCO",-122.42844390869141,37.800819396972656
94473006,2024,2024-11-18,9335,2024-11-10,"401 ",023593,,7,3,7,3801,0,1,2,,2,013,"US-101 S/B","PAUL AVENUE",685.00,S,N,A,-,Y,SF,,101," "," ",0.983,H,,L,Y,3,0,2,2,A,-,03,22350,,N,B,C,A,A,H,-,C,D,0,,,,,Y,,A,01,0,1,1,0,0,0,0,0,0,"- ","- ",37.721759796142578,-122.40055084228516,"SAN FRANCISCO","SAN FRANCISCO",-122.40057373046875,37.721755981445312
94481446,2024,2024-11-25,9335,2024-11-22,1650,023378,,5,2,7,3801,0,1,1,,2,024,"I-280 N/B","QUESADA AVE UNDERCROSSING",184.00,S,N,C,-,Y,SF,,280," ",R,4.690,H,,R,N,4,0,1,4,A,-,07,21658,A,N,B,C,A,B,H,-,D,D,0,,,,,Y,,A,01,0,0,1,0,0,0,0,0,0,"- ","- ",37.738208770751953,-122.40132904052734,"SAN FRANCISCO","SAN FRANCISCO",-122.40130615234375,37.738193511962891
94482753,2024,2024-11-25,9335,2024-11-18,2215,023654,,1,3,7,3801,0,1,1,,1,083,"I-80 EASTBOUND","BEALE STREET UNDERCROSSING",479.00,E,N,B,-,Y,SF,,80," "," ",5.631,H,,R,Y,4,0,2,2,A,-,03,22350,,N,C,C,A,A,H,-,C,D,0,,,,,Y,,A,07,0,0,2,0,0,0,0,0,0,"- ","- ",37.785621643066406,-122.39127349853516,"SAN FRANCISCO","SAN FRANCISCO",-122.39134979248047,37.785686492919922
94487822,2024,2024-12-02,9335,2024-11-22,1200,023474,,5,1,7,3801,0,1,1,,2,022,"I-280 N/B","FARALLONES ST",64.00,N,N,B,C,Y,SF,,280," ",R,1.076,H,,R,Y,4,0,1,2,A,-,08,22107,,N,B,C,A,B,H,-,A,D,0,,,,,Y,,A,01,0,0,1,0,0,0,0,0,0,"- ","- ",37.713741302490234,-122.45162963867188,"SAN FRANCISCO","SAN FRANCISCO",-122.45163726806641,37.713741302490234
94488565,2024,2024-12-02,9350,2024-11-17,"155 ",023802,,7,3,7,3801,0,1,2,,2,010,"US 101 NORTHBOUND","LINCOLN BLVD",466.00,S,N,A,-,Y,SF,,101," ",R,9.561,H,,R,Y,3,0,1,1,A,-,08,22107,,N,E,8,A,A,H,-,C,D,0,,,,,Y,,A,01,0,1,0,0,0,0,0,0,0,"- ","- ",37.805290222167969,-122.47341918945312,"SAN FRANCISCO","SAN FRANCISCO",-122.47339630126953,37.805191040039062
94491208,2024,2024-12-04,9335,2024-12-02,2140,024116,,1,2,7,3801,0,1,1,,2,022,"I-280 S/B","FARALLONES ST",244.50,N,N,A,-,Y,SF,,280," ",R,1.112,H,,L,N,4,0,1,2,A,-,07,21658,A,M,B,C,A,A,H,-,D,D,0,,,,,Y,,-,99,0,0,1,0,0,0,0,0,0,"- ","- ",37.714260101318359,-122.45140075683594,"SAN FRANCISCO","SAN FRANCISCO",-122.45132446289062,37.714206695556641
94492197,2024,2024-12-04,9335,2024-11-30,"40  ",023592,,6,3,7,3801,0,1,1,,2,022,"I-280 N/B","ALEMANY BLVD",350.00,S,N,A,-,Y,SF,,280," ",R,0.402,H,,R,Y,4,0,1,1,A,-,08,22107,,N,E,I,A,A,H,-,C,D,0,,,,,Y,,A,07,0,0,1,0,0,0,0,0,0,"- ","- ",37.710460662841797,-122.46243286132812,"SAN FRANCISCO","SAN FRANCISCO",-122.46242523193359,37.710395812988281
94493627,2024,2024-12-05,9335,2024-11-27,1830,023979,,3,2,7,3801,0,1,2,,2,013,"US-101 S/B","CESAR CHAVEZ ST",1320.00,S,N,A,-,Y,SF,,101," "," ",2.750,H,,L,N,4,0,1,4,A,-,03,22350,,N,C,C,A,A,H,-,C,D,0,,,,,Y,,A,07,0,0,1,0,0,0,0,0,0,"- ","- ",37.745800018310547,-122.40489196777344,"SAN FRANCISCO","SAN FRANCISCO",-122.40493011474609,37.745807647705078
9450383,2021,2022-06-25,3801,2021-06-02,1141,104,TRAFF,3,5,7,3801,0,0,0,,0,901,"EVANS AV","CESAR CHAVEZ ST",173.00,S,N,A,-,N,,,,,,,,,,Y,4,0,2,2,B,-,22,,,N,D,C,A,A,E,-,A,D,0,,,,,Y,,J,48,0,0,2,0,0,0,0,0,0,"- ","- ",,,"SAN FRANCISCO","SAN FRANCISCO",-122.3970947265625,37.749248504638672
94520347,2024,2024-12-30,9335,2024-12-21,"805 ",024179,,6,1,7,3801,0,1,1,,2,024,"I-280 S/B FROM KING STREET","BERRY STREET",24.00,N,N,C,-,Y,SF,,280," ",T,7.314,H,,R,Y,4,0,1,3,A,-,03,22350,,N,C,C,A,B,H,-,A,D,0,,,,Y,Y,,A,01,0,0,1,0,0,0,0,0,0,"- ","- ",37.772430419921875,-122.39811706542969,"SAN FRANCISCO","SAN FRANCISCO",-122.39818572998047,37.772380828857422
94525187,2024,2025-01-03,9335,2024-12-24,"1   ",024042,,2,3,7,3801,0,1,1,,2,023,"I-280 S/B","LYELL STREET UNDERCROSSING",253.00,N,N,A,-,Y,SF,,280," ",R,2.956,H,,L,Y,4,0,1,1,A,-,08,22107,,N,E,J,A,A,H,-,C,D,0,,,,,Y,,A,01,0,0,1,0,0,0,0,0,0,"- ","- ",37.732471466064453,-122.43094635009766,"SAN FRANCISCO","SAN FRANCISCO",-122.43093872070312,37.732372283935547
94526266,2024,2025-01-06,9335,2024-12-22,"315 ",023654,,7,3,7,3801,0,1,1,,1,083,"I-80 EASTBOUND","THE EMBARCARDO UNDERCROSSING",7920.00,E,N,B,-,Y,SF,,80," "," ",7.439,H,,R,Y,4,0,3,8,A,-,01,23152,A,N,C,C,A,B,H,-,C,D,0,,,,,Y,Y,D,22,0,0,3,0,0,0,0,0,0,"- ","- ",37.805938720703125,-122.36974334716797,"SAN FRANCISCO","SAN FRANCISCO",-122.36951446533203,37.8057861328125