CASE_ID,ACCIDENT_YEAR,PROC_DATE,JURIS,COLLISION_DATE,COLLISION_TIME,OFFICER_ID,REPORTING_DISTRICT,DAY_OF_WEEK,CHP_SHIFT,POPULATION,CNTY_CITY_LOC,SPECIAL_COND,BEAT_TYPE,CHP_BEAT_TYPE,CITY_DIVISION_LAPD,CHP_BEAT_CLASS,BEAT_NUMBER,PRIMARY_RD,SECONDARY_RD,DISTANCE,DIRECTION,INTERSECTION,WEATHER_1,WEATHER_2,STATE_HWY_IND,CALTRANS_COUNTY,CALTRANS_DISTRICT,STATE_ROUTE,ROUTE_SUFFIX,POSTMILE_PREFIX,POSTMILE,LOCATION_TYPE,RAMP_INTERSECTION,SIDE_OF_HWY,TOW_AWAY,COLLISION_SEVERITY,NUMBER_KILLED,NUMBER_INJURED,PARTY_COUNT,PRIMARY_COLL_FACTOR,PCF_CODE_OF_VIOL,PCF_VIOL_CATEGORY,PCF_VIOLATION,PCF_VIOL_SUBSECTION,HIT_AND_RUN,TYPE_OF_COLLISION,MVIW,PED_ACTION,ROAD_SURFACE,ROAD_COND_1,ROAD_COND_2,LIGHTING,CONTROL_DEVICE,CHP_ROAD_TYPE,PEDESTRIAN_ACCIDENT,BICYCLE_ACCIDENT,MOTORCYCLE_ACCIDENT,TRUCK_ACCIDENT,NOT_PRIVATE_PROPERTY,ALCOHOL_INVOLVED,STWD_VEHTYPE_AT_FAULT,CHP_VEHTYPE_AT_FAULT,COUNT_SEVERE_INJ,COUNT_VISIBLE_INJ,COUNT_COMPLAINT_PAIN,COUNT_PED_KILLED,COUNT_PED_INJURED,COUNT_BICYCLIST_KILLED,COUNT_BICYCLIST_INJURED,COUNT_MC_KILLED,COUNT_MC_INJURED,PRIMARY_RAMP,SECONDARY_RAMP,LATITUDE,LONGITUDE,COUNTY,CITY,POINT_X,POINT_Y
94730487,2025,2025-06-18,9350,2025-06-07,1543,024036,,6,2,7,3801,0,1,2,,1,120,"US-101 S/B","MERCHANT RD",5000.00,N,N,A,-,Y,,,,,,,,,,N,4,0,1,2,A,-,07,21658,A,N,B,C,A,A,H,-,A,D,0,,,,,Y,,-,"- ",0,0,1,0,0,0,0,0,0,"- ","- ",37.819721221923828,-122.47859191894531,"SAN FRANCISCO","SAN FRANCISCO",-122.47510528564453,37.806388854980469
94730597,2025,2025-06-18,9335,2025-06-09,"917 ",015709,,1,1,7,3801,0,1,1,,1,083,"I80 E/B","SPEAR STREET",50.00,E,N,B,-,Y,SF,,80," "," ",5.880,H,,R,Y,4,0,1,2,A,-,08,22107,,N,B,C,A,A,D,-,A,D,0,,,Y,,Y,,A,07,0,0,1,0,0,0,0,0,1,"- ","- ",37.788490295410156,-122.38838958740234,"SAN FRANCISCO","SAN FRANCISCO",-122.38831329345703,37.788440704345703
94733262,2025,2025-06-20,9335,2025-06-13,1655,024297,,5,2,7,3801,0,1,2,,2,013,"US-101 SOUTHBOUND TO CESAR CHAVEZ STREET","CESAR CHAVEZ ST",455.00,N,N,A,-,Y,SF,,101," "," ",3.099,H,,L,N,4,0,1,2,A,-,03,22350,,N,C,C,A,A,H,-,A,D,0,,,,,Y,,A,01,0,0,1,0,0,0,0,0,0,"- ","- ",37.750759124755859,-122.40364074707031,"SAN FRANCISCO","SAN FRANCISCO",-122.40338134765625,37.750705718994141
94734827,2025,2025-06-23,9335,2025-06-18,1300,024586,,3,1,7,3801,0,1,2,,2,015,"US 101 NB TO 9TH STREET","THE BRANNAN ST U/C",85.00,N,N,A,-,Y,SF,,101," ",R,4.554,H,,R,N,4,0,1,3,A,-,07,21658,A,N,C,C,A,A,H,-,A,D,0,,,,,Y,,A,01,0,0,1,0,0,0,0,0,0,"- ","- ",37.769821166992188,-122.40789794921875,"SAN FRANCISCO","SAN FRANCISCO",-122.40798187255859,37.769733428955078
94740399,2025,2025-06-26,9335,2025-06-18,1645,024179,,3,2,7,3801,0,1,1,,1,081,"I-80 WESTBOUND","NORTHGATE ROAD UNDERCROSSING",1840.00,E,N,A,-,Y,SF,,80," ",R,8.449,H,,L,N,4,0,1,3,A,-,03,22350,,N,C,C,A,A,H,-,A,D,0,,,,,Y,,A,01,0,0,1,0,0,0,0,0,0,"- ","- ",37.816551208496094,-122.35668182373047,"SAN FRANCISCO","SAN FRANCISCO",-122.35675811767578,37.816650390625
94740417,2025,2025-06-26,9335,2025-06-17,"755 ",024586,,2,1,7,3801,0,1,1,,2,023,"I-280 N/B","THE SAN BRUNO AVE UNDER-CROSSING",230.00,S,N,A,-,Y,SF,,280," ",R,4.272,H,,R,N,4,0,1,2,A,-,04,21703,,N,C,C,A,A,H,-,A,D,0,,,,,Y,,A,01,0,0,1,0,0,0,0,0,0,"- ","- ",37.734828948974609,-122.40794372558594,"SAN FRANCISCO","SAN FRANCISCO",-122.40794372558594,37.734832763671875
94753510,2025,2025-07-08,9335,2025-06-28,2225,024124,,6,3,7,3801,0,1,2,,2,015,"US-101 N/B","S VAN NESS AVENUE",278.00,S,N,A,-,Y,SF,,101," ",R,5.048,H,,R,Y,4,0,3,3,A,-,01,23152,F,N,C,C,A,A,H,-,C,D,0,,,,,Y,,A,01,0,0,3,0,0,0,0,0,0,"- ","- ",37.769790649414062,-122.41665649414062,"SAN FRANCISCO","SAN FRANCISCO",-122.41666412353516,37.769748687744141
94759907,2025,2025-07-14,9335,2025-07-03,2303,024042,,4,3,7,3801,0,1,2,,2,014,"US-101 S/B","17TH STREET UNDERCROSSING",537.00,S,N,A,-,Y,SF,,101," "," ",4.030,H,,L,Y,4,0,1,2,A,-,03,22350,,N,C,C,A,A,H,-,A,D,0,,,,,Y,,A,01,0,0,1,0,0,0,0,0,0,"- ","- ",37.763149261474609,-122.40538787841797,"SAN FRANCISCO","SAN FRANCISCO",-122.40534210205078,37.763141632080078
94768071,2025,2025-07-18,9335,2025-07-08,1717,024535,,2,2,7,3801,0,1,2,,2,013,"US-101 S/B","CORTLAND AVENUE",214.00,N,N,A,-,Y,SF,,101," "," ",2.320,H,,L,N,4,0,1,2,A,-,07,21658,A,M,B,C,A,A,H,-,A,D,0,,,,,Y,,-,99,0,0,1,0,0,0,0,0,0,"- ","- ",37.740291595458984,-122.40817260742188,"SAN FRANCISCO","SAN FRANCISCO",-122.40804290771484,37.740272521972656
94769643,2025,2025-07-21,9350,2025-07-16,"655 ",022468,,3,1,7,3801,0,1,2,,2,020,"US-101 S/B","MERCHANT RD",285.00,N,N,B,-,Y,,,,,,,,,,Y,3,0,1,1,A,-,08,22107,,N,E,I,A,A,H,-,A,D,0,,,,,Y,,A,07,0,1,0,0,0,0,0,0,0,"- ","- ",37.807258605957031,-122.4757080078125,"SAN FRANCISCO","SAN FRANCISCO",-122.47510528564453,37.806388854980469
94771934,2025,2025-07-22,9335,2025-07-10,1335,024586,,4,1,7,3801,0,1,2,,2,014,"US-101 NORTHBOUND","17TH ST UNDERCROSSING",32.00,S,N,A,-,Y,SF,,101," "," ",4.127,H,,R,N,4,0,1,2,A,-,03,22350,,F,C,C,A,A,H,-,A,D,0,,,,,Y,,-,99,0,0,1,0,0,0,0,0,0,"- ","- ",37.764541625976562,-122.40489959716797,"SAN FRANCISCO","SAN FRANCISCO",-122.40489196777344,37.764541625976562
94772066,2025,2025-07-22,9335,2025-07-15,1715,020999,,2,2,7,3801,0,1,1,,1,081,"I-80 W/B","CECTER ANCHORAGE",20.00,W,N,A,-,Y,SF,,80," "," ",6.733,H,,L,N,4,0,1,2,A,-,03,22350,,N,C,C,A,A,H,-,A,D,0,,,,,Y,,D,22,0,0,1,0,0,0,0,0,0,"- ","- ",37.798080444335938,-122.37824249267578,"SAN FRANCISCO","SAN FRANCISCO",-122.37799072265625,37.797908782958984
94772570,2025,2025-07-22,9335,2025-07-17,1800,024297,,4,2,7,3801,0,1,1,,1,083,"I-80 E/B","BEALE STREET",168.00,W,N,A,-,Y,SF,,80," "," ",5.686,H,,R,N,4,0,1,2,A,-,07,21658,A,N,B,C,A,A,H,-,A,D,0,,,,,Y,,A,07,0,0,1,0,0,0,0,0,0,"- ","- ",37.786319732666016,-122.39071655273438,"SAN FRANCISCO","SAN FRANCISCO",-122.39066314697266,37.786281585693359
94775917,2025,2025-07-24,9335,2025-07-13,"100 ",024112,,7,3,7,3801,0,1,2,,2,014,"US-101 N/B TO US-101 N/B","15TH ST",397.00,S,N,B,-,Y,SF,,101," "," ",4.237,H,,R,Y,4,0,1,1,A,-,01,23152,G,N,E,J,A,A,H,-,C,A,0,,,,,Y,Y,A,01,0,0,1,0,0,0,0,0,0,"- ","- ",37.766120910644531,-122.40496063232422,"SAN FRANCISCO","SAN FRANCISCO",-122.40505218505859,37.76611328125
94781813,2025,2025-07-29,9335,2025-07-17,2305,024042,,4,3,7,3801,0,1,1,,2,023,"I-280 N/B","ST. MARY'S PARK FOOTBRIDGE",644.00,N,N,A,-,Y,SF,,280," ",R,3.652,H,,R,Y,4,0,1,2,A,-,01,23152,A,N,C,C,A,A,H,-,D,D,0,,,,,Y,Y,A,01,0,0,1,0,0,0,0,0,0,"- ","- ",37.731910705566406,-122.41840362548828,"SAN FRANCISCO","SAN FRANCISCO",-122.41840362548828,37.731864929199219
94781852,2025,2025-07-30,9335,2025-07-19,1630,024307,,6,2,7,3801,0,1,1,,2,024,"I-280 N/B","16TH STREET UNDERCROSSING",630.00,N,N,A,-,Y,SF,,280," ",R,6.992,H,,R,N,4,0,1,2,A,-,07,21658,A,N,B,C,A,A,H,-,A,D,0,,,,,Y,,A,01,0,0,1,0,0,0,0,0,0,"- ","- ",37.767890930175781,-122.39608001708984,"SAN FRANCISCO","SAN FRANCISCO",-122.39606475830078,37.767898559570312
9478963,2022,2022-09-08,3801,2022-07-09,0208,1017,NORTH,6,5,7,3801,0,0,0,,0,3E13E,"POLK ST","PINE ST",0.00,,Y,B,-,N,,,,,,,,,,N,4,0,1,2,A,-,03,22350,,F,C,C,A,B,H,-,C,A,0,,,Y,,Y,,A,01,0,0,1,0,0,0,0,0,0,"- ","- ",,,"SAN FRANCISCO","SAN FRANCISCO",-122.42050170898438,37.789642333984375
9478968,2022,2022-08-10,3801,2022-07-14,1555,2210,SOUTH,4,5,7,3801,0,0,0,,0,0B4,"MISSION ST","11TH ST",0.00,,Y,A,-,N,,,,,,,,,,N,2,0,1,2,A,-,12,21453,A,N,D,B,B,A,H,-,A,A,0,Y,,,,Y,,M,94,1,0,0,0,1,0,0,0,0,"- ","- ",,,"SAN FRANCISCO","SAN FRANCISCO",-122.41709899902344,37.774330139160156
9478970,2022,2022-08-10,3801,2022-07-06,2250,933,CENTR,3,5,7,3801,0,0,0,,0,0A5,"MARKET ST","1ST ST",0.00,,Y,A,-,N,,,,,,,,,,N,3,0,1,1,A,-,07,21658,A,N,H,J,A,A,H,-,C,D,0,,,Y,,Y,Y,C,03,0,1,0,0,0,0,0,0,1,"- ","- ",,,"SAN FRANCISCO","SAN FRANCISCO",-122.39913940429688,37.791053771972656
9478971,2022,2022-08-10,3801,2022-07-08,1649,2408,RICHM,5,5,7,3801,0,0,0,,0,3A91A,"OFARRELL ST","POWELL ST",215.00,W,N,A,-,N,,,,,,,,,,N,4,0,1,2,A,-,17,21235,G,M,D,C,A,A,H,-,A,A,0,,,Y,,Y,,C,03,0,0,1,0,0,0,0,0,1,"- ","- ",,,"SAN FRANCISCO","SAN FRANCISCO",-122.40876007080078,37.786334991455078
9478977,2022,2022-08-10,3801,2022-07-02,1040,1641,SOUTH,6,5,7,3801,0,0,0,,0,3B14A,"BRYANT ST","BEALE ST",0.00,,-,B,-,N,,,,,,,,,,N,4,0,1,2,A,-,08,22107,,N,H,J,A,A,H,-,A,A,0,,,Y,,Y,,A,01,0,0,1,0,0,0,0,0,1,"- ","- ",,,"SAN FRANCISCO","SAN FRANCISCO",-122.38969421386719,37.786220550537109
94790291,2025,2025-08-05,9335,2025-07-26,"929 ",024598,,6,1,7,3801,0,1,2,,2,013,"US-101 SOUTHBOUND TO PAUL AVENUE","PAUL AVENUE",763.00,S,N,A,-,Y,SF,,101," "," ",0.988,H,,L,Y,4,0,1,1,A,-,03,22350,,N,E,I,A,A,H,-,A,D,0,,,,,Y,,A,01,0,0,1,0,0,0,0,0,0,"- ","- ",37.721771240234375,-122.40081787109375,"SAN FRANCISCO","SAN FRANCISCO",-122.40059661865234,37.721820831298828
94791435,2025,2025-08-06,9350,2025-07-30,"915 ",023698,,3,1,7,3801,0,1,2,,2,010,"US-101 SOUTHBOUND TO SR-1 SOUTHBOUND","SR-1 UNDERCROSSING",398.00,N,N,B,-,Y,SF,,101," ",R,9.377,H,,L,Y,4,0,1,1,A,-,08,22107,,N,E,I,A,A,H,-,A,D,0,,,,,Y,,D,22,0,0,1,0,0,0,0,0,0,"- ","- ",37.803359985351562,-122.47075653076172,"SAN FRANCISCO","SAN FRANCISCO",-122.47071838378906,37.803417205810547
94792399,2025,2025-08-06,9335,2025-07-28,2050,024467,,1,2,7,3801,0,1,2,,2,013,"US-101 SOUTHBOUND","CORTLAND AVE UNDERCROSSING",200.00,S,N,A,-,Y,SF,,101," "," ",2.233,H,,L,Y,2,0,1,2,A,-,04,21703,,N,C,C,A,A,H,-,C,D,0,,,Y,,Y,,C,02,1,0,0,0,0,0,0,0,1,"- ","- ",37.739028930664062,-122.40818023681641,"SAN FRANCISCO","SAN FRANCISCO",-122.40817260742188,37.739028930664062
94792411,2025,2025-08-07,9335,2025-07-28,1820,022048,,1,2,7,3801,0,1,2,,2,013,"UNITED STATES HIGHWAY 101 SOUTHBOUND","CORTLAND AVENUE",545.00,S,N,A,-,Y,SF,,101," "," ",2.178,H,,L,Y,3,0,2,2,A,-,01,23152,A,N,E,I,A,A,H,-,A,D,0,,,,,Y,Y,A,01,0,1,1,0,0,0,0,0,0,"- ","- ",37.738189697265625,-122.408203125,"SAN FRANCISCO","SAN FRANCISCO",-122.40808868408203,37.738201141357422
94795501,2025,2025-08-08,9335,2025-08-03,1200,024211,,7,1,7,3801,0,1,1,,1,081,"I-80 WESTBOUND","TREASURE ISLAND ROAD",50.00,W,N,A,-,Y,SF,,80," "," ",7.710,H,,L,Y,4,0,1,2,A,-,03,22350,,N,C,C,A,A,H,-,A,D,0,,,,,Y,,A,08,0,0,1,0,0,0,0,0,0,"- ","- ",37.808868408203125,-122.36636352539062,"SAN FRANCISCO","SAN FRANCISCO",-122.36641693115234,37.808910369873047
94798854,2025,2025-08-12,9350,2025-08-01,1432,024016,,5,2,7,3801,0,1,2,,2,020,"US-101 N/B (GGB E SIDEWALK)","MERCHANT RD",5914.00,N,N,A,-,Y,,,,,,,,,,N,4,0,1,2,D,-,00,,,N,B,G,A,A,H,-,A,D,0,,Y,,,Y,,-,"- ",0,0,1,0,0,0,1,0,0,"- ","- ",37.822788238525391,-122.47879791259766,"SAN FRANCISCO","SAN FRANCISCO",-122.47453308105469,37.806819915771484
94805508,2025,2025-08-18,9335,2025-08-08,2010,024109,,5,2,7,3801,0,1,1,,2,080,"I-80 E/B","7TH STREET",630.00,E,N,A,-,Y,SF,,80," "," ",4.612,H,,R,N,4,0,1,2,A,-,03,22350,,N,C,C,A,A,H,-,C,D,0,,,,,Y,,A,07,0,0,1,0,0,0,0,0,0,"- ","- ",37.77642822265625,-122.40421295166016,"SAN FRANCISCO","SAN FRANCISCO",-122.40423583984375,37.776458740234375
94805595,2025,2025-08-18,9335,2025-08-09,1605,024109,,6,2,7,3801,0,1,2,,2,013,"US-101 N/B","PAUL AVENUE",320.00,N,N,A,-,Y,SF,,101," "," ",1.186,H,,R,N,4,0,1,2,A,-,03,22350,,N,C,C,A,A,H,-,A,D,0,,,,,Y,,A,01,0,0,1,0,0,0,0,0,0,"- ","- ",37.724609375,-122.40139007568359,"SAN FRANCISCO","SAN FRANCISCO",-122.40144348144531,37.724594116210938
9481474,2022,2022-08-08,3801,2022-07-24,1235,1961,INGLE,7,5,7,3801,0,0,0,,0,3H13C,"BRUNSWICK ST","CONCORD ST",0.00,,Y,A,-,N,,,,,,,,,,Y,4,0,1,2,A,-,12,22450,A,N,D,C,A,A,H,-,A,A,0,,,,,Y,,A,01,0,0,1,0,0,0,0,0,0,"- ","- ",,,"SAN FRANCISCO","SAN FRANCISCO",-122.44216156005859,37.710918426513672
9481483,2022,2022-08-08,3801,2022-07-11,2147,2741,MISSI,1,5,7,3801,0,0,0,,0,901,"HARRISON ST","16TH ST",0.00,,Y,A,-,N,,,,,,,,,,N,3,0,1,2,A,-,09,21801,,N,D,J,A,A,H,-,C,A,0,,Y,,,Y,,A,01,0,1,0,0,0,0,1,0,0,"- ","- ",,,"SAN FRANCISCO","SAN FRANCISCO",-122.41314697265625,37.765449523925781
9481489,2022,2022-08-08,3801,2022-07-08,1808,203,MISSI,5,5,7,3801,0,0,0,,0,,"MISSION ST","24TH ST",44.00,N,N,A,-,N,,,,,,,,,,N,3,0,1,2,A,-,11,21950,B,N,G,B,D,A,H,-,A,D,0,Y,,Y,,Y,,N,60,0,1,0,0,1,0,0,0,0,"- ","- ",,,"SAN FRANCISCO","SAN FRANCISCO",-122.41849517822266,37.75238037109375
9481494,2022,2022-08-15,3801,2022-07-16,1543,4187,NORTH,6,5,7,3801,0,0,0,,0,3E15D,LOMBARD,"FILLMORE ST",0.00,W,N,A,-,N,,,,,,,,,,Y,4,0,1,1,B,-,22,,,N,E,I,A,A,H,-,A,A,0,,,,,Y,,A,01,0,0,1,0,0,0,0,0,0,"- ","- ",,,"SAN FRANCISCO","SAN FRANCISCO",-122.43605041503906,37.799846649169922
9481497,2022,2022-09-08,3801,2022-07-18,1230,LI,BAYVI,1,5,7,3801,0,0,0,,0,3C15D,"KEITH ST","SHAFTER AV",27.00,N,N,A,-,N,,,,,,,,,,N,4,0,1,2,D,-,00,,,N,B,E,A,A,H,-,A,D,0,,,,,Y,,-,"- ",0,0,1,0,0,0,0,0,0,"- ","- ",,,"SAN FRANCISCO","SAN FRANCISCO",-122.38881683349609,37.73004150390625
9481514,2022,2022-08-10,3801,2022-07-19,2307,359,TARAV,2,5,7,3801,0,0,0,,0,3I2E,"19TH AV","KIRKHAM ST",0.00,,Y,E,-,N,,,,,,,,,,Y,3,0,1,2,A,-,12,21453,A,N,D,C,A,A,H,-,C,A,0,,,,,Y,,A,01,0,1,0,0,0,0,0,0,0,"- ","- ",,,"SAN FRANCISCO","SAN FRANCISCO",-122.47682952880859,37.759834289550781
9481555,2022,2022-08-09,3801,2022-06-21,1937,1572,SOUTH,2,5,7,3801,0,0,0,,0,,"5TH ST","FOLSOM ST",0.00,,N,A,-,N,,,,,,,,,,,3,0,1,2,A,-,09,21801,,F,B,C,A,A,H,-,A,A,0,,,Y,,Y,Y,-,,0,1,0,0,0,0,0,0,1,"- ","- ",,,"SAN FRANCISCO","SAN FRANCISCO",-122.40340423583984,37.7802734375
9481896,2022,2022-08-09,3801,2022-03-20,0212,359,CENTR,7,5,7,3801,0,0,0,,0,3A12E,"STOCKTON ST","OFARRELL ST",0.00,,Y,A,-,N,,,,,,,,,,Y,4,0,4,2,A,-,12,21453,A,N,D,C,A,A,H,-,C,A,0,,,,,Y,,A,01,0,0,4,0,0,0,0,0,0,"- ","- ",,,"SAN FRANCISCO","SAN FRANCISCO",-122.40638732910156,37.786624908447266
94819271,2025,2025-08-27,9350,2025-07-31,1040,024608,,4,1,7,3801,0,1,2,,2,010,"US 101 SOUTHBOUND FROM MERCHANT RD","LINCOLN BLVD",134.00,N,N,B,-,Y,,,,,,,,,,N,4,0,2,2,A,-,03,22350,,N,C,C,A,A,H,-,A,D,0,,,,,Y,,A,01,0,0,2,0,0,0,0,0,0,"- ","- ",37.806411743164062,-122.47509002685547,"SAN FRANCISCO","SAN FRANCISCO",-122.47480773925781,37.806438446044922
94821403,2025,2025-08-28,9335,2025-08-17,"234 ",024080,,7,3,7,3801,0,1,2,,2,013,"US-101 S/B TO PAUL AVENUE","PAUL AVE",813.00,S,N,A,-,Y,SF,,101," "," ",0.987,H,,L,Y,3,0,1,1,A,-,08,22107,,F,E,I,A,A,H,-,C,D,0,,,,,Y,,A,01,0,1,0,0,0,0,0,0,0,"- ","- ",37.721748352050781,-122.40088653564453,"SAN FRANCISCO","SAN FRANCISCO",-122.40059661865234,37.721817016601562
94833347,2025,2025-09-08,9335,2025-09-02,"614 ",023111,,2,1,7,3801,0,1,1,,1,081,"I-80 W/B","THE EMBARCADERO UNDERCROSSING",1063.00,E,N,A,-,Y,SF,,80," "," ",6.113,H,,L,Y,4,0,1,2,A,-,07,21658,A,N,B,C,A,A,H,-,A,D,0,,,Y,,Y,,D,22,0,0,1,0,0,0,0,0,1,"- ","- ",37.791049957275391,-122.38552856445312,"SAN FRANCISCO","SAN FRANCISCO",-122.385498046875,37.791027069091797
94834360,2025,2025-09-08,9335,2025-08-29,2000,024042,,5,2,7,3801,0,1,1,,2,022,"I-280 S/B","PAULDING STREET",62.00,S,N,A,-,Y,SF,,280," ",R,2.191,H,,L,Y,3,0,2,4,A,-,07,21658,A,N,C,C,A,A,H,-,A,D,0,,,,,Y,,A,07,0,2,0,0,0,0,0,0,0,"- ","- ",37.728130340576172,-122.44393920898438,"SAN FRANCISCO","SAN FRANCISCO",-122.44392395019531,37.728115081787109
9483439,2022,2022-08-08,3801,2022-06-28,1145,1540,TARAV,2,5,7,3801,0,0,0,,0,3I11A,"19TH ST","EUCALYPTUS DR",753.00,S,N,A,-,N,,,,,,,,,,Y,4,0,1,2,A,-,03,22350,,N,-,I,A,A,H,-,A,A,0,,,,,Y,,A,01,0,0,1,0,0,0,0,0,0,"- ","- ",,,"SAN FRANCISCO","SAN FRANCISCO",-122.47467041015625,37.729026794433594
9483482,2022,2022-08-05,3801,2022-07-13,1208,670,INGLE,3,5,7,3801,0,0,0,,0,3H13A,"FOOTE AV","ELLINGTON AV",35.00,E,N,B,-,N,,,,,,,,,,N,3,0,1,2,A,-,11,21956,A,N,G,B,E,A,H,-,A,D,0,Y,,,,Y,Y,N,60,0,1,0,0,1,0,0,0,0,"- ","- ",,,"SAN FRANCISCO","SAN FRANCISCO",-122.44540405273438,37.713130950927734
9483545,2022,2022-08-08,3801,2022-06-30,1011,1693,BAYVI,4,5,7,3801,0,0,0,,0,901,"3RD ST","EGBERT AV",97.00,S,N,A,-,N,,,,,,,,,,Y,3,0,1,1,C,-,18,,,N,E,I,A,A,H,-,A,A,0,,,,,Y,,-,"- ",0,1,0,0,0,0,0,0,0,"- ","- ",,,"SAN FRANCISCO","SAN FRANCISCO",-122.39513397216797,37.723751068115234
9483547,2022,2022-08-08,3801,2022-06-18,2005,273,CENTR,6,5,7,3801,0,0,0,,0,3A11D,"CALIFORNIA ST","KEARNY ST",45.00,E,N,A,-,N,,,,,,,,,,Y,4,0,1,2,A,-,08,22107,,N,B,C,A,A,H,-,C,D,0,,,,,Y,,A,01,0,0,1,0,0,0,0,0,0,"- ","- ",,,"SAN FRANCISCO","SAN FRANCISCO",-122.40422821044922,37.792701721191406
9483549,2022,2022-08-08,3801,2022-05-13,0823,1387,CENTR,5,5,7,3801,0,0,0,,0,3A5A,"MARKET ST","1ST ST",0.00,,Y,A,-,N,,,,,,,,,,N,3,0,1,2,A,-,09,21801,A,F,D,G,A,A,H,-,A,A,0,,Y,,,Y,,A,01,0,1,0,0,0,0,1,0,0,"- ","- ",,,"SAN FRANCISCO","SAN FRANCISCO",-122.39913940429688,37.791053771972656
9483551,2022,2022-08-08,3801,2022-06-26,1626,2455,CENTR,7,5,7,3801,0,0,0,,0,3A13D,BROADWAY,"POWELL ST",0.00,,Y,A,-,N,,,,,,,,,,Y,4,0,2,5,A,-,03,22350,,F,C,C,A,A,H,-,A,A,0,,,,,Y,,A,07,0,0,2,0,0,0,0,0,0,"- ","- ",,,"SAN FRANCISCO","SAN FRANCISCO",-122.41024017333984,37.797409057617188
9483553,2022,2022-08-08,3801,2022-06-26,2106,276,NORTH,7,5,7,3801,0,0,0,,0,3E13E,"BUSH ST","VAN NESS AV",0.00,,Y,A,-,N,,,,,,,,,,N,2,0,1,2,A,-,11,21955,,N,G,B,D,A,H,-,C,A,0,Y,,,,Y,,N,60,1,0,0,0,1,0,0,0,0,"- ","- ",,,"SAN FRANCISCO","SAN FRANCISCO",-122.42191314697266,37.788490295410156
9483563,2022,2022-08-08,3801,2022-07-05,2230,308,RICHM,2,5,7,3801,0,0,0,,0,3G12E,"MASONIC AV","GEARY BL",0.00,,Y,A,-,N,,,,,,,,,,Y,4,0,1,2,A,-,09,21801,,N,D,C,A,A,H,-,C,A,0,,,,,Y,,A,01,0,0,1,0,0,0,0,0,0,"- ","- ",,,"SAN FRANCISCO","SAN FRANCISCO",-122.44786834716797,37.782279968261719
9483581,2022,2022-08-05,3801,2022-07-20,2123,2722,CENTR,3,5,7,3801,0,0,0,,0,3A15E,"CALIFORNIA ST","SPRING ST",0.00,,Y,B,-,N,,,,,,,,,,N,2,0,1,1,A,-,03,22350,,N,E,A,A,B,H,-,C,A,0,,,,,Y,,-,,1,0,0,0,0,0,0,0,0,"- ","- ",,,"SAN FRANCISCO","SAN FRANCISCO",-122.40380096435547,37.792762756347656
9483583,2022,2022-08-17,3801,2022-07-14,2223,1216,NORTH,4,5,7,3801,0,0,0,,0,3E15E,"GEARY BL","GOUGH ST",0.00,,Y,A,-,N,,,,,,,,,,N,4,0,1,2,A,-,12,21453,A,F,D,C,A,A,H,-,C,A,0,,,,,Y,,A,01,0,0,1,0,0,0,0,0,0,"- ","- ",,,"SAN FRANCISCO","SAN FRANCISCO",-122.42469024658203,37.785411834716797
9483587,2022,2022-08-05,3801,2022-07-17,1913,4187,NORTH,7,5,7,3801,0,0,0,,0,3E15D,"BEACH ST","FILLMORE ST",0.00,,Y,A,-,N,,,,,,,,,,N,3,0,1,2,A,-,03,22350,,N,E,E,A,A,H,-,A,A,0,,,,,Y,,-,,0,1,0,0,0,0,0,0,0,"- ","- ",,,"SAN FRANCISCO","SAN FRANCISCO",-122.43716430664062,37.804519653320312
9483596,2022,2022-08-05,3801,2022-07-05,1800,942,TENDE,2,5,7,3801,0,0,0,,0,3J14D,"MCALLISTER ST","LEAVENWORTH ST",0.00,,Y,A,-,N,,,,,,,,,,N,3,0,1,2,A,-,03,22350,,N,C,C,A,A,H,-,A,A,0,,,Y,,Y,,C,03,0,1,0,0,0,0,0,0,1,"- ","- ",,,"SAN FRANCISCO","SAN FRANCISCO",-122.41368865966797,37.780929565429688
94837029,2025,2025-09-09,9335,2025-08-28,1600,022048,,4,2,7,3801,0,1,2,,2,014,"US-101 N/B","17TH STREET",1320.00,S,N,A,-,Y,SF,,101," "," ",3.886,H,,R,N,4,0,1,2,D,-,00,,,N,B,C,A,A,H,-,A,D,0,,,Y,,Y,,-,"- ",0,0,1,0,0,0,0,0,1,"- ","- ",37.761188507080078,-122.4061279296875,"SAN FRANCISCO","SAN FRANCISCO",-122.40614318847656,37.761192321777344