CASE_ID,ACCIDENT_YEAR,PROC_DATE,JURIS,COLLISION_DATE,COLLISION_TIME,OFFICER_ID,REPORTING_DISTRICT,DAY_OF_WEEK,CHP_SHIFT,POPULATION,CNTY_CITY_LOC,SPECIAL_COND,BEAT_TYPE,CHP_BEAT_TYPE,CITY_DIVISION_LAPD,CHP_BEAT_CLASS,BEAT_NUMBER,PRIMARY_RD,SECONDARY_RD,DISTANCE,DIRECTION,INTERSECTION,WEATHER_1,WEATHER_2,STATE_HWY_IND,CALTRANS_COUNTY,CALTRANS_DISTRICT,STATE_ROUTE,ROUTE_SUFFIX,POSTMILE_PREFIX,POSTMILE,LOCATION_TYPE,RAMP_INTERSECTION,SIDE_OF_HWY,TOW_AWAY,COLLISION_SEVERITY,NUMBER_KILLED,NUMBER_INJURED,PARTY_COUNT,PRIMARY_COLL_FACTOR,PCF_CODE_OF_VIOL,PCF_VIOL_CATEGORY,PCF_VIOLATION,PCF_VIOL_SUBSECTION,HIT_AND_RUN,TYPE_OF_COLLISION,MVIW,PED_ACTION,ROAD_SURFACE,ROAD_COND_1,ROAD_COND_2,LIGHTING,CONTROL_DEVICE,CHP_ROAD_TYPE,PEDESTRIAN_ACCIDENT,BICYCLE_ACCIDENT,MOTORCYCLE_ACCIDENT,TRUCK_ACCIDENT,NOT_PRIVATE_PROPERTY,ALCOHOL_INVOLVED,STWD_VEHTYPE_AT_FAULT,CHP_VEHTYPE_AT_FAULT,COUNT_SEVERE_INJ,COUNT_VISIBLE_INJ,COUNT_COMPLAINT_PAIN,COUNT_PED_KILLED,COUNT_PED_INJURED,COUNT_BICYCLIST_KILLED,COUNT_BICYCLIST_INJURED,COUNT_MC_KILLED,COUNT_MC_INJURED,PRIMARY_RAMP,SECONDARY_RAMP,LATITUDE,LONGITUDE,COUNTY,CITY,POINT_X,POINT_Y
9722637,2024,2024-09-09,3801,2024-07-17,1907,1057,PARK,3,5,7,3801,0,0,0,,0,3F13D,"FULTON ST","STANYAN ST",0.00,,Y,A,-,N,,,,,,,,,,N,4,0,1,2,A,-,04,21703,,N,C,C,A,A,H,-,A,A,0,,,,,Y,,A,08,0,0,1,0,0,0,0,0,0,"- ","- ",,,"SAN FRANCISCO","SAN FRANCISCO",-122.45465850830078,37.774745941162109
9722638,2024,2024-09-03,3801,2024-07-27,1445,2716,PARK,6,5,7,3801,0,0,0,,0,3CAR,"MASONIC AV","FULTON ST",0.00,,Y,B,-,N,,,,,,,,,,N,3,0,1,2,A,-,08,22107,,N,D,G,A,B,H,-,A,A,0,,Y,,,Y,,D,22,0,1,0,0,0,0,1,0,0,"- ","- ",,,"SAN FRANCISCO","SAN FRANCISCO",-122.44647216796875,37.775791168212891
9723470,2024,2024-10-10,3801,2024-09-24,"807 ",1524,INGLE,2,5,7,3801,0,0,0,,0,3H12A,"MONTEREY BL","RIDGEWOOD AV",0.00,,Y,A,-,N,,,,,,,,,,N,4,0,1,2,A,-,12,22450,A,N,G,B,B,A,H,-,A,D,0,Y,,,,Y,,A,01,0,0,1,0,1,0,0,0,0,"- ","- ",,,"SAN FRANCISCO","SAN FRANCISCO",-122.45339965820312,37.731517791748047
9723476,2024,2024-10-11,3801,2024-09-13,1829,1857,SOUTH,5,5,7,3801,0,0,0,,0,004,"10TH ST","MISSION ST",103.00,S,N,A,-,N,,,,,,,,,,N,4,0,1,2,A,-,04,21703,,N,D,B,C,A,H,-,A,D,0,Y,,,,Y,,A,01,0,0,1,0,1,0,0,0,0,"- ","- ",,,"SAN FRANCISCO","SAN FRANCISCO",-122.41565704345703,37.775077819824219
9723478,2024,2024-10-11,3801,2024-09-17,1709,1951,SOUTH,2,5,7,3801,0,0,0,,0,0B1,"BRYANT ST","JACK LONDON ALY",0.00,,Y,A,-,N,,,,,,,,,,Y,2,0,1,2,A,-,08,22107,,F,B,C,A,A,H,-,A,A,0,,,Y,,Y,,-,,1,0,0,0,0,0,0,0,1,"- ","- ",,,"SAN FRANCISCO","SAN FRANCISCO",-122.39473724365234,37.782188415527344
9723482,2024,2024-10-10,3801,2024-09-19,1650,1810,MISSI,4,5,7,3801,0,0,0,,0,3D2D,"CLIPPER ST","SANCHEZ ST",0.00,,Y,A,-,N,,,,,,,,,,N,4,0,1,2,A,-,17,22517,,N,B,E,A,A,H,-,A,D,0,,,,,Y,,A,01,0,0,1,0,0,0,0,0,0,"- ","- ",,,"SAN FRANCISCO","SAN FRANCISCO",-122.42939758300781,37.749168395996094
9723492,2024,2024-10-11,3801,2024-09-20,1830,2036,NORTH,5,5,7,3801,0,0,0,,0,3E5,"WEBSTER ST","GREENWICH ST",0.00,,Y,B,-,N,,,,,,,,,,Y,4,0,1,2,A,-,03,22350,,F,D,C,A,A,H,-,B,A,0,,,,,Y,Y,A,01,0,0,1,0,0,0,0,0,0,"- ","- ",,,"SAN FRANCISCO","SAN FRANCISCO",-122.43421173095703,37.799163818359375
9723494,2024,2024-10-10,3801,2024-09-21,1840,10,SOUTH,6,5,7,3801,0,0,0,,0,0B3,"NATOMA ST","6TH ST",0.00,,Y,A,-,N,,,,,,,,,,N,4,0,1,2,A,-,10,21950,C,F,B,B,E,A,H,-,A,A,0,Y,,,,Y,,-,,0,0,1,0,1,0,0,0,0,"- ","- ",,,"SAN FRANCISCO","SAN FRANCISCO",-122.40766906738281,37.780181884765625
9723495,2024,2024-10-11,3801,2024-09-22,1132,1605,NORTH,7,5,7,3801,0,0,0,,0,3E2A,"LAGUNA ST","GROVE ST",28.00,N,N,A,-,N,,,,,,,,,,N,4,0,2,2,A,-,04,21703,,N,C,C,A,A,H,-,A,D,0,,,,,Y,,A,01,0,0,2,0,0,0,0,0,0,"- ","- ",,,"SAN FRANCISCO","SAN FRANCISCO",-122.42646026611328,37.777484893798828
9723498,2024,2024-10-10,3801,2024-09-21,1620,1096,CENTR,6,5,7,3801,0,0,0,,0,3A14D,"THE EMBARCADERO",BROADWAY,140.00,S,N,B,-,N,,,,,,,,,,N,3,0,1,2,A,-,03,22350,,F,G,-,F,A,H,-,A,D,0,Y,Y,,,Y,,L,04,0,1,0,0,1,0,0,0,0,"- ","- ",,,"SAN FRANCISCO","SAN FRANCISCO",-122.39759826660156,37.798820495605469
9723502,2024,2024-10-10,3801,2024-09-08,1720,2441,INGLE,7,5,7,3801,0,0,0,,0,3H13D,"MISSION ST","HARRINGTON ST",0.00,,Y,A,-,N,,,,,,,,,,N,4,0,1,2,A,-,08,22107,,N,B,C,A,A,H,-,A,D,0,,,,,Y,,A,01,0,0,1,0,0,0,0,0,0,"- ","- ",,,"SAN FRANCISCO","SAN FRANCISCO",-122.43444061279297,37.725181579589844
9723506,2024,2024-10-10,3801,2024-09-06,1410,2400,BAYVI,5,5,7,3801,0,0,0,,0,0A1,BROADWAY,"DAVIS ST",70.00,W,N,A,-,N,,,,,,,,,,N,4,0,1,2,A,-,09,21804,,F,D,D,A,A,H,-,A,D,0,,,,,Y,,A,01,0,0,1,0,0,0,0,0,0,"- ","- ",,,"SAN FRANCISCO","SAN FRANCISCO",-122.39891052246094,37.798862457275391
9723510,2024,2024-10-10,3801,2024-09-05,2148,2268,INGLE,4,5,7,3801,0,0,0,,0,3H11D,"CORTLAND AV","BENNINGTON ST",0.00,,Y,A,-,N,,,,,,,,,,N,4,0,1,2,A,-,10,21950,A,N,G,B,B,A,H,-,B,A,0,Y,,,,Y,,A,01,0,0,1,0,1,0,0,0,0,"- ","- ",,,"SAN FRANCISCO","SAN FRANCISCO",-122.41777801513672,37.739177703857422
9723515,2024,2024-10-15,3801,2024-09-08,2125,1688,BAYVI,7,5,7,3801,0,0,0,,0,3C15E,"NEWCOMB AV","3RD ST",0.00,,Y,A,-,N,,,,,,,,,,Y,3,0,2,2,A,-,09,21801,A,N,A,C,A,A,H,-,C,A,0,,,,,Y,,A,01,0,1,1,0,0,0,0,0,0,"- ","- ",,,"SAN FRANCISCO","SAN FRANCISCO",-122.39049530029297,37.735633850097656
9723555,2024,2024-10-09,3801,2024-08-30,1630,4798,NORTH,5,5,7,3801,0,0,0,,0,3E00,"BRODERICK ST","POST ST",0.00,,Y,A,-,N,,,,,,,,,,N,4,0,1,2,A,-,03,22350,,F,C,G,A,A,H,-,A,A,0,,Y,,,Y,,M,94,0,0,1,0,0,0,1,0,0,"- ","- ",,,"SAN FRANCISCO","SAN FRANCISCO",-122.44135284423828,37.784088134765625
9728680,2024,2024-09-04,3801,2024-06-30,1550,2231,SOUTH,7,5,7,3801,0,0,0,,0,3B12D,"3RD ST","TOWNSEND ST",0.00,,Y,A,-,N,,,,,,,,,,Y,4,0,1,2,A,-,04,21703,,N,C,C,A,A,H,-,A,A,0,,,,Y,Y,,F,26,0,0,1,0,0,0,0,0,0,"- ","- ",,,"SAN FRANCISCO","SAN FRANCISCO",-122.39275360107422,37.778858184814453
9728885,2024,2024-08-30,3801,2024-07-11,1721,1246,BAYVI,4,5,7,3801,0,0,0,,0,3C15D,"CARROLL AV","JENNINGS ST",0.00,,Y,A,-,N,,,,,,,,,,Y,2,0,2,2,A,-,12,22450,A,N,D,C,A,A,H,-,A,A,0,,,Y,,Y,,C,02,1,0,1,0,0,0,0,0,1,"- ","- ",,,"SAN FRANCISCO","SAN FRANCISCO",-122.39151000976562,37.723896026611328
9728887,2024,2024-08-30,3801,2024-07-11,2004,4314,RICHM,4,5,7,3801,0,0,0,,0,0G4,"CALIFORNIA ST","25TH AV",0.00,E,N,B,-,N,,,,,,,,,,N,4,0,1,2,A,-,11,21456,A,N,G,B,B,A,H,-,A,A,0,Y,,,,Y,,N,60,0,0,1,0,1,0,0,0,0,"- ","- ",,,"SAN FRANCISCO","SAN FRANCISCO",-122.48500061035156,37.783882141113281
9728890,2024,2024-08-30,3801,2024-07-18,2130,1688,BAYVI,4,5,7,3801,0,0,0,,0,3C15E,"THOMAS AV","LANE ST",0.00,,Y,A,-,N,,,,,,,,,,N,4,0,1,2,A,-,21,22106,,F,C,C,A,A,H,-,C,D,0,,,,,Y,,A,01,0,0,1,0,0,0,0,0,0,"- ","- ",,,"SAN FRANCISCO","SAN FRANCISCO",-122.39128875732422,37.730430603027344
9728910,2024,2024-08-30,3801,2024-07-13,1400,324,TENDE,6,5,7,3801,0,0,0,,0,3J16A,"MARKET ST","JONES ST",0.00,,Y,A,-,N,,,,,,,,,,N,4,0,1,2,D,-,00,,,N,H,B,B,A,C,-,A,A,0,Y,Y,,,Y,,-,"- ",0,0,1,0,1,0,0,0,0,"- ","- ",,,"SAN FRANCISCO","SAN FRANCISCO",-122.41197967529297,37.780910491943359
9728927,2024,2024-09-12,3801,2024-06-27,1820,2401,MISSS,4,5,7,3801,0,0,0,,0,3D4D,"POTRERO AV","24TH ST",15.00,S,N,A,-,N,,,,,,,,,,N,4,0,3,3,A,-,04,21703,,N,C,C,A,A,H,-,A,A,0,,,,,Y,,A,01,0,0,3,0,0,0,0,0,0,"- ","- ",,,"SAN FRANCISCO","SAN FRANCISCO",-122.40631866455078,37.752948760986328
9728931,2024,2024-09-10,3801,2024-06-26,1825,364,SOUTH,3,5,7,3801,0,0,0,,0,3B00,"MISSION ST","S VAN NESS ST",0.00,,Y,A,-,N,,,,,,,,,,N,4,0,1,2,A,-,"- ",,,N,D,G,A,A,H,-,A,A,0,,Y,,,Y,,A,07,0,0,1,0,0,0,1,0,0,"- ","- ",,,"SAN FRANCISCO","SAN FRANCISCO",-122.41863250732422,37.773109436035156
9728932,2024,2024-09-03,3801,2024-06-17,1135,1242,CENTR,1,5,7,3801,0,0,0,,0,3A5A,"BUSH ST","HYDE ST",0.00,,Y,A,-,N,,,,,,,,,,N,4,0,1,2,A,-,04,21703,,N,C,C,A,A,H,-,A,A,0,,,,,Y,,A,01,0,0,1,0,0,0,0,0,0,"- ","- ",,,"SAN FRANCISCO","SAN FRANCISCO",-122.41700744628906,37.789119720458984
9728933,2024,2024-08-30,3801,2024-06-30,1900,1452,MISSI,7,5,7,3801,0,0,0,,0,3D15D,"MISSION ST","26TH ST",0.00,,Y,A,-,N,,,,,,,,,,N,4,0,1,2,A,-,08,22107,,F,B,C,A,A,H,-,B,A,0,,,Y,,Y,,A,01,0,0,1,0,0,0,0,0,1,"- ","- ",,,"SAN FRANCISCO","SAN FRANCISCO",-122.41813659667969,37.749061584472656
9728935,2024,2024-08-30,3801,2024-06-28,1057,1316,RICHM,5,5,7,3801,0,0,0,,0,3G12D,"LOMBARD ST","WEBSTER ST",5.00,E,N,A,-,N,,,,,,,,,,N,4,0,1,2,A,-,10,21950,A,F,G,B,B,A,H,-,A,A,0,Y,,,,Y,,A,01,0,0,1,0,1,0,0,0,0,"- ","- ",,,"SAN FRANCISCO","SAN FRANCISCO",-122.43437194824219,37.800060272216797
9728936,2024,2024-08-30,3801,2024-06-30,1818,2407,MISSI,7,5,7,3801,0,0,0,,0,3D14D,"24TH ST","FLORIDA ST",0.00,,Y,A,-,N,,,,,,,,,,N,4,0,1,2,A,-,06,21755,A,F,C,B,B,A,H,-,A,A,0,Y,,Y,,Y,Y,C,02,0,0,1,0,1,0,0,0,0,"- ","- ",,,"SAN FRANCISCO","SAN FRANCISCO",-122.41004180908203,37.752758026123047
9728939,2024,2024-09-10,3801,2024-06-30,1822,4187,NORTH,7,5,7,3801,0,0,0,,0,3E11D,"HAYES ST","STEINER ST",189.00,E,N,A,-,N,,,,,,,,,,Y,4,0,1,2,A,-,03,22350,,N,C,C,A,A,H,-,A,D,0,,,,,Y,,A,01,0,0,1,0,0,0,0,0,0,"- ","- ",,,"SAN FRANCISCO","SAN FRANCISCO",-122.43218231201172,37.77569580078125
9728957,2024,2024-09-23,3801,2024-06-29,"324 ",326,NORTH,6,5,7,3801,0,0,0,,0,3E13E,"GOUGH ST","BUSH ST",0.00,,Y,A,-,N,,,,,,,,,,N,3,0,1,2,A,-,10,21950,A,N,G,B,B,A,H,-,C,A,0,Y,,,,Y,,A,01,0,1,0,0,1,0,0,0,0,"- ","- ",,,"SAN FRANCISCO","SAN FRANCISCO",-122.42523956298828,37.788066864013672
9728992,2024,2024-09-03,3801,2024-05-29,"930 ",2310,BAYVI,3,5,7,3801,0,0,0,,0,3C11A,"MINNESOTA AV","26TH ST",0.00,,Y,A,-,N,,,,,,,,,,Y,4,0,1,2,A,-,12,22450,A,N,D,C,A,-,H,-,A,B,0,,,,,Y,,-,,0,0,1,0,0,0,0,0,0,"- ","- ",,,"SAN FRANCISCO","SAN FRANCISCO",-122.38959503173828,37.751434326171875
9729036,2024,2024-09-03,3801,2024-07-15,1545,438,NORTH,1,5,7,3801,0,0,0,,0,002,"GOLDEN GATE AV","STEINER ST",0.00,,Y,A,-,N,,,,,,,,,,Y,4,0,1,2,A,-,12,21453,A,N,D,C,A,A,H,-,A,A,0,,,Y,,Y,,-,"- ",0,0,1,0,0,0,0,0,1,"- ","- ",,,"SAN FRANCISCO","SAN FRANCISCO",-122.43357849121094,37.779354095458984
9729132,2024,2024-09-23,3801,2024-07-09,1834,2007,TARAV,2,5,7,3801,0,0,0,,0,3115D,"ALEMANY BL","ARCH ST",0.00,,Y,B,-,N,,,,,,,,,,Y,2,0,2,4,A,-,00,23153,F,N,D,C,A,A,H,-,A,A,0,,,,,Y,,A,07,2,0,0,0,0,0,0,0,0,"- ","- ",,,"SAN FRANCISCO","SAN FRANCISCO",-122.46704864501953,37.711612701416016
9730202,2024,2024-09-27,3801,2024-07-16,2019,4314,RICHM,2,5,7,3801,0,0,0,,0,0G1,"JOHN F KENNEDY DR","8TH AV",0.00,,Y,B,-,N,,,,,,,,,,N,4,0,1,2,A,-,12,22450,A,N,D,G,A,A,H,-,A,A,0,,Y,,,Y,,L,04,0,0,1,0,0,0,1,0,0,"- ","- ",,,"SAN FRANCISCO","SAN FRANCISCO",-122.46580505371094,37.772605895996094
9730988,2024,2024-10-09,3801,2024-08-23,1515,1988,MISSI,5,5,7,3801,0,0,0,,0,3D13D,"GUERRERO ST","19TH ST",30.00,E,N,A,-,N,,,,,,,,,,N,3,0,1,2,A,-,08,22107,,N,C,G,A,A,H,-,B,-,0,,Y,,,Y,,L,04,0,1,0,0,0,0,1,0,0,"- ","- ",,,"SAN FRANCISCO","SAN FRANCISCO",-122.42362213134766,37.759899139404297
9733627,2024,2024-09-17,3801,2024-06-28,1848,1337,NORTH,5,5,7,3801,0,0,0,,0,0E1,"VAN NESS AV","FELL ST",0.00,,Y,A,-,N,,,,,,,,,,N,4,0,7,2,A,-,08,22107,,N,C,C,A,A,H,-,A,A,0,,,,,Y,,A,01,0,0,7,0,0,0,0,0,0,"- ","- ",,,"SAN FRANCISCO","SAN FRANCISCO",-122.41950225830078,37.776382446289062
9733789,2024,2024-10-02,3801,2024-08-05,"357 ",426,NORTH,1,5,7,3801,0,0,0,,0,3E16E,"CALIFORNIA ST","FRANKLIN ST",0.00,,Y,A,-,N,,,,,,,,,,,4,0,3,2,A,-,12,21453,A,F,D,C,A,A,H,-,C,A,0,,,,,Y,,D,22,0,0,3,0,0,0,0,0,0,"- ","- ",,,"SAN FRANCISCO","SAN FRANCISCO",-122.42397308349609,37.7901611328125
9733817,2024,2024-09-20,3801,2024-08-02,1614,1442,NORTH,5,5,7,3801,0,0,0,,0,3E13D,"LARCH ST","FRANKLIN ST",0.00,,Y,A,-,N,,,,,,,,,,N,4,0,1,2,A,-,17,21235,G,N,D,C,A,A,H,-,A,D,0,,,,,Y,,M,94,0,0,1,0,0,0,0,0,0,"- ","- ",,,"SAN FRANCISCO","SAN FRANCISCO",-122.42234039306641,37.782188415527344
9733820,2024,2024-09-20,3801,2024-08-06,2119,1466,SOUTH,2,5,7,3801,0,0,0,,0,SOUTH,"9TH ST","CLEMENTINA ST",0.00,,Y,A,-,N,,,,,,,,,,N,3,0,1,2,A,-,11,21954,A,N,G,B,D,A,H,-,C,A,0,Y,,,,Y,,N,60,0,1,0,0,1,0,0,0,0,"- ","- ",,,"SAN FRANCISCO","SAN FRANCISCO",-122.41216278076172,37.774188995361328
9733824,2024,2024-09-19,3801,2024-08-16,2324,740,MISSI,5,5,7,3801,0,0,0,,0,0D1,"MARKET ST","14TH ST",51.00,W,N,A,-,N,,,,,,,,,,N,4,0,1,2,A,-,17,22517,,N,B,C,A,A,H,-,C,D,0,,,,,Y,,A,01,0,0,1,0,0,0,0,0,0,"- ","- ",,,"SAN FRANCISCO","SAN FRANCISCO",-122.42894744873047,37.767604827880859
9733925,2024,2024-09-19,3801,2024-08-09,1051,1605,MISSI,5,5,7,3801,0,0,0,,0,3D15A,"16TH ST","MISSION ST",90.00,W,N,A,-,N,,,,,,,,,,N,3,0,1,2,A,-,"- ",,,F,G,B,D,A,H,-,A,D,0,Y,,,,Y,Y,A,07,0,1,0,0,1,0,0,0,0,"- ","- ",,,"SAN FRANCISCO","SAN FRANCISCO",-122.41998291015625,37.765029907226562
9733927,2024,2024-09-19,3801,2024-08-07,2213,2420,NORTH,3,5,7,3801,0,0,0,,0,3E12E,"EDDY ST","VAN NESS AV",0.00,,N,A,-,N,,,,,,,,,,Y,4,0,1,2,A,-,09,21801,A,N,D,C,A,A,H,-,C,D,0,,,Y,,Y,,B,01,0,0,1,0,0,0,0,0,1,"- ","- ",,,"SAN FRANCISCO","SAN FRANCISCO",-122.42076110839844,37.782890319824219
9733932,2024,2024-10-03,3801,2024-08-22,1246,1304,NORTH,4,5,7,3801,0,0,0,,0,,"MASON ST","YACHT RD",53.00,W,N,A,-,N,,,,,,,,,,,4,0,1,2,A,-,09,21801,A,N,A,-,A,A,H,-,A,A,0,,Y,,,Y,,M,94,0,0,1,0,0,0,1,0,0,"- ","- ",,,"SAN FRANCISCO","SAN FRANCISCO",-122.44851684570312,37.80499267578125
9733938,2024,2024-09-18,3801,2024-08-24,2340,4020,NORTH,6,5,7,3801,0,0,0,,0,3E12E,"STEINER ST","PACIFIC AV",0.00,,Y,A,-,N,,,,,,,,,,N,4,0,1,2,A,-,05,21650,,N,A,C,A,A,H,-,C,A,0,,,,,Y,,A,01,0,0,1,0,0,0,0,0,0,"- ","- ",,,"SAN FRANCISCO","SAN FRANCISCO",-122.43637847900391,37.793140411376953
9733942,2024,2024-09-18,3801,2024-08-19,1114,50,TENDE,1,5,7,3801,0,0,0,,0,003,"HYDE ST","TURK ST",0.00,,Y,A,-,N,,,,,,,,,,Y,4,0,1,3,A,-,12,21453,A,N,D,E,A,A,H,-,A,A,0,,,,,Y,,A,01,0,0,1,0,0,0,0,0,0,"- ","- ",,,"SAN FRANCISCO","SAN FRANCISCO",-122.41569519042969,37.782566070556641
9733943,2024,2024-09-18,3801,2024-08-26,1200,2390,PARK,1,5,7,3801,0,0,0,,0,3F13A,"FULTON ST","MASONIC AV",0.00,,Y,A,-,N,,,,,,,,,,Y,3,0,1,2,A,-,09,21801,A,N,D,C,A,A,H,-,A,A,0,,,Y,,Y,,A,01,0,1,0,0,0,0,0,0,1,"- ","- ",,,"SAN FRANCISCO","SAN FRANCISCO",-122.44647216796875,37.775791168212891
9733946,2024,2024-09-26,3801,2024-08-07,1052,4275,TARAV,3,5,7,3801,0,0,0,,0,3I13A,"33RD AV","NORIEGA ST",30.00,S,N,A,-,N,,,,,,,,,,Y,4,0,1,2,A,-,03,22350,,N,D,C,A,A,H,-,A,D,0,,,,,Y,,-,,0,0,1,0,0,0,0,0,0,"- ","- ",,,"SAN FRANCISCO","SAN FRANCISCO",-122.49146270751953,37.753486633300781
9733954,2024,2024-09-19,3801,2024-08-11,2243,4118,PARK,7,5,7,3801,0,0,0,,0,0F3,"MASONIC AV","FULTON ST",0.00,,Y,B,-,N,,,,,,,,,,N,4,0,1,2,A,-,08,22107,,N,B,G,A,B,H,-,C,A,0,,Y,,,Y,,A,01,0,0,1,0,0,0,1,0,0,"- ","- ",,,"SAN FRANCISCO","SAN FRANCISCO",-122.44647216796875,37.775791168212891
9733959,2024,2024-09-19,3801,2024-08-24,2010,2374,CENTR,6,5,7,3801,0,0,0,,0,0A1,"POST ST","MASON ST",0.00,,Y,A,-,N,,,,,,,,,,N,3,0,1,2,A,-,07,21658,A,N,B,C,A,A,H,-,C,A,0,,,,,Y,,A,01,0,1,0,0,0,0,0,0,0,"- ","- ",,,"SAN FRANCISCO","SAN FRANCISCO",-122.4100341796875,37.788047790527344
9733962,2024,2024-09-19,3801,2024-08-24,1530,2118,SOUTH,6,5,7,3801,0,0,0,,0,3B12D,"7TH  ST","KING ST",5.00,N,N,A,-,N,,,,,,,,,,N,4,0,1,2,A,-,00,21658,C,F,B,C,A,A,H,-,A,D,0,,,,,Y,,A,01,0,0,1,0,0,0,0,0,0,"- ","- ",,,"SAN FRANCISCO","SAN FRANCISCO",-122.40082550048828,37.771148681640625
9733971,2024,2024-09-18,3801,2024-07-06,1040,2314,PARK,6,5,7,3801,0,0,0,,0,3F2A,"CLARENDON AV","CLARENDON WOODS AV",50.00,W,N,A,-,N,,,,,,,,,,N,3,0,1,2,A,-,09,21801,A,N,C,G,A,A,H,-,A,D,0,,Y,,,Y,,A,01,0,1,0,0,0,0,1,0,0,"- ","- ",,,"SAN FRANCISCO","SAN FRANCISCO",,
9734057,2024,2024-09-20,3801,2024-08-24,1605,1857,SOUTH,6,5,7,3801,0,0,0,,0,005,"7TH ST","HUBBELL ST",131.00,S,N,A,-,N,,,,,,,,,,Y,3,0,1,3,A,-,01,23152,A,M,C,E,A,A,H,-,A,D,0,,,,,Y,Y,A,01,0,1,0,0,0,0,0,0,0,"- ","- ",,,"SAN FRANCISCO","SAN FRANCISCO",-122.39638519287109,37.767578125
9734067,2024,2024-09-30,3801,2024-08-10,1738,4187,NORTH,6,5,7,3801,0,0,0,,0,0ED,"POLK ST","CALIFORNIA ST",65.00,S,N,A,-,N,,,,,,,,,,N,4,0,1,3,A,-,17,22517,,N,B,C,A,A,H,-,A,D,0,,,,,Y,,A,01,0,0,1,0,0,0,0,0,0,"- ","- ",,,"SAN FRANCISCO","SAN FRANCISCO",-122.42064666748047,37.790393829345703
9734072,2024,2024-09-19,3801,2024-08-24,"610 ",2728,TENDE,6,5,7,3801,0,0,0,,0,908,"LARKIN ST","TURK ST",0.00,,Y,A,-,N,,,,,,,,,,Y,4,0,1,2,A,-,05,21651,A,F,D,C,A,A,H,-,B,A,0,,,,,Y,,-,,0,0,1,0,0,0,0,0,0,"- ","- ",,,"SAN FRANCISCO","SAN FRANCISCO",-122.41733551025391,37.782379150390625
9734074,2024,2024-09-19,3801,2024-08-12,2110,1530,BAYVI,1,5,7,3801,0,0,0,,0,3C12A,"OAKDALE AV","RANKIN ST",232.00,E,N,A,-,N,,,,,,,,,,N,3,0,1,2,A,-,07,21658,,F,C,G,A,A,H,-,C,A,0,,Y,,,Y,,-,,0,1,0,0,0,0,1,0,0,"- ","- ",,,"SAN FRANCISCO","SAN FRANCISCO",-122.39717864990234,37.738487243652344
9734076,2024,2024-09-19,3801,2024-08-13,1515,413,MISSI,2,5,7,3801,0,0,0,,0,3D45C,"18TH ST","MISSION ST",0.00,,Y,A,-,N,,,,,,,,,,Y,2,0,1,2,A,-,06,21755,,N,D,C,A,A,H,-,A,D,0,,,Y,,Y,,C,02,1,0,0,0,0,0,0,0,1,"- ","- ",,,"SAN FRANCISCO","SAN FRANCISCO",-122.41936492919922,37.7618408203125
9734079,2024,2024-09-19,3801,2024-08-11,2051,158,NORTH,7,5,7,3801,0,0,0,,0,3E14D,"PINE ST","OCTAVIA ST",9.00,E,N,A,-,N,,,,,,,,,,N,4,0,1,2,A,-,04,21703,,N,C,C,A,A,H,-,C,A,0,,,,,Y,,A,07,0,0,1,0,0,0,0,0,0,"- ","- ",,,"SAN FRANCISCO","SAN FRANCISCO",-122.42703247070312,37.788803100585938
9734567,2024,2024-09-26,3801,2024-06-25,1518,1286,SOUTH,2,5,7,3801,0,0,0,,0,3B5,"4TH ST","CHINA BASIN ST",0.00,,Y,A,-,N,,,,,,,,,,N,3,0,1,2,A,-,08,22107,,N,B,C,A,A,H,-,A,A,0,,,,,Y,,A,01,0,1,0,0,0,0,0,0,0,"- ","- ",,,"SAN FRANCISCO","SAN FRANCISCO",-122.39132690429688,37.771900177001953
9734978,2024,2024-10-14,3801,2024-09-14,1635,4314,RICHM,6,5,7,3801,0,0,0,,0,0G2,"GEARY BL","MASONIC AV",133.00,E,N,B,-,N,,,,,,,,,,Y,2,0,1,2,C,-,18,,,N,G,B,E,A,H,-,A,D,0,Y,,,,Y,Y,-,"- ",1,0,0,0,1,0,0,0,0,"- ","- ",,,"SAN FRANCISCO","SAN FRANCISCO",-122.44741058349609,37.782249450683594
9736002,2024,2024-09-20,3801,2024-08-02,2212,124,MISSI,5,5,7,3801,0,0,0,,0,3D6E,"POTRERO AV","18TH ST",100.00,S,N,A,-,N,,,,,,,,,,Y,4,0,1,2,A,-,05,21651,B,N,A,E,A,A,-,-,C,A,0,,,,,Y,,-,,0,0,1,0,0,0,0,0,0,"- ","- ",,,"SAN FRANCISCO","SAN FRANCISCO",-122.40719604492188,37.76165771484375
9736007,2024,2024-09-20,3801,2024-08-02,1020,2143,TARAV,5,5,7,3801,0,0,0,,0,315A,"BROTHERHOOD WY","THOMAS MORE WY",0.00,,Y,B,-,N,,,,,,,,,,Y,4,0,2,2,A,-,04,21703,,N,C,C,A,A,H,-,A,A,0,,,,,Y,,A,01,0,0,2,0,0,0,0,0,0,"- ","- ",,,"SAN FRANCISCO","SAN FRANCISCO",-122.47277069091797,37.712852478027344
9736009,2024,2024-09-20,3801,2024-08-01,1643,484,SOUTH,4,5,7,3801,0,0,0,,0,,"9TH ST","DIVISION ST",0.00,,Y,A,-,N,,,,,,,,,,Y,3,0,2,2,A,-,09,21800,A,N,A,C,A,A,H,-,A,A,0,,,,,Y,,-,,0,1,1,0,0,0,0,0,0,"- ","- ",,,"SAN FRANCISCO","SAN FRANCISCO",-122.40620422363281,37.769454956054688