CASE_ID,ACCIDENT_YEAR,PROC_DATE,JURIS,COLLISION_DATE,COLLISION_TIME,OFFICER_ID,REPORTING_DISTRICT,DAY_OF_WEEK,CHP_SHIFT,POPULATION,CNTY_CITY_LOC,SPECIAL_COND,BEAT_TYPE,CHP_BEAT_TYPE,CITY_DIVISION_LAPD,CHP_BEAT_CLASS,BEAT_NUMBER,PRIMARY_RD,SECONDARY_RD,DISTANCE,DIRECTION,INTERSECTION,WEATHER_1,WEATHER_2,STATE_HWY_IND,CALTRANS_COUNTY,CALTRANS_DISTRICT,STATE_ROUTE,ROUTE_SUFFIX,POSTMILE_PREFIX,POSTMILE,LOCATION_TYPE,RAMP_INTERSECTION,SIDE_OF_HWY,TOW_AWAY,COLLISION_SEVERITY,NUMBER_KILLED,NUMBER_INJURED,PARTY_COUNT,PRIMARY_COLL_FACTOR,PCF_CODE_OF_VIOL,PCF_VIOL_CATEGORY,PCF_VIOLATION,PCF_VIOL_SUBSECTION,HIT_AND_RUN,TYPE_OF_COLLISION,MVIW,PED_ACTION,ROAD_SURFACE,ROAD_COND_1,ROAD_COND_2,LIGHTING,CONTROL_DEVICE,CHP_ROAD_TYPE,PEDESTRIAN_ACCIDENT,BICYCLE_ACCIDENT,MOTORCYCLE_ACCIDENT,TRUCK_ACCIDENT,NOT_PRIVATE_PROPERTY,ALCOHOL_INVOLVED,STWD_VEHTYPE_AT_FAULT,CHP_VEHTYPE_AT_FAULT,COUNT_SEVERE_INJ,COUNT_VISIBLE_INJ,COUNT_COMPLAINT_PAIN,COUNT_PED_KILLED,COUNT_PED_INJURED,COUNT_BICYCLIST_KILLED,COUNT_BICYCLIST_INJURED,COUNT_MC_KILLED,COUNT_MC_INJURED,PRIMARY_RAMP,SECONDARY_RAMP,LATITUDE,LONGITUDE,COUNTY,CITY,POINT_X,POINT_Y
9776785,2025,2025-02-07,3801,2025-01-02,1635,1333,TARAV,4,5,7,3801,0,0,0,,0,3116D,"GRAFTON AV","JULES AV",50.00,W,N,A,-,N,,,,,,,,,,Y,3,0,1,3,A,-,08,22107,,N,B,C,A,A,H,-,A,D,0,,,,,Y,,A,01,0,1,0,0,0,0,0,0,0,"- ","- ",,,"SAN FRANCISCO","SAN FRANCISCO",-122.46141052246094,37.720001220703125
9776805,2025,2025-02-10,3801,2025-01-04,2147,1902,MISSI,6,5,7,3801,0,0,0,,0,3D16E,"VAN NESS AV","ADAIR ST",0.00,,Y,A,-,N,,,,,,,,,,Y,4,0,1,3,A,-,04,21703,,N,C,C,A,A,H,-,C,A,0,,,,,Y,,A,01,0,0,1,0,0,0,0,0,0,"- ","- ",,,"SAN FRANCISCO","SAN FRANCISCO",-122.41754913330078,37.7657470703125
9776894,2024,2025-02-13,3801,2024-12-15,"711 ",1385,MISSI,7,5,7,3801,0,0,0,,0,3D5A,"16TH ST","HARRISON ST",0.00,,Y,A,-,N,,,,,,,,,,N,4,0,1,2,A,-,12,21453,A,N,D,C,A,A,H,-,A,A,0,,,,,Y,Y,A,01,0,0,1,0,0,0,0,0,0,"- ","- ",,,"SAN FRANCISCO","SAN FRANCISCO",-122.41314697265625,37.765449523925781
9776897,2024,2025-02-13,3801,2024-12-07,2330,1426,SOUTH,6,5,7,3801,0,0,0,,0,,"THE EMBARCADERO","MISSION ST",0.00,,Y,A,-,N,,,,,,,,,,Y,4,0,2,2,A,-,04,21703,,N,C,C,A,A,H,-,C,A,0,,,,,Y,,A,01,0,0,2,0,0,0,0,0,0,"- ","- ",,,"SAN FRANCISCO","SAN FRANCISCO",-122.39263153076172,37.793708801269531
9776903,2024,2025-02-11,3801,2024-12-28,2110,2708,SOUTH,6,5,7,3801,0,0,0,,0,3B15E,"3RD ST","BRANNAN ST",0.00,,Y,A,-,N,,,,,,,,,,N,4,0,1,2,A,-,04,21703,,N,C,C,A,A,H,-,C,D,0,,,Y,,Y,,C,02,0,0,1,0,0,0,0,0,1,"- ","- ",,,"SAN FRANCISCO","SAN FRANCISCO",-122.39429473876953,37.780101776123047
9776905,2024,2025-02-11,3801,2024-12-31,2040,1221,INGLE,2,5,7,3801,0,0,0,,0,005,"GENEVA AV","CARRIZAL ST",18.00,S,N,A,-,N,,,,,,,,,,N,3,0,2,2,A,-,09,21801,A,N,-,J,A,A,H,-,C,A,0,,,Y,,Y,Y,A,01,0,2,0,0,0,0,0,0,2,"- ","- ",,,"SAN FRANCISCO","SAN FRANCISCO",-122.42085266113281,37.708534240722656
9776908,2024,2025-03-07,3801,2024-12-31,1610,2435,BAYVI,2,5,7,3801,0,0,0,,0,002,"ALEMANY BL","RT 101",13.00,W,N,A,-,Y,SF,4,101,-,-,1.991,R,1,N,N,4,0,1,2,A,-,04,21703,,N,C,D,A,-,H,-,A,A,0,,,,,Y,,A,01,0,0,1,0,0,0,0,0,0,"- ",SF,,,"SAN FRANCISCO","SAN FRANCISCO",-122.40690612792969,37.735599517822266
9776910,2024,2025-02-11,3801,2024-12-31,2041,1358,SOUTH,2,5,7,3801,0,0,0,,0,044,"13TH ST","BRYANT ST",0.00,,Y,A,-,N,,,,,,,,,,Y,4,0,1,2,A,-,09,21453,C,N,D,C,A,A,H,-,C,A,0,,,,,Y,,A,01,0,0,1,0,0,0,0,0,0,"- ","- ",,,"SAN FRANCISCO","SAN FRANCISCO",-122.410948,37.769413
9776914,2024,2025-02-11,3801,2024-12-20,1610,2139,TARAV,5,5,7,3801,0,0,0,,0,901,"JUDAH ST","23RD AV",0.00,,Y,B,-,N,,,,,,,,,,N,4,0,1,2,A,-,11,21950,B,N,G,B,B,A,H,-,A,A,0,Y,,,,Y,,N,60,0,0,1,0,1,0,0,0,0,"- ","- ",,,"SAN FRANCISCO","SAN FRANCISCO",-122.48126983642578,37.761516571044922
9776926,2024,2025-02-11,3801,2024-12-30,"732 ",2166,INGLE,1,5,7,3801,0,0,0,,0,005,"PARIS ST","PERSIA AV",0.00,,Y,A,-,N,,,,,,,,,,N,4,0,1,2,A,-,10,21950,A,N,G,B,B,A,H,-,A,D,0,Y,,,,Y,,A,07,0,0,1,0,1,0,0,0,0,"- ","- ",,,"SAN FRANCISCO","SAN FRANCISCO",-122.43437957763672,37.722393035888672
9776944,2024,2025-02-12,3801,2024-12-29,2152,1136,SOUTH,7,5,7,3801,0,0,0,,0,3B12E,"4TH ST","FOLSOM ST",0.00,,Y,A,-,N,,,,,,,,,,N,4,0,1,2,A,-,09,21801,A,M,B,C,A,A,-,-,C,-,0,,,,,Y,,-,99,0,0,1,0,0,0,0,0,0,"- ","- ",,,"SAN FRANCISCO","SAN FRANCISCO",-122.40116119384766,37.782035827636719
9777986,2025,2025-03-12,3801,2025-01-28,"849 ",4036,TRAFF,2,5,7,3801,0,0,0,,0,4B1B,"OFARRELL ST","POWELL ST",0.00,,Y,B,-,N,,,,,,,,,,N,4,0,1,2,A,-,08,22107,,N,D,C,A,A,H,-,A,A,0,,,,,Y,,A,01,0,0,1,0,0,0,0,0,0,"- ","- ",,,"SAN FRANCISCO","SAN FRANCISCO",-122.40802764892578,37.78643798828125
9777987,2025,2025-03-12,3801,2025-01-09,1630,2419,RICHM,4,5,7,3801,0,0,0,,0,908,"TRANSVERSE DR","MIDDLE WEST DR",269.00,S,N,A,-,N,,,,,,,,,,N,3,0,1,2,A,-,06,21750,,N,B,G,A,A,H,-,A,D,0,,Y,,,Y,,A,01,0,1,0,0,0,0,1,0,0,"- ","- ",,,"SAN FRANCISCO","SAN FRANCISCO",-122.47930908203125,37.767120361328125
9777998,2025,2025-03-13,3801,2025-01-31,1652,276,NORTH,5,5,7,3801,0,0,0,,0,3E12D,"OFARRELL ST","SCOTT ST",0.00,,-,C,-,,,,,,,,,,,,3,0,1,4,A,-,03,22350,,N,C,C,A,B,H,-,B,A,0,,,,,Y,,A,01,0,1,0,0,0,0,0,0,0,"- ","- ",,,"SAN FRANCISCO","SAN FRANCISCO",-122.4376220703125,37.782646179199219
9779217,2025,2025-02-18,3801,2025-01-16,1534,893,INGLE,4,5,7,3801,0,0,0,,0,3H14D,"MONTEREY BL","FOERSTER ST",0.00,,Y,A,-,N,,,,,,,,,,Y,3,0,2,3,A,-,01,23152,A,N,A,C,A,A,H,-,A,A,0,,,,,Y,Y,A,07,0,1,1,0,0,0,0,0,0,"- ","- ",,,"SAN FRANCISCO","SAN FRANCISCO",-122.44886779785156,37.731544494628906
9779229,2024,2025-02-10,3801,2024-11-26,1516,2437,BAYVI,2,5,7,3801,0,0,0,,0,3C60,"3RD ST","LA SALLE AV",55.00,S,N,A,-,N,,,,,,,,,,N,4,0,1,2,A,-,17,22517,,N,B,E,A,A,H,-,A,A,0,,,,Y,Y,,A,07,0,0,1,0,0,0,0,0,0,"- ","- ",,,"SAN FRANCISCO","SAN FRANCISCO",-122.38999176025391,37.737075805664062
9779231,2024,2025-02-11,3801,2024-12-03,1137,788,SOUTH,2,5,7,3801,0,0,0,,0,"3 CAR","BRYANT ST","7TH ST",0.00,,Y,A,-,N,,,,,,,,,,N,4,0,1,2,D,-,00,,,N,B,-,A,A,H,-,A,A,0,,Y,,Y,Y,,-,"- ",0,0,1,0,0,0,1,0,0,"- ","- ",,,"SAN FRANCISCO","SAN FRANCISCO",-122.40485382080078,37.774375915527344
9779267,2024,2025-02-10,3801,2024-11-05,2134,4005,PARK,2,5,7,3801,0,0,0,,0,3F14E,"STANYAN ST","FULTON ST",80.00,S,N,A,-,N,,,,,,,,,,N,4,0,3,2,A,-,04,21703,,N,C,C,A,A,H,-,C,D,0,,,,,Y,,A,01,0,0,3,0,0,0,0,0,0,"- ","- ",,,"SAN FRANCISCO","SAN FRANCISCO",-122.45462036132812,37.774532318115234
9779391,2025,2025-02-11,3801,2025-01-14,1957,312,TARAV,2,5,7,3801,0,0,0,,0,6CAR,"GENEVA AV","HOWTH ST",84.00,W,N,A,-,N,,,,,,,,,,N,4,0,1,2,A,-,09,21804,A,N,H,I,A,A,H,-,C,D,0,,,Y,,Y,,A,01,0,0,1,0,0,0,0,0,1,"- ","- ",,,"SAN FRANCISCO","SAN FRANCISCO",-122.45034790039062,37.722221374511719
9780180,2025,2025-03-11,3801,2025-02-16,2000,1718,BAYVI,7,5,7,3801,0,0,0,,0,3C15D,"REVERE AV","GRIFFITH ST",128.00,W,N,A,-,N,,,,,,,,,,Y,3,0,2,1,A,-,01,23152,A,N,A,J,A,A,H,-,C,D,0,,,,,Y,Y,A,01,0,1,1,0,0,0,0,0,0,"- ","- ",,,"SAN FRANCISCO","SAN FRANCISCO",-122.38118743896484,37.726573944091797
9780270,2025,2025-03-13,3801,2025-02-09,1429,1133,MISSI,7,5,7,3801,0,0,0,,0,3D16C,"MISSION ST","14TH ST",12.00,N,N,A,-,N,,,,,,,,,,N,4,0,1,2,A,-,10,21950,A,N,G,B,B,A,H,-,A,A,0,Y,,,,Y,,A,01,0,0,1,0,1,0,0,0,0,"- ","- ",,,"SAN FRANCISCO","SAN FRANCISCO",-122.41997528076172,37.768321990966797
9780280,2025,2025-03-13,3801,2025-02-18,1023,1540,TARAV,2,5,7,3801,0,0,0,,0,311A,"19TH AV","IRVING ST",18.00,N,N,A,-,N,,,,,,,,,,N,4,0,2,2,A,-,04,21703,,F,C,C,A,A,H,-,A,A,0,,,,,Y,Y,A,01,0,0,2,0,0,0,0,0,0,"- ","- ",,,"SAN FRANCISCO","SAN FRANCISCO",-122.47720336914062,37.76361083984375
9780282,2025,2025-03-13,3801,2025-02-16,1905,1421,RICHM,7,5,7,3801,0,0,0,,0,3G5D,"GEARY BL","37TH AVE",0.00,,Y,A,-,N,,,,,,,,,,N,4,0,1,2,A,-,10,21950,,N,G,B,B,A,H,-,C,D,0,Y,,,,Y,,A,01,0,0,1,0,1,0,0,0,0,"- ","- ",,,"SAN FRANCISCO","SAN FRANCISCO",-122.49758148193359,37.779499053955078
9780304,2025,2025-03-13,3801,2025-02-14,"934 ",2718,BAYVI,5,5,7,3801,0,0,0,,0,3C13A,"EVANS AVE","NEWHALL ST",0.00,,Y,A,-,N,,,,,,,,,,Y,4,0,1,2,A,-,09,21802,B,N,D,C,A,A,H,-,A,A,0,,,,,Y,,A,01,0,0,1,0,0,0,0,0,0,"- ","- ",,,"SAN FRANCISCO","SAN FRANCISCO",-122.38661956787109,37.741886138916016
9780307,2025,2025-03-12,3801,2025-02-09,1530,1994,TRAFF,7,5,7,3801,0,0,0,,0,4B3C,"24TH ST","SOUTH VAN NESS",82.00,W,N,A,-,N,,,,,,,,,,Y,2,0,7,6,A,-,03,22350,,F,E,I,F,A,H,-,A,D,0,Y,,,,Y,,A,01,1,0,6,0,5,0,0,0,0,"- ","- ",,,"SAN FRANCISCO","SAN FRANCISCO",-122.41656494140625,37.752365112304688
9780311,2025,2025-03-11,3801,2025-02-16,2340,2412,TARAV,7,5,7,3801,0,0,0,,0,3I16E,"SUNSET BLVD","LAKE MERCED BL",0.00,,Y,A,-,N,,,,,,,,,,Y,4,0,1,1,A,-,01,23152,A,N,E,I,A,A,H,-,C,D,0,,,,,Y,Y,A,01,0,0,1,0,0,0,0,0,0,"- ","- ",,,"SAN FRANCISCO","SAN FRANCISCO",-122.49356079101562,37.729591369628906
9780313,2025,2025-03-11,3801,2025-02-14,2018,364,SOUTH,5,5,7,3801,0,0,0,,0,3B00,"FREMONT ST","FOLSOM ST",0.00,,Y,A,-,N,,,,,,,,,,N,4,0,1,2,A,-,03,22350,,F,C,C,A,A,H,-,C,A,0,,,,,Y,,A,01,0,0,1,0,0,0,0,0,0,"- ","- ",,,"SAN FRANCISCO","SAN FRANCISCO",-122.39360046386719,37.788002014160156
9780323,2025,2025-03-11,3801,2025-02-26,"904 ",2734,NORTH,3,5,7,3801,0,0,0,,0,3E11A,"HAIGHT ST","BUCHANAN ST",262.00,E,N,A,-,N,,,,,,,,,,Y,2,0,2,2,A,-,09,21804,A,N,D,G,A,A,H,-,A,D,0,,Y,,,Y,,L,04,1,0,1,0,0,0,1,0,0,"- ","- ",,,"SAN FRANCISCO","SAN FRANCISCO",-122.42627716064453,37.77264404296875
9780325,2025,2025-03-11,3801,2025-02-15,1740,2743,SOUTH,6,5,7,3801,0,0,0,,0,3B2,"HARRISON ST","4TH ST",60.00,E,N,A,-,N,,,,,,,,,,N,4,0,1,2,A,-,17,21235,G,N,H,-,F,A,H,-,B,D,0,Y,,,,Y,,M,94,0,0,1,0,1,0,0,0,0,"- ","- ",,,"SAN FRANCISCO","SAN FRANCISCO",-122.39948272705078,37.780895233154297
9780329,2025,2025-03-11,3801,2025-02-22,1937,2141,TARAV,6,5,7,3801,0,0,0,,0,3I16D,"PLYMOUTH AV","GRAFTON AV",0.00,,Y,A,-,N,,,,,,,,,,Y,4,0,1,2,A,-,09,21804,A,N,D,C,A,A,H,-,C,D,0,,,Y,,Y,Y,C,02,0,0,1,0,0,0,0,0,1,"- ","- ",,,"SAN FRANCISCO","SAN FRANCISCO",-122.45616149902344,37.720008850097656
9780336,2025,2025-03-20,3801,2025-02-20,1850,2141,TARAV,4,5,7,3801,0,0,0,,0,3I15D,"SKYLINE BL","RT 35",0.00,,N,A,-,Y,SF,4,35,-,-,0.120,I,5,N,Y,3,0,2,2,A,-,09,21804,A,N,D,C,A,A,H,-,D,D,0,,,,,Y,,A,01,0,1,1,0,0,0,0,0,0,"- ","- ",,,"SAN FRANCISCO","SAN FRANCISCO",-122.49796295166016,37.709941864013672
9780347,2025,2025-03-12,3801,2025-02-12,2144,2424,SOUTH,3,5,7,3801,0,0,0,,0,3B13E,"MISSION ST","8TH ST",0.00,,Y,C,-,N,,,,,,,,,,N,4,0,1,2,A,-,08,22101,D,F,-,J,A,B,H,-,C,A,0,,,,,Y,,A,07,0,0,1,0,0,0,0,0,0,"- ","- ",,,"SAN FRANCISCO","SAN FRANCISCO",-122.41315460205078,37.7774658203125
9780348,2025,2025-03-12,3801,2025-02-21,1508,1096,CENTR,5,5,7,3801,0,0,0,,0,3A14D,"STOCKTON ST","PACIFIC AV",6.00,S,N,A,-,N,,,,,,,,,,N,4,0,1,2,A,-,12,21453,A,N,D,C,A,A,H,-,A,A,0,,,,,Y,,M,94,0,0,1,0,0,0,0,0,0,"- ","- ",,,"SAN FRANCISCO","SAN FRANCISCO",-122.40840911865234,37.796703338623047
9780353,2025,2025-03-12,3801,2025-02-24,1004,1956,TARAV,1,5,7,3801,0,0,0,,0,6CAR,"BROTHERHOOD WY","ARCH ST",7.00,W,N,A,-,N,,,,,,,,,,N,4,0,1,2,A,-,03,22350,,N,G,B,B,A,H,-,A,A,0,Y,,,,Y,Y,-,,0,0,1,0,1,0,0,0,0,"- ","- ",,,"SAN FRANCISCO","SAN FRANCISCO",-122.46710205078125,37.712368011474609
9780355,2025,2025-03-12,3801,2025-02-24,"710 ",1906,PARK,1,5,7,3801,0,0,0,,0,3F4,"ROOSEVELT WY","LEVANT ST",0.00,,Y,E,-,N,,,,,,,,,,N,3,0,1,2,A,-,09,21804,,N,D,G,A,B,H,-,B,A,0,,Y,,,Y,,B,01,0,1,0,0,0,0,1,0,0,"- ","- ",,,"SAN FRANCISCO","SAN FRANCISCO",-122.44192504882812,37.765270233154297
9780363,2025,2025-09-04,3801,2025-02-03,"509 ",2451,TARAV,1,5,7,3801,0,0,0,,0,,"LAWTON ST","GREAT HWY",0.00,,Y,A,-,N,,,,,,,,,,Y,1,1,1,2,A,-,03,22350,,N,A,C,A,B,H,-,C,A,0,,,,,Y,,A,01,0,0,1,0,0,0,0,0,0,"- ","- ",,,"SAN FRANCISCO","SAN FRANCISCO",-122.50946044921875,37.756538391113281
9780373,2025,2025-03-12,3801,2025-02-05,"629 ",623,BAYVI,3,5,7,3801,0,0,0,,0,3C13A,"EVANS AV","MENDELL ST",0.00,,Y,A,-,N,,,,,,,,,,Y,2,0,1,2,A,-,12,21453,,N,D,C,A,A,H,-,B,A,0,,,,,Y,,A,01,1,0,0,0,0,0,0,0,0,"- ","- ",,,"SAN FRANCISCO","SAN FRANCISCO",-122.38475799560547,37.740852355957031
9780385,2025,2025-03-12,3801,2025-02-08,2500,2268,INGLE,6,5,7,3801,0,0,0,,0,3H13D,"NAPLES ST","EXCELSIOR AV",0.00,,Y,A,-,N,,,,,,,,,,N,4,0,1,3,A,-,13,22500,,N,D,C,A,A,H,-,A,A,0,,,,,Y,,A,01,0,0,1,0,0,0,0,0,0,"- ","- ",,,"SAN FRANCISCO","SAN FRANCISCO",-122.42884826660156,37.723968505859375
9780388,2025,2025-03-12,3801,2025-02-07,1700,4046,INGLE,5,5,7,3801,0,0,0,,0,3H15D,"PERSIA AV","EDINBURGH ST",0.00,,Y,A,-,N,,,,,,,,,,N,3,0,1,2,A,-,09,21802,A,N,D,C,A,A,H,-,A,D,0,,,,,Y,,A,01,0,1,0,0,0,0,0,0,0,"- ","- ",,,"SAN FRANCISCO","SAN FRANCISCO",-122.43199920654297,37.721233367919922
9780459,2025,2025-03-12,3801,2025-02-17,"55  ",1216,NORTH,1,5,7,3801,0,0,0,,0,3E16E,"PACIFIC AV","VAN NESS AV",90.00,W,N,A,-,N,,,,,,,,,,N,4,0,1,2,A,-,08,22107,,N,B,C,A,A,H,-,C,A,0,,,,,Y,,A,01,0,0,1,0,0,0,0,0,0,"- ","- ",,,"SAN FRANCISCO","SAN FRANCISCO",-122.42344665527344,37.794803619384766
9780481,2025,2025-03-13,3801,2025-01-22,1141,786,SOUTH,3,5,7,3801,0,0,0,,0,,"STEUART ST","MISSION ST",300.00,S,N,A,-,N,,,,,,,,,,N,3,0,1,2,A,-,21,22106,,N,G,B,D,A,H,-,A,D,0,Y,,,,Y,,A,01,0,1,0,0,1,0,0,0,0,"- ","- ",,,"SAN FRANCISCO","SAN FRANCISCO",-122.3924560546875,37.792667388916016
9780483,2025,2025-03-13,3801,2025-01-20,1720,A25839,MISSI,1,5,7,3801,0,0,0,,0,001,"VALENCIA ST","BROSNAN ST",0.00,,Y,A,-,N,,,,,,,,,,N,4,0,1,2,A,-,06,21755,,N,D,C,A,A,H,-,C,D,0,,,Y,,Y,,C,02,0,0,1,0,0,0,0,0,1,"- ","- ",,,"SAN FRANCISCO","SAN FRANCISCO",-122.42224884033203,37.768768310546875
9780495,2025,2025-03-13,3801,2025-01-31,"216 ",1452,CENTR,5,5,7,3801,0,0,0,,0,3A11E,"GEARY ST","HYDE ST",0.00,,Y,A,-,N,,,,,,,,,,N,3,0,1,2,A,-,12,21453,A,F,G,B,B,A,H,-,C,A,0,Y,,,,Y,,-,,0,1,0,0,1,0,0,0,0,"- ","- ",,,"SAN FRANCISCO","SAN FRANCISCO",-122.41645050048828,37.786319732666016
9780498,2025,2025-03-19,3801,2025-01-30,"16  ",4310,SOUTH,4,5,7,3801,0,0,0,,0,3B13E,"BRYANT ST","6TH ST",0.00,,Y,A,-,N,,,,,,,,,,Y,4,0,1,2,A,-,12,21453,A,N,D,C,A,A,H,-,C,A,0,,,,,Y,,A,01,0,0,1,0,0,0,0,0,0,"- ","- ",,,"SAN FRANCISCO","SAN FRANCISCO",-122.40250396728516,37.776058197021484
9780533,2025,2025-03-17,3801,2025-02-11,"915 ",392,MISSI,2,5,7,3801,0,0,0,,0,0D1,"MARKET ST","CHURCH ST",78.00,W,N,A,-,N,,,,,,,,,,Y,3,0,1,1,A,-,07,21658,A,N,A,I,A,A,H,-,A,D,0,,,,,Y,,A,01,0,1,0,0,0,0,0,0,0,"- ","- ",,,"SAN FRANCISCO","SAN FRANCISCO",-122.42913055419922,37.7674560546875
9780535,2025,2025-03-17,3801,2025-02-11,2115,4347,TARAV,2,5,7,3801,0,0,0,,0,3I11E,"STANYAN ST","FREDERICK ST",0.00,,Y,C,-,N,,,,,,,,,,N,4,0,1,2,A,-,10,21950,A,F,G,B,B,B,H,-,C,A,0,Y,,,,Y,,A,01,0,0,1,0,1,0,0,0,0,"- ","- ",,,"SAN FRANCISCO","SAN FRANCISCO",-122.45295715332031,37.766376495361328
9780633,2025,2025-03-14,3801,2025-01-30,1703,1355,TARAV,4,5,7,3801,0,0,0,,0,,"SLOAT BL","47TH AV",10.00,W,N,A,-,N,,,,,,,,,,N,4,0,1,2,A,-,03,22350,,N,C,C,A,A,-,-,A,A,0,,,,,Y,,A,08,0,0,1,0,0,0,0,0,0,"- ","- ",,,"SAN FRANCISCO","SAN FRANCISCO",-122.50529479980469,37.735561370849609
9780762,2024,2025-03-18,3801,2024-11-21,"725 ",2001,,4,5,7,3801,0,0,0,,0,0H4,"CONGO ST","MONTEREY BL",0.00,,Y,B,C,N,,,,,,,,,,N,4,0,1,2,A,-,12,22450,A,N,D,C,A,B,H,-,A,B,0,,,,,Y,,A,01,0,0,1,0,0,0,0,0,0,"- ","- ",,,"SAN FRANCISCO","SAN FRANCISCO",-122.44203186035156,37.731590270996094
9781469,2025,2025-02-20,3801,2025-01-21,1129,1580,SOUTH,2,5,7,3801,0,0,0,,0,3B5A,"BRANNAN ST","8TH ST",370.00,E,N,A,-,N,,,,,,,,,,N,4,0,1,2,A,-,08,22107,,N,B,J,A,A,H,-,A,A,0,,Y,,Y,Y,,F,25,0,0,1,0,0,0,1,0,0,"- ","- ",,,"SAN FRANCISCO","SAN FRANCISCO",-122.40452575683594,37.772010803222656
9781668,2025,2025-02-14,3801,2025-01-22,1210,4102,SOUTH,3,5,7,3801,0,0,0,,0,3B47,"FREMONT ST","RT 80",0.00,,Y,A,-,N,,,,,,,,,,Y,2,0,4,4,A,-,03,22350,,N,D,C,A,-,H,-,A,A,0,,,,Y,Y,,A,08,1,2,1,0,0,0,0,0,0,"- ",WF,,,"SAN FRANCISCO","SAN FRANCISCO",,
9781672,2025,2025-02-14,3801,2025-01-14,1513,34,TRAFF,2,5,7,3801,0,0,0,,0,4B4A,"SUNSET BL","SANTIAGO AV",325.00,S,N,A,-,N,,,,,,,,,,Y,3,0,3,3,A,-,08,22107,,N,B,C,A,A,H,-,A,D,0,,,,Y,Y,,A,01,0,1,2,0,0,0,0,0,0,"- ","- ",,,"SAN FRANCISCO","SAN FRANCISCO",-122.49459075927734,37.743209838867188
9783705,2025,2025-03-17,3801,2025-01-30,"627 ",2118,SOUTH,4,5,7,3801,0,0,0,,0,3B12A,"17TH ST","DE HARO ST",20.00,E,N,A,-,N,,,,,,,,,,Y,4,0,1,2,A,-,03,22350,,N,B,E,A,A,H,-,C,D,0,,,,,Y,,A,07,0,0,1,0,0,0,0,0,0,"- ","- ",,,"SAN FRANCISCO","SAN FRANCISCO",-122.40150451660156,37.764846801757812
9783729,2025,2025-03-14,3801,2025-02-11,1806,2314,TRAFF,2,5,7,3801,0,0,0,,0,4B4B,"16TH ST","POTRERO AV",57.00,W,N,A,-,N,,,,,,,,,,Y,4,0,2,2,A,-,09,21801,A,N,B,C,A,A,H,-,C,D,0,,,,,Y,,A,01,0,0,2,0,0,0,0,0,0,"- ","- ",,,"SAN FRANCISCO","SAN FRANCISCO",-122.40775299072266,37.765754699707031
9786283,2024,2025-07-09,3801,2024-11-23,"210 ",917,TRAFF,6,5,7,3801,0,0,0,,0,4B2E,"POTRERO AV","24TH ST",116.00,N,N,B,-,N,,,,,,,,,,Y,1,1,1,1,A,-,01,23152,A,N,E,I,A,B,H,-,C,D,0,,,,,Y,,A,01,1,0,0,0,0,0,0,0,0,"- ","- ",,,"SAN FRANCISCO","SAN FRANCISCO",-122.40635681152344,37.753307342529297
9786285,2024,2025-05-20,3801,2024-11-24,"240 ",917,TRAFF,7,5,7,3801,0,0,0,,0,4B2E,"16TH ST","RONDEL PL",10.00,W,N,A,-,N,,,,,,,,,,Y,1,1,0,2,A,-,11,21954,A,N,G,B,E,A,H,-,C,D,0,Y,,,,Y,,N,60,0,0,0,1,0,0,0,0,0,"- ","- ",,,"SAN FRANCISCO","SAN FRANCISCO",-122.42127227783203,37.764945983886719
9788783,2025,2025-05-13,3801,2025-04-18,1332,ACOSTA,TARAV,5,5,7,3801,0,0,0,,0,312,"32ND AV","TARAVAL ST",92.00,N,N,A,-,N,,,,,,,,,,N,4,0,1,2,D,-,00,,,N,D,C,A,A,H,-,A,A,0,,,,,Y,,-,"- ",0,0,1,0,0,0,0,0,0,"- ","- ",,,"SAN FRANCISCO","SAN FRANCISCO",-122.48964691162109,37.742683410644531
9788799,2025,2025-05-13,3801,2025-04-14,1507,1845,TARAV,1,5,7,3801,0,0,0,,0,3I15D,"BROTHERHOOD WY","LAKE MERCED BL",1000.00,E,N,B,-,N,,,,,,,,,,N,4,0,1,1,A,-,03,22350,,N,E,I,A,A,H,-,A,A,0,,,,,Y,,A,01,0,0,1,0,0,0,0,0,0,"- ","- ",,,"SAN FRANCISCO","SAN FRANCISCO",-122.4818115234375,37.714515686035156
9788811,2025,2025-05-14,3801,2025-04-08,"820 ",2164,INGLE,2,5,7,3801,0,0,0,,0,3H14A,"ALEMANY BL","LYELL ST",0.00,,Y,A,-,N,,,,,,,,,,N,4,0,1,2,A,-,04,21703,,N,C,C,A,A,H,-,A,A,0,,,,,Y,,A,07,0,0,1,0,0,0,0,0,0,"- ","- ",,,"SAN FRANCISCO","SAN FRANCISCO",-122.43122863769531,37.730609893798828
9788819,2025,2025-05-27,3801,2025-04-15,"857 ",1610,CENTR,2,5,7,3801,0,0,0,,0,3A91C,"GRANT AV","SUTTER ST",0.00,,Y,B,-,N,,,,,,,,,,N,4,0,1,2,A,-,09,21801,,N,D,C,A,A,H,-,A,A,0,,Y,,,Y,,A,01,0,0,1,0,0,0,1,0,0,"- ","- ",,,"SAN FRANCISCO","SAN FRANCISCO",-122.40538787841797,37.789642333984375
9788829,2025,2025-05-12,3801,2025-04-19,1322,1190,MISSI,6,5,7,3801,0,0,0,,0,,"ORANGE ALY","25TH ST",0.00,,Y,A,-,N,,,,,,,,,,N,4,0,1,2,A,-,03,22350,,N,D,D,A,A,H,-,A,D,0,,Y,,,Y,,L,04,0,0,1,0,0,0,1,0,0,"- ","- ",,,"SAN FRANCISCO","SAN FRANCISCO",-122.41994476318359,37.750553131103516