CASE_ID,ACCIDENT_YEAR,PROC_DATE,JURIS,COLLISION_DATE,COLLISION_TIME,OFFICER_ID,REPORTING_DISTRICT,DAY_OF_WEEK,CHP_SHIFT,POPULATION,CNTY_CITY_LOC,SPECIAL_COND,BEAT_TYPE,CHP_BEAT_TYPE,CITY_DIVISION_LAPD,CHP_BEAT_CLASS,BEAT_NUMBER,PRIMARY_RD,SECONDARY_RD,DISTANCE,DIRECTION,INTERSECTION,WEATHER_1,WEATHER_2,STATE_HWY_IND,CALTRANS_COUNTY,CALTRANS_DISTRICT,STATE_ROUTE,ROUTE_SUFFIX,POSTMILE_PREFIX,POSTMILE,LOCATION_TYPE,RAMP_INTERSECTION,SIDE_OF_HWY,TOW_AWAY,COLLISION_SEVERITY,NUMBER_KILLED,NUMBER_INJURED,PARTY_COUNT,PRIMARY_COLL_FACTOR,PCF_CODE_OF_VIOL,PCF_VIOL_CATEGORY,PCF_VIOLATION,PCF_VIOL_SUBSECTION,HIT_AND_RUN,TYPE_OF_COLLISION,MVIW,PED_ACTION,ROAD_SURFACE,ROAD_COND_1,ROAD_COND_2,LIGHTING,CONTROL_DEVICE,CHP_ROAD_TYPE,PEDESTRIAN_ACCIDENT,BICYCLE_ACCIDENT,MOTORCYCLE_ACCIDENT,TRUCK_ACCIDENT,NOT_PRIVATE_PROPERTY,ALCOHOL_INVOLVED,STWD_VEHTYPE_AT_FAULT,CHP_VEHTYPE_AT_FAULT,COUNT_SEVERE_INJ,COUNT_VISIBLE_INJ,COUNT_COMPLAINT_PAIN,COUNT_PED_KILLED,COUNT_PED_INJURED,COUNT_BICYCLIST_KILLED,COUNT_BICYCLIST_INJURED,COUNT_MC_KILLED,COUNT_MC_INJURED,PRIMARY_RAMP,SECONDARY_RAMP,LATITUDE,LONGITUDE,COUNTY,CITY,POINT_X,POINT_Y
6944512,2015,2016-11-03,9335,2015-05-27,2014,18829,,3,2,7,3801,0,1,1,,2,022,"RT 280","WHIPPLE AV",195.00,N,N,B,-,Y,SF,4,280,-,R,1.100,H,-,S,Y,3,0,1,2,A,-,08,22107,,N,F,C,A,A,H,-,B,D,1,,,,,Y,,A,07,0,1,0,0,0,0,0,0,0,"- ","- ",37.714149999999997,-122.45155,"SAN FRANCISCO","SAN FRANCISCO",-122.45183222999999,37.713764900000001
6946333,2015,2016-12-17,9335,2015-06-03,1535,019521,,3,2,7,3801,0,1,1,,1,083,"RT 80","CECTER ANCHORAGE",500.00,W,N,B,-,Y,SF,4,80,-,-,6.580,H,-,E,Y,4,0,1,2,A,-,03,22350,,N,C,C,A,A,H,-,A,D,4,,,,,Y,,A,01,0,0,1,0,0,0,0,0,0,"- ","- ",37.474890000000002,-122.22445,"SAN FRANCISCO","SAN FRANCISCO",-122.37942485000001,37.796804690000002
6960153,2015,2016-12-17,9335,2015-06-11,1825,018688,,4,2,7,3801,0,1,1,,1,083,"RT 80","TREASURE ISLAND",2640.00,W,N,A,-,Y,SF,4,80,-,-,7.180,H,-,E,N,4,0,1,2,A,-,04,21703,,N,C,C,A,A,H,-,A,D,4,,,,,Y,,A,07,0,0,1,0,0,0,0,0,0,"- ","- ",,,"SAN FRANCISCO","SAN FRANCISCO",-122.3728356,37.802855450000003
6960390,2015,2016-12-17,9335,2015-05-31,0218,20888,,7,3,7,3801,0,1,1,,1,083,"RT 80","TREASURE ISLAND RD",250.00,E,N,B,-,Y,SF,4,80,-,-,7.770,H,-,E,Y,2,0,1,3,A,-,07,21658,A,F,B,C,A,A,H,-,C,D,4,,,,,Y,Y,A,08,1,0,0,0,0,0,0,0,0,"- ","- ",37.809629999999999,-122.36578,"SAN FRANCISCO","SAN FRANCISCO",-122.36629102000001,37.808972519999998
6961278,2015,2016-12-17,9335,2015-05-24,2053,020888,,7,2,7,3801,0,1,1,,2,080,"RT 80","RT 101",309.00,W,N,B,C,Y,SF,4,80,-,-,4.070,H,-,E,Y,3,0,2,3,A,-,03,22350,,N,C,C,A,B,H,-,C,D,1,,,,,Y,,A,01,0,1,1,0,0,0,0,0,0,"- ","- ",37.769919999999999,-122.40528,"SAN FRANCISCO","SAN FRANCISCO",-122.40522621,37.769814949999997
6963210,2015,2016-12-17,9335,2015-06-15,2210,13058,,1,3,7,3801,0,1,1,,1,083,"RT 80 SFOBB","TREASURE ISL",2112.00,W,N,A,-,Y,SF,4,80,-,-,7.280,H,-,E,Y,4,0,2,2,A,-,01,23152,A,N,C,C,A,A,H,-,C,D,4,,,,,Y,Y,A,07,0,0,2,0,0,0,0,0,0,"- ","- ",37.805610000000001,-122.37038,"SAN FRANCISCO","SAN FRANCISCO",-122.37174312,37.803867609999998
6963218,2015,2016-12-17,9335,2015-06-11,1845,20311,,4,2,7,3801,0,1,1,,1,083,"RT 80","TREASURE ISLAND RD",1000.00,W,N,B,-,Y,SF,4,80,-,-,7.530,H,-,E,N,3,0,1,2,A,-,07,21658,A,N,B,C,A,A,H,-,A,D,4,,,Y,,Y,,A,01,0,1,0,0,0,0,0,0,1,"- ","- ",37.805340000000001,-122.36999,"SAN FRANCISCO","SAN FRANCISCO",-122.36899147,37.806383750000002
6967151,2015,2016-11-03,9335,2015-06-02,2249,18829,,2,3,7,3801,0,1,1,,2,024,"RT 280","23RD ST",55.00,S,N,A,-,Y,SF,4,280,-,R,6.000,H,-,S,Y,4,0,1,4,A,-,03,22350,,N,C,C,A,A,H,-,C,D,1,,,,,Y,,A,01,0,0,1,0,0,0,0,0,0,"- ","- ",37.754930000000002,-121.39214,"SAN FRANCISCO","SAN FRANCISCO",-122.39213895,37.755000780000003
6970905,2014,2015-08-12,3801,2014-07-28,1130,04095,31,1,5,7,3801,0,0,0,,0,15B,"19TH AV","BUCKINGHAM WY",60.00,N,N,A,-,N,,,,,,,,,,Y,4,0,1,2,A,-,07,21658,A,N,B,E,A,A,H,-,A,D,0,,,,,Y,Y,A,01,0,0,1,0,0,0,0,0,0,"- ","- ",,,"SAN FRANCISCO","SAN FRANCISCO",-122.4750919,37.725874709999999
6970938,2014,2015-08-11,3801,2014-07-25,1225,00779,SOUTH,5,5,7,3801,0,0,0,,0,3B115,"FOLSOM ST","5TH ST",105.00,W,N,A,-,N,,,,,,,,,,N,4,0,1,2,A,-,03,22350,,N,C,C,A,A,H,-,A,A,0,,,,,Y,Y,D,22,0,0,1,0,0,0,0,0,0,"- ","- ",,,"SAN FRANCISCO","SAN FRANCISCO",-122.40365679,37.780065880000002
6974665,2015,2016-12-17,9335,2015-06-20,2323,020889,,6,3,7,3801,0,1,1,,2,080,"RT 80","1ST ST",215.00,W,N,A,-,Y,SF,4,80,-,-,5.500,H,-,E,Y,4,0,1,1,A,-,03,22350,,N,F,A,A,A,H,-,C,D,1,,,Y,,Y,,C,02,0,0,1,0,0,0,0,0,1,"- ",WF,,,"SAN FRANCISCO","SAN FRANCISCO",-122.39106752000001,37.785833250000003
6974669,2015,2016-11-03,9335,2015-06-20,2120,020084,,6,2,7,3801,0,1,1,,2,023,"RT 280","LYELL ST",100.00,N,N,A,-,Y,SF,4,280,-,R,2.950,H,-,N,Y,4,0,1,3,A,-,03,22350,,M,C,C,A,A,H,-,D,D,1,,,,,Y,,-,99,0,0,1,0,0,0,0,0,0,"- ","- ",37.435549999999999,-122.25530000000001,"SAN FRANCISCO","SAN FRANCISCO",-122.43119136,37.732164900000001
6978212,2015,2016-12-17,9335,2015-06-01,1220,018379,,1,1,7,3801,0,1,1,,1,081,"RT 80","HARRISON /EMBARCADERO OOF/R",1000.00,E,N,A,-,Y,SF,4,80,-,-,5.700,H,-,W,Y,4,0,2,2,A,-,03,22350,,N,C,C,A,A,H,-,A,D,4,,,,,Y,,A,01,0,0,2,0,0,0,0,0,0,"- ","- ",,,"SAN FRANCISCO","SAN FRANCISCO",-122.38887425999999,37.787695470000003
6978220,2015,2016-12-17,9335,2015-06-23,1435,019521,,2,2,7,3801,0,1,1,,2,080,"RT 80","7TH ST",400.00,W,N,A,-,Y,SF,4,80,-,-,4.430,H,-,E,N,4,0,1,2,A,-,03,22350,,N,C,C,A,A,H,-,A,D,1,,,,,Y,,A,01,0,0,1,0,0,0,0,0,0,"- ","- ",,,"SAN FRANCISCO","SAN FRANCISCO",-122.4050792,37.775771829999996
6979940,2015,2016-12-20,9335,2015-07-02,1305,20212,,4,1,7,3801,0,1,2,,2,013,"RT 101","FAITH ST",200.00,N,N,A,-,Y,SF,4,101,-,-,2.650,H,-,N,N,4,0,1,3,A,-,03,22350,,N,C,C,A,A,H,-,A,D,1,,,,,Y,,D,22,0,0,1,0,0,0,0,0,0,"- ","- ",37.744399999999999,-122.4061,"SAN FRANCISCO","SAN FRANCISCO",-122.40531222,37.744359340000003
6984297,2015,2017-01-24,9335,2015-07-02,0106,20892,,4,3,7,3801,0,1,1,,1,081,"RT 80","SAN FRANCISCO ANCHORAGE",225.00,W,N,A,-,Y,SF,4,80,-,-,6.630,H,-,W,Y,3,0,3,3,A,-,01,23152,A,N,B,C,A,A,H,-,C,D,4,,,,,Y,Y,A,01,0,2,1,0,0,0,0,0,0,"- ","- ",37.7864,-122.39046999999999,"SAN FRANCISCO","SAN FRANCISCO",-122.37891354999999,37.797281839999997
6986850,2015,2016-12-17,9335,2015-06-24,0845,12091,,3,1,7,3801,0,1,2,,2,014,"RT 101","CESAR CHAVEZ ST",420.00,N,N,A,-,Y,SF,4,101,-,-,3.113,R,2,N,N,3,0,1,2,A,-,21,22106,,M,D,C,A,A,H,-,A,D,1,,,Y,,Y,,C,02,0,1,0,0,0,0,0,0,1,"- ","- ",37.750970000000002,-122.4029,"SAN FRANCISCO","SAN FRANCISCO",-122.40313358,37.75086709
6991695,2015,2017-01-24,9335,2015-07-07,1730,13740,,2,2,7,3801,0,1,1,,2,080,"RT 80","7TH ST",120.00,E,N,A,-,Y,SF,4,80,-,-,4.360,H,-,W,Y,4,0,1,2,A,-,03,22350,,N,F,A,A,A,H,-,A,D,1,,,Y,,Y,,C,02,0,0,1,0,0,0,0,0,1,"- ",WO,,,"SAN FRANCISCO","SAN FRANCISCO",-122.40635451999999,37.774979080000001
6997232,2014,2015-08-10,3801,2014-09-08,1651,001861,SOUTH,1,5,7,3801,0,0,0,,0,3B13D,"8TH ST","FOLSOM ST",0.00,,Y,A,-,N,,,,,,,,,,N,3,0,1,2,A,-,08,22107,,N,B,G,A,A,H,-,A,A,0,,Y,,,Y,,L,04,0,1,0,0,0,0,1,0,0,"- ","- ",,,"SAN FRANCISCO","SAN FRANCISCO",-122.41004988,37.774989890000001
6997268,2014,2015-08-11,3801,2014-05-12,0541,1514,,1,5,7,3801,0,0,0,,0,,EMBARCADERO,"DON CHEE WY",0.00,,Y,A,-,N,,,,,,,,,,Y,4,0,1,3,A,-,03,22350,,N,C,C,A,A,H,-,A,A,0,,,,Y,Y,,A,07,0,0,1,0,0,0,0,0,0,"- ","- ",,,"SAN FRANCISCO","SAN FRANCISCO",-122.393259,37.794240000000002
6997288,2014,2015-08-18,3801,2014-09-13,0306,04301,NORTH,6,5,7,3801,0,0,0,,0,,"GEARY ST","WEBSTER ST",20.00,E,N,A,-,N,,,,,,,,,,Y,4,0,1,3,A,-,03,22350,,N,C,C,A,A,H,-,C,A,0,,,,,Y,,D,22,0,0,1,0,0,0,0,0,0,"- ","- ",,,"SAN FRANCISCO","SAN FRANCISCO",-122.43123187,37.784739729999998
6997289,2014,2015-08-03,3801,2014-09-09,1246,004333,TARAV,2,5,7,3801,0,0,0,,0,3116B,"19TH AV","PACHECO ST",0.00,,Y,A,-,N,,,,,,,,,,N,4,0,1,3,A,-,04,21703,,N,C,C,A,A,H,-,A,A,0,,,Y,,Y,,C,02,0,0,1,0,0,0,0,0,1,"- ","- ",,,"SAN FRANCISCO","SAN FRANCISCO",-122.47617997,37.75050993
6997317,2014,2015-08-05,3801,2014-09-06,2014,2334,SOUTH,6,5,7,3801,0,0,0,,0,,"10TH ST","HARRISON ST",0.00,,Y,A,-,N,,,,,,,,,,N,2,0,1,2,-,-,"- ",,,N,G,B,B,A,H,-,C,A,0,Y,,,,Y,,-,"- ",1,0,0,0,1,0,0,0,0,"- ","- ",,,"SAN FRANCISCO","SAN FRANCISCO",-122.41124993,37.771599960000003
6997319,2014,2015-08-10,3801,2014-09-29,1140,1947,NORTH,1,5,7,3801,0,0,0,,0,3E3A,"POST ST","LARKIN ST",0.00,,Y,A,-,N,,,,,,,,,,Y,4,0,1,2,A,-,12,21453,A,N,D,C,A,A,H,-,A,A,0,,,,,Y,,D,22,0,0,1,0,0,0,0,0,0,"- ","- ",,,"SAN FRANCISCO","SAN FRANCISCO",-122.41826994,37.787039900000003
6997320,2014,2015-08-10,3801,2014-09-13,0228,856,NORTH,6,5,7,3801,0,0,0,,0,3E11E,"LAGUNA ST","WALLER ST",0.00,,Y,A,-,N,,,,,,,,,,N,4,0,1,2,A,-,09,21800,B,M,B,C,A,A,H,-,C,D,0,,,,,Y,,A,01,0,0,1,0,0,0,0,0,0,"- ","- ",,,"SAN FRANCISCO","SAN FRANCISCO",-122.42530996000001,37.771789990000002
6997353,2014,2015-08-03,3801,2014-09-08,1924,001340,RICHM,1,5,7,3801,0,0,0,,0,3G11D,"TURK ST","ROSELYN TER",14.00,W,N,B,-,N,,,,,,,,,,Y,4,0,2,5,A,-,03,22350,,N,C,E,A,A,H,-,C,A,0,,,,,Y,,A,08,0,0,2,0,0,0,0,0,0,"- ","- ",,,"SAN FRANCISCO","SAN FRANCISCO",-122.44982757,37.778252680000001
6997354,2014,2015-08-03,3801,2014-09-05,1045,001817,BAYVI,5,5,7,3801,0,0,0,,0,3C12A,"INDIANA ST","26TH ST",0.00,,Y,A,-,N,,,,,,,,,,Y,3,0,1,3,A,-,08,22107,,N,D,C,A,A,H,-,A,D,0,,,Y,,Y,,A,07,0,1,0,0,0,0,0,0,1,"- ","- ",,,"SAN FRANCISCO","SAN FRANCISCO",-122.39055988,37.751399929999998
6997362,2014,2015-08-05,3801,2014-05-04,1520,170,MISSI,7,5,7,3801,0,0,0,,0,00D,"23RD ST","SHOTWELL ST",0.00,,Y,A,-,N,,,,,,,,,,N,4,0,1,2,A,-,12,22450,A,M,D,G,A,A,H,-,A,A,0,,Y,,,Y,,-,,0,0,1,0,0,0,1,0,0,"- ","- ",,,"SAN FRANCISCO","SAN FRANCISCO",-122.41532989,37.754049940000002
6997376,2014,2016-06-24,3801,2014-09-15,1612,01973,TARAV,1,5,7,3801,0,0,0,,0,,"19TH AV","JUNIPERO SERRA BL",0.00,,N,A,-,Y,SF,4,1,-,R,0.680,I,5,S,Y,4,0,1,1,A,-,03,22350,,N,E,I,A,A,H,-,A,D,0,,,,,Y,,A,01,0,0,1,0,0,0,0,0,0,"- ","- ",,,"SAN FRANCISCO","SAN FRANCISCO",-122.47275154,37.71717769
6997378,2014,2015-08-07,3801,2014-05-01,2030,001763,MISSI,4,5,7,3801,0,0,0,,0,3D5D,"16TH ST","UTAH ST",0.00,,Y,A,-,N,,,,,,,,,,N,4,0,1,2,A,-,"- ",,,N,D,G,A,A,H,-,C,D,0,,Y,,,Y,,L,04,0,0,1,0,0,0,1,0,0,"- ","- ",,,"SAN FRANCISCO","SAN FRANCISCO",-122.40654999,37.765839970000002
6997383,2014,2016-02-29,3801,2014-09-02,0900,01755,SOUTH,2,5,7,3801,0,0,0,,0,3B1C,"HOWARD ST","MAIN ST",30.00,W,N,A,-,N,,,,,,,,,,N,4,0,1,2,A,-,09,21804,A,F,B,G,A,A,H,-,A,D,0,,Y,,,Y,Y,A,01,0,0,1,0,0,0,1,0,0,"- ","- ",,,"SAN FRANCISCO","SAN FRANCISCO",-122.39347334999999,37.790561660000002
6997384,2014,2015-08-06,3801,2014-09-15,1452,00868,,1,5,7,3801,0,0,0,,0,4B5G,"PARK PRESIDIO","CLEMENT ST",0.00,,Y,A,-,N,,,,,,,,,,N,3,0,1,2,A,-,10,21950,A,N,G,B,B,A,H,-,A,A,0,Y,,,,Y,,A,01,0,1,0,0,1,0,0,0,0,"- ","- ",,,"SAN FRANCISCO","SAN FRANCISCO",-122.47246995,37.782579920000003
6997395,2014,2015-08-06,3801,2014-09-03,1659,480,COH,3,5,7,3801,0,0,0,,0,3H5D,"OCEAN AV","PHELAN ST",3.00,W,N,A,-,N,,,,,,,,,,N,4,0,1,2,A,-,11,21954,A,N,G,B,D,A,H,-,A,A,0,Y,,,,Y,,N,60,0,0,1,0,1,0,0,0,0,"- ","- ",,,"SAN FRANCISCO","SAN FRANCISCO",-122.4523399,37.723072469999998
6997403,2014,2015-08-17,3801,2014-09-04,0914,38,SOUTH,4,5,7,3801,0,0,0,,0,1CAR,"HARRISON ST","ESSEX ST",8.00,E,N,A,-,N,,,,,,,,,,Y,4,0,1,2,A,-,03,22350,,N,C,C,A,A,H,-,A,A,0,,,,,Y,,A,07,0,0,1,0,0,0,0,0,0,"- ","- ",,,"SAN FRANCISCO","SAN FRANCISCO",-122.39404016,37.785225330000003
6997405,2014,2015-08-07,3801,2014-05-11,1500,001460,,7,5,7,3801,0,0,0,,0,COB,"BRYANT ST","RINCON ST",0.00,,Y,A,-,N,,,,,,,,,,N,4,0,1,2,A,-,09,21801,A,N,D,C,A,A,H,-,A,D,0,,,,,Y,,B,01,0,0,1,0,0,0,0,0,0,"- ","- ",,,"SAN FRANCISCO","SAN FRANCISCO",-122.39208994000001,37.784229949999997
6997409,2014,2015-08-07,3801,2014-05-11,1700,1014,INGLE,7,5,7,3801,0,0,0,,0,3H9,"DIAMOND ST","BOSWORTH ST",0.00,,Y,A,-,N,,,,,,,,,,N,3,0,1,2,A,-,"- ",,,F,B,G,A,A,H,-,A,D,0,,Y,,,Y,Y,L,04,0,1,0,0,0,0,1,0,0,"- ","- ",,,"SAN FRANCISCO","SAN FRANCISCO",-122.43412995,37.733559929999998
6997415,2014,2015-08-06,3801,2014-09-15,2258,04369,CENTR,1,5,7,3801,0,0,0,,0,3A11E,"GEARY ST","JONES ST",0.00,,Y,A,-,N,,,,,,,,,,N,4,0,1,2,A,-,17,21451,A,N,G,B,B,A,H,-,C,A,0,Y,,,,Y,,A,01,0,0,1,0,1,0,0,0,0,"- ","- ",,,"SAN FRANCISCO","SAN FRANCISCO",-122.41314992,37.786749970000002
6997427,2014,2015-08-06,3801,2014-09-16,1524,563,NORTH,2,5,7,3801,0,0,0,,0,3E13C,OFARRELL,"LARKIN ST",0.00,,Y,A,-,N,,,,,,,,,,N,4,0,1,2,A,-,07,21658,A,N,D,C,A,A,H,-,A,A,0,,,Y,,Y,,C,02,0,0,1,0,0,0,0,0,1,"- ","- ",,,"SAN FRANCISCO","SAN FRANCISCO",-122.41789996999999,37.785169930000002
6997447,2014,2015-08-10,3801,2014-09-17,1736,554,BAYVI,3,5,7,3801,0,0,0,,0,4K3E,"25TH ST","TEXAS RD",54.00,E,N,A,-,N,,,,,,,,,,Y,3,0,1,1,A,-,03,22350,,N,H,J,A,A,H,-,A,D,0,,,,,Y,,A,01,0,1,0,0,0,0,0,0,0,"- ","- ",,,"SAN FRANCISCO","SAN FRANCISCO",-122.39446521000001,37.75243493
6997448,2014,2015-08-11,3801,2014-09-12,1306,000251,RICHM,5,5,7,3801,0,0,0,,0,3G61,"POST ST","DIVISADERO ST",72.00,W,N,A,-,N,,,,,,,,,,N,4,0,1,2,A,-,17,21209,A,F,B,G,A,A,H,-,A,D,0,,Y,,,Y,,A,01,0,0,1,0,0,0,1,0,0,"- ","- ",,,"SAN FRANCISCO","SAN FRANCISCO",-122.43991489,37.78427327
6997462,2014,2015-08-06,3801,2014-09-23,0647,00251,RICHM,2,5,7,3801,0,0,0,,0,3G61,"BALBOA ST","33RD AV",0.00,,Y,A,-,N,,,,,,,,,,N,4,0,1,2,A,-,10,21950,A,N,G,B,B,A,H,-,B,D,0,Y,,,,Y,,A,01,0,0,1,0,1,0,0,0,0,"- ","- ",,,"SAN FRANCISCO","SAN FRANCISCO",-122.49304986,37.77590996
6997474,2014,2015-08-06,3801,2014-09-23,0756,425,NORTH,2,5,7,3801,0,0,0,,0,3E11A,"OAK ST","WEBSTER ST",0.00,,Y,A,-,N,,,,,,,,,,N,3,0,1,3,A,-,03,22350,,N,F,C,A,A,H,-,A,A,0,,,Y,,Y,,C,02,0,1,0,0,0,0,0,0,1,"- ","- ",,,"SAN FRANCISCO","SAN FRANCISCO",-122.42912999000001,37.774169980000003
6997477,2014,2015-08-05,3801,2014-09-13,0217,1344,MISSI,6,5,7,3801,0,0,0,,0,901,"MISSION ST","21ST ST",0.00,,Y,A,-,N,,,,,,,,,,N,4,0,1,2,A,-,11,21954,A,N,G,B,D,A,H,-,E,A,0,Y,,,,Y,Y,N,60,0,0,1,0,1,0,0,0,0,"- ","- ",,,"SAN FRANCISCO","SAN FRANCISCO",-122.41891993,37.757019970000002
6997482,2014,2015-08-05,3801,2014-09-23,1335,1593,MISSI,2,5,7,3801,0,0,0,,0,901,"POTRERO AV","ALAMEDA ST",0.00,,Y,A,-,N,,,,,,,,,,N,3,0,1,1,A,-,03,22350,,N,H,A,A,A,H,-,A,A,0,,,Y,,Y,,C,02,0,1,0,0,0,0,0,0,1,"- ","- ",,,"SAN FRANCISCO","SAN FRANCISCO",-122.40778985999999,37.768379959999997
6997484,2014,2015-08-10,3801,2014-09-07,1100,445,NORTH,7,5,7,3801,0,0,0,,0,3E12A,"FILLMORE ST","CALIFORNIA ST",0.00,,Y,A,-,N,,,,,,,,,,Y,4,0,1,2,A,-,12,21453,A,N,D,C,A,A,H,-,A,A,0,,,Y,,Y,,-,,0,0,1,0,0,0,0,0,1,"- ","- ",,,"SAN FRANCISCO","SAN FRANCISCO",-122.43381986999999,37.788909959999998
6997488,2014,2015-08-18,3801,2014-09-30,1452,004324,COD,2,5,7,3801,0,0,0,,0,,"ALABAMA ST","17TH AV",0.00,,Y,A,-,N,,,,,,,,,,N,4,0,1,2,A,-,12,22450,A,N,D,C,A,A,H,-,A,A,0,,,,,Y,Y,A,01,0,0,1,0,0,0,0,0,0,"- ","- ",,,"SAN FRANCISCO","SAN FRANCISCO",-122.41227997999999,37.764199900000001
6997494,2014,2016-04-28,3801,2014-09-14,1634,4057,NORTH,7,5,7,3801,0,0,0,,0,3E13D,"VAN NESS AV","FELL ST",140.00,S,N,A,-,Y,SF,4,101,-,T,4.920,H,-,S,N,4,0,1,2,A,-,11,21954,A,N,G,B,D,A,H,-,A,D,0,Y,,,,Y,,N,60,0,0,1,0,1,0,0,0,0,"- ","- ",,,"SAN FRANCISCO","SAN FRANCISCO",-122.41952046999999,37.775983539999999
6997497,2014,2015-08-05,3801,2014-09-26,0922,1421,SOUTH,5,5,7,3801,0,0,0,,0,3B50A,"6TH ST","JESSIE ST",0.00,,Y,A,-,N,,,,,,,,,,N,4,0,1,2,A,-,17,21208,A,N,-,G,A,A,H,-,A,D,0,,Y,,,Y,,L,04,0,0,1,0,0,0,1,0,0,"- ","- ",,,"SAN FRANCISCO","SAN FRANCISCO",-122.40920997000001,37.781399989999997
6997507,2014,2015-08-10,3801,2014-09-14,2244,001128,PARK,7,5,7,3801,0,0,0,,0,3F14E,"TURK ST","SCOTT ST",120.00,W,N,A,-,N,,,,,,,,,,Y,4,0,1,3,A,-,01,23153,A,N,C,C,A,A,H,-,C,D,0,,,,,Y,Y,A,01,0,0,1,0,0,0,0,0,0,"- ","- ",,,"SAN FRANCISCO","SAN FRANCISCO",-122.43746967,37.779805709999998
6997512,2014,2015-08-10,3801,2014-09-04,0858,001714,COK,4,5,7,3801,0,0,0,,0,858,"GROVE ST","POLK ST",0.00,,Y,B,-,N,,,,,,,,,,N,3,0,1,2,A,-,08,22100,A,N,B,G,A,A,H,-,A,A,0,,Y,,,Y,,A,01,0,1,0,0,0,0,1,0,0,"- ","- ",,,"SAN FRANCISCO","SAN FRANCISCO",-122.41821999,37.778479910000001
6997515,2014,2015-08-10,3801,2014-09-16,0808,1944,INGLE,2,5,7,3801,0,0,0,,0,005,"AMAZON AV","EDINBURGH ST",0.00,,Y,A,F,N,,,,,,,,,,N,4,0,1,2,A,-,10,21950,A,N,G,B,B,A,H,-,B,A,0,Y,,,,Y,,A,01,0,0,1,0,1,0,0,0,0,"- ","- ",,,"SAN FRANCISCO","SAN FRANCISCO",-122.43619996,37.715679969999997
6997520,2014,2015-08-19,3801,2014-09-30,1000,1572,SOUTH,2,5,7,3801,0,0,0,,0,3B1A,"EMBARCADERO NORTH ST","MISSION ST",0.00,,Y,A,-,N,,,,,,,,,,N,4,0,1,2,A,-,03,22350,,F,C,D,A,A,H,-,A,A,0,,,,,Y,Y,A,01,0,0,1,0,0,0,0,0,0,"- ","- ",,,"SAN FRANCISCO","SAN FRANCISCO",-122.39245176,37.79384675
6997638,2015,2017-01-24,9335,2015-07-18,1043,020108,,6,1,7,3801,0,1,1,,1,081,"RT 80","TREASURE ISLAND TUNNEL",530.00,W,N,A,-,Y,SF,4,80,-,-,7.620,H,-,W,Y,4,0,5,3,A,-,03,22350,,N,C,C,A,A,H,-,A,D,4,,,,,Y,,A,01,0,0,5,0,0,0,0,0,0,"- ","- ",37.808979999999998,-122.36642999999999,"SAN FRANCISCO","SAN FRANCISCO",-122.36800156,37.807288329999999
6997842,2014,2015-08-04,3801,2014-08-06,0840,351,SOUTH,3,5,7,3801,0,0,0,,0,3B5A,"TOWNSEND ST","4TH ST",115.00,E,N,A,-,N,,,,,,,,,,N,4,0,1,2,A,-,21,22106,,N,C,C,A,A,H,-,A,A,0,,,,,Y,,D,22,0,0,1,0,0,0,0,0,0,"- ","- ",,,"SAN FRANCISCO","SAN FRANCISCO",-122.39470387999999,37.777329590000001
6997845,2014,2016-01-13,3801,2014-08-08,1118,002172,MISSI,5,5,7,3801,0,0,0,,0,3D11A,"15TH ST","DOLORES ST",0.00,,Y,A,-,N,,,,,,,,,,N,4,0,1,2,A,-,12,21453,A,N,A,C,A,A,H,-,A,A,0,,,,,Y,,A,01,0,0,1,0,0,0,0,0,0,"- ","- ",,,"SAN FRANCISCO","SAN FRANCISCO",-122.42659992,37.766259929999997
6997847,2014,2015-08-13,3801,2014-08-20,1243,04036,PARK,3,5,7,3801,0,0,0,,0,3B51,"HAIGHT ST","SCOTT ST",0.00,,Y,B,-,N,,,,,,,,,,N,4,0,8,2,A,-,09,21802,A,N,D,C,A,A,H,-,A,D,0,,,,,Y,,I,20,0,0,8,0,0,0,0,0,0,"- ","- ",,,"SAN FRANCISCO","SAN FRANCISCO",-122.4353899,37.771479999999997
6997851,2014,2016-01-13,3801,2014-08-21,1800,01660,CENTR,4,5,7,3801,0,0,0,,0,3A60,"POWELL ST","NORTH POINT ST",0.00,,Y,A,-,N,,,,,,,,,,N,3,0,1,2,A,-,09,21453,B,N,G,B,B,A,H,-,A,A,0,Y,,,,Y,,I,10,0,1,0,0,1,0,0,0,0,"- ","- ",,,"SAN FRANCISCO","SAN FRANCISCO",-122.41212997,37.806759939999999
6997856,2014,2015-08-11,3801,2014-08-15,0949,2127,SOUTH,5,5,7,3801,0,0,0,,0,4K1E,"MARKET ST","3RD ST",288.00,E,N,A,-,N,,,,,,,,,,N,3,0,1,2,A,-,07,21658,A,N,H,G,A,A,H,-,A,D,0,,Y,,,Y,,L,04,0,1,0,0,0,0,1,0,0,"- ","- ",,,"SAN FRANCISCO","SAN FRANCISCO",-122.40273994,37.788207110000002
6997887,2014,2015-08-05,3801,2014-08-09,0001,002265,SOUTH,6,5,7,3801,0,0,0,,0,3B00,"MONTGOMERY ST","PINE ST",0.00,,Y,A,-,N,,,,,,,,,,N,4,0,1,2,A,-,08,22100,A,N,D,C,A,A,H,-,A,-,0,,,,,Y,,I,11,0,0,1,0,0,0,0,0,0,"- ","- ",,,"SAN FRANCISCO","SAN FRANCISCO",-122.40255000000001,37.791919929999999