CASE_ID,ACCIDENT_YEAR,PROC_DATE,JURIS,COLLISION_DATE,COLLISION_TIME,OFFICER_ID,REPORTING_DISTRICT,DAY_OF_WEEK,CHP_SHIFT,POPULATION,CNTY_CITY_LOC,SPECIAL_COND,BEAT_TYPE,CHP_BEAT_TYPE,CITY_DIVISION_LAPD,CHP_BEAT_CLASS,BEAT_NUMBER,PRIMARY_RD,SECONDARY_RD,DISTANCE,DIRECTION,INTERSECTION,WEATHER_1,WEATHER_2,STATE_HWY_IND,CALTRANS_COUNTY,CALTRANS_DISTRICT,STATE_ROUTE,ROUTE_SUFFIX,POSTMILE_PREFIX,POSTMILE,LOCATION_TYPE,RAMP_INTERSECTION,SIDE_OF_HWY,TOW_AWAY,COLLISION_SEVERITY,NUMBER_KILLED,NUMBER_INJURED,PARTY_COUNT,PRIMARY_COLL_FACTOR,PCF_CODE_OF_VIOL,PCF_VIOL_CATEGORY,PCF_VIOLATION,PCF_VIOL_SUBSECTION,HIT_AND_RUN,TYPE_OF_COLLISION,MVIW,PED_ACTION,ROAD_SURFACE,ROAD_COND_1,ROAD_COND_2,LIGHTING,CONTROL_DEVICE,CHP_ROAD_TYPE,PEDESTRIAN_ACCIDENT,BICYCLE_ACCIDENT,MOTORCYCLE_ACCIDENT,TRUCK_ACCIDENT,NOT_PRIVATE_PROPERTY,ALCOHOL_INVOLVED,STWD_VEHTYPE_AT_FAULT,CHP_VEHTYPE_AT_FAULT,COUNT_SEVERE_INJ,COUNT_VISIBLE_INJ,COUNT_COMPLAINT_PAIN,COUNT_PED_KILLED,COUNT_PED_INJURED,COUNT_BICYCLIST_KILLED,COUNT_BICYCLIST_INJURED,COUNT_MC_KILLED,COUNT_MC_INJURED,PRIMARY_RAMP,SECONDARY_RAMP,LATITUDE,LONGITUDE,COUNTY,CITY,POINT_X,POINT_Y
7034737,2015,2015-08-22,3801,2015-02-09,2343,000340,NORTH,1,5,7,3801,0,0,0,,0,3E11E,"OCTAVIA ST","OAK ST",0.00,,Y,A,-,N,,,,,,,,,,N,4,0,1,2,A,-,10,21950,C,N,G,B,B,A,H,-,C,A,0,Y,,,,Y,Y,A,01,0,0,1,0,1,0,0,0,0,"- ","- ",,,"SAN FRANCISCO","SAN FRANCISCO",-122.42429995000001,37.77479993
7034738,2015,2015-08-22,3801,2015-02-09,1630,002137,TARAV,1,5,7,3801,0,0,0,,0,002,"NORIEGA ST","41ST AV",0.00,,Y,A,-,N,,,,,,,,,,Y,4,0,1,2,A,-,09,21802,A,N,D,D,A,A,H,-,A,D,0,,,,,Y,,A,07,0,0,1,0,0,0,0,0,0,"- ","- ",,,"SAN FRANCISCO","SAN FRANCISCO",-122.50002994,37.753199940000002
7034739,2015,2015-08-22,3801,2015-02-26,1931,000985,RICHM,4,5,7,3801,0,0,0,,0,3G3D,"ARGUELLO BL","ANZA ST",0.00,,Y,A,-,N,,,,,,,,,,N,4,0,1,2,A,-,08,22107,,N,B,G,A,A,H,-,C,A,0,,Y,,,Y,,A,01,0,0,1,0,0,0,1,0,0,"- ","- ",,,"SAN FRANCISCO","SAN FRANCISCO",-122.45874994,37.7793499
7034742,2015,2015-08-22,3801,2015-02-07,1852,428,CENTR,6,5,7,3801,0,0,0,,0,03A,"BEACH ST","MASON ST",0.00,,Y,B,-,N,,,,,,,,,,N,4,0,1,2,A,-,05,21650,1,N,D,G,A,A,H,-,C,D,0,,Y,,,Y,,L,04,0,0,1,0,0,0,1,0,0,"- ","- ",,,"SAN FRANCISCO","SAN FRANCISCO",-122.4139799,37.807490000000001
7034760,2015,2015-08-22,3801,2015-02-03,1200,001948,INGLE,2,5,7,3801,0,0,0,,0,3H11C,"MONTEREY BL","JOOST AV",20.00,S,N,A,-,N,,,,,,,,,,Y,4,0,1,3,A,-,03,22350,,N,C,C,A,A,H,-,A,D,0,,,,,Y,,A,01,0,0,1,0,0,0,0,0,0,"- ","- ",,,"SAN FRANCISCO","SAN FRANCISCO",-122.43520004,37.732222710000002
7034790,2015,2015-08-22,3801,2015-02-15,1441,000891,,7,5,7,3801,0,0,0,,0,3B60,"GEARY BL","25TH AV",0.00,,Y,A,-,N,,,,,,,,,,Y,2,0,7,3,A,-,12,21453,A,N,D,C,A,A,H,-,A,A,0,,,Y,,Y,,A,01,1,4,2,0,0,0,0,0,2,"- ","- ",,,"SAN FRANCISCO","SAN FRANCISCO",-122.48473993,37.780159879999999
7034792,2015,2015-08-22,3801,2015-02-18,0850,1398,NORTH,3,5,7,3801,0,0,0,,0,4K5E,"FELL ST","LAGUNA ST",190.00,E,N,A,-,N,,,,,,,,,,N,4,0,2,3,A,-,03,22350,,F,C,C,A,A,H,-,A,A,0,,,,,Y,,A,01,0,0,2,0,0,0,0,0,0,"- ","- ",,,"SAN FRANCISCO","SAN FRANCISCO",-122.42539916,37.775614619999999
7034795,2015,2017-07-26,3801,2015-02-17,0840,1900,TARAV,2,5,7,3801,0,0,0,,0,3I13A,"SAINT FRANCIS PL","PORTOLA BL",82.00,E,N,A,-,N,,,,,,,,,,Y,3,0,1,2,A,-,03,22350,,F,D,C,A,A,H,-,A,D,0,,,,,Y,,A,01,0,1,0,0,0,0,0,0,0,"- ","- ",,,"SAN FRANCISCO","SAN FRANCISCO",-122.47124819,37.734734379999999
7034863,2015,2015-09-18,3801,2015-02-19,0825,2127,SOUTH,4,5,7,3801,0,0,0,,0,4K101,"MAIN ST","MISSION ST",162.00,S,N,A,-,N,,,,,,,,,,N,2,0,1,2,A,-,06,21755,,N,B,G,A,A,H,-,A,D,0,,Y,,Y,Y,,L,04,1,0,0,0,0,0,1,0,0,"- ","- ",,,"SAN FRANCISCO","SAN FRANCISCO",-122.39457195999999,37.791546500000003
7034867,2015,2015-09-09,3801,2015-02-20,0745,002253,TARAV,5,5,7,3801,0,0,0,,0,3I16A,"OCEAN AV","GRANADA AV",0.00,,Y,A,-,N,,,,,,,,,,Y,4,0,1,2,A,-,05,21651,A,N,D,C,A,A,H,-,B,D,0,,,,,Y,,I,11,0,0,1,0,0,0,0,0,0,"- ","- ",,,"SAN FRANCISCO","SAN FRANCISCO",-122.45735989000001,37.724139970000003
7035052,2015,2015-08-22,3801,2015-02-18,1736,004175,INGLE,3,5,7,3801,0,0,0,,0,4K7H,"ALEMANY BL","NIAGARA AV",13.00,S,N,A,-,N,,,,,,,,,,N,4,0,1,2,A,-,10,21950,A,N,G,B,B,A,H,-,A,D,0,Y,,,,Y,,A,01,0,0,1,0,1,0,0,0,0,"- ","- ",,,"SAN FRANCISCO","SAN FRANCISCO",-122.44350175,37.716974710000002
7035063,2015,2016-10-13,3801,2015-02-24,0555,121,3E,2,5,7,3801,0,0,0,,0,0E2,"VAN NESS AV","HAYES ST",0.00,,Y,A,-,Y,SF,4,101,-,T,5.010,I,5,S,Y,4,0,1,2,A,-,12,21453,A,N,D,C,A,A,H,-,B,A,0,,,,,Y,,-,"- ",0,0,1,0,0,0,0,0,0,"- ","- ",,,"SAN FRANCISCO","SAN FRANCISCO",-122.41978329,37.777307260000001
7035075,2015,2015-08-22,3801,2015-02-21,1441,2460,SOUTH,6,5,7,3801,0,0,0,,0,3B15A,"8TH ST","NATOMA ST",0.00,,Y,A,-,N,,,,,,,,,,N,3,0,1,2,A,-,21,22106,,N,G,B,D,A,H,-,A,D,0,Y,,,,Y,,-,,0,1,0,0,1,0,0,0,0,"- ","- ",,,"SAN FRANCISCO","SAN FRANCISCO",-122.4121299,37.776659930000001
7035095,2015,2016-05-06,3801,2015-02-18,0520,4314,RICHM,3,5,7,3801,0,0,0,,0,901,"DIVISADERO ST","BUSH ST",0.00,,Y,A,-,N,,,,,,,,,,N,3,0,1,2,A,-,12,21453,A,N,D,D,A,A,H,-,C,A,0,,,Y,,Y,,A,01,0,1,0,0,0,0,0,0,1,"- ","- ",,,"SAN FRANCISCO","SAN FRANCISCO",-122.44004998,37.786189999999998
7035107,2015,2015-08-22,3801,2015-02-19,1702,441,SOUTH,4,5,7,3801,0,0,0,,0,4B3F,"9TH ST","HARRISON ST",0.00,,Y,A,-,N,,,,,,,,,,Y,4,0,1,2,A,-,12,21453,A,N,A,B,B,A,H,-,B,A,0,Y,,,,Y,,A,01,0,0,1,0,1,0,0,0,0,"- ","- ",,,"SAN FRANCISCO","SAN FRANCISCO",-122.41004995999999,37.77252996
7035158,2014,2015-08-27,3801,2014-12-16,1200,1486,SF,2,5,7,3801,0,0,0,,0,4K2E,"BRYANT ST","7TH ST",0.00,,Y,B,-,N,,,,,,,,,,N,4,0,1,2,A,-,10,21950,A,N,D,B,B,A,H,-,A,A,0,Y,,,,Y,,A,01,0,0,1,0,1,0,0,0,0,"- ","- ",,,"SAN FRANCISCO","SAN FRANCISCO",-122.40484986,37.77437991
7035161,2014,2015-09-08,3801,2014-12-19,1810,001275,SOUTH,5,5,7,3801,0,0,0,,0,3B11D,"2ND ST","FOLSOM ST",52.00,S,N,B,-,N,,,,,,,,,,N,4,0,1,2,-,-,"- ",,,N,B,-,A,B,H,-,C,D,0,,Y,,,Y,,-,"- ",0,0,1,0,0,0,1,0,0,"- ","- ",,,"SAN FRANCISCO","SAN FRANCISCO",-122.39660345999999,37.785458409999997
7035177,2014,2015-09-15,3801,2014-12-27,0548,4305,NORTH,6,5,7,3801,0,0,0,,0,3E12E,"OAK ST","GOUGH ST",0.00,,Y,A,-,N,,,,,,,,,,Y,4,0,2,2,A,-,12,21453,A,N,D,C,A,A,H,-,C,A,0,,,,,Y,,-,"- ",0,0,2,0,0,0,0,0,0,"- ","- ",,,"SAN FRANCISCO","SAN FRANCISCO",-122.42258986,37.775019950000001
7035215,2014,2015-08-24,3801,2014-12-29,1130,000988,INGLE,1,5,7,3801,0,0,0,,0,3H16C,"MISSION ST","LOWELL ST",0.00,,Y,A,-,N,,,,,,,,,,N,4,0,1,2,A,-,10,21950,A,N,D,B,B,A,H,-,A,D,0,Y,,,,Y,,A,01,0,0,1,0,1,0,0,0,0,"- ","- ",,,"SAN FRANCISCO","SAN FRANCISCO",-122.44640997,37.711449950000002
7035217,2014,2015-08-21,3801,2014-12-04,1800,4158,TARAV,4,5,7,3801,0,0,0,,0,3I11D,"DEWEY BL","TARAVAL ST",0.00,,Y,B,-,N,,,,,,,,,,N,4,0,1,2,A,-,10,21950,A,N,A,B,B,A,H,-,C,D,0,Y,,,,Y,,-,,0,0,1,0,1,0,0,0,0,"- ","- ",,,"SAN FRANCISCO","SAN FRANCISCO",-122.46355712,37.743880849999996
7035226,2014,2015-08-24,3801,2014-12-02,1048,1684,,2,5,7,3801,0,0,0,,0,3G1A,"25TH AV","LAKE ST",0.00,,Y,C,-,N,,,,,,,,,,N,4,0,1,2,A,-,12,21453,A,N,D,D,A,B,H,-,A,A,0,,,,,Y,,A,01,0,0,1,0,0,0,0,0,0,"- ","- ",,,"SAN FRANCISCO","SAN FRANCISCO",-122.48513986,37.785749930000001
7035233,2014,2015-08-21,3801,2014-12-11,2103,2294,PARK,4,5,7,3801,0,0,0,,0,3F11D,"MASONIC AV","HAIGHT ST",0.00,,Y,C,-,N,,,,,,,,,,N,4,0,1,2,A,-,10,21950,A,N,G,B,B,B,H,-,C,A,0,Y,,,,Y,,A,01,0,0,1,0,1,0,0,0,0,"- ","- ",,,"SAN FRANCISCO","SAN FRANCISCO",-122.44534989,37.770209989999998
7035240,2014,2015-08-24,3801,2014-12-31,1417,1882,RICHM,3,5,7,3801,0,0,0,,0,3G60,"34TH AV","CLEMENT ST",0.00,,Y,A,-,N,,,,,,,,,,N,4,0,1,2,A,-,10,21950,A,N,G,B,B,A,H,-,A,A,0,Y,,,,Y,,A,01,0,0,1,0,1,0,0,0,0,"- ","- ",,,"SAN FRANCISCO","SAN FRANCISCO",-122.49449996,37.781569900000001
7035256,2014,2015-08-24,3801,2014-12-31,1725,4200,TARAV,3,5,7,3801,0,0,0,,0,3113D,"NORIEGA ST","45TH AV",0.00,,Y,A,-,N,,,,,,,,,,N,4,0,1,2,A,-,09,21801,A,N,B,C,A,A,H,-,B,A,0,,,,,Y,,A,01,0,0,1,0,0,0,0,0,0,"- ","- ",,,"SAN FRANCISCO","SAN FRANCISCO",-122.50433991,37.752999940000002
7035258,2014,2015-08-24,3801,2014-12-14,1432,000466,RICHM,7,5,7,3801,0,0,0,,0,,"ANZA ST","STANYAN ST",0.00,,Y,A,-,N,,,,,,,,,,N,4,0,1,2,A,-,09,21801,A,N,D,D,A,A,H,-,A,A,0,,,,,Y,,A,01,0,0,1,0,0,0,0,0,0,"- ","- ",,,"SAN FRANCISCO","SAN FRANCISCO",-122.45584993999999,37.779949979999998
7035272,2014,2015-08-24,3801,2014-12-21,2338,2330,TARAV,7,5,7,3801,0,0,0,,0,3116E,"LOUISBURG ST","MOUNT VERNON AV",0.00,,Y,A,-,N,,,,,,,,,,N,3,0,1,2,A,-,09,21802,A,N,D,D,A,A,H,-,C,A,0,,,,,Y,,A,01,0,1,0,0,0,0,0,0,0,"- ","- ",,,"SAN FRANCISCO","SAN FRANCISCO",-122.45082995999999,37.719339929999997
7035274,2014,2015-08-21,3801,2014-12-29,0825,000707,MISSI,1,5,7,3801,0,0,0,,0,901,"S VAN NESS AV","23RD ST",0.00,,Y,B,-,N,,,,,,,,,,N,2,0,1,2,A,-,09,21453,B,N,G,B,B,A,H,-,A,A,0,Y,,,,Y,,A,01,1,0,0,0,1,0,0,0,0,"- ","- ",,,"SAN FRANCISCO","SAN FRANCISCO",-122.41643992,37.753959969999997
7035283,2014,2015-08-24,3801,2014-12-17,1950,2450,SOUTH,3,5,7,3801,0,0,0,,0,3B2C,"MISSION ST","3RD ST",25.00,W,N,C,-,N,,,,,,,,,,N,4,0,1,2,A,-,04,21703,,N,C,C,A,B,G,-,C,A,0,,,,,Y,,A,01,0,0,1,0,0,0,0,0,0,"- ","- ",,,"SAN FRANCISCO","SAN FRANCISCO",-122.40206127,37.786221500000003
7035303,2014,2015-08-24,3801,2014-12-07,1223,2225,COA,7,5,7,3801,0,0,0,,0,3A3C,"JACKSON ST","HYDE ST",135.00,W,N,B,-,N,,,,,,,,,,Y,4,0,1,2,A,-,03,22350,,N,B,E,A,A,H,-,A,D,0,,,,,Y,,-,,0,0,1,0,0,0,0,0,0,"- ","- ",,,"SAN FRANCISCO","SAN FRANCISCO",-122.41857100999999,37.794499109999997
7035307,2014,2015-08-24,3801,2014-12-12,0755,1744,TARAV,5,5,7,3801,0,0,0,,0,3I3A,"QUINTARA ST","22ND AV",95.00,E,N,B,C,N,,,,,,,,,,N,4,0,1,3,A,-,05,21650,,N,G,B,D,B,H,-,A,D,0,Y,,,,Y,,-,,0,0,1,0,1,0,0,0,0,"- ","- ",,,"SAN FRANCISCO","SAN FRANCISCO",-122.47897199000001,37.748506679999998
7035309,2014,2015-08-21,3801,2014-12-19,0901,000251,RICHM,5,5,7,3801,0,0,0,,0,3G61,"BALBOA ST","18TH AV",0.00,,Y,B,C,N,,,,,,,,,,Y,4,0,1,2,A,-,12,22450,A,N,D,C,A,B,H,-,A,D,0,,,,,Y,,A,01,0,0,1,0,0,0,0,0,0,"- ","- ",,,"SAN FRANCISCO","SAN FRANCISCO",-122.47697988,37.776639899999999
7035330,2014,2015-08-21,3801,2014-12-21,0425,211,SOUTH,7,5,7,3801,0,0,0,,0,,"MISSION ST","6TH ST",195.00,E,N,C,-,N,,,,,,,,,,Y,4,0,2,3,A,-,03,22350,,N,A,E,A,B,H,-,C,D,0,,,,,Y,,A,01,0,0,2,0,0,0,0,0,0,"- ","- ",,,"SAN FRANCISCO","SAN FRANCISCO",-122.40821464,37.781360290000002
7035343,2014,2015-08-24,3801,2014-12-30,2203,001459,NORTH,2,5,7,3801,0,0,0,,0,3E12E,"PINE ST","OCTAVIA ST",400.00,E,N,A,-,N,,,,,,,,,,N,4,0,3,2,A,-,03,22350,,F,C,C,A,A,H,-,C,A,0,,,,,Y,,A,01,0,0,3,0,0,0,0,0,0,"- ","- ",,,"SAN FRANCISCO","SAN FRANCISCO",-122.42569304,37.78897508
7035355,2014,2015-08-24,3801,2014-12-29,1918,001614,MISSI,1,5,7,3801,0,0,0,,0,901,"VALENCIA ST","DUBOCE AV",24.00,S,N,A,-,N,,,,,,,,,,N,4,0,1,2,A,-,04,21703,,N,C,C,A,A,H,-,A,A,0,,,,,Y,,A,01,0,0,1,0,0,0,0,0,0,"- ","- ",,,"SAN FRANCISCO","SAN FRANCISCO",-122.42235442,37.769804219999997
7035357,2014,2016-02-29,3801,2014-12-08,2110,A20714,RICHM,1,5,7,3801,0,0,0,,0,3G4E,"FULTON ST","17TH AV",0.00,,Y,A,-,N,,,,,,,,,,Y,4,0,1,2,A,-,09,21802,A,N,B,C,A,A,H,-,C,A,0,,,Y,,Y,,A,01,0,0,1,0,0,0,0,0,1,"- ","- ",,,"SAN FRANCISCO","SAN FRANCISCO",-122.47562990999999,37.7729499
7035359,2014,2015-08-24,3801,2014-12-10,1715,1275,SOUTH,3,5,7,3801,0,0,0,,0,3B15D,"3RD ST","TOWNSEND ST",150.00,N,N,A,-,N,,,,,,,,,,N,4,0,1,2,A,-,04,21703,,N,C,C,A,A,H,-,C,D,0,,,,,Y,,A,01,0,0,1,0,0,0,0,0,0,"- ","- ",,,"SAN FRANCISCO","SAN FRANCISCO",-122.39311757999999,37.779150999999999
7035601,2015,2015-08-31,3801,2015-01-17,2030,408,SOUTH,6,5,7,3801,0,0,0,,0,3B00D,"MARKET ST","SANCHEZ ST",0.00,,Y,A,-,N,,,,,,,,,,N,4,0,1,2,A,-,17,21209,A,N,H,G,A,A,H,-,B,A,0,,Y,,,Y,,A,01,0,0,1,0,0,0,1,0,0,"- ","- ",,,"SAN FRANCISCO","SAN FRANCISCO",-122.43100990000001,37.765979909999999
7035607,2015,2015-08-28,3801,2015-01-18,2255,004274,RICHM,7,5,7,3801,0,0,0,,0,3G13E,"MARTIN LUTHER KING JR DR","CROSSOVER DR",0.00,,Y,A,-,N,,,,,,,,,,N,4,0,2,2,A,-,08,22107,,N,B,C,A,A,H,-,C,A,0,,,Y,,Y,,A,01,0,0,2,0,0,0,0,0,1,"- ","- ",,,"SAN FRANCISCO","SAN FRANCISCO",-122.47737995999999,37.766039999999997
7035640,2015,2015-08-28,3801,2015-01-18,0800,000289,NORTH,7,5,7,3801,0,0,0,,0,3E3A,"GEARY ST","VAN NESS AV",0.00,,Y,A,-,N,,,,,,,,,,N,3,0,1,2,A,-,10,21950,A,F,G,B,B,A,H,-,A,A,0,Y,,,,Y,,A,01,0,1,0,0,1,0,0,0,0,"- ","- ",,,"SAN FRANCISCO","SAN FRANCISCO",-122.42131987,37.785699940000001
7035717,2014,2015-08-28,3801,2014-11-09,1419,0251,RICHM,7,5,7,3801,0,0,0,,0,3G61,"ANAPOLIS TR","GOLDEN GATE AV",155.00,N,N,A,-,N,,,,,,,,,,Y,3,0,1,4,C,-,18,,,N,C,E,A,A,H,-,A,D,0,,,,,Y,,-,"- ",0,1,0,0,0,0,0,0,0,"- ","- ",,,"SAN FRANCISCO","SAN FRANCISCO",-122.44790227999999,37.777968000000001
7035719,2014,2015-08-29,3801,2014-11-04,1046,01839,MISSI,2,5,7,3801,0,0,0,,0,3D13A,"VALENCIA ST","21ST ST",0.00,,Y,A,-,N,,,,,,,,,,N,4,0,1,2,A,-,08,22100,B,N,B,G,A,A,H,-,A,A,0,,Y,,Y,Y,,F,26,0,0,1,0,0,0,1,0,0,"- ","- ",,,"SAN FRANCISCO","SAN FRANCISCO",-122.42109988999999,37.756909960000002
7035763,2014,2015-08-29,3801,2014-11-21,1504,1038,CENTR,5,5,7,3801,0,0,0,,0,3A44B,"STOCKTON ST","JACKSON ST",0.00,,Y,A,-,N,,,,,,,,,,N,4,0,1,2,A,-,07,21658,A,F,B,J,A,A,H,-,A,A,0,,,,,Y,,D,22,0,0,1,0,0,0,0,0,0,"- ","- ",,,"SAN FRANCISCO","SAN FRANCISCO",-122.40821999000001,37.795829900000001
7035764,2014,2015-08-29,3801,2014-11-12,2101,004356,SOUTH,3,5,7,3801,0,0,0,,0,3B12D,"5TH ST","HARRISON ST",0.00,,Y,A,-,N,,,,,,,,,,N,4,0,2,2,A,-,04,21703,,F,C,C,A,B,H,-,C,A,0,,,,,Y,,A,01,0,0,2,0,0,0,0,0,0,"- ","- ",,,"SAN FRANCISCO","SAN FRANCISCO",-122.40186989,37.779059920000002
7035774,2014,2015-08-29,3801,2014-11-20,2022,4265,SOUTH,4,5,7,3801,0,0,0,,0,3B5D,"MARKET ST","STOCKTON ST",0.00,,Y,C,-,N,,,,,,,,,,N,3,0,1,2,A,-,12,21453,A,N,B,G,A,B,G,-,C,A,0,,Y,,,Y,,L,04,0,1,0,0,0,0,1,0,0,"- ","- ",,,"SAN FRANCISCO","SAN FRANCISCO",-122.40588997,37.785699899999997
7035776,2014,2016-03-08,3801,2014-11-25,1157,2428,BAYVI,2,5,7,3801,0,0,0,,0,3C12A,"ALEMANY BL","BAY SHORE BL",0.00,,Y,A,-,N,,,,,,,,,,N,4,0,1,2,A,-,06,21755,,N,B,C,A,A,H,-,A,A,0,,,,Y,Y,,A,07,0,0,1,0,0,0,0,0,0,"- ","- ",,,"SAN FRANCISCO","SAN FRANCISCO",-122.40696,37.737999940000002
7035780,2014,2015-08-29,3801,2014-11-15,2036,01240,SOUTH,6,5,7,3801,0,0,0,,0,3B12D,"5TH ST","HOWARD ST",0.00,,Y,A,-,N,,,,,,,,,,N,3,0,1,2,D,-,00,,,N,G,B,G,A,H,-,C,A,0,Y,,,,Y,Y,-,"- ",0,1,0,0,1,0,0,0,0,"- ","- ",,,"SAN FRANCISCO","SAN FRANCISCO",-122.40492992999999,37.781509960000001
7035841,2014,2015-08-21,3801,2014-11-28,1600,00302,NORTH,5,5,7,3801,0,0,0,,0,3E14D,"CALIFORNIA ST","STEINER ST",33.00,E,N,A,-,N,,,,,,,,,,N,3,0,1,2,A,-,17,22517,,N,H,G,A,A,H,-,A,D,0,,Y,,,Y,,A,01,0,1,0,0,0,0,1,0,0,"- ","- ",,,"SAN FRANCISCO","SAN FRANCISCO",-122.43537705,37.788723529999999
7035846,2014,2015-08-21,3801,2014-11-13,1448,1518,INGLE,4,5,7,3801,0,0,0,,0,0H1,"FLORIDA ST","PRECITA AV",0.00,,Y,A,-,N,,,,,,,,,,N,4,0,1,2,A,-,09,21801,A,N,D,C,A,A,H,-,A,A,0,,,,,Y,,A,08,0,0,1,0,0,0,0,0,0,"- ","- ",,,"SAN FRANCISCO","SAN FRANCISCO",-122.40947996,37.747599889999996
7035856,2014,2016-06-24,3801,2014-11-01,0039,566,C,6,5,7,3801,0,0,0,,0,3C11E,"BAY SHORE BL","POTRERO AV",0.00,,Y,A,-,Y,SF,4,101,-,-,2.972,R,4,S,N,3,0,1,1,A,-,03,22350,,N,E,I,A,A,H,-,D,D,0,,Y,,,Y,Y,L,04,0,1,0,0,0,0,1,0,0,"- ","- ",,,"SAN FRANCISCO","SAN FRANCISCO",-122.40396557,37.748904690000003
7035871,2014,2015-08-21,3801,2014-11-18,1155,2334,SOUTH,2,5,7,3801,0,0,0,,0,,"HARRISON ST","MAIN ST",0.00,,Y,A,-,N,,,,,,,,,,Y,4,0,1,2,D,-,00,,,N,D,C,A,A,H,-,A,B,0,,,,,Y,,-,"- ",0,0,1,0,0,0,0,0,0,"- ","- ",,,"SAN FRANCISCO","SAN FRANCISCO",-122.39031995000001,37.788149900000001
7035892,2014,2015-08-24,3801,2014-11-23,1718,4137,TARAV,7,5,7,3801,0,0,0,,0,3I11,"LINCOLN WY","20TH AV",0.00,,Y,A,-,N,,,,,,,,,,N,4,0,1,2,A,-,10,21950,A,N,G,B,B,A,H,-,C,A,0,Y,,,,Y,,A,01,0,0,1,0,1,0,0,0,0,"- ","- ",,,"SAN FRANCISCO","SAN FRANCISCO",-122.47832993,37.765399889999998
7035893,2014,2015-08-24,3801,2014-11-24,0449,04301,NORTH,1,5,7,3801,0,0,0,,0,3E11E,"TURK ST","FILLMORE ST",140.00,W,N,A,-,N,,,,,,,,,,N,4,0,1,1,C,-,18,,,N,F,A,A,D,A,B,C,D,0,,,Y,,Y,,-,"- ",0,0,1,0,0,0,0,0,1,"- ","- ",,,"SAN FRANCISCO","SAN FRANCISCO",-122.43260949,37.780434450000001
7035900,2014,2015-08-24,3801,2014-11-28,0743,04282,NORTH,5,5,7,3801,0,0,0,,0,3CAR,"LARKIN ST","GEARY ST",0.00,,Y,B,-,N,,,,,,,,,,N,4,0,1,2,A,-,10,21950,A,N,G,B,D,B,H,-,A,A,0,Y,,,,Y,,A,01,0,0,1,0,1,0,0,0,0,"- ","- ",,,"SAN FRANCISCO","SAN FRANCISCO",-122.4181099,37.786109889999999
7035903,2014,2015-08-24,3801,2014-11-29,1509,01911,BAYVI,6,5,7,3801,0,0,0,,0,002,"BAYSHORE BL","SALINAS AV",23.00,S,N,A,-,N,,,,,,,,,,Y,4,0,1,2,A,-,08,22107,,N,D,C,A,A,H,-,A,A,0,,,,,Y,,A,01,0,0,1,0,0,0,0,0,0,"- ","- ",,,"SAN FRANCISCO","SAN FRANCISCO",-122.3998646,37.721430120000001
7035904,2014,2015-08-24,3801,2014-11-30,2120,01889,PARK,7,5,7,3801,0,0,0,,0,3F1E,"MARKET ST","CASTRO ST",0.00,,Y,C,-,N,,,,,,,,,,N,4,0,1,2,A,-,10,21950,A,N,G,B,B,B,H,-,C,A,0,Y,,,,Y,,A,01,0,0,1,0,1,0,0,0,0,"- ","- ",,,"SAN FRANCISCO","SAN FRANCISCO",-122.43516,37.762639970000002
7035915,2014,2015-08-21,3801,2014-11-10,2214,615,MISSI,1,5,7,3801,0,0,0,,0,3D14E,"MARKET ST","PORTOLA DR",0.00,,Y,A,-,N,,,,,,,,,,Y,4,0,3,2,A,-,09,21801,A,N,D,C,A,A,H,-,C,A,0,,,,,Y,,A,01,0,0,3,0,0,0,0,0,0,"- ","- ",,,"SAN FRANCISCO","SAN FRANCISCO",-122.44337992,37.750059950000001
7035925,2014,2015-08-24,3801,2014-11-02,1406,27,CENTR,7,5,7,3801,0,0,0,,0,3A2C,"PINE ST","BATTERY ST",0.00,,Y,-,-,N,,,,,,,,,,N,3,0,1,2,A,-,10,21950,A,N,G,B,B,A,H,-,A,A,0,Y,,,,Y,,A,08,0,1,0,0,1,0,0,0,0,"- ","- ",,,"SAN FRANCISCO","SAN FRANCISCO",-122.39976986000001,37.792259960000003
7035927,2014,2015-08-21,3801,2014-11-01,0147,71,RICHM,6,5,7,3801,0,0,0,,0,901,"21ST ST","CLEMENT ST",111.00,S,N,A,-,N,,,,,,,,,,Y,4,0,1,3,A,-,03,22350,,N,F,E,A,-,H,-,C,D,0,,,,,Y,,A,01,0,0,1,0,0,0,0,0,0,"- ","- ",,,"SAN FRANCISCO","SAN FRANCISCO",-122.48056797,37.781895570000003
7035928,2014,2015-08-21,3801,2014-11-01,1540,433,INGLE,6,5,7,3801,0,0,0,,0,3H12C,"SAN JOSE AV","LIGHTPOST #145",100.00,N,N,B,-,N,,,,,,,,,,N,3,0,1,2,A,-,03,22350,,F,C,G,A,A,H,-,A,D,0,,Y,,,Y,,A,08,0,1,0,0,0,0,1,0,0,"- ","- ",,,"SAN FRANCISCO","SAN FRANCISCO",,
7035931,2014,2016-06-24,3801,2014-11-02,0857,121,3E,7,5,7,3801,0,0,0,,0,0E3,"VAN NESS AV",PINE,0.00,,Y,A,-,Y,SF,4,101,-,-,5.870,I,5,N,Y,4,0,1,2,A,-,12,21453,A,N,D,C,A,A,H,-,A,A,0,,,,,Y,,-,,0,0,1,0,0,0,0,0,0,"- ","- ",,,"SAN FRANCISCO","SAN FRANCISCO",-122.42204783,37.78943769
7035934,2014,2015-08-21,3801,2014-11-16,1740,2476,,7,5,7,3801,0,0,0,,0,3E29,"FILLMORE ST","CHESTNUT ST",10.00,S,N,A,-,N,,,,,,,,,,N,4,0,1,2,D,-,00,,,N,C,C,A,A,H,-,C,A,0,,,,,Y,,-,"- ",0,0,1,0,0,0,0,0,0,"- ","- ",,,"SAN FRANCISCO","SAN FRANCISCO",-122.43623457,37.800802869999998