CASE_ID,ACCIDENT_YEAR,PROC_DATE,JURIS,COLLISION_DATE,COLLISION_TIME,OFFICER_ID,REPORTING_DISTRICT,DAY_OF_WEEK,CHP_SHIFT,POPULATION,CNTY_CITY_LOC,SPECIAL_COND,BEAT_TYPE,CHP_BEAT_TYPE,CITY_DIVISION_LAPD,CHP_BEAT_CLASS,BEAT_NUMBER,PRIMARY_RD,SECONDARY_RD,DISTANCE,DIRECTION,INTERSECTION,WEATHER_1,WEATHER_2,STATE_HWY_IND,CALTRANS_COUNTY,CALTRANS_DISTRICT,STATE_ROUTE,ROUTE_SUFFIX,POSTMILE_PREFIX,POSTMILE,LOCATION_TYPE,RAMP_INTERSECTION,SIDE_OF_HWY,TOW_AWAY,COLLISION_SEVERITY,NUMBER_KILLED,NUMBER_INJURED,PARTY_COUNT,PRIMARY_COLL_FACTOR,PCF_CODE_OF_VIOL,PCF_VIOL_CATEGORY,PCF_VIOLATION,PCF_VIOL_SUBSECTION,HIT_AND_RUN,TYPE_OF_COLLISION,MVIW,PED_ACTION,ROAD_SURFACE,ROAD_COND_1,ROAD_COND_2,LIGHTING,CONTROL_DEVICE,CHP_ROAD_TYPE,PEDESTRIAN_ACCIDENT,BICYCLE_ACCIDENT,MOTORCYCLE_ACCIDENT,TRUCK_ACCIDENT,NOT_PRIVATE_PROPERTY,ALCOHOL_INVOLVED,STWD_VEHTYPE_AT_FAULT,CHP_VEHTYPE_AT_FAULT,COUNT_SEVERE_INJ,COUNT_VISIBLE_INJ,COUNT_COMPLAINT_PAIN,COUNT_PED_KILLED,COUNT_PED_INJURED,COUNT_BICYCLIST_KILLED,COUNT_BICYCLIST_INJURED,COUNT_MC_KILLED,COUNT_MC_INJURED,PRIMARY_RAMP,SECONDARY_RAMP,LATITUDE,LONGITUDE,COUNTY,CITY,POINT_X,POINT_Y
7066591,2015,2015-09-21,3801,2015-01-10,2308,000382,CENTR,6,5,7,3801,0,0,0,,0,3A13E,"GEARY ST","LEAVENWORTH ST",180.00,E,N,A,-,N,,,,,,,,,,N,4,0,1,2,A,-,17,22517,,N,A,G,A,A,H,-,C,D,0,,Y,,,Y,,A,01,0,0,1,0,0,0,1,0,0,"- ","- ",,,"SAN FRANCISCO","SAN FRANCISCO",-122.41418505999999,37.786619600000002
7080508,2015,2015-10-06,3801,2015-01-30,1658,002223,TARAV,5,5,7,3801,0,0,0,,0,3I1D,"10TH AV","NORIEGA ST",0.00,,Y,A,-,N,,,,,,,,,,Y,3,0,1,2,A,-,09,21802,A,N,D,C,A,A,H,-,A,A,0,,,,,Y,,A,01,0,1,0,0,0,0,0,0,0,"- ","- ",,,"SAN FRANCISCO","SAN FRANCISCO",-122.46672993999999,37.754669989999996
7081409,2015,2016-07-25,3801,2015-09-02,0520,1096,SOUTH,3,5,7,3801,0,0,0,,0,001,"MISSION ST","MAIN ST",0.00,,Y,A,-,N,,,,,,,,,,N,4,0,1,2,A,-,08,22107,,N,G,B,B,A,H,-,C,A,0,Y,,,,Y,,I,10,0,0,1,0,1,0,0,0,0,"- ","- ",,,"SAN FRANCISCO","SAN FRANCISCO",-122.39496995,37.791859950000003
7081414,2015,2015-10-17,3801,2015-09-01,1311,1759,INGLE,2,5,7,3801,0,0,0,,0,3H16C,"SAN JOSE AV","RICE ST",0.00,,Y,A,-,N,,,,,,,,,,Y,4,0,3,3,A,-,09,21802,A,N,D,C,A,A,H,-,A,A,0,,,,,Y,,-,"- ",0,0,3,0,0,0,0,0,0,"- ","- ",,,"SAN FRANCISCO","SAN FRANCISCO",-122.4582599,37.708989930000001
7081688,2015,2016-01-13,3801,2015-09-10,1837,1561,,4,5,7,3801,0,0,0,,0,,"BRYANT ST","6TH ST",0.00,,Y,A,-,N,,,,,,,,,,Y,4,0,1,3,A,-,12,21453,A,N,B,C,A,A,H,-,A,A,0,,,,,Y,,A,01,0,0,1,0,0,0,0,0,0,"- ","- ",,,"SAN FRANCISCO","SAN FRANCISCO",-122.40249989,37.776059959999998
7082452,2015,2015-10-17,3801,2015-09-17,1257,2088,INGLE,4,5,7,3801,0,0,0,,0,3H74,"DOLORES ST","DAY ST",0.00,,Y,A,-,N,,,,,,,,,,Y,4,0,1,2,A,-,12,22450,A,F,D,C,A,-,A,H,A,A,0,,,,Y,Y,,A,01,0,0,1,0,0,0,0,0,0,"- ","- ",,,"SAN FRANCISCO","SAN FRANCISCO",-122.42440997,37.743049980000002
7082466,2015,2015-10-17,3801,2015-09-08,1435,917,RICHM,2,5,7,3801,0,0,0,,0,4B3F,"ARGUELLO BL","SACRAMENTO ST",12.00,S,N,A,-,N,,,,,,,,,,N,3,0,1,2,A,-,10,21950,A,N,G,B,B,A,H,-,A,A,0,Y,,,,Y,,A,01,0,1,0,0,1,0,0,0,0,"- ","- ",,,"SAN FRANCISCO","SAN FRANCISCO",-122.45926827,37.786587060000002
7089766,2015,2015-10-10,3801,2015-09-17,1236,1597,NORTH,4,5,7,3801,0,0,0,,0,3E14C,"LAGUNA ST","CHESTNUT ST",0.00,,Y,A,-,N,,,,,,,,,,N,4,0,1,2,A,-,03,22350,,N,C,C,A,A,H,-,A,A,0,,,Y,,Y,,A,01,0,0,1,0,0,0,0,0,1,"- ","- ",,,"SAN FRANCISCO","SAN FRANCISCO",-122.43129992999999,37.801439999999999
7089780,2015,2015-10-10,3801,2015-09-27,1827,2135,RICHM,7,5,7,3801,0,0,0,,0,3G13D,"CALIFORNIA ST","3RD ST",0.00,E,N,A,-,N,,,,,,,,,,N,2,0,1,2,A,-,10,21950,A,N,G,B,B,A,H,-,A,A,0,Y,,,,Y,,A,01,1,0,0,0,1,0,0,0,0,"- ","- ",,,"SAN FRANCISCO","SAN FRANCISCO",-122.46136997000001,37.785389889999998
7089795,2015,2015-10-10,3801,2015-09-13,1144,1316,TENDE,7,5,7,3801,0,0,0,,0,3J52C,"MARKET ST","5TH ST",6.00,W,N,A,-,N,,,,,,,,,,N,4,0,2,2,A,-,11,21456,B,N,G,B,B,A,H,-,A,A,0,Y,Y,,,Y,,N,60,0,0,2,0,1,0,1,0,0,"- ","- ",,,"SAN FRANCISCO","SAN FRANCISCO",-122.40807454,37.783988229999999
7089798,2015,2015-10-10,3801,2015-09-26,1541,2308,MISSI,6,5,7,3801,0,0,0,,0,3D74,"SAN BRUNO AV","24TH ST",0.00,,Y,A,-,N,,,,,,,,,,Y,4,0,3,6,A,-,12,22450,A,F,C,E,A,A,H,-,A,D,0,,,,,Y,,A,01,0,0,3,0,0,0,0,0,0,"- ","- ",,,"SAN FRANCISCO","SAN FRANCISCO",-122.40435995,37.753129899999998
7089799,2015,2015-10-10,3801,2015-09-03,1848,1420,TARAV,4,5,7,3801,0,0,0,,0,4B3A,"WINSTON DR","20TH AV",12.00,W,N,A,-,N,,,,,,,,,,N,4,0,5,6,A,-,03,22350,,N,G,B,F,A,H,-,A,A,0,Y,,,,Y,,A,01,0,0,5,0,5,0,0,0,0,"- ","- ",,,"SAN FRANCISCO","SAN FRANCISCO",-122.47606145,37.726951700000001
7089800,2015,2017-01-11,3801,2015-09-25,2240,1574,NORTH,5,5,7,3801,0,0,0,,0,3E13E,"VAN NESS AV","BUSH ST",0.00,,Y,A,-,Y,SF,4,101,-,-,5.800,I,5,S,N,4,0,2,2,A,-,11,21453,D,N,G,B,B,A,H,-,C,A,0,Y,,Y,,Y,,N,60,0,0,2,0,1,0,0,0,1,"- ","- ",,,"SAN FRANCISCO","SAN FRANCISCO",-122.42206281,37.788482389999999
7089817,2015,2015-10-16,3801,2015-09-23,1126,1161,INGLE,3,5,7,3801,0,0,0,,0,,"SAN JOSE AV","RANDALL ST",0.00,,Y,A,-,N,,,,,,,,,,N,3,0,1,2,A,-,10,21950,A,N,G,B,B,A,H,-,A,A,0,Y,,,,Y,,A,01,0,1,0,0,1,0,0,0,0,"- ","- ",,,"SAN FRANCISCO","SAN FRANCISCO",-122.42425994,37.73985991
7089830,2015,2015-10-10,3801,2015-09-03,2034,1518,MISSI,4,5,7,3801,0,0,0,,0,006,"S VAN NESS AV","16TH ST",0.00,,Y,A,-,N,,,,,,,,,,N,3,0,1,2,A,-,17,21200,,N,A,G,A,A,H,-,C,A,0,,Y,,,Y,,L,04,0,1,0,0,0,0,1,0,0,"- ","- ",,,"SAN FRANCISCO","SAN FRANCISCO",-122.41748986,37.765179910000001
7089837,2015,2015-10-10,3801,2015-09-24,1854,1729,BAYVI,4,5,7,3801,0,0,0,,0,,"JAMESTOWN AV","3RD ST",0.00,,Y,A,-,N,,,,,,,,,,Y,2,0,1,2,A,-,05,21650,,F,A,C,A,A,H,-,C,A,0,,,,,Y,,A,01,1,0,0,0,0,0,0,0,0,"- ","- ",,,"SAN FRANCISCO","SAN FRANCISCO",-122.39670991,37.720259919999997
7091423,2015,2015-10-20,3801,2015-09-08,1808,001994,SOUTH,2,5,7,3801,0,0,0,,0,4B4B,"FOLSOM ST","3RD ST",0.00,,Y,A,-,N,,,,,,,,,,Y,4,0,1,2,A,-,09,21806,A,N,D,C,A,A,H,-,A,A,0,,,Y,,Y,Y,C,02,0,0,1,0,0,0,0,0,1,"- ","- ",,,"SAN FRANCISCO","SAN FRANCISCO",-122.39895997000001,37.783779989999999
7094291,2015,2016-01-29,3801,2015-12-01,0846,004036,BAYVI,2,5,7,3801,0,0,0,,0,4B6C,"SILVER AV","GERARD ST",24.00,E,N,A,-,N,,,,,,,,,,Y,4,0,3,6,C,-,18,,,N,C,C,A,A,H,-,A,D,0,,,,Y,Y,,-,"- ",0,0,3,0,0,0,0,0,0,"- ","- ",,,"SAN FRANCISCO","SAN FRANCISCO",-122.40652274999999,37.732164140000002
7100001,2015,2015-10-12,3801,2015-09-08,1650,001837,BAYVI,2,5,7,3801,0,0,0,,0,3C13D,"NEWHALL ST","NEWCOMB AV",0.00,,Y,A,-,N,,,,,,,,,,N,4,0,1,2,A,-,12,22450,A,F,B,C,A,A,H,-,A,D,0,,,,,Y,,A,01,0,0,1,0,0,0,0,0,0,"- ","- ",,,"SAN FRANCISCO","SAN FRANCISCO",-122.39165996,37.736269919999998
7100003,2015,2015-10-12,3801,2015-09-12,0006,A11408,3A13E,6,5,7,3801,0,0,0,,0,CENTRA,"BROADWAY ST","MONTGOMERY ST",0.00,,Y,A,-,N,,,,,,,,,,N,3,0,1,2,A,-,09,21801,A,N,D,C,A,A,H,-,C,A,0,,,Y,,Y,,A,01,0,1,0,0,0,0,0,0,1,"- ","- ",,,"SAN FRANCISCO","SAN FRANCISCO",-122.40383998999999,37.798239889999998
7100009,2015,2015-10-12,3801,2015-09-08,1500,1400,MISSI,2,5,7,3801,0,0,0,,0,3D15C,"MISSION ST","19TH ST",13.00,S,N,A,-,N,,,,,,,,,,N,3,0,1,2,A,-,06,21755,,N,D,G,A,A,H,-,A,A,0,,Y,,,Y,,L,04,0,1,0,0,0,0,1,0,0,"- ","- ",,,"SAN FRANCISCO","SAN FRANCISCO",-122.4192159,37.760184440000003
7100010,2015,2015-10-12,3801,2015-09-05,0950,1530,CENTR,6,5,7,3801,0,0,0,,0,3A12A,"GRANT ST","SUTTER ST",0.00,,Y,A,-,N,,,,,,,,,,N,4,0,1,2,A,-,10,21950,A,N,G,B,B,A,H,-,A,A,0,Y,,,,Y,,A,01,0,0,1,0,1,0,0,0,0,"- ","- ",,,"SAN FRANCISCO","SAN FRANCISCO",-122.40538989,37.789639919999999
7100016,2015,2015-10-12,3801,2015-09-08,1154,001359,COH,2,5,7,3801,0,0,0,,0,3H90,"BOSWORTH ST","DIAMOND ST",4.00,E,N,A,-,N,,,,,,,,,,N,4,0,1,2,A,-,11,21453,D,N,G,B,B,A,H,-,A,A,0,Y,,,,Y,,N,60,0,0,1,0,1,0,0,0,0,"- ","- ",,,"SAN FRANCISCO","SAN FRANCISCO",-122.43411651,37.73355755
7100018,2015,2015-10-12,3801,2015-09-06,0243,1192,SOUTH,7,5,7,3801,0,0,0,,0,2CAR,"3RD ST","HARRISON ST",0.00,,Y,A,-,N,,,,,,,,,,Y,4,0,3,3,A,-,12,21453,A,N,D,C,A,A,H,-,C,A,0,,,,,Y,Y,A,01,0,0,3,0,0,0,0,0,0,"- ","- ",,,"SAN FRANCISCO","SAN FRANCISCO",-122.39738991999999,37.78254991
7100022,2015,2015-10-12,3801,2015-09-06,1930,000751,CENTR,7,5,7,3801,0,0,0,,0,3A13D,"JONES ST","BAY ST",15.00,N,N,A,-,N,,,,,,,,,,N,4,0,1,2,A,-,11,21955,,N,G,B,D,A,H,-,C,A,0,Y,,,,Y,,N,60,0,0,1,0,1,0,0,0,0,"- ","- ",,,"SAN FRANCISCO","SAN FRANCISCO",-122.41690776,37.805260740000001
7100024,2015,2015-10-12,3801,2015-09-09,1928,1747,INGLE,3,5,7,3801,0,0,0,,0,3H15D,"LANSDALE AV","CASITAS AV",150.00,N,N,A,-,N,,,,,,,,,,N,3,0,1,2,A,-,03,22350,,N,A,C,A,A,H,-,A,D,0,,,,,Y,,A,01,0,1,0,0,0,0,0,0,0,"- ","- ",,,"SAN FRANCISCO","SAN FRANCISCO",-122.46059785999999,37.738217859999999
7100027,2015,2015-10-12,3801,2015-09-11,1300,1572,,5,5,7,3801,0,0,0,,0,,"HARRISON ST","ESSEX ST",0.00,,Y,A,-,N,,,,,,,,,,Y,2,0,1,2,A,-,08,22101,D,N,B,C,A,A,H,-,A,A,0,,,Y,,Y,,A,01,1,0,0,0,0,0,0,0,1,"- ","- ",,,"SAN FRANCISCO","SAN FRANCISCO",-122.39405988,37.785209909999999
7100033,2015,2015-10-12,3801,2015-09-03,0726,1398,NORTH,4,5,7,3801,0,0,0,,0,4B5E,"PACIFIC AV","PIERCE ST",0.00,,Y,A,-,N,,,,,,,,,,N,3,0,1,2,A,-,10,21950,A,N,G,B,B,A,H,-,A,A,0,Y,,,,Y,,I,11,0,1,0,0,1,0,0,0,0,"- ","- ",,,"SAN FRANCISCO","SAN FRANCISCO",-122.43800989,37.792929909999998
7100035,2015,2015-10-12,3801,2015-09-11,0225,1630,SOUTH,5,5,7,3801,0,0,0,,0,3B90,"GOUGH ST","LILY ST",0.00,,Y,A,-,N,,,,,,,,,,N,3,0,1,2,A,-,10,21950,A,F,G,B,B,A,H,-,C,D,0,Y,,,,Y,Y,A,01,0,1,0,0,1,0,0,0,0,"- ","- ",,,"SAN FRANCISCO","SAN FRANCISCO",-122.42249999000001,37.774539920000002
7100041,2015,2015-10-09,3801,2015-09-19,1645,004291,TARAV,6,5,7,3801,0,0,0,,0,3I11D,"KIRKHAM ST","20TH AV",43.00,E,N,A,-,N,,,,,,,,,,Y,3,0,1,2,A,-,03,22350,,F,B,B,A,A,H,-,A,A,0,,,,,Y,,-,,0,1,0,0,0,0,0,0,0,"- ","- ",,,"SAN FRANCISCO","SAN FRANCISCO",-122.47780136,37.759795310000001
7100044,2015,2015-10-09,3801,2015-09-13,0209,002173,MISSI,7,5,7,3801,0,0,0,,0,3D16A,"SOUTH VAN NESS AV","20TH ST",0.00,,Y,F,-,N,,,,,,,,,,N,3,0,1,2,A,-,01,23152,A,N,H,-,A,-,G,-,-,D,0,,Y,,,Y,Y,L,04,0,1,0,0,0,0,1,0,0,"- ","- ",,,"SAN FRANCISCO","SAN FRANCISCO",-122.41690989999999,37.758759910000002
7100047,2015,2015-10-16,3801,2015-09-22,0823,2060,3BSOU,2,5,7,3801,0,0,0,,0,03X,"6TH ST","FOLSOM ST",0.00,,Y,A,-,N,,,,,,,,,,N,4,0,1,2,A,-,12,21453,A,N,D,G,A,A,-,-,A,A,0,,Y,,,Y,,A,01,0,0,1,0,0,0,1,0,0,"- ","- ",,,"SAN FRANCISCO","SAN FRANCISCO",-122.40559986,37.778500000000001
7100055,2015,2015-10-09,3801,2015-09-21,1339,1950,MISSI,1,5,7,3801,0,0,0,,0,3D11A,"MARKET ST","CHURCH ST",297.00,W,N,A,-,N,,,,,,,,,,N,4,0,1,2,A,-,03,22350,,N,C,G,A,A,H,-,A,D,0,,Y,,,Y,,L,04,0,0,1,0,0,0,1,0,0,"- ","- ",,,"SAN FRANCISCO","SAN FRANCISCO",-122.42965559,37.767024329999998
7100060,2015,2015-10-09,3801,2015-09-03,0927,004119,BAYVI,4,5,7,3801,0,0,0,,0,4B5C,"20TH ST","PENNSYLVANIA ST",22.00,E,N,A,-,N,,,,,,,,,,N,4,0,1,2,A,-,10,21950,A,N,G,B,B,A,H,-,A,D,0,Y,,,,Y,,A,01,0,0,1,0,1,0,0,0,0,"- ","- ",,,"SAN FRANCISCO","SAN FRANCISCO",-122.39329395,37.760212670000001
7100066,2015,2015-10-09,3801,2015-09-22,0239,000315,SOUTH,2,5,7,3801,0,0,0,,0,1CAR,"BRANNAN ST","2ND ST",0.00,,Y,A,-,N,,,,,,,,,,Y,4,0,1,1,A,-,00,23123,5,N,A,I,A,A,H,-,C,A,0,,,,,Y,,A,01,0,0,1,0,0,0,0,0,0,"- ","- ",,,"SAN FRANCISCO","SAN FRANCISCO",-122.39205999000001,37.781839949999998
7100077,2015,2015-10-09,3801,2015-09-18,1826,0439,CENTR,5,5,7,3801,0,0,0,,0,3A15D,"KEARNY ST","GEARY ST",1.00,W,N,A,-,N,,,,,,,,,,Y,3,0,1,1,A,-,03,22350,,N,H,J,A,A,H,-,A,A,0,,,Y,,Y,,C,02,0,1,0,0,0,0,0,0,1,"- ","- ",,,"SAN FRANCISCO","SAN FRANCISCO",-122.40351036,37.787952730000001
7100080,2015,2015-10-09,3801,2015-09-10,2130,71,SOUTH,4,5,7,3801,0,0,0,,0,4CAR,"11TH ST","HARRISON ST",0.00,,Y,A,-,N,,,,,,,,,,N,4,0,1,2,A,-,08,22107,,N,B,G,A,A,H,-,C,D,0,,Y,,,Y,,A,01,0,0,1,0,0,0,1,0,0,"- ","- ",,,"SAN FRANCISCO","SAN FRANCISCO",-122.41246993,37.770629909999997
7100249,2015,2015-10-12,3801,2015-09-04,1747,1784,MISSI,5,5,7,3801,0,0,0,,0,006,"MARIPOSA ST","BRYANT ST",0.00,,Y,A,-,N,,,,,,,,,,,4,0,1,2,A,-,12,22450,A,N,D,G,A,A,H,-,A,D,0,,Y,,,Y,,L,04,0,0,1,0,0,0,1,0,0,"- ","- ",,,"SAN FRANCISCO","SAN FRANCISCO",-122.41026994000001,37.763019970000002
7100258,2015,2015-10-12,3801,2015-09-23,1324,2260,NORTH,3,5,7,3801,0,0,0,,0,2CAR,"EDDY ST","BUCHANAN ST",25.00,W,N,A,-,N,,,,,,,,,,Y,4,0,1,2,A,-,01,23152,A,N,D,E,A,A,H,-,A,D,0,,,,,Y,,A,01,0,0,1,0,0,0,0,0,0,"- ","- ",,,"SAN FRANCISCO","SAN FRANCISCO",-122.42911531999999,37.78182855
7100286,2015,2015-10-08,3801,2015-09-20,1818,244,NORTH,7,5,7,3801,0,0,0,,0,3E11C,"VAN NESS AV","BAY ST",0.00,,Y,A,-,N,,,,,,,,,,N,2,0,1,2,A,-,09,21801,A,N,A,C,A,A,H,-,A,A,0,,,Y,,Y,,A,01,1,0,0,0,0,0,0,0,1,"- ","- ",,,"SAN FRANCISCO","SAN FRANCISCO",-122.42514998999999,37.804129930000002
7100292,2015,2015-10-09,3801,2015-09-10,1211,1547,INGLE,4,5,7,3801,0,0,0,,0,3H15A,"ALEMANY BL","MOUNT VERNON AV",0.00,,Y,A,-,N,,,,,,,,,,Y,4,0,2,2,A,-,12,21453,A,N,D,C,A,A,H,-,A,A,0,,,,,Y,,A,,0,0,2,0,0,0,0,0,0,"- ","- ",,,"SAN FRANCISCO","SAN FRANCISCO",-122.44459999,37.716099980000003
7100297,2015,2015-10-08,3801,2015-09-22,0920,1054,RICHM,2,5,7,3801,0,0,0,,0,002,"ARGUELLO BL","MCAUISTER ST",0.00,,Y,B,-,N,,,,,,,,,,N,3,0,1,2,A,-,09,21801,A,N,B,G,A,A,H,-,A,D,0,,Y,,,Y,,-,,0,1,0,0,0,0,1,0,0,"- ","- ",,,"SAN FRANCISCO","SAN FRANCISCO",-122.45844150000001,37.775241000000001
7100303,2015,2015-10-08,3801,2015-09-20,1540,2454,MISSI,7,5,7,3801,0,0,0,,0,3D45C,"17TH ST","S VAN NESS AV",100.00,S,N,A,-,N,,,,,,,,,,N,3,0,1,2,A,-,00,22157,,N,E,G,A,A,H,-,A,A,0,,Y,,,Y,,A,01,0,1,0,0,0,0,1,0,0,"- ","- ",,,"SAN FRANCISCO","SAN FRANCISCO",-122.41734,37.763559999999998
7100311,2015,2015-10-08,3801,2015-09-19,1839,001179,SOUTH,6,5,7,3801,0,0,0,,0,3B12D,"5TH ST","BRYANT ST",0.00,,Y,A,-,N,,,,,,,,,,N,4,0,2,2,A,-,03,22350,,F,C,C,A,A,H,-,A,D,0,,,,,Y,,-,,0,0,2,0,0,0,0,0,0,"- ","- ",,,"SAN FRANCISCO","SAN FRANCISCO",-122.40028995999999,37.777799989999998
7100726,2014,2015-12-16,3801,2014-01-21,1715,000251,,2,5,7,3801,0,0,0,,0,4C3,"CALIFORNIA ST","WALNUT ST",0.00,,Y,A,-,N,,,,,,,,,,N,4,0,1,2,A,-,09,21801,A,N,A,C,A,A,H,-,A,A,0,,,Y,,Y,,A,07,0,0,1,0,0,0,0,0,1,"- ","- ",,,"SAN FRANCISCO","SAN FRANCISCO",-122.44847987999999,37.787059990000003
7100733,2014,2015-12-16,3801,2014-01-05,1355,004369,,7,5,7,3801,0,0,0,,0,3D15C,"HARRISON ST","HARRISON ST 1717",0.00,,-,A,-,N,,,,,,,,,,N,4,0,1,2,A,-,21,22106,,N,G,B,C,A,H,-,A,D,0,Y,,,,Y,,A,07,0,0,1,0,1,0,0,0,0,"- ","- ",,,"SAN FRANCISCO","SAN FRANCISCO",-122.413432,37.768525250000003
7100737,2014,2016-01-04,3801,2014-01-10,1649,1695,,5,5,7,3801,0,0,0,,0,3B14D,"MISSION ST","3RD ST",20.00,E,N,A,-,N,,,,,,,,,,Y,4,0,1,2,A,-,01,23152,A,N,C,G,A,A,H,-,A,A,0,,Y,,,Y,,A,01,0,0,1,0,0,0,1,0,0,"- ","- ",,,"SAN FRANCISCO","SAN FRANCISCO",-122.40194988,37.786307899999997
7100750,2014,2015-12-16,3801,2014-01-11,1723,4084,,6,5,7,3801,0,0,0,,0,901,PACHECO,CASTENADA,20.00,N,N,B,-,N,,,,,,,,,,N,3,0,1,2,A,-,10,21950,A,N,B,B,B,B,H,-,B,A,0,Y,,,,Y,,A,01,0,1,0,0,1,0,0,0,0,"- ","- ",,,"SAN FRANCISCO","SAN FRANCISCO",-122.46239091,37.747834310000002
7100764,2014,2015-12-16,3801,2014-03-10,1759,4084,TARAV,1,5,7,3801,0,0,0,,0,,"TARAVAL ST","20TH AV",0.00,,Y,A,-,N,,,,,,,,,,N,4,0,1,2,A,-,08,22100,B,N,B,G,A,A,H,-,A,A,0,,Y,,,Y,,L,04,0,0,1,0,0,0,1,0,0,"- ","- ",,,"SAN FRANCISCO","SAN FRANCISCO",-122.47677989,37.742989999999999
7100771,2014,2016-03-14,3801,2014-03-11,1340,002135,INGLE,2,5,7,3801,0,0,0,,0,3H16C,"JOHN F SHELLEY DR","MANSELL ST",1347.00,N,N,A,-,N,,,,,,,,,,Y,3,0,2,2,A,-,03,22350,,N,C,E,A,A,H,-,A,D,0,,,,,Y,,A,01,0,1,1,0,0,0,0,0,0,"- ","- ",,,"SAN FRANCISCO","SAN FRANCISCO",-122.42224245,37.720341990000001
7100772,2014,2015-12-16,3801,2014-03-10,0655,002495,MISSI,1,5,7,3801,0,0,0,,0,3CAR,"S VAN NESS AV","20TH ST",0.00,,Y,A,-,N,,,,,,,,,,Y,4,0,1,2,A,-,08,22107,,N,D,C,A,B,H,-,B,A,0,,,,,Y,,A,07,0,0,1,0,0,0,0,0,0,"- ","- ",,,"SAN FRANCISCO","SAN FRANCISCO",-122.41690989999999,37.758759910000002
7100779,2014,2015-12-16,3801,2014-03-14,0932,132,RICHM,5,5,7,3801,0,0,0,,0,4K5G,"CALIFORNIA ST","LAUREL ST",150.00,W,N,A,-,N,,,,,,,,,,Y,2,0,1,3,A,-,"- ",,,N,B,C,A,A,H,-,A,D,0,,,Y,,Y,,C,02,1,0,0,0,0,0,0,0,1,"- ","- ",,,"SAN FRANCISCO","SAN FRANCISCO",-122.45065077,37.786755919999997
7100785,2014,2015-12-16,3801,2014-12-27,1418,2293,3B14C,6,5,7,3801,0,0,0,,0,,"FOLSOM ST","9TH ST",0.00,,Y,A,-,N,,,,,,,,,,N,4,0,1,2,A,-,10,21950,A,N,G,B,B,A,H,-,A,A,0,Y,,,,Y,,-,,0,0,1,0,1,0,0,0,0,"- ","- ",,,"SAN FRANCISCO","SAN FRANCISCO",-122.41160992,37.773769889999997
7100805,2014,2015-12-17,3801,2014-04-20,1104,1043,SOUTH,7,5,7,3801,0,0,0,,0,4B1H,"MARKET ST","LARKIN ST",78.00,E,N,B,-,N,,,,,,,,,,Y,3,0,3,2,A,-,03,22350,,N,C,C,A,A,H,-,A,A,0,,,,,Y,,A,01,0,1,2,0,0,0,0,0,0,"- ","- ",,,"SAN FRANCISCO","SAN FRANCISCO",-122.41613859,37.777651110000001
7100828,2014,2015-12-16,3801,2014-05-01,1510,665,,4,5,7,3801,0,0,0,,0,4K3F,"ANZA ST","2ND AV",65.00,W,N,A,-,N,,,,,,,,,,Y,3,0,1,3,A,-,08,22107,,N,F,E,A,A,H,-,A,D,0,,,,,Y,,A,07,0,1,0,0,0,0,0,0,0,"- ","- ",,,"SAN FRANCISCO","SAN FRANCISCO",-122.46010472,37.779261439999999
7100838,2014,2015-12-17,3801,2014-04-26,0256,2386,INGLE,6,5,7,3801,0,0,0,,0,3H15E,"ALEMANY BL","ELLSWORTH ST",1050.00,W,N,A,-,N,,,,,,,,,,Y,4,0,1,2,A,-,03,22350,,N,C,C,A,A,H,-,C,D,0,,,,,Y,Y,A,07,0,0,1,0,0,0,0,0,0,"- ","- ",,,"SAN FRANCISCO","SAN FRANCISCO",-122.42260027,37.731852670000002
7100845,2014,2015-12-17,3801,2014-04-16,0717,1882,RICHM,3,5,7,3801,0,0,0,,0,3G60,"CALIFORNIA ST","11TH AV",0.00,,Y,A,-,N,,,,,,,,,,N,4,0,1,2,A,-,10,21950,A,N,G,B,B,A,H,-,A,D,0,Y,,,,Y,,A,01,0,0,1,0,1,0,0,0,0,"- ","- ",,,"SAN FRANCISCO","SAN FRANCISCO",-122.46990999,37.784569959999999
7100853,2014,2015-12-16,3801,2014-04-14,2029,3818,INGLE,1,5,7,3801,0,0,0,,0,3H13D,"RUSSIA AV","MADRID AV",0.00,,Y,A,-,N,,,,,,,,,,Y,4,0,1,2,A,-,01,23152,A,N,A,C,A,A,H,-,C,D,0,,,,,Y,Y,A,01,0,0,1,0,0,0,0,0,0,"- ","- ",,,"SAN FRANCISCO","SAN FRANCISCO",-122.43396996,37.720069950000003
7100855,2014,2015-12-17,3801,2014-03-25,1357,000251,RICHM,2,5,7,3801,0,0,0,,0,3G61,"CALIFORNIA AV","PALM ST",0.00,,Y,A,-,N,,,,,,,,,,Y,4,0,1,2,A,-,07,21658,A,N,B,A,A,A,H,-,A,D,0,,,,,Y,,A,01,0,0,1,0,0,0,0,0,0,"- ","- ",,,"SAN FRANCISCO","SAN FRANCISCO",-122.45806985999999,37.785819940000003
7100860,2014,2015-12-17,3801,2014-04-17,0936,4082,TARAV,4,5,7,3801,0,0,0,,0,3I5,HOLLOWAY,"19TH AV",40.00,W,N,-,-,N,,,,,,,,,,N,4,0,1,3,A,-,03,22350,,N,C,C,A,-,-,-,A,A,0,,,,,Y,,A,01,0,0,1,0,0,0,0,0,0,"- ","- ",,,"SAN FRANCISCO","SAN FRANCISCO",-122.47548707999999,37.720891459999997
7100862,2014,2015-12-16,3801,2014-04-09,1407,646,SOUTH,3,5,7,3801,0,0,0,,0,3B61,"3RD ST","MINNA ST",154.00,S,N,A,-,N,,,,,,,,,,N,3,0,1,2,A,-,17,22517,,N,B,G,A,A,H,-,A,D,0,,Y,,,Y,,A,01,0,1,0,0,0,0,1,0,0,"- ","- ",,,"SAN FRANCISCO","SAN FRANCISCO",-122.40111039999999,37.78553514