CASE_ID,ACCIDENT_YEAR,PROC_DATE,JURIS,COLLISION_DATE,COLLISION_TIME,OFFICER_ID,REPORTING_DISTRICT,DAY_OF_WEEK,CHP_SHIFT,POPULATION,CNTY_CITY_LOC,SPECIAL_COND,BEAT_TYPE,CHP_BEAT_TYPE,CITY_DIVISION_LAPD,CHP_BEAT_CLASS,BEAT_NUMBER,PRIMARY_RD,SECONDARY_RD,DISTANCE,DIRECTION,INTERSECTION,WEATHER_1,WEATHER_2,STATE_HWY_IND,CALTRANS_COUNTY,CALTRANS_DISTRICT,STATE_ROUTE,ROUTE_SUFFIX,POSTMILE_PREFIX,POSTMILE,LOCATION_TYPE,RAMP_INTERSECTION,SIDE_OF_HWY,TOW_AWAY,COLLISION_SEVERITY,NUMBER_KILLED,NUMBER_INJURED,PARTY_COUNT,PRIMARY_COLL_FACTOR,PCF_CODE_OF_VIOL,PCF_VIOL_CATEGORY,PCF_VIOLATION,PCF_VIOL_SUBSECTION,HIT_AND_RUN,TYPE_OF_COLLISION,MVIW,PED_ACTION,ROAD_SURFACE,ROAD_COND_1,ROAD_COND_2,LIGHTING,CONTROL_DEVICE,CHP_ROAD_TYPE,PEDESTRIAN_ACCIDENT,BICYCLE_ACCIDENT,MOTORCYCLE_ACCIDENT,TRUCK_ACCIDENT,NOT_PRIVATE_PROPERTY,ALCOHOL_INVOLVED,STWD_VEHTYPE_AT_FAULT,CHP_VEHTYPE_AT_FAULT,COUNT_SEVERE_INJ,COUNT_VISIBLE_INJ,COUNT_COMPLAINT_PAIN,COUNT_PED_KILLED,COUNT_PED_INJURED,COUNT_BICYCLIST_KILLED,COUNT_BICYCLIST_INJURED,COUNT_MC_KILLED,COUNT_MC_INJURED,PRIMARY_RAMP,SECONDARY_RAMP,LATITUDE,LONGITUDE,COUNTY,CITY,POINT_X,POINT_Y
7202166,2016,2016-03-08,3801,2016-02-12,2303,2008,MISSI,5,5,7,3801,0,0,0,,0,3D14E,"23RD ST","HARRISON ST",0.00,,Y,A,-,N,,,,,,,,,,N,4,0,1,2,D,-,00,,,N,D,G,A,A,H,-,C,A,0,,Y,,,Y,,-,"- ",0,0,1,0,0,0,1,0,0,"- ","- ",,,"SAN FRANCISCO","SAN FRANCISCO",-122.41209986,37.754239910000003
7202178,2016,2017-02-09,3801,2016-02-11,2250,004282,NORTH,4,5,7,3801,0,0,0,,0,2250,"LOMBARD ST","BUCHANAN ST",0.00,,Y,A,-,Y,SF,4,101,-,-,7.156,I,5,N,N,3,0,1,2,A,-,09,21801,A,N,-,A,A,A,H,-,C,A,0,,,Y,,Y,,A,01,0,1,0,0,0,0,0,0,1,"- ","- ",,,"SAN FRANCISCO","SAN FRANCISCO",-122.43279929000001,37.800325770000001
7202181,2016,2016-03-08,3801,2016-02-12,1129,000970,INGLE,5,5,7,3801,0,0,0,,0,3H13C,"OCEAN AV","PHELAN AV",100.00,E,N,A,-,N,,,,,,,,,,Y,4,0,1,5,A,-,03,22350,,N,C,C,A,A,H,-,A,A,0,,,,,Y,,A,01,0,0,1,0,0,0,0,0,0,"- ","- ",,,"SAN FRANCISCO","SAN FRANCISCO",-122.45199572,37.723001160000003
7202215,2016,2016-03-07,3801,2016-02-18,1248,001459,NORTH,4,5,7,3801,0,0,0,,0,3E13C,"GEARY BL","LAGUNA ST",0.00,,Y,A,-,N,,,,,,,,,,N,4,0,1,2,A,-,10,21950,A,N,G,B,B,A,H,-,A,A,0,Y,,,,Y,,A,01,0,0,1,0,1,0,0,0,0,"- ","- ",,,"SAN FRANCISCO","SAN FRANCISCO",-122.42799999,37.785039920000003
7202226,2016,2016-03-07,3801,2016-02-12,1639,282,CENTR,5,5,7,3801,0,0,0,,0,3A46B,"BUSH ST","BUSH ST 466",0.00,,N,A,-,N,,,,,,,,,,N,3,0,1,2,A,-,06,21750,,N,B,C,A,A,H,-,A,D,0,,,Y,,Y,,C,03,0,1,0,0,0,0,0,0,1,"- ","- ",,,"SAN FRANCISCO","SAN FRANCISCO",-122.40518867999999,37.790609439999997
7202237,2016,2016-03-07,3801,2016-02-19,2252,2353,BAYVI,5,5,7,3801,0,0,0,,0,3C11E,"CESAR CHAVEZ DR","PENNSYLVANIA RD",0.00,,Y,A,-,N,,,,,,,,,,Y,2,0,1,2,A,-,01,23153,A,F,D,C,A,A,H,-,C,A,0,,,Y,,Y,Y,D,22,1,0,0,0,0,0,0,0,1,"- ","- ",,,"SAN FRANCISCO","SAN FRANCISCO",-122.39241993,37.750049990000001
7202288,2016,2016-03-08,3801,2016-01-25,0926,859,SOUTH,1,5,7,3801,0,0,0,,0,0B3,"FOLSOM ST","COLUMBIA SQUARE ST",0.00,,Y,A,-,N,,,,,,,,,,N,3,0,1,2,A,-,08,22107,,N,B,G,A,A,D,-,A,A,0,,Y,,,Y,,A,01,0,1,0,0,0,0,1,0,0,"- ","- ",,,"SAN FRANCISCO","SAN FRANCISCO",-122.4064305,37.777859999999997
7202294,2016,2016-03-08,3801,2016-01-31,1624,002200,TENDE,7,5,7,3801,0,0,0,,0,3J11D,"JESSIE ST","9TH ST",0.00,,Y,A,-,N,,,,,,,,,,N,3,0,1,2,A,-,17,21657,,N,D,G,A,A,H,-,A,A,0,,Y,,,Y,,A,01,0,1,0,0,0,0,1,0,0,"- ","- ",,,"SAN FRANCISCO","SAN FRANCISCO",-122.41532997,37.7767099
7202295,2016,2016-03-09,3801,2016-01-26,1200,858,MISSI,2,5,7,3801,0,0,0,,0,3D13E,"MISSION ST","21ST ST",210.00,S,N,A,-,N,,,,,,,,,,N,3,0,1,2,A,-,03,22350,,F,G,B,D,A,H,-,A,D,0,Y,,,,Y,,-,99,0,1,0,0,1,0,0,0,0,"- ","- ",,,"SAN FRANCISCO","SAN FRANCISCO",-122.41885176,37.756445650000003
7202301,2016,2016-03-07,3801,2016-02-24,0840,1161,INGLE,3,5,7,3801,0,0,0,,0,3H2A,"MIGUEL ST","ARLINGTON ST",0.00,,Y,A,-,N,,,,,,,,,,N,3,0,1,2,A,-,10,21950,A,N,G,B,B,A,H,-,A,A,0,Y,,,,Y,,A,07,0,1,0,0,1,0,0,0,0,"- ","- ",,,"SAN FRANCISCO","SAN FRANCISCO",-122.42714991,37.736679979999998
7202472,2016,2016-03-09,3801,2016-02-11,1100,1572,,4,5,7,3801,0,0,0,,0,,"3RD ST","BRYANT ST",0.00,,Y,A,-,N,,,,,,,,,,N,3,0,1,2,A,-,07,21658,A,N,D,G,A,A,H,-,A,A,0,,Y,,,Y,,A,01,0,1,0,0,0,0,1,0,0,"- ","- ",,,"SAN FRANCISCO","SAN FRANCISCO",-122.39584993,37.781309890000003
7202521,2016,2016-03-10,3801,2016-02-03,1400,002266,MISSI,3,5,7,3801,0,0,0,,0,3D12A,"CESAR CHAVEZ ST","SOUTH VAN NESS",215.00,E,N,A,-,N,,,,,,,,,,N,4,0,1,2,A,-,07,21658,A,N,B,G,A,A,H,-,A,D,0,,Y,,,Y,,A,07,0,0,1,0,0,0,1,0,0,"- ","- ",,,"SAN FRANCISCO","SAN FRANCISCO",-122.41517621,37.748227079999999
7203043,2016,2016-03-07,3801,2016-02-04,1536,1498,TARAV,4,5,7,3801,0,0,0,,0,3I16B,"PORTOLA DR","SANTA CLARA AV",0.00,,Y,A,-,N,,,,,,,,,,N,4,0,1,2,A,-,12,21453,A,N,D,C,A,A,H,-,A,A,0,,,,,Y,,A,08,0,0,1,0,0,0,0,0,0,"- ","- ",,,"SAN FRANCISCO","SAN FRANCISCO",-122.46618986999999,37.739159979999997
7203045,2016,2016-03-07,3801,2016-02-10,0845,537,PARK,3,5,7,3801,0,0,0,,0,3F12D,"DIVISION ST",POTRERO,0.00,,Y,A,-,N,,,,,,,,,,N,4,0,1,2,D,-,00,,,N,B,G,A,A,H,-,A,D,0,,Y,,,Y,Y,-,"- ",0,0,1,0,0,0,1,0,0,"- ","- ",,,"SAN FRANCISCO","SAN FRANCISCO",-122.40788000000001,37.769219900000003
7203058,2016,2016-03-07,3801,2016-01-03,0427,155,SOUTH,7,5,7,3801,0,0,0,,0,001,"KING ST","TOWNSEND ST",325.00,W,N,A,-,N,,,,,,,,,,Y,2,0,1,1,A,-,03,22350,,N,F,I,A,A,H,-,C,D,0,,,,,Y,Y,A,01,1,0,0,0,0,0,0,0,0,"- ","- ",,,"SAN FRANCISCO","SAN FRANCISCO",-122.3894459,37.781435109999997
7203064,2016,2016-03-07,3801,2016-02-08,1700,1514,TARAV,1,5,7,3801,0,0,0,,0,006,"GARFIELD ST","MONTICELLO ST",0.00,,Y,A,-,N,,,,,,,,,,N,4,0,1,3,A,-,09,21802,A,N,D,C,A,A,H,-,A,A,0,,,,,Y,,A,01,0,0,1,0,0,0,0,0,0,"- ","- ",,,"SAN FRANCISCO","SAN FRANCISCO",-122.47075986999999,37.719629980000001
7203070,2016,2016-03-07,3801,2016-02-01,0935,4241,MISSI,1,5,7,3801,0,0,0,,0,006,"ALABAMA ST","17TH ST",0.00,,Y,A,-,N,,,,,,,,,,N,4,0,1,2,D,-,00,,,N,B,G,A,A,H,-,A,D,0,,Y,,,Y,,-,"- ",0,0,1,0,0,0,1,0,0,"- ","- ",,,"SAN FRANCISCO","SAN FRANCISCO",-122.41227997999999,37.764199900000001
7203082,2016,2016-03-07,3801,2016-02-16,1730,004357,RICHM,2,5,7,3801,0,0,0,,0,,"POINT LOBOS","POINT LOBOS 545",0.00,,N,A,-,N,,,,,,,,,,Y,4,0,2,3,A,-,03,22350,,F,C,D,A,A,H,-,A,A,0,,,,,Y,,A,01,0,0,2,0,0,0,0,0,0,"- ","- ",,,"SAN FRANCISCO","SAN FRANCISCO",-122.50918865,37.779862129999998
7203084,2016,2016-03-07,3801,2016-02-29,0552,004341,PARK,1,5,7,3801,0,0,0,,0,3F60,"7TH AV","7TH AV 1743",21.00,N,N,A,-,N,,,,,,,,,,N,2,0,1,2,A,-,08,22107,,N,B,C,A,A,H,-,C,A,0,,,Y,,Y,,A,01,1,0,0,0,0,0,0,0,1,"- ","- ",,,"SAN FRANCISCO","SAN FRANCISCO",,
7203087,2016,2016-03-07,3801,2016-02-25,0058,00880,SOUTH,4,5,7,3801,0,0,0,,0,004,"MARKET ST","12TH ST",0.00,,Y,A,-,N,,,,,,,,,,Y,4,0,3,2,A,-,08,22107,,N,D,J,A,A,H,-,C,A,0,,,,,Y,,A,01,0,0,3,0,0,0,0,0,0,"- ","- ",,,"SAN FRANCISCO","SAN FRANCISCO",-122.42026,37.774399989999999
7203092,2016,2016-03-07,3801,2016-02-28,0330,867,SOUTH,7,5,7,3801,0,0,0,,0,001,"MARKET ST","GOUGH ST",0.00,,Y,A,-,N,,,,,,,,,,Y,3,0,4,2,A,-,12,21453,A,N,D,C,A,A,H,-,C,A,0,,,,,Y,,A,01,0,1,3,0,0,0,0,0,0,"- ","- ",,,"SAN FRANCISCO","SAN FRANCISCO",-122.42220992999999,37.772869960000001
7203094,2016,2016-03-07,3801,2016-02-06,1245,1766,SOUTH,6,5,7,3801,0,0,0,,0,4B3C,"7TH ST","HOWARD ST",0.00,,Y,A,-,N,,,,,,,,,,Y,3,0,1,2,A,-,12,21453,A,N,D,C,A,A,H,-,A,A,0,,,,,Y,,A,01,0,1,0,0,0,0,0,0,0,"- ","- ",37.777900000000002,-122.40956,"SAN FRANCISCO","SAN FRANCISCO",-122.40939992,37.777979969999997
7203107,2016,2016-03-07,3801,2016-03-01,0733,02382,RICHM,2,5,7,3801,0,0,0,,0,3G60,"FULTON ST","28TH AV",0.00,,Y,A,-,N,,,,,,,,,,N,4,0,1,2,A,-,10,21950,A,N,A,B,B,A,H,-,A,D,0,Y,,,,Y,,A,01,0,0,1,0,1,0,0,0,0,"- ","- ",,,"SAN FRANCISCO","SAN FRANCISCO",-122.48740995,37.772419880000001
7203113,2016,2016-03-07,3801,2016-02-07,2334,2275,TARAV,7,5,7,3801,0,0,0,,0,3I16E,"RANDOLPH ST","VICTORIA ST",0.00,,Y,A,-,N,,,,,,,,,,Y,4,0,2,3,A,-,03,22350,,N,D,C,A,A,H,-,C,D,0,,,,,Y,Y,A,01,0,0,2,0,0,0,0,0,0,"- ","- ",,,"SAN FRANCISCO","SAN FRANCISCO",-122.46533988,37.714289899999997
8008873,2017,2017-07-19,3801,2017-06-06,1809,A21521,SOUTH,2,5,7,3801,0,0,0,,0,0B4,"9TH ST","HARRISON ST",0.00,,Y,A,-,N,,,,,,,,,,N,3,0,1,2,A,-,10,21950,A,N,G,B,B,A,H,-,A,A,0,Y,,,,Y,,A,01,0,1,0,0,1,0,0,0,0,"- ","- ",,,"SAN FRANCISCO","SAN FRANCISCO",-122.41004995999999,37.77252996
8008877,2017,2017-07-19,3801,2017-06-06,1840,1517,TARAV,2,5,7,3801,0,0,0,,0,13D,"IRVING ST","45TH AV",81.00,W,N,A,-,N,,,,,,,,,,N,4,0,1,2,A,-,21,22106,,N,D,C,A,A,H,-,A,A,0,,,,,Y,,A,01,0,0,1,0,0,0,0,0,0,"- ","- ",,,"SAN FRANCISCO","SAN FRANCISCO",-122.5052896,37.762314320000002
8008884,2016,2016-05-19,3801,2016-04-12,0031,418,SFPD,2,5,7,3801,0,0,0,,0,001,"LOWER DOMESTIC LOOP","TERMINAL #1 DOOR 16",29.00,E,N,A,-,N,,,,,,,,,,N,4,0,1,2,A,-,21,22106,,N,G,B,E,A,H,-,C,D,0,Y,,,,Y,,A,01,0,0,1,0,1,0,0,0,0,"- ","- ",,,"SAN FRANCISCO","SAN FRANCISCO",,
8008954,2016,2016-06-08,3801,2016-05-13,1016,1944,,5,5,7,3801,0,0,0,,0,005,"GENEVA AV","CAYUGA AV",0.00,,Y,A,-,N,,,,,,,,,,N,3,0,1,2,A,-,12,21453,A,N,D,G,A,A,H,-,A,A,0,,Y,,,Y,,L,04,0,1,0,0,0,0,1,0,0,"- ","- ",,,"SAN FRANCISCO","SAN FRANCISCO",-122.44367987,37.71891995
8013669,2016,2016-04-14,3801,2016-01-31,1841,2214,NORTH,7,5,7,3801,0,0,0,,0,3E14D,"WEBSTER ST",HAIGHT,14.00,N,N,A,-,N,,,,,,,,,,N,4,0,1,2,D,-,00,,,N,G,B,B,A,H,-,C,D,0,Y,,,,Y,,-,"- ",0,0,1,0,1,0,0,0,0,"- ","- ",,,"SAN FRANCISCO","SAN FRANCISCO",-122.42878691999999,37.772368069999999
8015234,2016,2016-04-14,3801,2016-03-29,0840,002177,,2,5,7,3801,0,0,0,,0,,"GOLDEN GATE AV","LARKIN ST",0.00,,Y,A,-,N,,,,,,,,,,Y,4,0,2,2,A,-,04,21703,,N,C,C,A,A,H,-,A,A,0,,,,,Y,,A,07,0,0,2,0,0,0,0,0,0,"- ","- ",,,"SAN FRANCISCO","SAN FRANCISCO",-122.41714999,37.781440000000003
8015245,2016,2016-04-14,3801,2016-03-26,2338,2117,MISSI,6,5,7,3801,0,0,0,,0,902,"16TH ST",WIESE,0.00,,N,A,-,N,,,,,,,,,,Y,4,0,2,3,A,-,08,22102,,F,D,C,A,A,H,-,C,A,0,,,,,Y,,A,01,0,0,2,0,0,0,0,0,0,"- ","- ",,,"SAN FRANCISCO","SAN FRANCISCO",-122.42046986,37.76499991
8015541,2016,2016-04-18,3801,2016-03-13,1707,004300,TENDE,7,5,7,3801,0,0,0,,0,3J11D,"MARKET ST","7TH ST",0.00,,Y,B,C,N,,,,,,,,,,N,4,0,1,2,A,-,11,21950,B,N,G,B,E,B,H,-,A,A,0,Y,,,,Y,,N,60,0,0,1,0,1,0,0,0,0,"- ","- ",,,"SAN FRANCISCO","SAN FRANCISCO",-122.4125099,37.780479900000003
8015569,2016,2016-04-28,3801,2016-03-11,1235,001197,NORTH,5,5,7,3801,0,0,0,,0,3E60,"GEARY ST","WEBSTER ST",0.00,,Y,A,-,N,,,,,,,,,,N,4,0,1,2,A,-,08,22107,,N,B,C,A,A,H,-,A,A,0,,,,,Y,,D,22,0,0,1,0,0,0,0,0,0,"- ","- ",,,"SAN FRANCISCO","SAN FRANCISCO",-122.4312999,37.784729929999997
8016090,2016,2016-05-06,3801,2016-03-05,1940,4357,,6,5,7,3801,0,0,0,,0,901,"WASHINGTON ST","LAUREL ST",0.00,,Y,C,-,N,,,,,,,,,,Y,3,0,1,3,A,-,12,22450,A,F,D,C,A,B,H,-,C,A,0,,,,,Y,,A,01,0,1,0,0,0,0,0,0,0,"- ","- ",,,"SAN FRANCISCO","SAN FRANCISCO",-122.45066996,37.789519970000001
8016106,2016,2017-02-09,3801,2016-03-04,1334,795,NORHT,5,5,7,3801,0,0,0,,0,3E16A,"LOMBARD ST","PIERCE ST",0.00,,Y,C,-,Y,SF,4,101,-,-,7.516,I,5,S,Y,4,0,1,3,A,-,08,22100,B,N,D,C,A,B,H,-,A,A,0,,,,,Y,,A,01,0,0,1,0,0,0,0,0,0,"- ","- ",,,"SAN FRANCISCO","SAN FRANCISCO",-122.43935661,37.799405620000002
8016122,2016,2016-04-18,3801,2016-03-18,1201,1485,3E,5,5,7,3801,0,0,0,,0,02A,"GOLDEN GATE AV","WEBSTER ST",0.00,,Y,B,-,N,,,,,,,,,,N,4,0,2,2,A,-,07,21658,A,N,B,C,A,A,H,-,A,A,0,,,,,Y,,D,22,0,0,2,0,0,0,0,0,0,"- ","- ",,,"SAN FRANCISCO","SAN FRANCISCO",-122.43029989999999,37.779759949999999
8016146,2016,2016-04-18,3801,2016-03-16,0805,4267,TARAV,3,5,7,3801,0,0,0,,0,3I41,"29TH AV","KIRKHAM ST",0.00,,Y,A,-,N,,,,,,,,,,N,3,0,1,2,A,-,03,22350,,N,G,B,B,A,H,-,A,D,0,Y,,,,Y,,D,22,0,1,0,0,1,0,0,0,0,"- ","- ",,,"SAN FRANCISCO","SAN FRANCISCO",-122.48756994,37.759359889999999
8019304,2016,2016-04-15,3801,2016-02-14,1535,2305,CENTR,7,5,7,3801,0,0,0,,0,,"NORTHPOINT ST","POLK ST",198.00,W,N,A,-,N,,,,,,,,,,Y,4,0,1,8,A,-,03,22350,,N,B,E,A,A,H,-,A,A,0,,,,,Y,,A,01,0,0,1,0,0,0,0,0,0,"- ","- ",37.805199999999999,-122.42346999999999,"SAN FRANCISCO","SAN FRANCISCO",-122.42431462,37.805193180000003
8019477,2016,2016-08-24,3801,2016-03-12,1235,2055,NORTH,6,5,7,3801,0,0,0,,0,3E16A,"VAN NESS AV","FRANCISCO ST",0.00,,Y,B,-,N,,,,,,,,,,Y,4,0,1,2,A,-,12,21453,A,N,D,C,A,B,H,-,A,A,0,,,,,Y,,-,"- ",0,0,1,0,0,0,0,0,0,"- ","- ",,,"SAN FRANCISCO","SAN FRANCISCO",-122.4249599,37.803199900000003
8020046,2016,2016-04-18,3801,2016-03-21,1519,1475,PARK,1,5,7,3801,0,0,0,,0,3F61,"HAIGHT ST","ASHBURY ST",0.00,,Y,B,C,N,,,,,,,,,,N,4,0,1,2,A,-,04,21703,,N,C,C,A,B,H,-,A,A,0,,,,Y,Y,,F,26,0,0,1,0,0,0,0,0,0,"- ","- ",,,"SAN FRANCISCO","SAN FRANCISCO",-122.44691985999999,37.769999980000001
8020094,2016,2017-06-20,3801,2016-02-27,1715,380,CENTR,6,5,7,3801,0,0,0,,0,002,MONTGOMERY,CLAY,0.00,,Y,A,-,N,,,,,,,,,,N,4,0,1,2,A,-,10,21950,A,N,G,B,B,A,H,-,A,A,0,Y,,,,Y,,-,,0,0,1,0,1,0,0,0,0,"- ","- ",,,"SAN FRANCISCO","SAN FRANCISCO",-122.40311989,37.79467992
8020096,2016,2016-04-14,3801,2016-02-24,1529,1766,TENDE,3,5,7,3801,0,0,0,,0,4B103,"STEVENSON ST","5TH ST",250.00,E,N,A,-,N,,,,,,,,,,N,4,0,1,2,A,-,21,22106,,F,G,B,E,A,H,-,A,A,0,Y,,,,Y,,A,07,0,0,1,0,1,0,0,0,0,"- ","- ",37.78342,-122.40751,"SAN FRANCISCO","SAN FRANCISCO",-122.40746,37.78351
8020121,2016,2016-04-13,3801,2016-03-09,0943,2138,SOUTH,3,5,7,3801,0,0,0,,0,3B60,"BERRY ST","4TH ST",0.00,,Y,A,-,N,,,,,,,,,,Y,4,0,1,2,A,-,09,21804,A,N,D,C,A,A,H,-,A,D,0,,,,,Y,,A,07,0,0,1,0,0,0,0,0,0,"- ","- ",,,"SAN FRANCISCO","SAN FRANCISCO",-122.39333999,37.775779970000002
8020127,2016,2016-04-13,3801,2016-03-11,1306,002426,CENTR,5,5,7,3801,0,0,0,,0,3A15C,"UNION ST","KEARNY ST",0.00,,Y,A,-,N,,,,,,,,,,Y,4,0,1,2,A,-,09,21802,A,N,D,C,A,B,H,-,A,A,0,,,,,Y,,A,01,0,0,1,0,0,0,0,0,0,"- ","- ",,,"SAN FRANCISCO","SAN FRANCISCO",-122.40598989999999,37.800839959999998
8020130,2016,2016-04-13,3801,2016-03-11,1055,0295,TENDE,5,5,7,3801,0,0,0,,0,00J,"MARKET ST","4TH ST",0.00,,Y,C,-,N,,,,,,,,,,N,3,0,2,3,A,-,10,21950,A,N,G,B,B,B,H,-,A,A,0,Y,,,,Y,,A,08,0,1,1,0,2,0,0,0,0,"- ","- ",,,"SAN FRANCISCO","SAN FRANCISCO",-122.40588997,37.785699899999997
8020135,2016,2016-04-13,3801,2016-03-01,1641,2466,RICHO,2,5,7,3801,0,0,0,,0,TWO,"COLLINS ST","MAYFAIR ST",0.00,,Y,A,-,N,,,,,,,,,,N,4,0,1,2,A,-,11,21950,B,N,G,B,B,A,H,-,A,D,0,Y,,,,Y,,N,60,0,0,1,0,1,0,0,0,0,"- ","- ",,,"SAN FRANCISCO","SAN FRANCISCO",-122.45039992,37.786069900000001
8020148,2016,2016-04-18,3801,2016-03-13,0055,467,SOUTH,7,5,7,3801,0,0,0,,0,3B14E,"11TH ST","MISSION ST",0.00,,Y,B,-,N,,,,,,,,,,Y,3,0,1,2,A,-,12,21453,A,N,D,C,A,A,H,-,C,A,0,,,,,Y,,-,"- ",0,1,0,0,0,0,0,0,0,"- ","- ",,,"SAN FRANCISCO","SAN FRANCISCO",-122.41709998,37.774329989999998
8020161,2016,2016-04-13,3801,2016-03-08,2139,1110,RICHM,2,5,7,3801,0,0,0,,0,3G15E,"BALBOA ST","47TH AV",0.00,,Y,A,-,N,,,,,,,,,,Y,4,0,1,2,A,-,12,22450,A,N,D,C,A,A,-,-,C,A,0,,,,,Y,,A,01,0,0,1,0,0,0,0,0,0,"- ","- ",,,"SAN FRANCISCO","SAN FRANCISCO",-122.50804995,37.775230000000001
8020167,2016,2016-04-18,3801,2016-03-07,1221,001515,NORTH,1,5,7,3801,0,0,0,,0,3E13C,"POLK ST","GEARY ST",0.00,,Y,A,-,N,,,,,,,,,,Y,4,0,2,3,A,-,12,21453,A,N,D,C,E,A,H,-,A,A,0,Y,,,,Y,,A,01,0,0,2,0,1,0,0,0,0,"- ","- ",,,"SAN FRANCISCO","SAN FRANCISCO",-122.41973999,37.785899960000002
8020172,2016,2016-04-14,3801,2016-03-10,1630,00859,SOUTH,4,5,7,3801,0,0,0,,0,3B14D,"HARRISON ST","11TH ST",0.00,,Y,C,-,N,,,,,,,,,,Y,4,0,1,2,A,-,09,21801,A,N,D,C,A,B,H,-,A,A,0,,,,,Y,,A,01,0,0,1,0,0,0,0,0,0,"- ","- ",,,"SAN FRANCISCO","SAN FRANCISCO",-122.41246993,37.770629909999997
8020179,2016,2016-04-13,3801,2016-03-02,1635,000751,CENTR,3,5,7,3801,0,0,0,,0,3A12D,"KEARNY ST","CALIFORNIA ST",4.00,S,N,A,-,N,,,,,,,,,,N,4,0,1,2,A,-,10,21950,A,F,G,B,F,A,H,-,A,A,0,Y,,,,Y,,A,07,0,0,1,0,1,0,0,0,0,"- ","- ",,,"SAN FRANCISCO","SAN FRANCISCO",-122.4043783,37.792669089999997
8020238,2016,2016-04-13,3801,2016-03-27,0528,000776,NORTH,7,5,7,3801,0,0,0,,0,3E13E,"FILLMORE ST","FELL ST",0.00,,Y,A,-,N,,,,,,,,,,Y,4,0,2,7,A,-,01,23152,A,N,D,C,A,A,H,-,C,A,0,,,,,Y,,A,07,0,0,2,0,0,0,0,0,0,"- ","- ",,,"SAN FRANCISCO","SAN FRANCISCO",-122.43099999,37.77488992
8020239,2016,2016-04-13,3801,2016-03-22,0554,2379,MISSI,2,5,7,3801,0,0,0,,0,3D13A,"22ND ST","VALENCIA ST",227.00,W,N,A,-,N,,,,,,,,,,Y,4,0,1,4,A,-,01,23152,E,N,B,E,A,B,H,-,C,D,0,,,,,Y,,A,01,0,0,1,0,0,0,0,0,0,"- ","- ",,,"SAN FRANCISCO","SAN FRANCISCO",-122.42175037,37.755244990000001
8020301,2016,2017-02-09,3801,2016-03-12,2104,2105,NORTH,6,5,7,3801,0,0,0,,0,3E13D,"VAN NESS AV","GROVE ST",0.00,,Y,C,-,Y,SF,4,101,-,-,5.076,I,5,N,N,4,0,2,3,A,-,10,21950,A,N,G,B,B,B,H,-,C,A,0,Y,,,,Y,,A,01,0,0,2,0,2,0,0,0,0,"- ","- ",,,"SAN FRANCISCO","SAN FRANCISCO",-122.41982230000001,37.778293410000003
8020303,2016,2017-02-09,3801,2016-03-11,0738,251,RICHM,5,5,7,3801,0,0,0,,0,3G61,"PARK PRESIDIO","FULTON ST",261.00,S,N,B,C,Y,SF,4,1,-,-,4.950,H,-,S,Y,4,0,1,1,A,-,03,22350,,N,E,I,A,B,H,-,A,D,0,,,,,Y,,A,01,0,0,1,0,0,0,0,0,0,"- ","- ",,,"SAN FRANCISCO","SAN FRANCISCO",-122.47260836,37.772437949999997
8020317,2016,2017-01-28,3801,2016-03-24,1310,4286,RICHM,4,5,7,3801,0,0,0,,0,0G2,"CALIFORNIA ST","LOCUST ST",100.00,E,N,A,-,N,,,,,,,,,,N,4,0,1,2,A,-,21,22106,,N,D,C,A,A,H,-,A,D,0,,,,,Y,,A,01,0,0,1,0,0,0,0,0,0,"- ","- ",,,"SAN FRANCISCO","SAN FRANCISCO",-122.45140859,37.786655320000001
8020326,2016,2016-04-13,3801,2016-03-22,1227,1550,03222,2,5,7,3801,0,0,0,,0,3J41C,"GOLDEN GATE AV","LEAVENWORTH ST",35.00,W,N,A,-,N,,,,,,,,,,N,4,0,1,2,A,-,07,21658,A,N,B,C,A,A,H,-,A,D,0,,,,,Y,,A,01,0,0,1,0,0,0,0,0,0,"- ","- ",,,"SAN FRANCISCO","SAN FRANCISCO",-122.41397945,37.781853949999999
8020328,2016,2016-04-18,3801,2016-03-20,2050,2135,RICHM,7,5,7,3801,0,0,0,,0,3G12E,"SPRUCE ST","CALIFORNIA ST",0.00,,Y,A,-,N,,,,,,,,,,N,4,0,1,2,A,-,10,21950,A,N,G,B,B,A,H,-,C,A,0,Y,,,,Y,,-,"- ",0,0,1,0,1,0,0,0,0,"- ","- ",,,"SAN FRANCISCO","SAN FRANCISCO",-122.45340994999999,37.786399920000001
8020405,2016,2016-08-24,3801,2016-03-03,2105,001160,3G12D,4,5,7,3801,0,0,0,,0,901,"DIVISADERO ST","POST ST",0.00,,Y,A,-,N,,,,,,,,,,N,4,0,3,2,A,-,12,21453,A,N,D,C,A,A,H,-,C,A,0,,,,,Y,,-,"- ",0,0,3,0,0,0,0,0,0,"- ","- ",,,"SAN FRANCISCO","SAN FRANCISCO",-122.43966997,37.784309980000003
8020419,2016,2016-04-14,3801,2016-03-04,1905,004320,NGLSD,5,5,7,3801,0,0,0,,0,001,"MISSION ST","KINGSTON ST",0.00,,Y,A,-,N,,,,,,,,,,N,2,0,1,2,A,-,11,21950,B,N,G,B,D,A,H,-,C,D,0,Y,,,,Y,,N,60,1,0,0,0,1,0,0,0,0,"- ","- ",,,"SAN FRANCISCO","SAN FRANCISCO",-122.42237987999999,37.741750000000003
8020423,2016,2016-04-20,3801,2016-03-04,2245,867,STHRN,5,5,7,3801,0,0,0,,0,,"MARKET ST","SOUTH VAN NESS",0.00,,Y,B,C,N,,,,,,,,,,N,3,0,1,2,A,-,11,21453,D,N,G,B,B,B,H,-,C,A,0,Y,,,,Y,Y,N,60,0,1,0,0,1,0,0,0,0,"- ","- ",,,"SAN FRANCISCO","SAN FRANCISCO",-122.41925990999999,37.775169959999999