CASE_ID,ACCIDENT_YEAR,PROC_DATE,JURIS,COLLISION_DATE,COLLISION_TIME,OFFICER_ID,REPORTING_DISTRICT,DAY_OF_WEEK,CHP_SHIFT,POPULATION,CNTY_CITY_LOC,SPECIAL_COND,BEAT_TYPE,CHP_BEAT_TYPE,CITY_DIVISION_LAPD,CHP_BEAT_CLASS,BEAT_NUMBER,PRIMARY_RD,SECONDARY_RD,DISTANCE,DIRECTION,INTERSECTION,WEATHER_1,WEATHER_2,STATE_HWY_IND,CALTRANS_COUNTY,CALTRANS_DISTRICT,STATE_ROUTE,ROUTE_SUFFIX,POSTMILE_PREFIX,POSTMILE,LOCATION_TYPE,RAMP_INTERSECTION,SIDE_OF_HWY,TOW_AWAY,COLLISION_SEVERITY,NUMBER_KILLED,NUMBER_INJURED,PARTY_COUNT,PRIMARY_COLL_FACTOR,PCF_CODE_OF_VIOL,PCF_VIOL_CATEGORY,PCF_VIOLATION,PCF_VIOL_SUBSECTION,HIT_AND_RUN,TYPE_OF_COLLISION,MVIW,PED_ACTION,ROAD_SURFACE,ROAD_COND_1,ROAD_COND_2,LIGHTING,CONTROL_DEVICE,CHP_ROAD_TYPE,PEDESTRIAN_ACCIDENT,BICYCLE_ACCIDENT,MOTORCYCLE_ACCIDENT,TRUCK_ACCIDENT,NOT_PRIVATE_PROPERTY,ALCOHOL_INVOLVED,STWD_VEHTYPE_AT_FAULT,CHP_VEHTYPE_AT_FAULT,COUNT_SEVERE_INJ,COUNT_VISIBLE_INJ,COUNT_COMPLAINT_PAIN,COUNT_PED_KILLED,COUNT_PED_INJURED,COUNT_BICYCLIST_KILLED,COUNT_BICYCLIST_INJURED,COUNT_MC_KILLED,COUNT_MC_INJURED,PRIMARY_RAMP,SECONDARY_RAMP,LATITUDE,LONGITUDE,COUNTY,CITY,POINT_X,POINT_Y
8378095,2017,2017-06-14,3801,2017-05-12,1106,708,MISSI,5,5,7,3801,0,0,0,,0,3A15B,"14TH ST",MINNA,0.00,,N,A,-,N,,,,,,,,,,N,4,0,1,2,A,-,08,22107,,N,H,G,A,A,H,-,A,D,0,,Y,,,Y,,A,01,0,0,1,0,0,0,1,0,0,"- ","- ",,,"SAN FRANCISCO","SAN FRANCISCO",-122.41923986,37.768329889999997
8378123,2017,2017-06-14,3801,2017-05-09,0249,1766,INGLE,2,5,7,3801,0,0,0,,0,4B3C,"MISSION ST","WHITTIER ST",43.00,S,N,A,-,N,,,,,,,,,,Y,2,0,2,4,A,-,00,23153,F,N,G,B,F,A,H,-,C,A,0,Y,,,,Y,,A,01,2,0,0,0,2,0,0,0,0,"- ","- ",37.710349999999998,-122.44832,"SAN FRANCISCO","SAN FRANCISCO",-122.44849977,37.710292330000001
8378132,2017,2017-06-19,3801,2017-05-05,0850,2338,SOUTH,5,5,7,3801,0,0,0,,0,3B14A,"MARKET ST","12TH ST",0.00,,Y,A,-,N,,,,,,,,,,N,4,0,1,2,A,-,08,22107,,N,B,G,A,A,H,-,A,D,0,,Y,,,Y,,A,01,0,0,1,0,0,0,1,0,0,"- ","- ",,,"SAN FRANCISCO","SAN FRANCISCO",-122.42026,37.774399989999999
8378161,2017,2017-06-16,3801,2017-05-31,1320,1572,SOUTH,3,5,7,3801,0,0,0,,0,3B1A,"HARRISON ST","1ST ST",147.00,,N,A,-,N,,,,,,,,,,N,4,0,1,2,A,-,07,21658,A,N,B,C,A,A,H,-,A,D,0,,,Y,,Y,,C,02,0,0,1,0,0,0,0,0,1,"- ","- ",,,"SAN FRANCISCO","SAN FRANCISCO",-122.39295998999999,37.786089939999997
8379316,2017,2017-07-07,3801,2017-05-12,2025,2294,PARK,5,5,7,3801,0,0,0,,0,3F12C,"BURNETT AV","CRESTLINE DR",0.00,,Y,A,G,N,,,,,,,,,,N,4,0,2,2,A,-,21,22106,,N,C,C,A,A,H,-,C,D,0,,,,,Y,,J,43,0,0,2,0,0,0,0,0,0,"- ","- ",,,"SAN FRANCISCO","SAN FRANCISCO",-122.44484993,37.749209970000003
8379348,2017,2017-07-07,3801,2017-05-05,1805,2290,NORTH,5,5,7,3801,0,0,0,,0,3E11D,"STEINER ST","FELL ST",0.00,,Y,A,-,N,,,,,,,,,,Y,4,0,1,2,A,-,08,22107,,N,D,C,A,A,H,-,A,A,0,,,,,Y,,A,01,0,0,1,0,0,0,0,0,0,"- ","- ",,,"SAN FRANCISCO","SAN FRANCISCO",-122.43264999,37.774679900000002
8379934,2016,2017-07-06,3801,2016-07-09,2054,00181,SOUTH,6,5,7,3801,0,0,0,,0,3B12D,"MISSION ST","4TH ST",0.00,,Y,A,-,N,,,,,,,,,,N,3,0,1,2,C,-,18,,,N,H,B,F,A,H,-,C,A,0,Y,,,,Y,,-,"- ",0,1,0,0,1,0,0,0,0,"- ","- ",,,"SAN FRANCISCO","SAN FRANCISCO",-122.40425995,37.78451991
8382089,2017,2017-06-14,3801,2017-05-12,0805,2338,SOUTH,5,5,7,3801,0,0,0,,0,3B3A,"FOLSOM ST","8TH ST",0.00,,Y,A,-,N,,,,,,,,,,N,3,0,1,2,A,-,08,22107,,N,G,B,-,A,H,-,A,A,0,Y,,,,Y,,A,01,0,1,0,0,1,0,0,0,0,"- ","- ",,,"SAN FRANCISCO","SAN FRANCISCO",-122.41004988,37.774989890000001
8382097,2017,2017-06-14,3801,2017-05-22,1235,4329,MISSI,1,5,7,3801,0,0,0,,0,0D1,"18TH ST","DOLORES ST",0.00,,Y,A,-,N,,,,,,,,,,Y,4,0,2,2,A,-,09,21801,A,N,A,C,A,A,H,-,A,A,0,,,,,Y,,A,01,0,0,2,0,0,0,0,0,0,"- ","- ",,,"SAN FRANCISCO","SAN FRANCISCO",-122.42615994000001,37.761439930000002
8382101,2017,2017-06-14,3801,2017-05-21,1444,891,D,7,5,7,3801,0,0,0,,0,3D62,"BRYANT ST","22ND ST",70.00,S,N,A,-,N,,,,,,,,,,N,4,0,1,2,A,-,21,22106,,N,H,E,A,A,H,-,A,D,0,,,,,Y,,A,01,0,0,1,0,0,0,0,0,0,"- ","- ",,,"SAN FRANCISCO","SAN FRANCISCO",-122.40944684,37.755798579999997
8382162,2017,2017-06-13,3801,2017-05-15,0800,1579,MISSI,1,5,7,3801,0,0,0,,0,3D14A,"CESAR CHAVEZ","ALABAMA ST",0.00,,Y,A,-,N,,,,,,,,,,N,2,0,1,2,A,-,09,21801,A,N,D,G,A,A,H,-,A,A,0,,Y,,,Y,,A,07,1,0,0,0,0,0,1,0,0,"- ","- ",,,"SAN FRANCISCO","SAN FRANCISCO",-122.41053993,37.748329890000001
8382169,2017,2017-06-13,3801,2017-05-09,1422,564,NORTH,2,5,7,3801,0,0,0,,0,3E13C,"VAN NESS AV","GEARY BL",0.00,,Y,A,-,N,,,,,,,,,,Y,3,0,1,3,A,-,01,23152,A,N,D,C,A,A,D,-,A,A,0,,,,,Y,Y,A,01,0,1,0,0,0,0,0,0,0,"- ","- ",,,"SAN FRANCISCO","SAN FRANCISCO",-122.42145993,37.78567992
8382170,2017,2017-06-13,3801,2017-05-19,1125,2245,RICHM,5,5,7,3801,0,0,0,,0,3G12A,"SACRAMENTO ST","BRODERICK ST",65.00,W,N,A,-,N,,,,,,,,,,N,3,0,1,2,A,-,08,22107,,N,D,G,A,A,H,-,A,D,0,,Y,,,Y,,A,01,0,1,0,0,0,0,1,0,0,"- ","- ",,,"SAN FRANCISCO","SAN FRANCISCO",-122.44251186,37.788760240000002
8382171,2017,2017-06-13,3801,2017-05-17,2052,282,TARAV,3,5,7,3801,0,0,0,,0,3I12D,"LINCOLN WY","24TH AV",0.00,,Y,A,-,N,,,,,,,,,,Y,2,0,1,2,A,-,03,22350,,N,-,C,A,A,H,-,C,D,0,,,Y,,Y,,C,02,1,0,0,0,0,0,0,0,1,"- ","- ",,,"SAN FRANCISCO","SAN FRANCISCO",-122.48261988,37.765199889999998
8382173,2017,2017-06-13,3801,2017-05-07,0920,524,TENDE,7,5,7,3801,0,0,0,,0,3J11A,"MARKET ST","6TH ST",0.00,,Y,A,-,N,,,,,,,,,,N,4,0,1,2,A,-,12,21453,A,F,D,G,A,A,H,-,A,A,0,,Y,,,Y,,A,01,0,0,1,0,0,0,1,0,0,"- ","- ",,,"SAN FRANCISCO","SAN FRANCISCO",-122.41029991000001,37.78223989
8382178,2017,2017-06-13,3801,2017-05-15,2253,2451,CENTR,1,5,7,3801,0,0,0,,0,3A12E,"KEARNY ST","GEARY ST",0.00,,Y,A,-,N,,,,,,,,,,N,3,0,1,2,A,-,10,21950,A,N,G,B,B,A,H,-,C,A,0,Y,,,,Y,,A,01,0,1,0,0,1,0,0,0,0,"- ","- ",,,"SAN FRANCISCO","SAN FRANCISCO",-122.40350986999999,37.787949949999998
8382191,2017,2017-06-13,3801,2017-05-18,1800,643,MISSI,4,5,7,3801,0,0,0,,0,3D63,"BARTLETT ST","23RD ST",275.00,N,N,A,-,N,,,,,,,,,,N,4,0,1,2,A,-,03,22350,,N,C,C,A,A,H,-,A,D,0,,,,,Y,Y,A,07,0,0,1,0,0,0,0,0,0,"- ","- ",,,"SAN FRANCISCO","SAN FRANCISCO",-122.41977467,37.754513090000003
8382193,2017,2017-06-13,3801,2017-05-03,0700,156,BAYVI,3,5,7,3801,0,0,0,,0,4CAR,"SILVER AV","SAN BRUNO AV",3.00,W,N,A,-,N,,,,,,,,,,N,4,0,1,2,A,-,10,21950,A,F,G,B,B,A,H,-,A,A,0,Y,,,,Y,,A,07,0,0,1,0,1,0,0,0,0,"- ","- ",,,"SAN FRANCISCO","SAN FRANCISCO",-122.40562962999999,37.732446920000001
8382198,2017,2017-06-13,3801,2017-05-14,0423,411,TARAV,7,5,7,3801,0,0,0,,0,3I12E,"SLOAT BL","36TH AV",30.00,W,N,A,-,N,,,,,,,,,,Y,4,0,2,1,A,-,03,22350,,N,B,J,A,A,H,-,C,D,0,,,,,Y,,D,22,0,0,2,0,0,0,0,0,0,"- ","- ",,,"SAN FRANCISCO","SAN FRANCISCO",-122.49342377000001,37.734029999999997
8382204,2017,2017-06-15,3801,2017-05-27,0309,2481,C0F,6,5,7,3801,0,0,0,,0,003,"STANYAN ST","TURK ST",0.00,,Y,A,-,N,,,,,,,,,,N,2,0,1,2,A,-,10,21950,A,N,G,B,B,A,H,-,C,A,0,Y,,,,Y,,B,01,1,0,0,0,1,0,0,0,0,"- ","- ",,,"SAN FRANCISCO","SAN FRANCISCO",-122.45522986,37.777589910000003
8382221,2017,2017-06-13,3801,2017-05-01,0613,4259,SOUTH,1,5,7,3801,0,0,0,,0,3B14A,"13TH ST","MISSION ST",0.00,,Y,A,-,N,,,,,,,,,,N,3,0,1,2,A,-,12,21453,A,N,D,G,A,A,H,-,A,A,0,,Y,,,Y,,L,04,0,1,0,0,0,0,1,0,0,"- ","- ",,,"SAN FRANCISCO","SAN FRANCISCO",-122.42017991,37.769989959999997
8386433,2017,2018-03-22,3801,2017-05-15,2103,A10100,INGLE,1,5,7,3801,0,0,0,,0,3H16D,"BAYSHORE BL","LELAND AV",0.00,,Y,A,-,N,,,,,,,,,,Y,4,0,1,2,A,-,12,21453,A,N,D,C,A,A,H,-,C,A,0,,,,,Y,,A,01,0,0,1,0,0,0,0,0,0,"- ","- ",,,"SAN FRANCISCO","SAN FRANCISCO",-122.40376989000001,37.711209969999999
8386448,2017,2018-04-09,3801,2017-05-18,0111,1931,NORTH,4,5,7,3801,0,0,0,,0,03E,"VAN NESS AV","HAYES ST",0.00,,Y,A,-,Y,SF,4,101,-,T,5.010,I,5,S,Y,4,0,1,2,A,-,09,21803,A,N,D,C,A,A,H,-,C,A,0,,,,,Y,,A,01,0,0,1,0,0,0,0,0,0,"- ","- ",,,"SAN FRANCISCO","SAN FRANCISCO",-122.41978329,37.777307260000001
8388861,2017,2017-06-14,3801,2017-05-22,1854,2447,RICHM,1,5,7,3801,0,0,0,,0,3G13D,"GEARY BL","PARK PRESIDO BL",0.00,,Y,A,-,N,,,,,,,,,,Y,3,0,1,3,A,-,11,21453,D,F,G,B,B,A,H,-,A,A,0,Y,,,,Y,Y,N,60,0,1,0,0,1,0,0,0,0,"- ","- ",,,"SAN FRANCISCO","SAN FRANCISCO",-122.47233988000001,37.780719959999999
8388916,2017,2017-06-14,3801,2017-04-26,1126,1325,TENDE,3,5,7,3801,0,0,0,,0,3J60,"9TH ST","MISSION ST",0.00,,Y,A,-,N,,,,,,,,,,N,4,0,1,2,A,-,21,22106,,M,G,-,B,B,H,-,A,D,0,Y,,,,Y,,A,01,0,0,1,0,1,0,0,0,0,"- ","- ",,,"SAN FRANCISCO","SAN FRANCISCO",-122.41471988000001,37.776239930000003
8388943,2017,2017-06-15,3801,2017-03-28,1306,4066,MISSI,2,5,7,3801,0,0,0,,0,16A,"MARIPOSA ST","ALABAMA ST",0.00,,Y,A,-,N,,,,,,,,,,N,4,0,1,2,A,-,10,21950,A,N,-,B,B,A,H,-,A,A,0,Y,,,,Y,,A,01,0,0,1,0,1,0,0,0,0,"- ","- ",,,"SAN FRANCISCO","SAN FRANCISCO",-122.41214988,37.762909909999998
8389047,2017,2018-07-20,3801,2017-04-19,1515,242,,3,5,7,3801,0,0,0,,0,001,"GOLDEN GATE AV","STEINER ST",65.00,W,N,F,-,N,,,,,,,,,,N,4,0,1,1,C,-,18,,,N,H,I,A,-,A,-,A,-,0,,Y,,,Y,,-,"- ",0,0,1,0,0,0,1,0,0,"- ","- ",,,"SAN FRANCISCO","SAN FRANCISCO",-122.4338024,37.779323040000001
8389079,2017,2018-07-20,3801,2017-05-05,0800,2293,SOUTH,5,5,7,3801,0,0,0,,0,4CA,"10TH ST","FOLSOM ST",0.00,,Y,A,-,N,,,,,,,,,,N,4,0,1,2,A,-,11,21954,A,N,G,B,D,A,H,-,A,A,0,Y,,,,Y,,N,60,0,0,1,0,1,0,0,0,0,"- ","- ",,,"SAN FRANCISCO","SAN FRANCISCO",-122.41281991,37.772819910000003
8389087,2017,2018-07-20,3801,2017-05-19,1710,2268,TARAV,5,5,7,3801,0,0,0,,0,3I15D,"LAKE MERCED BL","BROTHERHOOD WY",150.00,N,N,A,-,N,,,,,,,,,,N,4,0,1,2,A,-,04,21703,,F,C,C,A,A,H,-,A,A,0,,,,,Y,Y,-,,0,0,1,0,0,0,0,0,0,"- ","- ",,,"SAN FRANCISCO","SAN FRANCISCO",-122.48519894,37.71452979
8401950,2017,2017-07-27,3801,2017-06-20,1046,300,INGLE,2,5,7,3801,0,0,0,,0,3H11A,"MISSION ST","POWERS AV",0.00,,Y,A,-,N,,,,,,,,,,N,4,0,2,2,A,-,07,21658,A,N,B,J,A,A,H,-,A,A,0,,,,,Y,Y,A,01,0,0,2,0,0,0,0,0,0,"- ","- ",,,"SAN FRANCISCO","SAN FRANCISCO",-122.41950994,37.746179949999998
8401990,2017,2017-07-26,3801,2017-06-19,1453,329,SOUTH,1,5,7,3801,0,0,0,,0,3B14C,"SOUTH VAN NESS AVE","MARKET ST",205.00,S,N,A,-,N,,,,,,,,,,N,4,0,1,2,A,-,03,22350,,F,B,C,A,A,H,-,A,D,0,,,,,Y,,-,,0,0,1,0,0,0,0,0,0,"- ","- ",,,"SAN FRANCISCO","SAN FRANCISCO",-122.419094,37.774622469999997
8402855,2017,2017-07-20,3801,2017-06-22,2213,1537,MISSI,4,5,7,3801,0,0,0,,0,3D11D,"GUERRERO ST","16TH ST",0.00,,Y,A,-,N,,,,,,,,,,Y,4,0,2,2,A,-,09,21801,A,N,A,C,A,A,H,-,C,A,0,,,,,Y,,D,22,0,0,2,0,0,0,0,0,0,"- ","- ",,,"SAN FRANCISCO","SAN FRANCISCO",-122.42409997,37.764779959999998
8405640,2017,2017-08-17,3801,2017-07-17,0839,680,,1,5,7,3801,0,0,0,,0,,"AIRPORT BL","ACCESS RD",17.00,S,N,A,-,N,,,,,,,,,,Y,4,0,1,2,A,-,03,22350,,N,C,C,A,A,H,-,A,A,0,,,,,Y,,A,01,0,0,1,0,0,0,0,0,0,"- ","- ",,,"SAN FRANCISCO","SAN FRANCISCO",-122.40130627000001,37.639297280000001
8405936,2017,2017-07-20,3801,2017-06-17,1807,195,NORTH,6,5,7,3801,0,0,0,,0,3E12D,"FILLMORE ST","BROADWAY ST",0.00,,Y,A,-,N,,,,,,,,,,Y,4,0,2,2,A,-,12,22450,A,N,D,C,A,A,H,-,A,A,0,,,,,Y,,A,01,0,0,2,0,0,0,0,0,0,"- ","- ",,,"SAN FRANCISCO","SAN FRANCISCO",-122.43489988,37.794279950000004
8405968,2017,2017-07-20,3801,2017-06-18,2145,1177,COG,7,5,7,3801,0,0,0,,0,3G14E,"GEARY BL","20TH AV",0.00,,Y,A,-,N,,,,,,,,,,N,3,0,1,2,A,-,10,21950,A,N,G,B,B,A,H,-,C,-,0,Y,,,,Y,,A,01,0,1,0,0,1,0,0,0,0,"- ","- ",,,"SAN FRANCISCO","SAN FRANCISCO",-122.4793899,37.780389909999997
8405972,2017,2017-07-20,3801,2017-06-17,1807,A20774,RICHM,6,5,7,3801,0,0,0,,0,004,"30TH AV","EL CAMINO DEL MAR",90.00,S,N,A,-,N,,,,,,,,,,N,3,0,1,2,A,-,03,22350,,N,C,E,A,A,H,-,A,D,0,,,Y,,Y,,C,03,0,1,0,0,0,0,0,0,1,"- ","- ",,,"SAN FRANCISCO","SAN FRANCISCO",-122.49055579,37.786013500000003
8406004,2017,2017-07-21,3801,2017-06-10,0213,129,CENTR,6,5,7,3801,0,0,0,,0,3A14E,"COLUMBUS AV","GREEN ST",0.00,,Y,A,-,N,,,,,,,,,,N,3,0,1,2,A,-,11,21954,A,N,G,B,D,A,H,-,C,A,0,Y,,,,Y,Y,N,60,0,1,0,0,1,0,0,0,0,"- ","- ",,,"SAN FRANCISCO","SAN FRANCISCO",-122.40897987,37.799499910000002
8406011,2017,2017-10-11,3801,2017-06-16,1948,000664,RICHM,5,5,7,3801,0,0,0,,0,3G13D,"CROSSOVER DR","MARTIN LUTHER KING",0.00,,Y,A,-,N,,,,,,,,,,Y,4,0,1,3,A,-,03,22350,,M,C,C,A,A,H,-,B,A,0,,,,,Y,,-,"- ",0,0,1,0,0,0,0,0,0,"- ","- ",,,"SAN FRANCISCO","SAN FRANCISCO",-122.47737995999999,37.766039999999997
8406013,2017,2017-07-20,3801,2017-06-17,1025,1469,NORTH,6,5,7,3801,0,0,0,,0,,"OAK ST","WEBSTER ST",125.00,S,N,A,-,N,,,,,,,,,,N,3,0,1,2,A,-,03,22350,A,N,C,G,A,A,H,-,A,A,0,,Y,,,Y,,L,04,0,1,0,0,0,0,1,0,0,"- ","- ",,,"SAN FRANCISCO","SAN FRANCISCO",-122.42955782999999,37.774119069999998
8406015,2017,2017-07-20,3801,2017-06-16,1837,801,SOUTH,5,5,7,3801,0,0,0,,0,3B14D,"6TH ST","MINNA ST",0.00,,Y,A,-,N,,,,,,,,,,N,4,0,1,2,A,-,09,21801,A,N,D,G,A,A,H,-,A,A,0,,Y,,,Y,,A,01,0,0,1,0,0,0,1,0,0,"- ","- ",,,"SAN FRANCISCO","SAN FRANCISCO",-122.40812986,37.78054994
8406017,2017,2017-07-20,3801,2017-06-17,0608,1579,MISSI,6,5,7,3801,0,0,0,,0,3D14A,"ALABAMA ST","22ND ST",132.00,N,N,A,-,N,,,,,,,,,,Y,4,0,1,3,A,-,03,22350,,F,C,E,A,A,H,-,A,D,0,,,,,Y,,A,01,0,0,1,0,0,0,0,0,0,"- ","- ",,,"SAN FRANCISCO","SAN FRANCISCO",-122.41130165,37.75626175
8406020,2017,2017-07-21,3801,2017-06-13,0745,A20696,TARAV,2,5,7,3801,0,0,0,,0,3I11A,"36TH AV","IRVING ST",284.00,N,N,A,-,N,,,,,,,,,,Y,4,0,1,2,A,-,08,22107,,N,B,C,A,A,H,-,A,D,0,,,,,Y,,A,07,0,0,1,0,0,0,0,0,0,"- ","- ",,,"SAN FRANCISCO","SAN FRANCISCO",-122.49541717,37.763548870000001
8406024,2017,2017-07-21,3801,2017-06-13,0006,1129,TARAV,2,5,7,3801,0,0,0,,0,005,"OCEAN AV","LAGUNITAS DR",0.00,,Y,A,-,N,,,,,,,,,,N,4,0,1,2,A,-,03,22350,A,F,-,B,B,A,H,-,C,D,0,Y,,,,Y,,-,,0,0,1,0,1,0,0,0,0,"- ","- ",,,"SAN FRANCISCO","SAN FRANCISCO",-122.47418987,37.732109979999997
8406047,2017,2017-07-20,3801,2017-06-15,1317,766,NORTH,4,5,7,3801,0,0,0,,0,3E12C,"POST ST","POLK ST",0.00,,Y,A,-,N,,,,,,,,,,N,3,0,1,2,A,-,08,22107,,N,G,G,A,A,H,-,A,A,0,,Y,,,Y,,A,01,0,1,0,0,0,0,1,0,0,"- ","- ",,,"SAN FRANCISCO","SAN FRANCISCO",-122.4198999,37.786829959999999
8406056,2017,2017-07-21,3801,2017-06-03,1300,672,SOUTH,6,5,7,3801,0,0,0,,0,3B13C,"10TH ST","HARRISON ST",0.00,,Y,A,-,N,,,,,,,,,,N,4,0,1,2,A,-,10,21950,A,F,G,B,B,A,H,-,A,A,0,Y,,,,Y,Y,A,01,0,0,1,0,1,0,0,0,0,"- ","- ",,,"SAN FRANCISCO","SAN FRANCISCO",-122.41124993,37.771599960000003
8407563,2017,2017-07-19,3801,2017-06-24,1541,1517,TARAV,6,5,7,3801,0,0,0,,0,3I13D,"LAWTON ST","33RD AV",42.00,,N,B,-,N,,,,,,,,,,N,4,0,1,2,A,-,08,22107,,N,C,E,A,A,H,-,A,D,0,,,,,Y,,A,01,0,0,1,0,0,0,0,0,0,"- ","- ",,,"SAN FRANCISCO","SAN FRANCISCO",-122.49173999999999,37.75732996
8407576,2017,2017-07-19,3801,2017-06-06,2110,614,MISSI,2,5,7,3801,0,0,0,,0,0D6,"UTAH ST","17TH ST",0.00,,Y,B,G,N,,,,,,,,,,Y,4,0,1,4,A,-,09,21802,A,N,D,C,A,A,H,-,C,D,0,,,,,Y,,A,01,0,0,1,0,0,0,0,0,0,"- ","- ",,,"SAN FRANCISCO","SAN FRANCISCO",-122.40642986,37.764549899999999
8407579,2017,2017-07-19,3801,2017-06-23,2033,2731,RICHM,5,5,7,3801,0,0,0,,0,3G15D,"BALBOA ST","42ND AV",0.00,,Y,A,-,N,,,,,,,,,,Y,4,0,1,2,A,-,09,21802,A,N,D,C,A,A,H,-,A,A,0,,,,,Y,,A,01,0,0,1,0,0,0,0,0,0,"- ","- ",,,"SAN FRANCISCO","SAN FRANCISCO",-122.50269991,37.775479920000002
8407586,2017,2017-07-20,3801,2017-06-24,1650,1052,TENDE,6,5,7,3801,0,0,0,,0,3J12D,"MARKET ST","MARKET ST 880",45.00,E,N,A,-,N,,,,,,,,,,N,4,0,1,3,A,-,02,22400,A,N,B,G,A,A,H,-,A,A,0,,Y,,,Y,,A,01,0,0,1,0,0,0,1,0,0,"- ","- ",,,"SAN FRANCISCO","SAN FRANCISCO",,
8407588,2017,2017-08-10,3801,2017-06-25,1655,2422,BAYVI,7,5,7,3801,0,0,0,,0,,"QUESADA AV","JENNINGS ST",0.00,,Y,A,-,N,,,,,,,,,,N,4,0,1,2,A,-,09,21802,A,N,B,J,A,A,H,-,A,A,0,,,,,Y,,A,01,0,0,1,0,0,0,0,0,0,"- ","- ",,,"SAN FRANCISCO","SAN FRANCISCO",-122.38585992,37.730169949999997
8407596,2017,2017-08-10,3801,2017-06-30,1149,11,3801,5,5,7,3801,0,0,0,,0,,"20TH AV","GEARY BL",74.00,S,N,A,-,N,,,,,,,,,,N,3,0,1,2,A,S,00,72120,,N,G,B,F,A,C,-,A,D,0,Y,Y,,,Y,,L,04,0,1,0,0,1,0,0,0,0,"- ","- ",,,"SAN FRANCISCO","SAN FRANCISCO",-122.47937235000001,37.7801872
8407599,2017,2017-07-19,3801,2017-06-22,1521,A11409,SOUTH,4,5,7,3801,0,0,0,,0,0B2,"5TH ST","FOLSOM ST",0.00,,Y,A,-,N,,,,,,,,,,Y,4,0,1,2,A,-,09,21453,B,N,D,C,A,A,H,-,A,A,0,,,,,Y,,A,01,0,0,1,0,0,0,0,0,0,"- ","- ",,,"SAN FRANCISCO","SAN FRANCISCO",-122.40339985999999,37.780269969999999
8407600,2017,2017-08-10,3801,2017-06-30,2200,2400,CENTR,5,5,7,3801,0,0,0,,0,3A13E,"COLUMBUS AV","FILBERT ST",100.00,N,N,B,G,N,,,,,,,,,,Y,4,0,2,3,A,-,03,22350,,N,C,C,A,A,H,-,C,A,0,,,,,Y,,A,01,0,0,2,0,0,0,0,0,0,"- ","- ",,,"SAN FRANCISCO","SAN FRANCISCO",-122.41161618,37.801304119999998
8407613,2017,2017-07-19,3801,2017-06-19,0845,1764,TARAV,1,5,7,3801,0,0,0,,0,4B6C,"IRVING ST","20TH AV",5.00,W,N,A,-,N,,,,,,,,,,N,3,0,1,2,A,-,10,21950,A,N,G,B,B,A,H,-,A,A,0,Y,,,,Y,Y,A,01,0,1,0,0,1,0,0,0,0,"- ","- ",37.763469999999998,-122.47844000000001,"SAN FRANCISCO","SAN FRANCISCO",-122.47822728,37.76350935
8407621,2017,2017-07-19,3801,2017-06-28,1255,1498,TARAV,3,5,7,3801,0,0,0,,0,3I6B,"SADOWA ST","CAPITOL AV",110.00,W,N,A,-,N,,,,,,,,,,Y,3,0,1,2,A,-,03,22350,,M,B,E,A,A,H,-,A,D,0,,,,,Y,,A,01,0,1,0,0,0,0,0,0,0,"- ","- ",,,"SAN FRANCISCO","SAN FRANCISCO",-122.45942033999999,37.712315169999997
8407627,2017,2017-07-24,3801,2017-06-12,0846,968,MISSI,1,5,7,3801,0,0,0,,0,006,"14TH ST","SOUTH VAN NESS",75.00,W,N,A,-,N,,,,,,,,,,N,3,0,1,2,A,-,17,22517,,N,H,G,A,A,H,-,A,D,0,,Y,,,Y,,A,07,0,1,0,0,0,0,1,0,0,"- ","- ",,,"SAN FRANCISCO","SAN FRANCISCO",-122.41805864,37.768402760000001
8407645,2017,2017-07-19,3801,2017-06-27,0239,1660,SOUTH,2,5,7,3801,0,0,0,,0,0B2,"5TH ST","BRANNAN ST",0.00,,Y,A,-,N,,,,,,,,,,N,4,0,1,2,A,-,12,21453,A,N,D,C,A,A,H,-,C,A,0,,,,,Y,,A,01,0,0,1,0,0,0,0,0,0,"- ","- ",,,"SAN FRANCISCO","SAN FRANCISCO",-122.39875995,37.776569889999998
8407649,2017,2017-07-25,3801,2017-06-26,2030,448,CENTR,1,5,7,3801,0,0,0,,0,3A13D,"JONES ST","BEACH ST",0.00,,Y,A,-,N,,,,,,,,,,N,4,0,1,2,A,-,08,22101,D,N,H,F,A,A,H,-,B,-,0,,,,,Y,,A,01,0,0,1,0,0,0,0,0,0,"- ","- ",,,"SAN FRANCISCO","SAN FRANCISCO",-122.41725997,37.80707992
8407669,2017,2017-07-19,3801,2017-06-18,0146,1046,INGLE,7,5,7,3801,0,0,0,,0,3H13E,"MISSION ST","MISSION ST 3934",0.00,,Y,A,-,N,,,,,,,,,,Y,4,0,1,3,A,-,03,22350,,N,B,E,A,A,H,-,C,A,0,,,,,Y,,A,01,0,0,1,0,0,0,0,0,0,"- ","- ",,,"SAN FRANCISCO","SAN FRANCISCO",-122.42532134,37.734767189999999
8408674,2017,2017-07-28,3801,2017-05-05,0845,279,TARAV,5,5,7,3801,0,0,0,,0,3I12A,"25TH AV","JUDAH ST",300.00,N,N,A,-,N,,,,,,,,,,N,4,0,1,2,A,-,08,22107,,N,B,G,A,A,H,-,A,D,0,,Y,,,Y,,A,01,0,0,1,0,0,0,1,0,0,"- ","- ",,,"SAN FRANCISCO","SAN FRANCISCO",-122.48347916,37.762242810000004
8411102,2017,2017-07-24,3801,2017-06-20,1641,A21521,SOUTH,2,5,7,3801,0,0,0,,0,0B1,"HARRISON ST","3RD ST",122.00,E,N,A,-,N,,,,,,,,,,N,4,0,1,2,A,-,21,22106,,N,C,C,A,A,H,-,A,A,0,,,,,Y,,A,01,0,0,1,0,0,0,0,0,0,"- ","- ",,,"SAN FRANCISCO","SAN FRANCISCO",-122.39709535999999,37.782790079999998