CASE_ID,ACCIDENT_YEAR,PROC_DATE,JURIS,COLLISION_DATE,COLLISION_TIME,OFFICER_ID,REPORTING_DISTRICT,DAY_OF_WEEK,CHP_SHIFT,POPULATION,CNTY_CITY_LOC,SPECIAL_COND,BEAT_TYPE,CHP_BEAT_TYPE,CITY_DIVISION_LAPD,CHP_BEAT_CLASS,BEAT_NUMBER,PRIMARY_RD,SECONDARY_RD,DISTANCE,DIRECTION,INTERSECTION,WEATHER_1,WEATHER_2,STATE_HWY_IND,CALTRANS_COUNTY,CALTRANS_DISTRICT,STATE_ROUTE,ROUTE_SUFFIX,POSTMILE_PREFIX,POSTMILE,LOCATION_TYPE,RAMP_INTERSECTION,SIDE_OF_HWY,TOW_AWAY,COLLISION_SEVERITY,NUMBER_KILLED,NUMBER_INJURED,PARTY_COUNT,PRIMARY_COLL_FACTOR,PCF_CODE_OF_VIOL,PCF_VIOL_CATEGORY,PCF_VIOLATION,PCF_VIOL_SUBSECTION,HIT_AND_RUN,TYPE_OF_COLLISION,MVIW,PED_ACTION,ROAD_SURFACE,ROAD_COND_1,ROAD_COND_2,LIGHTING,CONTROL_DEVICE,CHP_ROAD_TYPE,PEDESTRIAN_ACCIDENT,BICYCLE_ACCIDENT,MOTORCYCLE_ACCIDENT,TRUCK_ACCIDENT,NOT_PRIVATE_PROPERTY,ALCOHOL_INVOLVED,STWD_VEHTYPE_AT_FAULT,CHP_VEHTYPE_AT_FAULT,COUNT_SEVERE_INJ,COUNT_VISIBLE_INJ,COUNT_COMPLAINT_PAIN,COUNT_PED_KILLED,COUNT_PED_INJURED,COUNT_BICYCLIST_KILLED,COUNT_BICYCLIST_INJURED,COUNT_MC_KILLED,COUNT_MC_INJURED,PRIMARY_RAMP,SECONDARY_RAMP,LATITUDE,LONGITUDE,COUNTY,CITY,POINT_X,POINT_Y
8620738,2018,2018-06-05,3801,2018-04-28,1100,A10753,INGLE,6,5,7,3801,0,0,0,,0,3H41C,"ALEMANY BL","PUTNAM ST",0.00,,Y,A,-,N,,,,,,,,,,N,4,0,1,2,A,-,03,22350,,F,C,C,A,A,H,-,A,A,0,,,,,Y,,A,07,0,0,1,0,0,0,0,0,0,"- ","- ",,,"SAN FRANCISCO","SAN FRANCISCO",-122.41084289550781,37.734828948974609
8620778,2018,2018-06-01,3801,2018-04-27,1732,1430,MISIS,5,5,7,3801,0,0,0,,0,3D14D,"ALAMEDA ST","25TH ST",0.00,,Y,A,-,N,,,,,,,,,,N,4,0,1,2,A,-,03,22350,,F,A,C,A,A,H,-,A,D,0,,,,,Y,,A,08,0,0,1,0,0,0,0,0,0,"- ","- ",,,"SAN FRANCISCO","SAN FRANCISCO",,
8620929,2018,2018-06-07,3801,2018-04-07,2355,200,NORTH,6,5,7,3801,0,0,0,,0,3E14E,"DIVISADERO ST","MCALLISTER ST",6.00,N,N,A,-,N,,,,,,,,,,N,4,0,1,2,A,-,10,21950,A,N,G,B,B,A,H,-,C,A,0,Y,,,,Y,,A,01,0,0,1,0,1,0,0,0,0,"- ","- ",,,"SAN FRANCISCO","SAN FRANCISCO",-122.43836212158203,37.777805328369141
8623569,2018,2018-05-29,3801,2018-03-28,0625,211,SOUTH,3,5,7,3801,0,0,0,,0,4CAR,"MARKET ST","GOUGH ST",0.00,,Y,A,-,N,,,,,,,,,,Y,4,0,3,3,A,-,12,21453,A,N,D,C,A,A,H,-,B,A,0,,,,,Y,,A,01,0,0,3,0,0,0,0,0,0,"- ","- ",,,"SAN FRANCISCO","SAN FRANCISCO",-122.42221069335938,37.772869110107422
8623891,2018,2018-07-30,3801,2018-04-27,1809,"BOWKER 2",TENDE,5,5,7,3801,0,0,0,,0,002,"STEVENSON ST","6TH ST",0.00,,Y,A,-,N,,,,,,,,,,N,3,0,1,2,A,-,10,21950,A,F,G,B,E,A,H,-,B,D,0,Y,,,,Y,Y,A,01,0,1,0,0,1,0,0,0,0,"- ","- ",,,"SAN FRANCISCO","SAN FRANCISCO",-122.40966796875,37.781768798828125
8623892,2018,2018-08-23,3801,2018-04-02,2311,A09150,NORTH,1,5,7,3801,0,0,0,,0,3E16E,"LOMBARD ST","FRANKLIN ST",0.00,,Y,A,-,Y,SF,4,101,-,-,6.806,I,5,S,Y,3,0,4,2,A,-,12,21453,A,N,D,C,A,A,H,-,C,A,0,,,,,Y,,A,01,0,1,3,0,0,0,0,0,0,"- ","- ",,,"SAN FRANCISCO","SAN FRANCISCO",-122.42622375488281,37.801074981689453
8623899,2018,2018-08-23,3801,2018-04-05,1816,A10726,NORTH,4,5,7,3801,0,0,0,,0,3E16D,"VAN NESS AV","PACIFIC AV",0.00,,Y,B,C,Y,SF,4,101,-,-,6.240,H,-,N,Y,2,0,2,2,A,-,03,22350,,N,E,D,A,B,-,-,A,A,0,,,Y,,Y,,A,01,1,0,1,0,0,0,0,0,1,"- ","- ",,,"SAN FRANCISCO","SAN FRANCISCO",-122.42311096191406,37.794692993164062
8623919,2018,2018-07-30,3801,2018-04-14,1100,2266,INGLE,6,5,7,3801,0,0,0,,0,3H15A,TERESITA,"MOLIMO DR",0.00,,Y,A,-,N,,,,,,,,,,Y,4,0,2,2,A,-,09,21801,A,N,D,C,A,A,H,-,A,D,0,,,,,Y,,A,01,0,0,2,0,0,0,0,0,0,"- ","- ",,,"SAN FRANCISCO","SAN FRANCISCO",-122.44600677490234,37.737148284912109
8623942,2018,2018-07-03,3801,2018-03-31,2144,SFPD665,1020,6,5,7,3801,0,0,0,,0,004,"S AIRPORT BL","ROAD 21",190.00,S,N,A,-,N,,,,,,,,,,Y,3,0,3,5,A,-,03,22350,,N,C,C,A,A,H,-,C,A,0,,,,,Y,,A,01,0,1,2,0,0,0,0,0,0,"- ","- ",,,"SAN FRANCISCO","SAN FRANCISCO",,
8624059,2018,2018-05-22,3801,2018-04-04,1947,2108,TENDE,3,5,7,3801,0,0,0,,0,3J52D,"MARKET ST","KEARNEY ST",246.00,W,N,A,-,N,,,,,,,,,,N,4,0,1,4,A,-,17,22517,,N,H,G,A,A,H,-,C,A,0,,Y,,,Y,,N,60,0,0,1,0,0,0,1,0,0,"- ","- ",,,"SAN FRANCISCO","SAN FRANCISCO",-122.40406036376953,37.787181854248047
8624063,2018,2018-05-22,3801,2018-04-12,0655,1304,COB,4,5,7,3801,0,0,0,,0,3B13A,"TOWNSEND ST","6TH ST",0.00,,Y,A,-,N,,,,,,,,,,N,4,0,1,2,A,-,09,21801,A,M,D,C,A,A,H,-,A,A,0,,,,,Y,,A,01,0,0,1,0,0,0,0,0,0,"- ","- ",,,"SAN FRANCISCO","SAN FRANCISCO",-122.39942932128906,37.773609161376953
8624945,2018,2018-07-16,3801,2018-05-10,1624,2132,MISSI,4,5,7,3801,0,0,0,,0,3D65C,"MARKET ST","SANCHEZ ST",0.00,,Y,A,-,N,,,,,,,,,,Y,4,0,1,2,A,-,08,22100,B,N,B,C,A,A,H,-,A,A,0,,,,,Y,,-,,0,0,1,0,0,0,0,0,0,"- ","- ",,,"SAN FRANCISCO","SAN FRANCISCO",-122.43100738525391,37.765979766845703
8636170,2018,2018-06-25,3801,2018-05-18,0755,2126,TRAFF,5,5,7,3801,0,0,0,,0,3A70A,"GEARY ST","STOCKTON ST",120.00,W,N,B,-,N,,,,,,,,,,N,3,0,2,2,A,-,08,22107,,N,B,A,A,B,H,-,A,A,0,,,,,Y,,A,01,0,1,1,0,0,0,0,0,0,"- ","- ",,,"SAN FRANCISCO","SAN FRANCISCO",-122.40699005126953,37.787506103515625
8636174,2018,2018-07-03,3801,2018-05-17,1630,2379,INGLE,4,5,7,3801,0,0,0,,0,3H11D,"MISSION ST","CESAR CHAVEZ ST",0.00,,Y,A,-,N,,,,,,,,,,N,4,0,1,2,A,-,08,22107,,M,B,C,A,A,H,-,A,D,0,,,,,Y,,A,07,0,0,1,0,0,0,0,0,0,"- ","- ",,,"SAN FRANCISCO","SAN FRANCISCO",-122.41815185546875,37.748180389404297
8636187,2018,2018-06-29,3801,2018-05-22,1604,2392,MISSI,2,5,7,3801,0,0,0,,0,901,"20TH ST","RIGHT OF WY",67.00,E,N,B,-,N,,,,,,,,,,,4,0,1,2,A,-,09,21804,,N,D,C,A,A,H,-,A,D,0,,,,,Y,,M,94,0,0,1,0,0,0,0,0,0,"- ","- ",,,"SAN FRANCISCO","SAN FRANCISCO",,
8636682,2018,2018-06-26,3801,2018-05-07,1444,2088,INGLE,1,5,7,3801,0,0,0,,0,3H75,"BOSWORTH ST","BURNSIDE AV",200.00,W,N,A,-,N,,,,,,,,,,Y,4,0,1,2,A,-,08,22107,,N,B,C,A,A,H,-,A,D,0,,,,,Y,,D,22,0,0,1,0,0,0,0,0,0,"- ","- ",,,"SAN FRANCISCO","SAN FRANCISCO",-122.43910980224609,37.734603881835938
8636785,2018,2018-07-24,3801,2018-05-29,1052,1003,INGLE,2,5,7,3801,0,0,0,,0,003,"MISSION ST",HARRINGTON,0.00,,Y,A,-,N,,,,,,,,,,N,4,0,3,2,A,-,09,21802,A,N,C,C,A,A,H,-,A,A,0,,,,,Y,,A,01,0,0,3,0,0,0,0,0,0,"- ","- ",,,"SAN FRANCISCO","SAN FRANCISCO",-122.43444061279297,37.725181579589844
8636792,2018,2018-07-18,3801,2018-05-26,1112,1518,,6,5,7,3801,0,0,0,,0,0C5,"SHAFTER AV","SHAFTER AV 1467",0.00,,-,A,-,N,,,,,,,,,,Y,3,0,1,4,A,-,01,23152,A,N,C,E,A,A,H,-,C,A,0,,,,,Y,Y,A,01,0,1,0,0,0,0,0,0,0,"- ","- ",,,"SAN FRANCISCO","SAN FRANCISCO",-122.38824,37.729624000000001
8636802,2018,2018-06-22,3801,2018-05-24,1645,459,RICHM,4,5,7,3801,0,0,0,,0,3G12D,"CABRILLO ST","22ND AV",132.00,W,N,A,-,N,,,,,,,,,,Y,2,0,1,3,A,-,03,22350,,N,C,E,A,A,H,-,A,D,0,,,,,Y,,A,01,1,0,0,0,0,0,0,0,0,"- ","- ",,,"SAN FRANCISCO","SAN FRANCISCO",-122.48157501220703,37.774566650390625
8636816,2018,2018-06-21,3801,2018-05-05,1225,367,TARAV,6,5,7,3801,0,0,0,,0,3I15A,"BROTHERHOOD WY","CHURCH ACCESS RD",58.00,E,N,B,-,N,,,,,,,,,,Y,4,0,2,2,A,-,12,21453,A,N,D,C,A,A,H,-,A,A,0,,,,,Y,,A,01,0,0,2,0,0,0,0,0,0,"- ","- ",,,"SAN FRANCISCO","SAN FRANCISCO",-122.47535705566406,37.713996887207031
8636838,2018,2018-06-22,3801,2018-05-11,1155,2375,RICHM,5,5,7,3801,0,0,0,,0,3G60,"ANZA ST","SPRUCE ST",0.00,,Y,A,-,N,,,,,,,,,,Y,4,0,1,2,A,-,09,21801,A,N,A,C,A,A,H,-,A,D,0,,,,,Y,,A,01,0,0,1,0,0,0,0,0,0,"- ","- ",,,"SAN FRANCISCO","SAN FRANCISCO",-122.45287322998047,37.780368804931641
8636840,2018,2018-06-21,3801,2018-05-05,1605,1523,NORTH,6,5,7,3801,0,0,0,,0,6CAR,"GOUGH ST","SACRAMENTO ST",0.00,,Y,A,-,N,,,,,,,,,,Y,4,0,2,3,A,-,04,21703,,N,-,C,A,A,H,-,A,A,0,,,,,Y,,A,01,0,0,2,0,0,0,0,0,0,"- ","- ",,,"SAN FRANCISCO","SAN FRANCISCO",-122.42578887939453,37.790878295898438
8636842,2018,2018-06-22,3801,2018-05-10,1925,1994,CENTR,4,5,7,3801,0,0,0,,0,4B3G,"3RD ST","MARKET ST",2.00,S,N,A,-,N,,,,,,,,,,N,3,0,1,2,A,-,11,21456,B,N,-,B,B,A,H,-,A,A,0,Y,,,,Y,,N,60,0,1,0,0,1,0,0,0,0,"- ","- ",,,"SAN FRANCISCO","SAN FRANCISCO",-122.40345764160156,37.787654876708984
8636843,2018,2018-06-22,3801,2018-05-29,2109,1372,INGLE,2,5,7,3801,0,0,0,,0,3H11E,"SAN JOSE AV","DOLORES ST",0.00,,Y,A,-,N,,,,,,,,,,N,3,0,1,2,A,-,09,21802,A,N,C,G,A,A,H,-,C,D,0,,Y,,,Y,,A,07,0,1,0,0,0,0,1,0,0,"- ","- ",,,"SAN FRANCISCO","SAN FRANCISCO",-122.42414093017578,37.740280151367188
8636850,2018,2018-06-22,3801,2018-05-16,1637,386,TENDE,3,5,7,3801,0,0,0,,0,3J11D,"MARKET ST","8TH ST",50.00,W,N,A,-,N,,,,,,,,,,N,3,0,1,2,A,-,11,21954,A,N,G,B,D,A,H,-,A,A,0,Y,,,,Y,,N,60,0,1,0,0,1,0,0,0,0,"- ","- ",,,"SAN FRANCISCO","SAN FRANCISCO",-122.41488647460938,37.778614044189453
8636852,2018,2018-06-21,3801,2018-05-31,1945,621,INGLE,4,5,7,3801,0,0,0,,0,3H15D,"SENECA AV","DELANO AV",0.00,,Y,A,-,N,,,,,,,,,,N,4,0,1,2,A,-,12,22450,A,N,G,B,B,A,H,-,A,A,0,Y,,,,Y,,A,01,0,0,1,0,1,0,0,0,0,"- ","- ",,,"SAN FRANCISCO","SAN FRANCISCO",-122.44448852539062,37.721080780029297
8636853,2018,2018-08-22,3801,2018-05-06,1154,2028,INGLE,7,5,7,3801,0,0,0,,0,3H4C,"OCEAN AV","RT 280",110.00,E,N,A,-,Y,SF,4,280,-,R,1.924,R,4,N,N,3,0,2,1,A,-,03,22350,,N,H,I,A,A,A,-,A,A,0,,Y,,,Y,,L,04,0,2,0,0,0,0,2,0,0,"- ",NO,,,"SAN FRANCISCO","SAN FRANCISCO",-122.44673156738281,37.725086212158203
8636864,2018,2018-06-21,3801,2018-05-25,1756,4187,,5,5,7,3801,0,0,0,,0,,"16TH ST","POTRERO AV",230.00,W,N,B,-,N,,,,,,,,,,,4,0,2,3,A,-,03,22350,,N,C,C,A,A,H,-,A,D,0,,,,,Y,,A,07,0,0,2,0,0,0,0,0,0,"- ","- ",,,"SAN FRANCISCO","SAN FRANCISCO",-122.40835571289062,37.765716552734375
8636878,2018,2018-06-22,3801,2018-05-13,1815,2374,INGLE,7,5,7,3801,0,0,0,,0,0H3,"CAMBRIDGE ST","GLADSTONE DR",72.00,W,N,A,-,N,,,,,,,,,,N,3,0,1,3,A,-,09,21804,A,N,D,G,A,A,H,-,A,D,0,,Y,,,Y,,L,04,0,1,0,0,0,0,1,0,0,"- ","- ",,,"SAN FRANCISCO","SAN FRANCISCO",-122.42041778564453,37.731433868408203
8636885,2018,2018-06-25,3801,2018-05-01,1326,453,TENDE,2,5,7,3801,0,0,0,,0,3J5,"ELLIS ST","LEAVENWORTH ST",168.00,W,N,A,-,N,,,,,,,,,,N,4,0,1,3,A,-,03,22350,,N,B,G,A,A,-,-,A,D,0,,Y,,,Y,,L,04,0,0,1,0,0,0,1,0,0,"- ","- ",,,"SAN FRANCISCO","SAN FRANCISCO",-122.41499328613281,37.784587860107422
8636888,2018,2018-06-22,3801,2018-05-09,1805,2207,CENTR,3,5,7,3801,0,0,0,,0,3A4D,"THE EMBARCADERO","STOCKTON ST",0.00,,Y,A,-,N,,,,,,,,,,,4,0,1,2,A,-,05,21202,A,N,H,G,A,A,H,-,A,A,0,,Y,,,Y,,L,04,0,0,1,0,0,0,1,0,0,"- ","- ",,,"SAN FRANCISCO","SAN FRANCISCO",-122.41082,37.808321999999997
8636892,2018,2018-06-27,3801,2018-05-09,1816,4017,SOUTH,3,5,7,3801,0,0,0,,0,901,"TOWNSEND ST","STANFORD ST",0.00,,Y,A,-,N,,,,,,,,,,N,4,0,1,2,A,-,08,22107,,N,D,J,A,A,H,-,A,D,0,,,,,Y,,A,01,0,0,1,0,0,0,0,0,0,"- ","- ",,,"SAN FRANCISCO","SAN FRANCISCO",-122.39108276367188,37.780200958251953
8636901,2018,2018-11-09,3801,2018-05-24,0800,1572,SOUTH,4,5,7,3801,0,0,0,,0,3B4A,"11TH ST",NATOMA,0.00,,N,B,-,N,,,,,,,,,,N,3,0,1,2,A,-,07,21658,A,N,B,G,A,A,H,-,A,D,0,,Y,,,Y,,L,04,0,1,0,0,0,0,1,0,0,"- ","- ",,,"SAN FRANCISCO","SAN FRANCISCO",-122.41609954833984,37.773521423339844
8636905,2018,2018-08-06,3801,2018-05-22,1845,890,BAYVI,2,5,7,3801,0,0,0,,0,3C12D,"PALOU AV","SELBY AV",0.00,,Y,B,-,N,,,,,,,,,,Y,4,0,3,2,A,-,12,22450,A,N,B,C,A,A,H,-,B,A,0,,,,,Y,,A,01,0,0,3,0,0,0,0,0,0,"- ","- ",,,"SAN FRANCISCO","SAN FRANCISCO",-122.40026092529297,37.739288330078125
8636919,2018,2018-06-22,3801,2018-05-04,0829,2375,RICHM,5,5,7,3801,0,0,0,,0,3G60,"FULTON ST","22ND AV",0.00,,Y,A,-,N,,,,,,,,,,Y,4,0,2,2,A,-,12,21453,A,N,D,C,A,A,H,-,-,A,0,,,,,Y,,A,01,0,0,2,0,0,0,0,0,0,"- ","- ",,,"SAN FRANCISCO","SAN FRANCISCO",-122.48098754882812,37.772708892822266
8636920,2018,2018-06-22,3801,2018-05-13,0445,382,NORTH,7,5,7,3801,0,0,0,,0,3E15E,"LAGUNA ST","NORTH POINT ST",0.00,,Y,A,-,N,,,,,,,,,,N,3,0,1,2,A,-,08,22100,B,F,D,G,A,A,H,-,C,D,0,,Y,,,Y,,A,01,0,1,0,0,0,0,1,0,0,"- ","- ",,,"SAN FRANCISCO","SAN FRANCISCO",-122.43186950683594,37.80426025390625
8636921,2018,2018-06-25,3801,2018-05-22,1804,2342,NORTH,2,5,7,3801,0,0,0,,0,3E13D,"BROADWAY ST","FRANKLIN ST",190.00,E,N,A,-,N,,,,,,,,,,N,2,0,1,2,C,-,18,,,N,H,G,A,A,H,-,B,D,0,,Y,,,Y,,-,"- ",1,0,0,0,0,0,1,0,0,"- ","- ",,,"SAN FRANCISCO","SAN FRANCISCO",-122.42437744140625,37.795616149902344
8636925,2018,2018-06-25,3801,2018-05-21,0822,2202,TRAFF,1,5,7,3801,0,0,0,,0,INGLES,"ALEMANY BL","THERESA ST",0.00,,Y,A,-,N,,,,,,,,,,Y,4,0,2,4,A,-,03,22350,,N,C,-,A,A,H,-,A,D,0,,,,,Y,,A,01,0,0,2,0,0,0,0,0,0,"- ","- ",,,"SAN FRANCISCO","SAN FRANCISCO",-122.43453216552734,37.728790283203125
8636926,2018,2018-06-21,3801,2018-05-08,2330,27,TARAV,2,5,7,3801,0,0,0,,0,3I1B,"MORAGA ST","GREAT HWY",4.00,E,N,E,-,N,,,,,,,,,,N,3,0,1,2,A,-,10,21950,A,F,G,B,B,B,H,-,C,D,0,Y,,,,Y,,-,99,0,1,0,0,1,0,0,0,0,"- ","- ",,,"SAN FRANCISCO","SAN FRANCISCO",-122.50865936279297,37.754680633544922
8636928,2018,2018-06-22,3801,2018-05-11,1708,754,NORTH,5,5,7,3801,0,0,0,,0,3E15D,BAY,FILLMORE,0.00,,Y,A,-,N,,,,,,,,,,N,4,0,1,2,A,-,09,21801,A,N,D,G,A,A,H,-,A,A,0,,Y,,,Y,,-,,0,0,1,0,0,0,1,0,0,"- ","- ",,,"SAN FRANCISCO","SAN FRANCISCO",-122.43665313720703,37.802700042724609
8636950,2018,2018-06-21,3801,2018-05-21,1310,2209,3801,1,5,7,3801,0,0,0,,0,3D11C,"MARKET ST","MARKET ST 2143",0.00,,N,A,-,N,,,,,,,,,,N,2,0,1,2,A,-,17,21235,G,N,A,J,F,A,H,-,A,D,0,Y,,,,Y,,-,,1,0,0,0,1,0,0,0,0,"- ","- ",,,"SAN FRANCISCO","SAN FRANCISCO",-122.42878,37.767543000000003
8636954,2018,2018-06-21,3801,2018-05-27,0230,1514,MISSI,7,5,7,3801,0,0,0,,0,003,"SAN CARLOS ST","21ST ST",95.00,N,N,A,-,N,,,,,,,,,,Y,3,0,1,1,A,-,01,23153,A,N,E,I,A,A,H,-,C,D,0,,,,,Y,Y,-,"- ",0,1,0,0,0,0,0,0,0,"- ","- ",,,"SAN FRANCISCO","SAN FRANCISCO",-122.41971588134766,37.757240295410156
8636962,2018,2018-06-21,3801,2018-05-15,0605,1990,TRAFF,2,5,7,3801,0,0,0,,0,SOUTHE,"MARKET ST","GOUGH ST",0.00,,Y,B,-,N,,,,,,,,,,Y,3,0,1,2,D,-,00,,,N,D,C,A,A,H,-,B,A,0,,,,,Y,,-,"- ",0,1,0,0,0,0,0,0,0,"- ","- ",,,"SAN FRANCISCO","SAN FRANCISCO",-122.42221069335938,37.772869110107422
8636971,2018,2018-06-22,3801,2018-05-31,1353,2716,TARAV,4,5,7,3801,0,0,0,,0,3I11A,"9TH AV","12TH AV",457.00,E,N,A,-,N,,,,,,,,,,N,2,0,1,1,D,-,00,,,N,H,A,A,A,H,-,A,D,0,,Y,,,Y,,-,"- ",1,0,0,0,0,0,1,0,0,"- ","- ",,,"SAN FRANCISCO","SAN FRANCISCO",-122.46685791015625,37.747203826904297
8636974,2018,2018-06-21,3801,2018-05-16,2358,160,TARAV,3,5,7,3801,0,0,0,,0,3I15E,"19TH AV","JUNIPERO SERRA",0.00,,Y,A,-,N,,,,,,,,,,,4,0,1,2,A,-,03,22350,,M,C,C,A,A,H,-,C,A,0,,,,,Y,,-,"- ",0,0,1,0,0,0,0,0,0,"- ","- ",,,"SAN FRANCISCO","SAN FRANCISCO",-122.47271728515625,37.717178344726562
8636976,2018,2018-06-25,3801,2018-05-16,1630,459,RICHM,3,5,7,3801,0,0,0,,0,RICHMO,"GEARY BL","7TH AV",0.00,,Y,A,-,N,,,,,,,,,,N,3,0,1,2,A,-,11,21453,D,N,B,B,B,A,H,-,A,A,0,Y,,,,Y,,N,60,0,1,0,0,1,0,0,0,0,"- ","- ",,,"SAN FRANCISCO","SAN FRANCISCO",-122.46537017822266,37.781028747558594
8636986,2018,2018-06-21,3801,2018-05-28,0730,2395,MISSI,1,5,7,3801,0,0,0,,0,005,"13TH ST","MISSION ST",0.00,,Y,A,-,N,,,,,,,,,,N,4,0,1,2,A,-,12,21453,A,N,B,J,A,A,H,-,A,A,0,,,,,Y,,-,,0,0,1,0,0,0,0,0,0,"- ","- ",,,"SAN FRANCISCO","SAN FRANCISCO",-122.42018127441406,37.769989013671875
8636987,2018,2018-06-22,3801,2018-05-31,1515,195,3E14D,4,5,7,3801,0,0,0,,0,3E1,"MARKET ST","GOUGH ST",0.00,,Y,A,-,N,,,,,,,,,,N,3,0,1,2,A,-,00,20001,,F,-,-,A,A,H,-,A,A,0,,Y,,,Y,,-,,0,1,0,0,0,0,1,0,0,"- ","- ",,,"SAN FRANCISCO","SAN FRANCISCO",-122.42221069335938,37.772869110107422
8636988,2018,2018-06-25,3801,2018-05-09,1430,274,RICHM,3,5,7,3801,0,0,0,,0,3G14C,"28TH AV","GEARY BL",0.00,,Y,A,-,N,,,,,,,,,,Y,4,0,1,2,A,-,12,21453,A,N,A,-,A,A,H,-,A,A,0,,,,,Y,,A,01,0,0,1,0,0,0,0,0,0,"- ","- ",,,"SAN FRANCISCO","SAN FRANCISCO",-122.48795318603516,37.780021667480469
8636992,2018,2018-06-25,3801,2018-05-04,1630,4040,NORTH,5,5,7,3801,0,0,0,,0,3E12C,"EDDY ST","GOUGH ST",344.00,W,N,A,-,N,,,,,,,,,,N,4,0,1,2,A,-,00,21451,,N,A,C,A,A,H,-,A,D,0,,,,,Y,Y,A,01,0,0,1,0,0,0,0,0,0,"- ","- ",,,"SAN FRANCISCO","SAN FRANCISCO",-122.42529296875,37.782325744628906
8637006,2018,2018-06-21,3801,2018-05-25,1645,459,RICHM,5,5,7,3801,0,0,0,,0,3G12D,"CABRILLO ST","22ND AV",132.00,W,N,A,-,N,,,,,,,,,,Y,2,0,1,3,A,-,03,22350,,N,C,E,A,A,H,-,A,D,0,,,,,Y,,A,01,1,0,0,0,0,0,0,0,0,"- ","- ",,,"SAN FRANCISCO","SAN FRANCISCO",-122.48157501220703,37.774566650390625
8637008,2018,2018-06-25,3801,2018-05-31,1114,1973,CENTR,4,5,7,3801,0,0,0,,0,,"THE EMBARCADERO","LOMBARD ST",0.00,,Y,A,-,N,,,,,,,,,,Y,3,0,2,2,A,-,12,21453,A,N,D,G,A,A,H,-,A,A,0,,Y,Y,,Y,,L,04,0,1,1,0,0,0,1,0,1,"- ","- ",,,"SAN FRANCISCO","SAN FRANCISCO",-122.40220642089844,37.804168701171875
8637018,2018,2018-06-21,3801,2018-05-26,2324,460,CENTR,6,5,7,3801,0,0,0,,0,3A15E,"JONES ST","SUTTER ST",13.00,S,N,A,-,N,,,,,,,,,,N,4,0,1,2,A,-,10,21950,A,N,G,B,B,A,H,-,C,A,0,Y,,,,Y,,A,01,0,0,1,0,1,0,0,0,0,"- ","- ",,,"SAN FRANCISCO","SAN FRANCISCO",-122.41351318359375,37.788566589355469
8637019,2018,2018-06-22,3801,2018-05-28,2244,2353,NORTH,1,5,7,3801,0,0,0,,0,"3 CAR","POLK ST","BUSH ST",5.00,N,N,A,-,N,,,,,,,,,,N,3,0,1,2,A,-,03,22350,,F,G,B,A,A,H,-,C,D,0,,Y,,,Y,Y,A,01,0,1,0,0,0,0,1,0,0,"- ","- ",,,"SAN FRANCISCO","SAN FRANCISCO",-122.42030334472656,37.788703918457031
8637023,2018,2018-06-22,3801,2018-05-23,0855,737,NORTH,3,5,7,3801,0,0,0,,0,3E5A,"WEBSTER ST","UNION ST",0.00,,Y,C,-,N,,,,,,,,,,N,4,0,1,2,A,-,12,22450,A,N,D,C,A,B,H,-,A,D,0,,,,,Y,Y,A,01,0,0,1,0,0,0,0,0,0,"- ","- ",,,"SAN FRANCISCO","SAN FRANCISCO",-122.433837890625,37.797298431396484
8637026,2018,2018-06-21,3801,2018-05-26,2000,2300,TENDE,6,5,7,3801,0,0,0,,0,3J12D,"HYDE ST","ELLIS ST",70.00,S,N,A,-,N,,,,,,,,,,N,3,0,1,2,A,-,11,21955,,N,A,B,D,A,H,-,C,D,0,Y,,,,Y,,N,60,0,1,0,0,1,0,0,0,0,"- ","- ",,,"SAN FRANCISCO","SAN FRANCISCO",-122.41602325439453,37.784259796142578
8637028,2018,2018-06-26,3801,2018-05-16,1020,310,TARAV,3,5,7,3801,0,0,0,,0,3I11A,"RIVERA ST","31ST AV",0.00,,Y,A,-,N,,,,,,,,,,Y,4,0,2,2,A,-,12,22450,A,N,D,C,A,A,H,-,A,A,0,,,,,Y,,A,01,0,0,2,0,0,0,0,0,0,"- ","- ",,,"SAN FRANCISCO","SAN FRANCISCO",-122.48880767822266,37.746189117431641
8637032,2017,2018-06-26,3801,2017-05-16,1839,002244,CENTR,2,5,7,3801,0,0,0,,0,3A15D,"MARKET ST","SUTTER ST",15.00,E,N,A,-,N,,,,,,,,,,N,4,0,1,2,A,-,04,21703,,N,C,G,A,A,H,-,A,D,0,,Y,,,Y,,L,04,0,0,1,0,0,0,1,0,0,"- ","- ",,,"SAN FRANCISCO","SAN FRANCISCO",-122.40010226,37.790328299999999
8639090,2018,2018-07-19,3801,2018-05-21,1735,4187,MISSI,1,5,7,3801,0,0,0,,0,3D13D,"FOLSOM ST","25TH ST",0.00,,Y,A,-,N,,,,,,,,,,Y,3,0,2,4,A,-,12,22450,A,F,D,C,A,A,H,-,A,A,0,,,,,Y,,A,01,0,1,1,0,0,0,0,0,0,"- ","- ",,,"SAN FRANCISCO","SAN FRANCISCO",-122.4139404296875,37.750919342041016
8640293,2018,2018-06-28,3801,2018-05-26,1855,4006,TARAV,6,5,7,3801,0,0,0,,0,3I11D,"9TH AV","IRVING ST",145.00,N,N,A,-,N,,,,,,,,,,N,4,0,1,2,A,-,09,21801,A,N,D,C,A,A,H,-,A,D,0,,,,,Y,,A,01,0,0,1,0,0,0,0,0,0,"- ","- ",,,"SAN FRANCISCO","SAN FRANCISCO",-122.46634674072266,37.764438629150391
8640356,2018,2018-06-25,3801,2018-04-30,0947,184,TENDE,1,5,7,3801,0,0,0,,0,3J14A,"TAYLOR ST","GOLDEN GATE AV",0.00,,Y,B,-,N,,,,,,,,,,N,3,0,1,2,A,-,09,21804,A,N,H,A,A,A,H,-,A,A,0,,,Y,,Y,,A,01,0,1,0,0,0,0,0,0,1,"- ","- ",,,"SAN FRANCISCO","SAN FRANCISCO",-122.41060638427734,37.782398223876953