CASE_ID,ACCIDENT_YEAR,PROC_DATE,JURIS,COLLISION_DATE,COLLISION_TIME,OFFICER_ID,REPORTING_DISTRICT,DAY_OF_WEEK,CHP_SHIFT,POPULATION,CNTY_CITY_LOC,SPECIAL_COND,BEAT_TYPE,CHP_BEAT_TYPE,CITY_DIVISION_LAPD,CHP_BEAT_CLASS,BEAT_NUMBER,PRIMARY_RD,SECONDARY_RD,DISTANCE,DIRECTION,INTERSECTION,WEATHER_1,WEATHER_2,STATE_HWY_IND,CALTRANS_COUNTY,CALTRANS_DISTRICT,STATE_ROUTE,ROUTE_SUFFIX,POSTMILE_PREFIX,POSTMILE,LOCATION_TYPE,RAMP_INTERSECTION,SIDE_OF_HWY,TOW_AWAY,COLLISION_SEVERITY,NUMBER_KILLED,NUMBER_INJURED,PARTY_COUNT,PRIMARY_COLL_FACTOR,PCF_CODE_OF_VIOL,PCF_VIOL_CATEGORY,PCF_VIOLATION,PCF_VIOL_SUBSECTION,HIT_AND_RUN,TYPE_OF_COLLISION,MVIW,PED_ACTION,ROAD_SURFACE,ROAD_COND_1,ROAD_COND_2,LIGHTING,CONTROL_DEVICE,CHP_ROAD_TYPE,PEDESTRIAN_ACCIDENT,BICYCLE_ACCIDENT,MOTORCYCLE_ACCIDENT,TRUCK_ACCIDENT,NOT_PRIVATE_PROPERTY,ALCOHOL_INVOLVED,STWD_VEHTYPE_AT_FAULT,CHP_VEHTYPE_AT_FAULT,COUNT_SEVERE_INJ,COUNT_VISIBLE_INJ,COUNT_COMPLAINT_PAIN,COUNT_PED_KILLED,COUNT_PED_INJURED,COUNT_BICYCLIST_KILLED,COUNT_BICYCLIST_INJURED,COUNT_MC_KILLED,COUNT_MC_INJURED,PRIMARY_RAMP,SECONDARY_RAMP,LATITUDE,LONGITUDE,COUNTY,CITY,POINT_X,POINT_Y
8817736,2019,2019-03-18,3801,2019-02-05,1724,4140,TARAV,2,5,7,3801,0,0,0,,0,3I15D,"SLOAT BL","FOREST VIEW DR",0.00,,Y,A,-,N,,,,,,,,,,N,4,0,2,2,A,-,09,21801,A,N,D,C,A,A,H,-,A,A,0,,,,,Y,,A,01,0,0,2,0,0,0,0,0,0,"- ","- ",,,"SAN FRANCISCO","SAN FRANCISCO",-122.48375701904297,37.734451293945312
8817737,2019,2019-03-21,3801,2019-02-02,1900,874,CENTR,6,5,7,3801,0,0,0,,0,3A15D,"CALIFORNIA ST","SANSOME ST",123.00,E,N,C,-,N,,,,,,,,,,N,4,0,1,2,A,-,21,22106,,N,G,B,E,B,H,-,C,D,0,Y,,,,Y,,A,01,0,0,1,0,1,0,0,0,0,"- ","- ",,,"SAN FRANCISCO","SAN FRANCISCO",-122.40071868896484,37.793148040771484
8817741,2019,2019-03-21,3801,2019-02-02,1849,2419,RICHM,6,5,7,3801,0,0,0,,0,004,"CALIFORNIA ST","26TH AV",0.00,,Y,C,-,N,,,,,,,,,,,3,0,1,2,A,-,03,22350,,N,G,B,B,B,-,-,C,D,0,Y,,,,Y,,A,07,0,1,0,0,1,0,0,0,0,"- ","- ",,,"SAN FRANCISCO","SAN FRANCISCO",-122.48607635498047,37.783828735351562
8817744,2019,2019-03-18,3801,2019-02-12,1102,1922,SOUTH,2,5,7,3801,0,0,0,,0,901,"MISSION ST","7TH ST",300.00,E,N,A,-,N,,,,,,,,,,Y,3,0,1,2,A,-,08,22102,,N,D,C,A,A,H,-,A,D,0,,,Y,,Y,,A,01,0,1,0,0,0,0,0,0,1,"- ","- ",,,"SAN FRANCISCO","SAN FRANCISCO",-122.41017150878906,37.779796600341797
8817748,2019,2019-03-19,3801,2019-02-12,1130,196,CENTR,2,5,7,3801,0,0,0,,0,3A15A,"SACRAMENTO ST","DAVIS ST",136.00,E,N,B,-,N,,,,,,,,,,N,3,0,1,2,A,-,05,21651,A,N,G,B,D,A,H,-,A,A,0,Y,,,,Y,,N,60,0,1,0,0,1,0,0,0,0,"- ","- ",,,"SAN FRANCISCO","SAN FRANCISCO",-122.39732360839844,37.794540405273438
8817754,2019,2019-03-20,3801,2019-02-12,1635,386,MISSI,2,5,7,3801,0,0,0,,0,3D14D,"HARRISON ST","17TH ST",42.00,S,N,A,-,N,,,,,,,,,,N,4,0,1,2,A,-,06,21760,B,F,B,G,A,A,H,-,A,D,0,,Y,,,Y,,A,01,0,0,1,0,0,0,1,0,0,"- ","- ",,,"SAN FRANCISCO","SAN FRANCISCO",-122.41300201416016,37.76397705078125
8817764,2019,2019-03-20,3801,2019-02-26,2200,2705,BAYVI,2,5,7,3801,0,0,0,,0,3C13D,"KANSAS ST","26TH ST",0.00,,Y,B,C,N,,,,,,,,,,,4,0,1,2,A,-,10,21950,A,F,G,B,B,B,H,-,C,A,0,Y,,,,Y,,A,01,0,0,1,0,1,0,0,0,0,"- ","- ",,,"SAN FRANCISCO","SAN FRANCISCO",-122.40220642089844,37.750598907470703
8817776,2019,2019-03-20,3801,2019-02-02,1812,4314,RICHM,6,5,7,3801,0,0,0,,0,0G4,"FULTON ST","22ND AV",74.00,E,N,C,-,N,,,,,,,,,,N,2,0,1,3,A,-,11,21954,A,N,G,B,D,B,H,-,C,D,0,Y,,,,Y,,N,60,1,0,0,0,1,0,0,0,0,"- ","- ",,,"SAN FRANCISCO","SAN FRANCISCO",-122.48073577880859,37.772720336914062
8817777,2019,2019-03-20,3801,2019-02-01,1200,445,INGLE,5,5,7,3801,0,0,0,,0,005,GENEVA,"NAPLES ST",0.00,,Y,C,-,N,,,,,,,,,,N,3,0,1,2,D,-,00,,,N,D,-,A,B,H,-,A,A,0,,Y,,,Y,,-,"- ",0,1,0,0,0,0,1,0,0,"- ","- ",,,"SAN FRANCISCO","SAN FRANCISCO",-122.43618774414062,37.714210510253906
8817782,2019,2019-04-02,3801,2019-02-19,1145,4333,NORTH,2,5,7,3801,0,0,0,,0,3E11A,"FELL ST","STEINER ST",0.00,,Y,A,-,N,,,,,,,,,,Y,2,0,2,4,A,-,03,22350,,N,H,E,A,A,H,-,A,A,0,,,Y,,Y,,C,02,2,0,0,0,0,0,0,0,2,"- ","- ",,,"SAN FRANCISCO","SAN FRANCISCO",-122.43264770507812,37.774681091308594
8817785,2019,2019-03-20,3801,2019-02-15,0555,488,INGLE,5,5,7,3801,0,0,0,,0,3H16E,"MONTEREY BL","PLYMOUTH AV",4.00,E,N,C,-,N,,,,,,,,,,N,4,0,1,2,A,-,10,21950,A,N,G,B,B,B,H,-,C,A,0,Y,,,,Y,,A,01,0,0,1,0,1,0,0,0,0,"- ","- ",,,"SAN FRANCISCO","SAN FRANCISCO",-122.45804595947266,37.730812072753906
8817793,2019,2019-03-20,3801,2019-02-15,1800,4314,RICHM,5,5,7,3801,0,0,0,,0,0G1,"TRANSVERSE DR","JOHN F KENNEDY DR",131.00,S,N,B,C,N,,,,,,,,,,N,3,0,1,2,A,-,08,22107,,N,C,G,A,B,H,-,D,D,0,,Y,,,Y,,L,04,0,1,0,0,0,0,1,0,0,"- ","- ",,,"SAN FRANCISCO","SAN FRANCISCO",-122.47969055175781,37.770179748535156
8817801,2019,2019-03-20,3801,2019-02-16,0652,1472,TENDE,6,5,7,3801,0,0,0,,0,3I15A,"LARKIN ST","ELLIS ST",21.00,S,N,C,-,N,,,,,,,,,,N,4,0,1,2,A,-,10,21950,A,F,G,B,B,B,H,-,A,A,0,Y,,,,Y,,A,01,0,0,1,0,1,0,0,0,0,"- ","- ",,,"SAN FRANCISCO","SAN FRANCISCO",-122.41770935058594,37.784194946289062
8817804,2019,2019-03-20,3801,2019-02-27,2332,1453,CENTR,3,5,7,3801,0,0,0,,0,3A11E,"LARKIN ST","POST ST",9.00,N,N,B,-,N,,,,,,,,,,N,4,0,1,2,A,-,04,21703,,N,C,C,A,A,H,-,C,A,0,,,,,Y,,A,01,0,0,1,0,0,0,0,0,0,"- ","- ",,,"SAN FRANCISCO","SAN FRANCISCO",-122.41827392578125,37.787063598632812
8817806,2019,2019-03-19,3801,2019-02-08,1445,298,PARK,5,5,7,3801,0,0,0,,0,3F43A,"CLAYTON ST","HAIGHT ST",23.00,S,N,B,-,N,,,,,,,,,,N,4,0,1,2,A,-,11,21954,A,N,G,B,D,B,H,-,A,A,0,Y,,,,Y,,N,60,0,0,1,0,1,0,0,0,0,"- ","- ",,,"SAN FRANCISCO","SAN FRANCISCO",-122.44856262207031,37.769737243652344
8817811,2019,2019-04-25,3801,2019-02-24,1130,723,CENTR,7,5,7,3801,0,0,0,,0,"2 CAR","POST ST","POWELL ST",0.00,,Y,A,-,N,,,,,,,,,,N,4,0,1,2,A,-,10,21950,,N,G,B,B,A,H,-,A,A,0,Y,,,,Y,,A,01,0,0,1,0,1,0,0,0,0,"- ","- ",,,"SAN FRANCISCO","SAN FRANCISCO",-122.40840148925781,37.788288116455078
8817814,2019,2019-03-19,3801,2019-02-10,1333,1226,INGLE,7,5,7,3801,0,0,0,,0,3H15A,"ALEMANY BL","OTTAWA AV",0.00,,Y,A,-,N,,,,,,,,,,Y,2,0,2,2,A,-,12,21453,A,N,D,C,A,A,H,-,A,A,0,,,,,Y,,A,01,1,0,1,0,0,0,0,0,0,"- ","- ",,,"SAN FRANCISCO","SAN FRANCISCO",-122.44587707519531,37.715328216552734
8817816,2019,2019-03-20,3801,2019-02-26,2223,668,NORTH,2,5,7,3801,0,0,0,,0,3E15E,"CALIFORNIA ST","POLK ST",0.00,,Y,C,-,N,,,,,,,,,,N,2,0,1,2,A,-,10,21950,A,F,G,B,B,B,H,-,C,A,0,Y,,,,Y,,-,"- ",1,0,0,0,1,0,0,0,0,"- ","- ",,,"SAN FRANCISCO","SAN FRANCISCO",-122.42067718505859,37.790569305419922
8817828,2019,2019-03-20,3801,2019-02-25,1140,1092,RICHM,1,5,7,3801,0,0,0,,0,3G4C,"25TH AV","ANZA ST",0.00,,Y,B,-,N,,,,,,,,,,N,4,0,1,2,A,-,03,22350,,N,C,C,A,A,H,-,A,A,0,,,,,Y,,A,01,0,0,1,0,0,0,0,0,0,"- ","- ",,,"SAN FRANCISCO","SAN FRANCISCO",-122.48458862304688,37.778171539306641
8817832,2019,2019-03-20,3801,2019-02-28,1957,1848,PARK,4,5,7,3801,0,0,0,,0,02F,"CHRISTMAS TREE PT RD","TWIN PEAKS BL",200.00,N,N,A,-,N,,,,,,,,,,N,4,0,1,2,A,-,11,21954,A,M,G,B,E,A,H,-,C,-,0,Y,,,,Y,,N,60,0,0,1,0,1,0,0,0,0,"- ","- ",,,"SAN FRANCISCO","SAN FRANCISCO",-122.44662475585938,37.75433349609375
8817834,2019,2019-03-19,3801,2019-02-10,1847,308,MISSI,7,5,7,3801,0,0,0,,0,3D15D,"17TH ST","ALBION ST",0.00,,Y,A,-,N,,,,,,,,,,N,4,0,1,2,A,-,03,22350,,N,G,B,E,A,H,-,C,D,0,Y,Y,,,Y,,L,04,0,0,1,0,1,0,0,0,0,"- ","- ",,,"SAN FRANCISCO","SAN FRANCISCO",-122.42270660400391,37.763240814208984
8817837,2019,2019-03-20,3801,2019-02-14,1015,1454,SOUTH,4,5,7,3801,0,0,0,,0,3B12A,"CLEMENTINA ST","6TH ST",257.00,E,N,B,C,N,,,,,,,,,,N,4,0,1,2,A,-,06,21755,,F,G,B,E,B,H,-,A,-,0,Y,,,,Y,,A,01,0,0,1,0,1,0,0,0,0,"- ","- ",,,"SAN FRANCISCO","SAN FRANCISCO",-122.405517578125,37.779460906982422
8817854,2019,2019-03-15,3801,2019-02-17,1820,898,CENTR,7,5,7,3801,0,0,0,,0,3A11D,"GEARY ST","LARKIN ST",0.00,,Y,A,-,N,,,,,,,,,,N,4,0,1,2,A,-,08,22107,A,M,A,B,B,A,H,-,C,A,0,Y,,,,Y,,A,01,0,0,1,0,1,0,0,0,0,"- ","- ",,,"SAN FRANCISCO","SAN FRANCISCO",-122.41811370849609,37.786109924316406
8819966,2018,2019-03-26,3801,2018-12-13,1957,713,CENTR,4,5,7,3801,0,0,0,,0,3A13D,"HYDE ST","BEACH ST",0.00,,Y,A,-,N,,,,,,,,,,N,4,0,1,2,A,-,12,21453,A,F,G,B,B,A,H,-,C,A,0,Y,,,,Y,,A,01,0,0,1,0,1,0,0,0,0,"- ","- ",,,"SAN FRANCISCO","SAN FRANCISCO",-122.42054748535156,37.806659698486328
8822322,2019,2019-05-07,3801,2019-02-16,0730,566,BAYVI,6,5,7,3801,0,0,0,,0,1CAR,"CESAR CHAVEZ ST","BAYSHORE BL",0.00,,Y,C,-,Y,SF,4,101,-,-,3.072,R,4,S,Y,4,0,1,1,A,-,03,22350,,N,H,A,A,B,-,-,A,D,0,,,Y,,Y,,C,02,0,0,1,0,0,0,0,0,1,"- ","- ",,,"SAN FRANCISCO","SAN FRANCISCO",-122.40351867675781,37.750312805175781
8823941,2019,2019-05-08,3801,2019-03-04,1903,584,TENDE,1,5,7,3801,0,0,0,,0,3J96,"MARKET ST","7TH ST",10.00,E,N,A,-,N,,,,,,,,,,N,3,0,1,3,A,-,17,22517,,N,G,G,A,A,H,-,C,A,0,,Y,,,Y,,-,,0,1,0,0,0,0,1,0,0,"- ","- ",,,"SAN FRANCISCO","SAN FRANCISCO",-122.41248321533203,37.780498504638672
8829900,2019,2019-04-15,3801,2019-02-01,2354,1198,BAYVI,5,5,7,3801,0,0,0,,0,,"3RD ST",ARMSTRONG,0.00,,Y,C,-,N,,,,,,,,,,N,3,0,1,2,A,-,22,23123,5,N,C,C,A,B,H,-,C,A,0,,,,,Y,,A,01,0,1,0,0,0,0,0,0,0,"- ","- ",,,"SAN FRANCISCO","SAN FRANCISCO",-122.39366912841797,37.727039337158203
8845136,2019,2019-05-02,3801,2019-03-08,1830,529,CENTR,5,5,7,3801,0,0,0,,0,3A11D,"MONTGOMERY ST","SUTTER ST",10.00,S,N,A,-,N,,,,,,,,,,N,3,0,1,2,A,-,11,21453,D,N,G,B,B,A,H,-,B,A,0,Y,,,,Y,,N,60,0,1,0,0,1,0,0,0,0,"- ","- ",,,"SAN FRANCISCO","SAN FRANCISCO",-122.40216827392578,37.789981842041016
8845155,2019,2019-05-03,3801,2019-03-04,1121,104,TRAFF,1,5,7,3801,0,0,0,,0,002,"W PORTAL",VICENTE,0.00,,Y,B,-,N,,,,,,,,,,N,2,0,1,2,A,-,10,21950,A,N,G,B,B,A,H,-,A,A,0,Y,,,,Y,,I,19,1,0,0,0,1,0,0,0,0,"- ","- ",,,"SAN FRANCISCO","SAN FRANCISCO",-122.46701812744141,37.739738464355469
8845159,2019,2019-05-03,3801,2019-03-09,0945,1454,SOUTH,6,5,7,3801,0,0,0,,0,3B14A,"8TH ST","MISSION ST",0.00,,Y,B,C,N,,,,,,,,,,N,3,0,1,2,A,-,11,21954,A,N,G,B,E,B,H,-,A,D,0,Y,,,,Y,,N,60,0,1,0,0,1,0,0,0,0,"- ","- ",,,"SAN FRANCISCO","SAN FRANCISCO",-122.41316223144531,37.777458190917969
8845172,2019,2019-05-03,3801,2019-03-06,0553,1530,BAYVI,3,5,7,3801,0,0,0,,0,3C67,"3RD ST","DAVIDSON AV",0.00,,Y,C,-,N,,,,,,,,,,N,4,0,2,3,A,-,03,22350,,N,C,C,A,B,H,-,C,A,0,,,,,Y,,A,07,0,0,2,0,0,0,0,0,0,"- ","- ",,,"SAN FRANCISCO","SAN FRANCISCO",-122.38775634765625,37.743511199951172
8845450,2019,2019-04-29,3801,2019-03-14,2204,582,CENTR,4,5,7,3801,0,0,0,,0,3A11D,"CALIFORNIA ST","CUSHMAN ST",0.00,,Y,A,-,N,,,,,,,,,,Y,4,0,1,2,A,-,09,21804,A,N,D,C,A,A,H,-,C,A,0,,,,,Y,,A,01,0,0,1,0,0,0,0,0,0,"- ","- ",,,"SAN FRANCISCO","SAN FRANCISCO",-122.41172027587891,37.791709899902344
8845452,2019,2019-04-30,3801,2019-03-26,1051,1454,SOUTH,2,5,7,3801,0,0,0,,0,3B15B,"HARRISON ST","4TH ST",0.00,,Y,A,-,N,,,,,,,,,,N,4,0,1,2,A,-,17,23336,,N,D,G,A,A,H,-,A,A,0,,Y,,,Y,,L,04,0,0,1,0,0,0,1,0,0,"- ","- ",,,"SAN FRANCISCO","SAN FRANCISCO",-122.39962768554688,37.780780792236328
8845456,2019,2019-04-30,3801,2019-03-22,2350,1432,SOUTH,5,5,7,3801,0,0,0,,0,3B12E,"FOLSOM ST","12TH ST",0.00,,Y,C,-,N,,,,,,,,,,N,4,0,1,2,A,-,11,21954,A,F,G,B,E,B,H,-,C,A,0,Y,,,,Y,,N,60,0,0,1,0,1,0,0,0,0,"- ","- ",,,"SAN FRANCISCO","SAN FRANCISCO",-122.41500091552734,37.770900726318359
8845463,2019,2019-05-10,3801,2019-03-25,2101,4047,MISSI,1,5,7,3801,0,0,0,,0,3D41D,"17TH ST","GUERRERO ST",0.00,,Y,C,-,N,,,,,,,,,,Y,3,0,3,2,A,-,08,22100,B,N,D,C,A,B,H,-,C,A,0,,,,,Y,,A,01,0,2,1,0,0,0,0,0,0,"- ","- ",,,"SAN FRANCISCO","SAN FRANCISCO",-122.42392730712891,37.763168334960938
8845467,2019,2019-04-30,3801,2019-03-25,2016,524,SOUTH,1,5,7,3801,0,0,0,,0,3B12D,"6TH ST","MISSION ST",0.00,,Y,C,-,N,,,,,,,,,,N,3,0,1,2,A,-,11,21453,D,N,B,B,B,B,H,-,C,A,0,Y,,,,Y,,N,60,0,1,0,0,1,0,0,0,0,"- ","- ",,,"SAN FRANCISCO","SAN FRANCISCO",-122.40869140625,37.780979156494141
8845479,2019,2019-04-30,3801,2019-03-30,1206,2210,SOUTH,6,5,7,3801,0,0,0,,0,3B15A,"17TH ST","KANSAS ST",0.00,,Y,A,-,N,,,,,,,,,,N,4,0,1,2,A,-,12,22450,A,N,D,G,A,A,H,-,A,A,0,,Y,,,Y,,L,04,0,0,1,0,0,0,1,0,0,"- ","- ",37.764690399169922,-122.40354156494141,"SAN FRANCISCO","SAN FRANCISCO",-122.40351867675781,37.764728546142578
8845480,2019,2019-05-01,3801,2019-03-21,1520,283,MISSI,4,5,7,3801,0,0,0,,0,0D3,"MISSION ST","23RD ST",12.00,S,N,A,-,N,,,,,,,,,,Y,4,0,1,2,A,-,08,22107,,N,G,B,D,A,H,-,A,A,0,Y,,,,Y,,A,01,0,0,1,0,1,0,0,0,0,"- ","- ",,,"SAN FRANCISCO","SAN FRANCISCO",-122.41859436035156,37.753795623779297
8845507,2019,2019-04-30,3801,2019-03-26,1950,375,TARAV,2,5,7,3801,0,0,0,,0,3I15D,"SLOAT BL","19TH AV",0.00,,Y,C,-,N,,,,,,,,,,Y,4,0,2,2,A,-,09,21801,A,N,D,C,A,B,H,-,C,A,0,,,,,Y,,A,01,0,0,2,0,0,0,0,0,0,"- ","- ",,,"SAN FRANCISCO","SAN FRANCISCO",-122.47512817382812,37.734718322753906
8845525,2019,2019-05-03,3801,2019-03-21,1142,327,BAYVI,4,5,7,3801,0,0,0,,0,3C11A,"WISCONSIN ST","CORAL RD",62.00,N,N,A,-,N,,,,,,,,,,N,4,0,2,2,A,-,08,22100,B,N,D,C,A,A,H,-,A,A,0,,,,,Y,,D,22,0,0,2,0,0,0,0,0,0,"- ","- ",,,"SAN FRANCISCO","SAN FRANCISCO",-122.39864349365234,37.753971099853516
8845688,2019,2019-05-01,3801,2019-03-06,1425,127,NORTH,3,5,7,3801,0,0,0,,0,002,"DIVISADERO ST","GOLDEN GATE AV",0.00,,Y,B,-,N,,,,,,,,,,Y,4,0,1,2,A,-,12,21453,A,N,D,C,A,A,H,-,A,A,0,,,,,Y,,-,,0,0,1,0,0,0,0,0,0,"- ","- ",,,"SAN FRANCISCO","SAN FRANCISCO",-122.43853759765625,37.778728485107422
8845694,2019,2019-04-30,3801,2019-03-15,0835,2398,RICHM,5,5,7,3801,0,0,0,,0,0G5,"CLEMENT ST","42ND AV",0.00,,Y,A,-,N,,,,,,,,,,,4,0,1,2,D,-,00,,,N,G,B,B,A,H,-,A,A,0,Y,,,,Y,,-,"- ",0,0,1,0,1,0,0,0,0,"- ","- ",,,"SAN FRANCISCO","SAN FRANCISCO",-122.50305938720703,37.781158447265625
8845704,2019,2019-05-01,3801,2019-03-05,1400,4180,PARK,2,5,7,3801,0,0,0,,0,001,"7TH ST","JUDAH ST",154.00,S,N,C,-,N,,,,,,,,,,,4,0,1,2,A,-,03,22350,,N,C,C,A,B,H,-,A,D,0,,,,,Y,,-,,0,0,1,0,0,0,0,0,0,"- ","- ",,,"SAN FRANCISCO","SAN FRANCISCO",-122.46401214599609,37.761867523193359
8845729,2019,2019-05-01,3801,2019-03-05,1828,582,CENTR,2,5,7,3801,0,0,0,,0,3A11D,"PINE ST","TAYLOR ST",0.00,,Y,C,-,N,,,,,,,,,,N,3,0,1,2,A,-,10,21950,A,N,G,B,B,B,H,-,C,A,0,Y,,,,Y,,A,01,0,1,0,0,1,0,0,0,0,"- ","- ",,,"SAN FRANCISCO","SAN FRANCISCO",-122.41224670410156,37.790660858154297
8845732,2019,2019-05-08,3801,2019-03-02,0630,723,CENTR,6,5,7,3801,0,0,0,,0,3A13A,"POWELL ST","BEACH ST",0.00,,Y,B,C,N,,,,,,,,,,N,4,0,1,2,A,-,12,21453,A,N,D,C,A,B,H,-,C,A,0,,,,,Y,,-,,0,0,1,0,0,0,0,0,0,"- ","- ",,,"SAN FRANCISCO","SAN FRANCISCO",-122.41232299804688,37.807701110839844
8845736,2019,2019-05-01,3801,2019-03-02,0137,1129,TARAV,6,5,7,3801,0,0,0,,0,006,"SAN JOSE AV","SICKLES AV",88.00,N,N,C,-,N,,,,,,,,,,Y,4,0,3,2,A,-,04,21703,,N,C,C,A,B,H,-,C,A,0,,,,,Y,,A,01,0,0,3,0,0,0,0,0,0,"- ","- ",,,"SAN FRANCISCO","SAN FRANCISCO",-122.45556640625,37.711376190185547
8845752,2019,2019-05-01,3801,2019-03-01,0050,1432,SOUTH,5,5,7,3801,0,0,0,,0,3B15C,"HARRISON ST","MAIN ST",146.00,W,N,C,-,N,,,,,,,,,,Y,3,0,2,2,A,-,08,22102,,N,D,C,A,A,H,-,C,A,0,,,,,Y,,A,01,0,1,1,0,0,0,0,0,0,"- ","- ",,,"SAN FRANCISCO","SAN FRANCISCO",-122.39067840576172,37.787868499755859
8845753,2019,2019-05-01,3801,2019-03-19,1014,2700,CENTR,2,5,7,3801,0,0,0,,0,3A40C,"NORTHPOINT ST","TAYLOR ST",0.00,,-,A,-,N,,,,,,,,,,N,4,0,1,2,A,-,21,22106,,N,G,B,E,A,H,-,A,A,0,Y,,,,Y,,A,01,0,0,1,0,1,0,0,0,0,"- ","- ",,,"SAN FRANCISCO","SAN FRANCISCO",-122.41544,37.806359999999998
8845757,2019,2019-05-01,3801,2019-03-31,1751,1766,TRAFF,7,5,7,3801,0,0,0,,0,4B3C,"6TH ST","HARRISON ST",14.00,S,N,A,-,N,,,,,,,,,,N,4,0,1,2,A,-,10,21950,A,N,G,B,B,A,H,-,A,A,0,Y,,Y,,Y,,C,06,0,0,1,0,1,0,0,0,0,"- ","- ",,,"SAN FRANCISCO","SAN FRANCISCO",-122.40404510498047,37.77728271484375
8845759,2019,2019-04-30,3801,2019-03-07,2145,952,CENTR,4,5,7,3801,0,0,0,,0,03A,"FREMONT ST","MARKET ST",0.00,,Y,A,-,N,,,,,,,,,,Y,4,0,1,2,A,-,12,21453,A,F,D,C,A,A,H,-,C,A,0,,,,,Y,,A,07,0,0,1,0,0,0,0,0,0,"- ","- ",,,"SAN FRANCISCO","SAN FRANCISCO",-122.39833831787109,37.791690826416016
8845760,2019,2019-05-01,3801,2019-03-17,2045,4006,CENTR,7,5,7,3801,0,0,0,,0,3A13D,"TAYLOR ST","BAY ST",9.00,N,N,A,-,N,,,,,,,,,,N,4,0,1,2,A,-,10,21950,A,N,G,B,B,A,H,-,C,A,0,Y,,,,Y,,A,01,0,0,1,0,1,0,0,0,0,"- ","- ",,,"SAN FRANCISCO","SAN FRANCISCO",-122.41525268554688,37.805435180664062
8845762,2019,2019-04-30,3801,2019-03-12,1838,11,CENTR,2,5,7,3801,0,0,0,,0,03D,"SACRAMENTO ST","JONES ST",0.00,,Y,A,-,N,,,,,,,,,,N,2,0,2,3,A,-,10,21950,,N,G,B,B,A,H,-,A,A,0,Y,,,,Y,Y,A,01,1,0,1,0,2,0,0,0,0,"- ","- ",,,"SAN FRANCISCO","SAN FRANCISCO",-122.41429901123047,37.792350769042969
8845763,2019,2019-05-02,3801,2019-03-16,0017,4102,INGLE,6,5,7,3801,0,0,0,,0,3H15E,"PERSIA AV","ATHENS ST",73.00,E,N,A,-,N,,,,,,,,,,N,3,0,1,2,A,-,03,22350,,F,G,B,D,A,H,-,C,D,0,Y,,,,Y,Y,-,99,0,1,0,0,1,0,0,0,0,"- ","- ",,,"SAN FRANCISCO","SAN FRANCISCO",-122.42937469482422,37.719982147216797
8845766,2019,2019-04-30,3801,2019-03-12,1736,2470,CENTR,2,5,7,3801,0,0,0,,0,3A13D,"FRANCISCO ST","MASON ST",0.00,,Y,A,-,N,,,,,,,,,,N,4,0,1,2,A,-,10,21950,A,N,G,B,B,A,H,-,A,D,0,Y,,,,Y,,A,01,0,0,1,0,1,0,0,0,0,"- ","- ",,,"SAN FRANCISCO","SAN FRANCISCO",-122.41340637207031,37.804679870605469
8845769,2019,2019-05-01,3801,2019-03-05,1922,524,SOUTH,2,5,7,3801,0,0,0,,0,SOUTHE,"2ND ST","DOW PL",0.00,,Y,C,-,N,,,,,,,,,,,4,0,1,1,C,-,18,,,N,H,J,A,B,A,C,C,D,0,,,,,Y,,-,"- ",0,0,1,0,0,0,0,0,0,"- ","- ",,,"SAN FRANCISCO","SAN FRANCISCO",-122.39591979980469,37.784908294677734
8845770,2019,2019-05-07,3801,2019-03-12,1322,1519,BAYVI,2,5,7,3801,0,0,0,,0,3C44B,"SAN BRUNO AV","SILVER AV",0.00,,Y,A,-,N,,,,,,,,,,N,4,0,1,2,A,-,03,22350,,N,C,C,A,A,H,-,A,A,0,,,Y,,Y,,C,06,0,0,1,0,0,0,0,0,0,"- ","- ",,,"SAN FRANCISCO","SAN FRANCISCO",-122.40561676025391,37.732448577880859
8845772,2019,2019-04-30,3801,2019-03-31,1428,4040,CENTR,7,5,7,3801,0,0,0,,0,3A14D,"THE EMBARCADERO","BAY ST",275.00,S,N,A,-,N,,,,,,,,,,N,3,0,1,2,A,-,17,22517,,N,H,G,A,A,H,-,A,D,0,,Y,,,Y,Y,A,01,0,1,0,0,0,0,1,0,0,"- ","- ",,,"SAN FRANCISCO","SAN FRANCISCO",-122.40516662597656,37.806221008300781
8845776,2019,2019-04-30,3801,2019-03-29,0859,1125,TARAV,5,5,7,3801,0,0,0,,0,3I13A,"33RD AV","KIRKHAM ST",0.00,,Y,A,-,N,,,,,,,,,,Y,4,0,1,2,A,-,12,22450,A,N,D,C,A,A,H,-,A,D,0,,,,,Y,,A,01,0,0,1,0,0,0,0,0,0,"- ","- ",,,"SAN FRANCISCO","SAN FRANCISCO",-122.49185180664062,37.759178161621094
8845781,2019,2019-05-01,3801,2019-03-03,1607,2238,BAYVI,7,5,7,3801,0,0,0,,0,3C12D,"BAYSHORE BL","FLOWER ST",100.00,S,N,B,-,N,,,,,,,,,,Y,4,0,3,4,A,-,03,22350,,N,D,C,A,A,-,-,A,D,0,,,,,Y,,A,01,0,0,3,0,0,0,0,0,0,"- ","- ",,,"SAN FRANCISCO","SAN FRANCISCO",-122.40583038330078,37.742267608642578
8845788,2019,2019-04-30,3801,2019-03-29,1750,2209,MISSI,5,5,7,3801,0,0,0,,0,3D2D,"18TH ST","SANCHEZ ST",80.00,W,N,A,-,N,,,,,,,,,,N,3,0,1,2,A,-,08,22107,,N,D,G,A,A,-,-,A,D,0,,Y,,,Y,,L,04,0,1,0,0,0,0,1,0,0,"- ","- ",,,"SAN FRANCISCO","SAN FRANCISCO",-122.43084716796875,37.761131286621094