CASE_ID,ACCIDENT_YEAR,PROC_DATE,JURIS,COLLISION_DATE,COLLISION_TIME,OFFICER_ID,REPORTING_DISTRICT,DAY_OF_WEEK,CHP_SHIFT,POPULATION,CNTY_CITY_LOC,SPECIAL_COND,BEAT_TYPE,CHP_BEAT_TYPE,CITY_DIVISION_LAPD,CHP_BEAT_CLASS,BEAT_NUMBER,PRIMARY_RD,SECONDARY_RD,DISTANCE,DIRECTION,INTERSECTION,WEATHER_1,WEATHER_2,STATE_HWY_IND,CALTRANS_COUNTY,CALTRANS_DISTRICT,STATE_ROUTE,ROUTE_SUFFIX,POSTMILE_PREFIX,POSTMILE,LOCATION_TYPE,RAMP_INTERSECTION,SIDE_OF_HWY,TOW_AWAY,COLLISION_SEVERITY,NUMBER_KILLED,NUMBER_INJURED,PARTY_COUNT,PRIMARY_COLL_FACTOR,PCF_CODE_OF_VIOL,PCF_VIOL_CATEGORY,PCF_VIOLATION,PCF_VIOL_SUBSECTION,HIT_AND_RUN,TYPE_OF_COLLISION,MVIW,PED_ACTION,ROAD_SURFACE,ROAD_COND_1,ROAD_COND_2,LIGHTING,CONTROL_DEVICE,CHP_ROAD_TYPE,PEDESTRIAN_ACCIDENT,BICYCLE_ACCIDENT,MOTORCYCLE_ACCIDENT,TRUCK_ACCIDENT,NOT_PRIVATE_PROPERTY,ALCOHOL_INVOLVED,STWD_VEHTYPE_AT_FAULT,CHP_VEHTYPE_AT_FAULT,COUNT_SEVERE_INJ,COUNT_VISIBLE_INJ,COUNT_COMPLAINT_PAIN,COUNT_PED_KILLED,COUNT_PED_INJURED,COUNT_BICYCLIST_KILLED,COUNT_BICYCLIST_INJURED,COUNT_MC_KILLED,COUNT_MC_INJURED,PRIMARY_RAMP,SECONDARY_RAMP,LATITUDE,LONGITUDE,COUNTY,CITY,POINT_X,POINT_Y
94895613,2025,2025-10-21,9335,2025-08-15,"830 ",024112,,5,1,7,3801,0,1,2,,2,014,"US-101 S/B","15TH ST",435.00,S,N,A,-,Y,SF,,101," "," ",4.228,H,,L,N,4,0,1,2,A,-,03,22350,,F,C,C,A,A,H,-,A,D,0,,,,,Y,,-,99,0,0,1,0,0,0,0,0,0,"- ","- ",37.765979766845703,-122.40518188476562,"SAN FRANCISCO","SAN FRANCISCO",-122.40528869628906,37.765968322753906
94895929,2025,2025-10-21,9335,2025-08-25,"230 ",024179,,1,3,7,3801,0,1,1,,1,081,"I-80 WESTBOUND","NORTHGATE ROAD",590.00,E,N,A,-,Y,SF,,80," ",R,8.216,H,,L,N,4,0,1,2,A,-,07,21658,A,M,B,C,A,A,H,-,C,D,0,,,,,Y,,-,99,0,0,1,0,0,0,0,0,0,"- ","- ",37.814620971679688,-122.36031341552734,"SAN FRANCISCO","SAN FRANCISCO",-122.36032867431641,37.814640045166016
94900908,2025,2025-10-24,9335,2025-10-13,"405 ",024297,,1,3,7,3801,0,1,1,,1,081,"I-80 W/B","BEALE ST",108.00,E,N,A,-,Y,SF,,80," "," ",5.749,H,,L,Y,2,0,2,2,A,-,03,22350,,N,C,C,A,A,H,-,C,D,0,,,,,Y,,A,01,1,1,0,0,0,0,0,0,0,"- ","- ",37.787029266357422,-122.38997650146484,"SAN FRANCISCO","SAN FRANCISCO",-122.38990783691406,37.786979675292969
94901148,2025,2025-10-24,9350,2025-10-16,1713,024557,,4,2,7,3801,0,1,2,,1,120,"US-101 NORTHBOUND","MERCHANT RD",211.00,N,N,A,-,Y,,,,,,,,,,Y,4,0,1,2,A,-,03,22350,,N,C,C,A,A,H,-,A,D,0,,,,,Y,,A,07,0,0,1,0,0,0,0,0,0,"- ","- ",37.811740875244141,-122.47756195068359,"SAN FRANCISCO","SAN FRANCISCO",-122.47453308105469,37.806819915771484
94902902,2025,2025-10-27,9335,2025-10-16,"30  ",024307,,4,3,7,3801,0,1,1,,2,080,"I-80 W/B","7TH STREET",435.00,W,N,A,-,Y,SF,,80," "," ",4.402,H,,L,Y,4,0,1,2,A,-,03,22350,,N,C,C,A,A,H,-,C,D,0,,,,,Y,,A,07,0,0,1,0,0,0,0,0,0,"- ","- ",37.774089813232422,-122.40672302246094,"SAN FRANCISCO","SAN FRANCISCO",-122.40676116943359,37.774093627929688
94909877,2025,2025-10-31,9335,2025-10-18,2348,024322,,6,3,7,3801,0,1,2,,2,013,"US-101 NORTHBOUND","BAYSHORE BLVD.",830.00,S,N,A,-,Y,SF,,101," "," ",0.391,H,,R,Y,4,0,1,4,A,-,03,22350,,N,E,I,A,A,H,-,D,D,0,,,,,Y,,A,07,0,0,1,0,0,0,0,0,0,"- ","- ",37.713798522949219,-122.39700317382812,"SAN FRANCISCO","SAN FRANCISCO",-122.39690399169922,37.713848114013672
94911478,2025,2025-11-04,9335,2025-10-24,1045,024449,,5,1,7,3801,0,1,1,,1,081,"I-80 WESTBOUND","THE EMBARCADERO",2640.00,E,N,A,-,Y,SF,,80," "," ",6.406,H,,L,N,3,0,1,2,C,-,18,,,N,B,C,A,A,H,-,A,D,0,,,,,Y,,-,"- ",0,1,0,0,0,0,0,0,0,"- ","- ",37.794410705566406,-122.38214111328125,"SAN FRANCISCO","SAN FRANCISCO",-122.38195037841797,37.794281005859375
94918801,2025,2025-11-11,9335,2025-10-24,1755,024042,,5,2,7,3801,0,1,1,,2,023,"I-280 N/B FROM ALEMANY BOULEVARD","ST MARY'S PARK FOOTBRIDGE PEDESTRIAN OVERCROSSING",70.00,S,N,A,-,Y,SF,,280," ",R,3.512,H,,R,Y,4,0,1,2,A,-,03,22350,,M,C,C,A,A,H,-,A,D,0,,,Y,,Y,,C,02,0,0,1,0,0,0,0,0,1,"- ","- ",37.731559753417969,-122.42083740234375,"SAN FRANCISCO","SAN FRANCISCO",-122.42089080810547,37.731735229492188
94919630,2025,2025-11-11,9335,2025-10-28,1735,023464,,2,2,7,3801,0,1,1,,2,022,"I-280 NORTHBOUND","SAN JOSE AVENUE",1109.00,S,N,A,-,Y,SF,,280," ",R,1.251,H,,R,Y,4,0,1,3,A,-,03,22350,,N,C,C,A,A,H,-,A,D,0,,,,,Y,,A,07,0,0,1,0,0,0,0,0,0,"- ","- ",37.715648651123047,-122.44943237304688,"SAN FRANCISCO","SAN FRANCISCO",-122.44947814941406,37.715675354003906
94927783,2025,2025-11-13,9335,2025-11-05,2300,022596,,3,3,7,3801,0,1,1,,2,022,"I-280 N/B","JOHN DALY BOULEVARD OVERCROSSING",20.00,N,N,A,-,Y,SM,,280," ",M,27.183,H,,L,Y,3,0,1,1,A,-,01,23152,A,N,E,I,A,A,H,-,D,D,0,,,,,Y,Y,A,01,0,1,0,0,0,0,0,0,0,"- ","- ",37.7052001953125,-122.47154235839844,"SAN FRANCISCO","SAN FRANCISCO",-122.47163391113281,37.705230712890625
94928970,2025,2025-11-14,9335,2025-10-18,"100 ",024116,,6,3,7,3801,0,1,2,,2,013,US-101,"COURTLAND AVENUE",1162.00,N,N,A,-,Y,SF,,101," "," ",2.499,H,,R,Y,3,0,1,3,A,-,07,21658,A,F,B,2,A,A,H,-,D,D,0,,,,,Y,,-,99,0,1,0,0,0,0,0,0,0,"- ","- ",37.742668151855469,-122.40696716308594,"SAN FRANCISCO","SAN FRANCISCO",-122.40673828125,37.742542266845703
94930729,2025,2025-11-14,9335,2025-11-03,2025,024757,,1,2,7,3801,0,1,2,,2,013,"US-101 SOUTBOUND","PAUL AVENUE UNDERCROSSING",800.00,S,N,A,-,Y,SF,,101," "," ",0.948,H,,L,Y,4,0,1,1,A,-,08,22107,,N,E,I,A,A,H,-,C,D,0,,,,,Y,,A,01,0,0,1,0,0,0,0,0,0,"- ","- ",37.721229553222656,-122.40049743652344,"SAN FRANCISCO","SAN FRANCISCO",-122.400390625,37.721256256103516
94939053,2025,2025-11-20,9335,2025-11-18,"720 ",021957,,2,1,7,3801,0,1,1,,1,081,I-80,"TREASURE ISLAND RD",845.00,W,N,A,-,Y,SF,,80," "," ",7.558,H,,R,N,4,0,1,3,A,-,03,22350,,N,C,C,A,A,H,-,A,D,0,,,,,Y,,A,01,0,0,1,0,0,0,0,0,0,"- ","- ",37.807201385498047,-122.36820220947266,"SAN FRANCISCO","SAN FRANCISCO",-122.36808776855469,37.807125091552734
94941549,2025,2025-11-21,9335,2025-11-01,"248 ",024322,,6,3,7,3801,0,1,1,,2,022,"I-280 SOUTHBOUND","ST. CHARLES AVENUE OVERCROSSING",85.00,N,N,A,-,Y,SF,,280," ",R,0.011,H,,L,Y,3,0,1,2,A,-,01,23152,A,M,B,C,A,A,H,-,D,D,0,,,,,Y,Y,A,01,0,1,0,0,0,0,0,0,0,"- ","- ",37.708381652832031,-122.46875,"SAN FRANCISCO","SAN FRANCISCO",-122.46877288818359,37.708396911621094
94941805,2025,2025-11-21,9335,2025-11-04,1700,024757,,2,2,7,3801,0,1,2,,2,013,"US-101 N/B","BLANKEN AVENUE UNDERCROSSING",200.00,S,N,A,-,Y,SF,,101," "," ",0.140,H,,R,Y,4,0,2,2,A,-,04,21703,,N,C,C,A,A,H,-,C,D,0,,,,,Y,,A,07,0,0,2,0,0,0,0,0,0,"- ","- ",37.710399627685547,-122.39530181884766,"SAN FRANCISCO","SAN FRANCISCO",-122.39533233642578,37.710395812988281
94943216,2025,2025-11-24,9335,2025-11-12,1610,024586,,3,2,7,3801,0,1,1,,1,081,"I-80 WESTBOUND","TREASURE ISLAND ROAD",1162.00,W,N,B,-,Y,SF,,80," "," ",7.500,H,,L,N,4,0,1,2,A,-,03,22350,,N,C,C,A,A,H,-,A,D,0,,,,,Y,,A,01,0,0,1,0,0,0,0,0,0,"- ","- ",37.806591033935547,-122.36895751953125,"SAN FRANCISCO","SAN FRANCISCO",-122.36878204345703,37.806472778320312
94951597,2025,2025-12-01,9335,2025-11-15,1935,024586,,6,2,7,3801,0,1,2,,2,015,"US-101 NORTHBOUND","FOLSOM STREET",80.00,S,N,A,-,Y,SF,,101," ",R,4.967,H,,R,N,4,0,3,4,A,-,03,22350,,N,C,C,A,A,H,-,C,D,0,,,,,Y,,A,01,0,0,3,0,0,0,0,0,0,"- ","- ",37.769649505615234,-122.41519927978516,"SAN FRANCISCO","SAN FRANCISCO",-122.41519927978516,37.769649505615234
94953393,2025,2025-12-02,9335,2025-11-19,1000,015709,,3,1,7,3801,0,1,1,,1,081,"I-80 E/B","THE EMBARCADERO",343.00,E,N,A,-,Y,SF,,80," "," ",5.984,H,,R,N,4,0,1,2,A,-,08,22107,,M,B,C,A,A,H,-,A,D,0,,,Y,,Y,,-,99,0,0,1,0,0,0,0,0,1,"- ","- ",37.789649963378906,-122.38716125488281,"SAN FRANCISCO","SAN FRANCISCO",-122.38706970214844,37.789585113525391
94959837,2025,2025-12-05,9350,2025-11-25,"135 ",024036,,2,3,7,3801,0,1,2,,1,120,"US-101 SB","MERCHANT RD",270.00,N,N,A,-,Y,,,,,,,,,,N,4,0,1,1,A,-,01,23152,A,N,E,I,A,A,H,-,C,D,0,,,,,Y,Y,A,07,0,0,1,0,0,0,0,0,0,"- ","- ",37.807281494140625,-122.47569274902344,"SAN FRANCISCO","SAN FRANCISCO",-122.47510528564453,37.806388854980469
94980017,2025,2025-12-22,9335,2025-12-10,"749 ",018804,,3,1,7,3801,0,1,2,,2,014,"US-101 S/B","23RD STREET",350.00,S,N,A,-,Y,SF,,101," "," ",3.294,H,,L,N,4,0,1,6,A,-,04,21703,,N,C,C,A,A,H,-,A,D,0,,,,,Y,,A,01,0,0,1,0,0,0,0,0,0,"- ","- ",37.75347900390625,-122.40299987792969,"SAN FRANCISCO","SAN FRANCISCO",-122.40304565429688,37.75347900390625
94982418,2025,2025-12-22,9350,2025-10-11,1010,022795,,6,1,7,3801,0,1,2,,2,010,"US-101 S/B","MERCHANT ROAD",474.00,S,N,A,-,Y,,,,,,,,,,N,4,0,1,2,A,-,03,22350,,M,C,C,A,A,H,-,A,D,0,,,,,Y,,-,99,0,0,1,0,0,0,0,0,0,"- ","- ",37.805629730224609,-122.47393798828125,"SAN FRANCISCO","SAN FRANCISCO",-122.47510528564453,37.806388854980469
94999771,2025,2026-01-06,9335,2025-12-20,2230,023483,,6,3,7,3801,0,1,2,,2,015,"US-101 NORTHBOUND TO MISSION STREET","HOWARD STREET UNDERCROSSING",90.00,S,N,B,-,Y,SF,,101," ",R,5.084,H,,R,Y,4,0,4,6,A,-,07,21658,A,N,B,C,A,B,H,-,C,D,0,,,,,Y,,A,01,0,0,4,0,0,0,0,0,0,"- ","- ",37.769908905029297,-122.41729736328125,"SAN FRANCISCO","SAN FRANCISCO",-122.41731262207031,37.769821166992188
95008726,2025,2026-01-12,9335,2025-11-16,"230 ",024277,,7,3,7,3801,0,1,1,,1,083,"I-80 E/B FROM 1ST STREET","HARRISON STREET",230.00,S,N,A,-,Y,,,,,,,,,,N,4,0,1,2,A,-,07,21658,A,M,B,C,A,B,H,-,C,D,0,,,,,Y,,-,99,0,0,1,0,0,0,0,0,0,"- ","- ",37.785438537597656,-122.39250183105469,"SAN FRANCISCO","SAN FRANCISCO",-122.40463256835938,37.776477813720703
9502408,2022,2022-10-07,3801,2022-08-18,1857,2328,BAYVI,4,5,7,3801,0,0,0,,0,901,"CORTLAND AV","BAY SHORE BL",0.00,,Y,B,-,N,,,,,,,,,,Y,4,0,1,2,A,-,03,22350,,N,C,C,A,A,H,-,A,A,0,,,,,Y,,D,22,0,0,1,0,0,0,0,0,0,"- ","- ",,,"SAN FRANCISCO","SAN FRANCISCO",-122.40699005126953,37.739582061767578
9502448,2022,2022-09-27,3801,2022-08-24,1400,1609,RICHM,3,5,7,3801,0,0,0,,0,,"CALIFORNIA ST","26TH AV",0.00,,Y,A,-,N,,,,,,,,,,N,3,0,1,2,A,-,09,21802,,N,D,C,A,A,H,-,A,A,0,,,,,Y,,A,01,0,1,0,0,0,0,0,0,0,"- ","- ",,,"SAN FRANCISCO","SAN FRANCISCO",-122.486083984375,37.783828735351562
9502451,2022,2022-09-27,3801,2022-07-06,1405,1990,SOUTH,3,5,7,3801,0,0,0,,0,4CAR,"10TH ST","BRYANT ST",0.00,,Y,B,-,N,,,,,,,,,,N,3,0,1,2,A,-,08,22107,,N,B,D,A,A,H,-,A,A,0,,,,,Y,,A,08,0,1,0,0,0,0,0,0,0,"- ","- ",,,"SAN FRANCISCO","SAN FRANCISCO",-122.40973663330078,37.770336151123047
9502456,2022,2022-12-12,3801,2022-04-18,0753,202,TRAFF,1,5,7,3801,0,0,0,,0,4B2F,"MACALLA RD","TREASURE ISLAND RD",60.00,E,N,A,-,N,,,,,,,,,,Y,4,0,1,1,A,-,03,22350,,N,E,I,A,A,D,-,A,D,0,,,,Y,Y,,G,27,0,0,1,0,0,0,0,0,0,"- ","- ",,,"SAN FRANCISCO","SAN FRANCISCO",-122.37078094482422,37.813179016113281
9502468,2022,2022-09-30,3801,2022-06-18,1103,1936,TRAFF,6,5,7,3801,0,0,0,,0,4B1D,"RT 101","FILLMORE ST",0.00,,Y,A,-,Y,SF,4,101,-,-,7.376,I,5,N,Y,2,0,7,7,A,-,01,23152,G,N,D,C,-,A,H,-,A,A,0,Y,,,,Y,Y,A,07,4,0,3,0,4,0,0,0,0,"- ","- ",,,"SAN FRANCISCO","SAN FRANCISCO",-122.43606567382812,37.799911499023438
9502471,2022,2022-09-22,3801,2022-08-08,1820,1148,MISSI,1,5,7,3801,0,0,0,,0,3D16D,"VAN NESS AV","GEARY ST",35.00,N,N,F,-,N,,,,,,,,,,N,4,0,1,2,A,-,04,21703,,N,C,-,A,A,H,-,A,A,0,,,,Y,Y,,F,21,0,0,1,0,0,0,0,0,0,"- ","- ",,,"SAN FRANCISCO","SAN FRANCISCO",-122.42134094238281,37.785793304443359
9502472,2022,2022-09-27,3801,2022-08-26,1831,301,INGLE,5,5,7,3801,0,0,0,,0,3H15D,"SAN JOSE AV","SENECA AV",78.00,N,N,B,-,N,,,,,,,,,,Y,4,0,1,2,A,-,08,22107,,N,B,C,A,A,H,-,A,D,0,,,,,Y,,D,22,0,0,1,0,0,0,0,0,0,"- ","- ",,,"SAN FRANCISCO","SAN FRANCISCO",-122.44570159912109,37.721817016601562
9502475,2022,2022-09-22,3801,2022-08-05,1750,1194,SOUTH,5,5,7,3801,0,0,0,,0,0B4,"S VAN NESS AV","20TH ST",120.00,N,N,A,-,N,,,,,,,,,,N,4,0,1,2,A,-,09,21804,A,N,B,C,A,A,G,-,A,D,0,,,,,Y,,A,01,0,0,1,0,0,0,0,0,0,"- ","- ",,,"SAN FRANCISCO","SAN FRANCISCO",-122.41693878173828,37.759090423583984
9502476,2022,2022-09-27,3801,2022-08-30,0737,2476,BAYVI,2,5,7,3801,0,0,0,,0,3C4A,"BACON ST","SOMERSET ST",0.00,,Y,A,-,N,,,,,,,,,,N,4,0,1,2,A,-,10,21950,A,N,G,B,B,A,H,-,A,D,0,Y,,,,Y,,D,22,0,0,1,0,1,0,0,0,0,"- ","- ",,,"SAN FRANCISCO","SAN FRANCISCO",-122.40755462646484,37.726615905761719
9502648,2022,2022-10-05,3801,2022-05-14,1547,1286,SOUTH,6,5,7,3801,0,0,0,,0,3B4,"MARKET ST","LAGUNA ST",0.00,,Y,A,-,N,,,,,,,,,,N,4,0,1,2,A,-,21,22106,,N,C,C,A,A,H,-,A,A,0,,,Y,,Y,,A,01,0,0,1,0,0,0,0,0,1,"- ","- ",,,"SAN FRANCISCO","SAN FRANCISCO",-122.42485809326172,37.770748138427734
9502987,2022,2022-09-19,3801,2022-08-14,2208,1480,MISSI,7,5,7,3801,0,0,0,,0,3D15E,MISSION,"18TH ST",0.00,,Y,A,-,N,,,,,,,,,,Y,4,0,1,2,A,-,12,21453,A,N,D,C,A,A,-,-,C,A,0,,,,,Y,,A,01,0,0,1,0,0,0,0,0,0,"- ","- ",,,"SAN FRANCISCO","SAN FRANCISCO",-122.41936492919922,37.7618408203125
9503043,2022,2022-09-21,3801,2022-08-18,1650,1544,CENTR,4,5,7,3801,0,0,0,,0,3A14D,"THE EMBARCADERO",BATTERY,50.00,S,N,A,-,N,,,,,,,,,,N,4,0,1,2,A,-,03,22350,A,N,C,C,A,A,H,-,A,D,0,,,Y,,Y,,A,01,0,0,1,0,0,0,0,0,1,"- ","- ",,,"SAN FRANCISCO","SAN FRANCISCO",-122.40191650390625,37.803867340087891
9503046,2022,2022-10-11,3801,2022-08-17,1524,2407,MISSI,3,5,7,3801,0,0,0,,0,3D11D,HARRISON,16TH,30.00,S,N,A,-,N,,,,,,,,,,N,4,0,1,2,A,-,04,21703,,N,-,-,A,A,H,-,A,A,0,,Y,,,Y,Y,-,"- ",0,0,1,0,0,0,1,0,0,"- ","- ",,,"SAN FRANCISCO","SAN FRANCISCO",-122.41313934326172,37.765369415283203
9503048,2022,2022-09-21,3801,2022-08-05,2230,221,RICHM,5,5,7,3801,0,0,0,,0,3G12E,"FULTON ST","DIVISADERO ST",0.00,,Y,A,-,N,,,,,,,,,,N,3,0,1,2,A,-,08,22107,,N,B,G,A,A,H,-,C,A,0,,Y,,,Y,,A,01,0,1,0,0,0,0,1,0,0,"- ","- ",,,"SAN FRANCISCO","SAN FRANCISCO",-122.43816375732422,37.776859283447266
9503049,2022,2022-09-21,3801,2022-08-19,0758,610,MISSI,5,5,7,3801,0,0,0,,0,3D16A,"HARRISON ST","17TH ST",35.00,N,N,B,-,N,,,,,,,,,,Y,3,0,1,2,A,-,03,22350,,N,B,C,A,A,H,-,A,A,0,,,Y,,Y,,C,02,0,1,0,0,0,0,0,0,1,"- ","- ",,,"SAN FRANCISCO","SAN FRANCISCO",-122.41303253173828,37.764186859130859
9503050,2022,2022-09-21,3801,2022-08-17,1525,4046,INGLE,3,5,7,3801,0,0,0,,0,3H12D,"OCEAN AV","ALEMANY BL",90.00,W,N,A,-,N,,,,,,,,,,N,3,0,2,3,A,-,10,21954,B,F,B,B,E,A,H,-,A,D,0,Y,,,,Y,,A,01,0,2,0,0,2,0,0,0,0,"- ","- ",,,"SAN FRANCISCO","SAN FRANCISCO",-122.43785095214844,37.723686218261719
9503086,2022,2022-09-21,3801,2022-08-15,1700,2725,RICHM,1,5,7,3801,0,0,0,,0,,"GEARY BL","STANYAN ST",0.00,,Y,A,-,N,,,,,,,,,,Y,2,0,1,2,A,-,09,21801,,N,D,C,A,A,H,-,A,A,0,,,Y,,Y,,A,01,1,0,0,0,0,0,0,0,1,"- ","- ",,,"SAN FRANCISCO","SAN FRANCISCO",-122.45630645751953,37.781440734863281
9503088,2022,2022-10-12,3801,2022-08-12,1859,1173,RICHM,5,5,7,3801,0,0,0,,0,901,"FULTON ST","18TH AV",0.00,,Y,A,-,N,,,,,,,,,,N,3,0,1,1,A,-,03,22350,,N,H,-,A,A,H,-,A,A,0,,,Y,,Y,,C,02,0,1,0,0,0,0,0,0,1,"- ","- ",,,"SAN FRANCISCO","SAN FRANCISCO",-122.47669982910156,37.772899627685547
9503091,2022,2022-09-21,3801,2022-08-16,1314,892,SOUTH,2,5,7,3801,0,0,0,,0,0B3,"NATOMA ST","7TH ST",0.00,,Y,A,-,N,,,,,,,,,,N,3,0,1,2,A,-,11,21954,A,F,G,B,E,A,H,-,A,A,0,Y,Y,,,Y,,N,60,0,1,0,0,1,0,0,0,0,"- ","- ",,,"SAN FRANCISCO","SAN FRANCISCO",-122.40989685058594,37.778400421142578
9503093,2022,2022-11-03,3801,2022-08-13,1400,282,TARAV,6,5,7,3801,0,0,0,,0,3I41,"IRVING ST","IRVING ST 2050",0.00,,N,A,-,N,,,,,,,,,,N,4,0,1,2,A,-,11,21954,A,N,G,B,D,A,H,-,A,D,0,Y,,,,Y,,N,60,0,0,1,0,1,0,0,0,0,"- ","- ",,,"SAN FRANCISCO","SAN FRANCISCO",,
9503094,2022,2022-09-21,3801,2022-08-14,0830,1605,NORTH,7,5,7,3801,0,0,0,,0,3E13A,"MCALLISTER ST","POLK ST",131.00,W,N,A,-,N,,,,,,,,,,N,4,0,1,2,A,-,08,22107,,N,D,B,A,A,H,-,A,D,0,,,,,Y,,A,01,0,0,1,0,0,0,0,0,0,"- ","- ",,,"SAN FRANCISCO","SAN FRANCISCO",-122.41904449462891,37.78021240234375
9503096,2022,2022-10-11,3801,2022-08-12,0900,SCOTT,INGLE,5,5,7,3801,0,0,0,,0,3H13A,"MISSION ST","ST MARYS AV",38.00,N,N,A,-,N,,,,,,,,,,Y,3,0,1,2,A,-,07,21658,A,N,B,C,A,A,H,-,A,D,0,,,,,Y,,A,07,0,1,0,0,0,0,0,0,0,"- ","- ",,,"SAN FRANCISCO","SAN FRANCISCO",-122.42604064941406,37.734031677246094
9503111,2022,2022-11-03,3801,2022-08-12,2155,1961,INGLE,5,5,7,3801,0,0,0,,0,3H16E,"OSHAUGHNESSY BL","OSHAUGHNESSY BL 8415",0.00,,N,A,-,N,,,,,,,,,,N,2,0,1,1,A,-,03,22350,,N,H,A,A,A,B,-,C,D,0,,Y,,,Y,,L,04,1,0,0,0,0,0,1,0,0,"- ","- ",,,"SAN FRANCISCO","SAN FRANCISCO",,
9503114,2022,2022-09-21,3801,2022-08-10,1335,986,TARAV,3,5,7,3801,0,0,0,,0,3113B,"19TH AV","NORIEGA ST",0.00,,Y,A,-,N,,,,,,,,,,Y,4,0,7,6,A,-,03,22350,,N,C,C,A,A,H,-,A,A,0,,,,,Y,,A,07,0,0,7,0,0,0,0,0,0,"- ","- ",,,"SAN FRANCISCO","SAN FRANCISCO",-122.4764404296875,37.754215240478516
9503118,2022,2022-09-21,3801,2022-08-12,1559,1113,PARK,5,5,7,3801,0,0,0,,0,3F13D,"MASONIC AV","GOLDEN GATE AV",0.00,,Y,A,-,N,,,,,,,,,,N,3,0,1,2,A,-,08,22107,,N,D,G,A,A,H,-,A,A,0,,Y,,,Y,,A,01,0,1,0,0,0,0,1,0,0,"- ","- ",,,"SAN FRANCISCO","SAN FRANCISCO",-122.44683837890625,37.777671813964844
9503145,2022,2022-09-19,3801,2022-07-29,2342,1166,INGLE,5,5,7,3801,0,0,0,,0,3H16E,"MISSION ST","GENEVA AV",0.00,,Y,B,F,N,,,,,,,,,,N,4,0,1,2,A,-,10,21950,A,N,G,B,B,B,H,-,C,A,0,Y,,,,Y,Y,A,01,0,0,1,0,1,0,0,0,0,"- ","- ",,,"SAN FRANCISCO","SAN FRANCISCO",-122.44100189208984,37.716388702392578
9503147,2022,2022-09-28,3801,2022-07-29,1236,713,CENTR,5,5,7,3801,0,0,0,,0,3A14D,"THE EMBARCADERO","BAY ST",298.00,S,N,A,-,N,,,,,,,,,,N,3,0,1,1,A,-,03,22350,,N,H,A,A,A,H,-,A,D,0,,,,,Y,,-,,0,1,0,0,0,0,0,0,0,"- ","- ",,,"SAN FRANCISCO","SAN FRANCISCO",-122.40510559082031,37.806186676025391
9503154,2022,2022-09-19,3801,2022-07-28,0146,1750,NORTH,4,5,7,3801,0,0,0,,0,0E3,"CALIFORNIA ST","POLK ST",63.00,W,N,-,-,N,,,,,,,,,,Y,3,0,1,2,A,-,03,22350,,N,C,E,A,A,H,-,C,A,0,,,,,Y,,A,01,0,1,0,0,0,0,0,0,0,"- ","- ",,,"SAN FRANCISCO","SAN FRANCISCO",-122.4208984375,37.790542602539062
9503156,2022,2022-09-19,3801,2022-07-28,1604,1833,NORTH,4,5,7,3801,0,0,0,,0,3E13D,"FRANKLIN ST","ELLIS ST",0.00,,Y,A,-,N,,,,,,,,,,Y,3,0,1,2,A,-,03,22350,A,F,E,B,F,A,H,-,A,A,0,Y,,,,Y,,A,01,0,1,0,0,1,0,0,0,0,"- ","- ",,,"SAN FRANCISCO","SAN FRANCISCO",-122.42264556884766,37.783611297607422
9503158,2022,2022-09-28,3801,2022-07-28,1236,1396,SOUTH,4,5,7,3801,0,0,0,,0,3B1A,"FOLSOM ST","10TH ST",0.00,,Y,A,-,N,,,,,,,,,,N,4,0,1,2,A,-,"- ",,,N,D,C,A,A,H,-,A,B,0,,,,,Y,,-,"- ",0,0,1,0,0,0,0,0,0,"- ","- ",,,"SAN FRANCISCO","SAN FRANCISCO",-122.41281890869141,37.772819519042969
9503159,2022,2022-09-19,3801,2022-07-28,2353,821,SOUTH,4,5,7,3801,0,0,0,,0,03E,"MCALLISTER ST","FRANKLIN ST",0.00,,Y,A,-,N,,,,,,,,,,,4,0,1,2,A,-,08,22107,,F,-,G,A,A,H,-,C,A,0,,Y,,,Y,,-,,0,0,1,0,0,0,1,0,0,"- ","- ",,,"SAN FRANCISCO","SAN FRANCISCO",-122.42189025878906,37.779876708984375
9503161,2022,2022-09-19,3801,2022-07-28,0601,2262,TARAV,4,5,7,3801,0,0,0,,0,3I15A,"LAKE MERCED BL","EVERGLADE DR",0.00,,Y,B,-,N,,,,,,,,,,Y,4,0,1,1,A,-,03,22350,,N,F,J,A,B,H,-,B,A,0,,,,,Y,,A,01,0,0,1,0,0,0,0,0,0,"- ","- ",,,"SAN FRANCISCO","SAN FRANCISCO",-122.48896789550781,37.730434417724609