CASE_ID,ACCIDENT_YEAR,PROC_DATE,JURIS,COLLISION_DATE,COLLISION_TIME,OFFICER_ID,REPORTING_DISTRICT,DAY_OF_WEEK,CHP_SHIFT,POPULATION,CNTY_CITY_LOC,SPECIAL_COND,BEAT_TYPE,CHP_BEAT_TYPE,CITY_DIVISION_LAPD,CHP_BEAT_CLASS,BEAT_NUMBER,PRIMARY_RD,SECONDARY_RD,DISTANCE,DIRECTION,INTERSECTION,WEATHER_1,WEATHER_2,STATE_HWY_IND,CALTRANS_COUNTY,CALTRANS_DISTRICT,STATE_ROUTE,ROUTE_SUFFIX,POSTMILE_PREFIX,POSTMILE,LOCATION_TYPE,RAMP_INTERSECTION,SIDE_OF_HWY,TOW_AWAY,COLLISION_SEVERITY,NUMBER_KILLED,NUMBER_INJURED,PARTY_COUNT,PRIMARY_COLL_FACTOR,PCF_CODE_OF_VIOL,PCF_VIOL_CATEGORY,PCF_VIOLATION,PCF_VIOL_SUBSECTION,HIT_AND_RUN,TYPE_OF_COLLISION,MVIW,PED_ACTION,ROAD_SURFACE,ROAD_COND_1,ROAD_COND_2,LIGHTING,CONTROL_DEVICE,CHP_ROAD_TYPE,PEDESTRIAN_ACCIDENT,BICYCLE_ACCIDENT,MOTORCYCLE_ACCIDENT,TRUCK_ACCIDENT,NOT_PRIVATE_PROPERTY,ALCOHOL_INVOLVED,STWD_VEHTYPE_AT_FAULT,CHP_VEHTYPE_AT_FAULT,COUNT_SEVERE_INJ,COUNT_VISIBLE_INJ,COUNT_COMPLAINT_PAIN,COUNT_PED_KILLED,COUNT_PED_INJURED,COUNT_BICYCLIST_KILLED,COUNT_BICYCLIST_INJURED,COUNT_MC_KILLED,COUNT_MC_INJURED,PRIMARY_RAMP,SECONDARY_RAMP,LATITUDE,LONGITUDE,COUNTY,CITY,POINT_X,POINT_Y
9584166,2023,2023-05-17,3801,2023-03-18,1125,1273,RICHM,6,5,7,3801,0,0,0,,0,3G4A,"CLEMENT ST","22ND AV",0.00,,Y,A,-,N,,,,,,,,,,N,4,0,1,2,A,-,12,22450,A,N,C,C,A,A,H,-,A,A,0,,,,,Y,,A,01,0,0,1,0,0,0,0,0,0,"- ","- ",,,"SAN FRANCISCO","SAN FRANCISCO",-122.48167419433594,37.782154083251953
9584168,2023,2023-05-17,3801,2023-03-31,2107,1448,INGLE,5,5,7,3801,0,0,0,,0,3H13E,"MONTEREY BL","BADEN ST",0.00,,Y,A,-,N,,,,,,,,,,Y,4,0,2,2,A,-,12,22450,A,N,D,C,A,A,H,-,C,A,0,,,Y,,Y,,C,02,0,0,2,0,0,0,0,0,2,"- ","- ",,,"SAN FRANCISCO","SAN FRANCISCO",-122.43972778320312,37.731609344482422
9584169,2023,2023-05-19,3801,2023-03-14,1000,2088,INGLE,2,5,7,3801,0,0,0,,0,3H2A,"SAN JUAN AV","CAPISTRANO AV",0.00,,Y,A,-,N,,,,,,,,,,Y,4,0,1,2,A,-,09,21802,A,N,D,-,A,B,H,-,-,A,0,,,,,Y,,A,07,0,0,1,0,0,0,0,0,0,"- ","- ",,,"SAN FRANCISCO","SAN FRANCISCO",-122.43875122070312,37.725490570068359
9585079,2022,2023-06-09,3801,2022-05-19,2250,2330,TARAV,4,5,7,3801,0,0,0,,0,3113E,"GREAT HWY","PACHECO ST",106.00,N,N,A,-,N,,,,,,,,,,N,4,0,1,1,A,-,03,22350,,N,-,A,A,-,G,-,C,D,0,,,,,Y,,M,94,0,0,1,0,0,0,0,0,0,"- ","- ",,,"SAN FRANCISCO","SAN FRANCISCO",-122.50799560546875,37.749401092529297
9588672,2023,2023-06-20,3801,2023-04-18,"736 ",1657,BAYVI,2,5,7,3801,0,0,0,,0,3C15A,"TUNNEL AV","LATHROP AV",174.00,S,N,A,-,N,,,,,,,,,,N,4,0,1,2,A,-,07,21658,A,N,A,C,A,A,H,-,A,D,0,,,,Y,Y,,A,01,0,0,1,0,0,0,0,0,0,"- ","- ",,,"SAN FRANCISCO","SAN FRANCISCO",-122.40119934082031,37.710575103759766
9590072,2023,2023-06-13,3801,2023-05-16,2036,1666,PARK,2,5,7,3801,0,0,0,,0,4CAR,"SANCHEZ ST","MARKET ST",0.00,,Y,A,-,N,,,,,,,,,,N,3,0,1,2,A,-,10,21950,A,N,G,B,B,A,H,-,C,A,0,Y,,,,Y,,A,01,0,1,0,0,1,0,0,0,0,"- ","- ",,,"SAN FRANCISCO","SAN FRANCISCO",-122.43100738525391,37.765979766845703
9590166,2023,2023-06-22,3801,2023-03-09,2229,2498,NORTH,4,5,7,3801,0,0,0,,0,,LOMBARD,"BRODERICK ST",0.00,,Y,C,-,N,,,,,,,,,,Y,4,0,2,2,A,-,01,23152,A,F,D,C,A,B,H,-,C,A,0,,,,,Y,Y,A,01,0,0,2,0,0,0,0,0,0,"- ","- ",,,"SAN FRANCISCO","SAN FRANCISCO",-122.44432830810547,37.798801422119141
9590308,2023,2023-07-18,3801,2023-06-13,1307,641,BAYVI,2,5,7,3801,0,0,0,,0,3C75,"PALOU AV","CRISP RD",0.00,,Y,B,-,N,,,,,,,,,,N,4,0,1,2,A,-,08,22107,,N,D,C,A,A,H,-,A,D,0,,,,,Y,,A,01,0,0,1,0,0,0,0,0,0,"- ","- ",,,"SAN FRANCISCO","SAN FRANCISCO",-122.37989807128906,37.727756500244141
9591063,2023,2023-07-17,3801,2023-06-10,"127 ",1688,BAYVI,6,5,7,3801,0,0,0,,0,3C15E,"FITZGERALD AV","INGALLS ST",45.00,E,N,A,-,N,,,,,,,,,,Y,4,0,1,5,A,-,21,22106,,N,H,C,-,A,G,-,C,D,0,Y,,,,Y,,A,01,0,0,1,0,1,0,0,0,0,"- ","- ",,,"SAN FRANCISCO","SAN FRANCISCO",-122.39121246337891,37.720890045166016
9591064,2023,2023-07-14,3801,2023-06-09,1827,1350,BAYVI,5,5,7,3801,0,0,0,,0,3C12D,"BAYSHORE BL","HESTER AV",300.00,N,N,A,-,N,,,,,,,,,,N,4,0,3,3,A,-,03,22350,,N,C,C,A,A,H,-,A,A,0,,,,,Y,,A,01,0,0,3,0,0,0,0,0,0,"- ","- ",,,"SAN FRANCISCO","SAN FRANCISCO",-122.39939117431641,37.714279174804688
9591069,2023,2023-07-14,3801,2023-06-08,1845,312,TARAV,4,5,7,3801,0,0,0,,0,3CAR,"LINCOLN WY","39TH AV",0.00,,Y,A,-,N,,,,,,,,,,N,4,0,3,2,A,-,09,21801,A,N,B,C,A,A,H,-,A,D,0,,,,,Y,,A,01,0,0,3,0,0,0,0,0,0,"- ","- ",,,"SAN FRANCISCO","SAN FRANCISCO",-122.4986572265625,37.764511108398438
9591073,2023,2023-07-14,3801,2023-06-10,2007,2733,TARAV,6,5,7,3801,0,0,0,,0,016,"JUNIPERO SERRA BL","ALEMANY BL",0.00,,Y,A,-,N,,,,,,,,,,Y,3,0,4,2,A,-,08,22107,,N,B,C,A,A,H,-,A,D,0,,,,,Y,,A,07,0,1,3,0,0,0,0,0,0,"- ","- ",,,"SAN FRANCISCO","SAN FRANCISCO",-122.47073364257812,37.709918975830078
9591079,2023,2023-07-14,3801,2023-06-12,1152,624,NORTH,1,5,7,3801,0,0,0,,0,002,"MCALLISTER ST","FILLMORE ST",12.00,W,N,A,-,N,,,,,,,,,,Y,4,0,1,1,A,-,08,22107,,N,E,I,A,A,H,-,A,A,0,,,,,Y,,A,01,0,0,1,0,0,0,0,0,0,"- ","- ",,,"SAN FRANCISCO","SAN FRANCISCO",-122.43179321289062,37.778633117675781
9591090,2023,2023-07-18,3801,2023-06-01,"854 ",2263,TARAV,4,5,7,3801,0,0,0,,0,311A,"JUDAH ST","11TH AV",0.00,,Y,A,-,N,,,,,,,,,,Y,4,0,1,2,A,-,09,21802,A,N,D,C,A,A,H,-,A,-,0,,,,,Y,,A,01,0,0,1,0,0,0,0,0,0,"- ","- ",,,"SAN FRANCISCO","SAN FRANCISCO",-122.46832275390625,37.762138366699219
9591107,2023,2023-08-08,3801,2023-06-04,1216,1453,CENTR,7,5,7,3801,0,0,0,,0,3A2C,"HYDE ST","LARKIN ST",0.00,,Y,A,-,N,,,,,,,,,,N,4,0,2,2,A,-,12,21453,A,N,D,C,A,A,H,-,A,A,0,,,,,Y,,-,"- ",0,0,2,0,0,0,0,0,0,"- ","- ",,,"SAN FRANCISCO","SAN FRANCISCO",,
9591109,2023,2023-07-11,3801,2023-06-01,1348,2196,MISSI,4,5,7,3801,0,0,0,,0,3D14A,"13TH ST","FOLSOM ST",0.00,,Y,A,-,N,,,,,,,,,,N,3,0,1,2,A,-,00,21960,A,N,D,B,B,A,H,-,A,A,0,Y,,,,Y,,A,01,0,1,0,0,1,0,0,0,0,"- ","- ",,,"SAN FRANCISCO","SAN FRANCISCO",-122.41558837890625,37.769515991210938
9591113,2023,2023-07-11,3801,2023-06-08,"821 ",681,SOUTH,4,5,7,3801,0,0,0,,0,3B13A,"FOLSOM ST","SHERMAN ST",0.00,,Y,A,-,N,,,,,,,,,,N,3,0,1,2,A,-,05,21650,,N,D,G,A,A,H,-,A,D,0,,Y,,,Y,,L,04,0,1,0,0,0,0,1,0,0,"- ","- ",,,"SAN FRANCISCO","SAN FRANCISCO",-122.40702056884766,37.777408599853516
9591114,2023,2023-07-11,3801,2023-06-21,"848 ",2161,MISSI,3,5,7,3801,0,0,0,,0,3D13A,"SOUTH VAN NESS","23RD ST",80.00,N,N,A,-,N,,,,,,,,,,Y,4,0,1,2,A,-,21,22106,,M,D,C,A,A,H,-,A,D,0,,,,,Y,,-,,0,0,1,0,0,0,0,0,0,"- ","- ",,,"SAN FRANCISCO","SAN FRANCISCO",-122.41645812988281,37.754180908203125
9591235,2023,2023-07-13,3801,2023-05-08,"810 ",2088,INGLE,1,5,7,3801,0,0,0,,0,3H12A,"MISSION ST","RICHLAND AV",80.00,S,N,A,-,N,,,,,,,,,,N,4,0,1,2,A,-,11,21954,A,M,D,B,D,A,H,-,A,D,0,Y,,,,Y,,N,60,0,0,1,0,1,0,0,0,0,"- ","- ",,,"SAN FRANCISCO","SAN FRANCISCO",-122.42455291748047,37.735725402832031
9591236,2023,2023-07-13,3801,2023-05-26,1859,1994,TRAFF,5,5,7,3801,0,0,0,,0,4B3C,"16TH ST","CAROLINA ST",80.00,E,N,A,-,N,,,,,,,,,,Y,3,0,1,2,A,-,08,22102,,N,D,C,A,A,H,-,A,A,0,,,Y,,Y,,A,01,0,1,0,0,0,0,0,0,1,"- ","- ",,,"SAN FRANCISCO","SAN FRANCISCO",-122.40047454833984,37.766223907470703
9591559,2023,2023-07-20,3801,2023-06-01,2200,1406,CENTR,4,5,7,3801,0,0,0,,0,SA2,"SANSOME ST","CLAY ST",0.00,,Y,A,-,N,,,,,,,,,,Y,4,0,5,2,A,-,12,21453,A,N,D,C,A,A,H,-,C,A,0,,,,,Y,,A,07,0,0,5,0,0,0,0,0,0,"- ","- ",,,"SAN FRANCISCO","SAN FRANCISCO",-122.40148162841797,37.794868469238281
9591575,2023,2023-07-18,3801,2023-06-08,1432,1453,CENTR,4,5,7,3801,0,0,0,,0,3A2C,"SACRAMENTO AV","SACRAMENTO AV 1150",0.00,,Y,A,-,N,,,,,,,,,,N,4,0,1,2,A,-,21,22106,,N,B,C,A,A,H,-,A,D,0,,,,Y,Y,Y,F,26,0,0,1,0,0,0,0,0,0,"- ","- ",,,"SAN FRANCISCO","SAN FRANCISCO",-122.39658355712891,37.794589996337891
9591618,2023,2023-07-12,3801,2023-06-09,1820,1336,NORTH,5,5,7,3801,0,0,0,,0,0E3,"POLK ST","CEDAR ST",0.00,,Y,A,-,N,,,,,,,,,,Y,2,0,1,2,A,-,03,22350,,F,D,B,-,A,H,-,A,A,0,Y,,,,Y,,D,23,1,0,0,0,1,0,0,0,0,"- ","- ",,,"SAN FRANCISCO","SAN FRANCISCO",-122.41983032226562,37.786373138427734
9591699,2023,2023-07-13,3801,2023-06-23,1545,2400,BAYVI,5,5,7,3801,0,0,0,,0,5CAR,"GILMAN AV","GRIFFITH ST",0.00,,Y,A,-,N,,,,,,,,,,Y,3,0,1,2,A,-,12,22450,A,N,D,C,A,A,H,-,A,A,0,,,Y,,Y,,C,03,0,1,0,0,0,0,0,0,1,"- ","- ",,,"SAN FRANCISCO","SAN FRANCISCO",-122.38812255859375,37.718215942382812
9591706,2023,2023-07-14,3801,2023-06-25,"800 ",283,MISSI,7,5,7,3801,0,0,0,,0,0D5,"MISSION ST","14TH ST",0.00,,Y,A,-,N,,,,,,,,,,N,3,0,1,2,A,-,10,21950,A,N,D,B,B,B,H,-,A,A,0,Y,,,,Y,,A,01,0,1,0,0,1,0,0,0,0,"- ","- ",,,"SAN FRANCISCO","SAN FRANCISCO",-122.41996765136719,37.768291473388672
9591713,2023,2023-07-13,3801,2023-06-24,1604,1810,MISSI,6,5,7,3801,0,0,0,,0,3D13D,"GUERRERO ST","22ND ST",0.00,,Y,A,-,N,,,,,,,,,,Y,4,0,5,6,D,-,00,,,N,D,J,B,A,H,-,A,A,0,Y,,,,Y,Y,-,"- ",0,0,5,0,4,0,0,0,0,"- ","- ",,,"SAN FRANCISCO","SAN FRANCISCO",-122.42317962646484,37.755180358886719
9591714,2023,2023-07-13,3801,2023-06-27,1155,1825,SOUTH,2,5,7,3801,0,0,0,,0,3B14A,"GOUGH ST","COLTON ST",103.00,S,N,A,-,N,,,,,,,,,,N,4,0,1,2,A,-,10,21950,A,N,G,B,C,A,H,-,A,D,0,Y,,,,Y,,-,,0,0,1,0,1,0,0,0,0,"- ","- ",,,"SAN FRANCISCO","SAN FRANCISCO",-122.42079162597656,37.772144317626953
9591719,2023,2023-08-01,3801,2023-06-28,1129,4305,NORTH,3,5,7,3801,0,0,0,,0,,"BAY ST","FRANKLIN ST",0.00,,Y,A,-,N,,,,,,,,,,Y,4,0,1,3,A,-,09,21801,A,N,D,C,A,A,H,-,A,A,0,,,,,Y,,A,01,0,0,1,0,0,0,0,0,0,"- ","- ",,,"SAN FRANCISCO","SAN FRANCISCO",-122.42674255371094,37.803951263427734
9591728,2023,2023-08-10,3801,2023-06-19,"823 ",2715,NORTH,1,5,7,3801,0,0,0,,0,3E16C,"SCOTT ST","FULTON ST",0.00,,Y,A,-,N,,,,,,,,,,Y,4,0,1,2,A,-,03,22350,,F,D,C,A,A,H,-,A,A,0,,,,,Y,,-,99,0,0,1,0,0,0,0,0,0,"- ","- ",,,"SAN FRANCISCO","SAN FRANCISCO",-122.43650817871094,37.777069091796875
9591730,2023,2023-07-12,3801,2023-06-18,2310,2293,NORTH,7,5,7,3801,0,0,0,,0,006,"FRANKLIN ST","LOMBARD ST",0.00,,Y,A,-,N,,,,,,,,,,N,4,0,1,2,A,-,04,21703,,F,C,C,A,A,H,-,C,A,0,,,,,Y,,B,01,0,0,1,0,0,0,0,0,0,"- ","- ",,,"SAN FRANCISCO","SAN FRANCISCO",-122.42620086669922,37.801105499267578
9591732,2023,2023-08-25,3801,2023-06-23,1850,2380,SOUTH,5,5,7,3801,0,0,0,,0,0B4,"MISSION ST","GRACE ST",9.00,W,N,A,-,N,,,,,,,,,,N,3,0,1,2,A,-,08,22107,,N,D,C,A,A,H,-,A,A,0,,,Y,,Y,,A,07,0,1,0,0,0,0,0,0,1,"- ","- ",,,"SAN FRANCISCO","SAN FRANCISCO",-122.41551208496094,37.775592803955078
9591740,2023,2023-07-12,3801,2023-06-21,1949,649,INGLE,3,5,7,3801,0,0,0,,0,,"MONTEREY BL","BADEN ST",0.00,,Y,A,-,N,,,,,,,,,,Y,4,0,1,2,A,-,12,22450,A,F,D,C,A,A,H,-,A,A,0,,,,,Y,,A,01,0,0,1,0,0,0,0,0,0,"- ","- ",,,"SAN FRANCISCO","SAN FRANCISCO",-122.43972778320312,37.731609344482422
9591741,2023,2023-07-12,3801,2023-06-21,"148 ",2148,MISSI,3,5,7,3801,0,0,0,,0,3D16E,"NOE ST","18TH ST",16.00,S,N,A,-,N,,,,,,,,,,N,4,0,1,2,A,-,21,22106,,N,D,C,A,A,H,-,C,D,0,,,,,Y,,A,01,0,0,1,0,0,0,0,0,0,"- ","- ",,,"SAN FRANCISCO","SAN FRANCISCO",-122.43277740478516,37.760967254638672
9591742,2023,2023-07-12,3801,2023-06-20,1337,54,TARAV,2,5,7,3801,0,0,0,,0,3115A,"1 HARDING RD","SKYLINE BL",828.00,W,N,A,-,N,,,,,,,,,,N,4,0,1,2,A,-,10,21950,A,N,G,B,C,A,H,-,A,D,0,Y,,,,Y,,A,01,0,0,1,0,1,0,0,0,0,"- ","- ",,,"SAN FRANCISCO","SAN FRANCISCO",-122.50253295898438,37.726619720458984
9591752,2023,2023-07-12,3801,2023-06-13,1758,893,INGLE,2,5,7,3801,0,0,0,,0,3H14D,"DOLORES ST","VALLEY ST",0.00,,Y,A,-,N,,,,,,,,,,Y,2,0,1,2,A,-,09,21802,A,N,D,C,A,A,H,-,A,A,0,,,Y,,Y,,C,03,1,0,0,0,0,0,0,0,1,"- ","- ",,,"SAN FRANCISCO","SAN FRANCISCO",-122.42451477050781,37.744640350341797
9591840,2023,2023-07-18,3801,2023-05-16,"800 ",654,PARK,2,5,7,3801,0,0,0,,0,,"THE EMBARCADERO","WASHINGTON ST",0.00,,Y,A,-,N,,,,,,,,,,N,2,0,1,2,A,-,12,21453,A,N,D,-,A,A,H,-,A,A,0,,Y,,,Y,,L,04,1,0,0,0,0,0,1,0,0,"- ","- ",,,"SAN FRANCISCO","SAN FRANCISCO",-122.39556121826172,37.796642303466797
9593805,2023,2023-07-17,3801,2023-06-18,1510,643,TARAV,7,5,7,3801,0,0,0,,0,3I16D,"NORIEGA ST","21ST AV",0.00,,Y,A,-,N,,,,,,,,,,N,4,0,1,2,A,-,00,21954,,N,G,B,D,A,H,-,A,A,0,Y,,,,Y,,N,60,0,0,1,0,1,0,0,0,0,"- ","- ",,,"SAN FRANCISCO","SAN FRANCISCO",-122.47863006591797,37.754127502441406
9593807,2023,2023-07-17,3801,2023-06-16,"430 ",2498,NORTH,5,5,7,3801,0,0,0,,0,3E15E,"LOMBARD ST","STEINER ST",0.00,,Y,A,-,N,,,,,,,,,,Y,4,0,1,2,A,-,04,21703,,N,C,C,A,A,H,-,C,D,0,,,,,Y,,A,07,0,0,1,0,0,0,0,0,0,"- ","- ",,,"SAN FRANCISCO","SAN FRANCISCO",-122.43769073486328,37.799640655517578
9596016,2022,2023-07-18,3801,2022-12-03,0047,1574,SOUTH,6,5,7,3801,0,0,0,,0,3B13E,"4TH ST","LONG BRIDGE ST",0.00,,Y,A,-,N,,,,,,,,,,Y,4,0,1,2,A,-,03,22350,,N,C,C,A,A,H,-,C,D,0,,,Y,,Y,,A,07,0,0,1,0,0,0,0,0,1,"- ","- ",,,"SAN FRANCISCO","SAN FRANCISCO",-122.3914794921875,37.773639678955078
9600291,2023,2023-08-11,3801,2023-07-07,1358,668,NORTH,5,5,7,3801,0,0,0,,0,3E14C,"POLK ST","EDDY ST",0.00,,Y,A,-,N,,,,,,,,,,N,4,0,1,2,A,-,21,22106,,N,B,C,A,A,H,-,A,-,0,,,,,Y,,D,22,0,0,1,0,0,0,0,0,0,"- ","- ",,,"SAN FRANCISCO","SAN FRANCISCO",-122.41918182373047,37.7830810546875
9601820,2023,2023-09-21,3801,2023-08-17,"34  ",359,TARAV,4,5,7,3801,0,0,0,,0,3160,"19TH AV","LINCOLN WY",0.00,,Y,A,-,Y,SF,4,1,-,-,4.050,I,5,N,Y,3,0,1,2,A,-,12,21453,A,N,D,C,A,A,H,-,C,A,0,,,,,Y,,A,01,0,1,0,0,0,0,0,0,0,"- ","- ",,,"SAN FRANCISCO","SAN FRANCISCO",-122.47727966308594,37.765445709228516
9602185,2023,2023-08-11,3801,2023-07-19,1647,1666,PARK,3,5,7,3801,0,0,0,,0,4CAR,"14TH ST","SANCHEZ ST",0.00,,Y,A,-,N,,,,,,,,,,N,4,0,1,2,A,-,00,21212,A,N,D,B,E,A,H,-,A,A,0,Y,,,,Y,,N,60,0,0,1,0,1,0,0,0,0,"- ","- ",,,"SAN FRANCISCO","SAN FRANCISCO",-122.43118286132812,37.767601013183594
9602193,2023,2023-08-11,3801,2023-07-04,2040,233,MISSI,2,5,7,3801,0,0,0,,0,03D,"GUERRERO ST","24TH ST",0.00,,Y,B,-,N,,,,,,,,,,Y,4,0,1,2,A,-,12,21453,,F,D,C,A,A,H,-,C,A,0,,,,,Y,,A,01,0,0,1,0,0,0,0,0,0,"- ","- ",,,"SAN FRANCISCO","SAN FRANCISCO",-122.42286682128906,37.752002716064453
9602221,2023,2023-08-21,3801,2023-07-04,2351,1183,NORTH,2,5,7,3801,0,0,0,,0,3E12E,"GEARY BL","DIVISADERO ST",0.00,,Y,A,-,N,,,,,,,,,,Y,4,0,3,2,D,-,00,,,N,D,C,A,A,H,-,C,A,0,,,,,Y,,-,"- ",0,0,3,0,0,0,0,0,0,"- ","- ",,,"SAN FRANCISCO","SAN FRANCISCO",-122.43947601318359,37.783359527587891
9602224,2023,2023-08-28,3801,2023-07-05,2100,1827,MISSI,3,5,7,3801,0,0,0,,0,,"S VAN NESS AV","14TH ST",100.00,N,N,A,-,N,,,,,,,,,,Y,2,0,1,3,A,-,03,22350,,F,C,E,A,A,H,-,C,A,0,,,,,Y,,A,07,1,0,0,0,0,0,0,0,0,"- ","- ",,,"SAN FRANCISCO","SAN FRANCISCO",-122.41780853271484,37.768695831298828
9602233,2023,2023-08-16,3801,2023-07-05,1110,2474,BAYVI,3,5,7,3801,0,0,0,,0,3C13A,"OAKDALE AV","3RD ST",32.00,E,N,A,-,N,,,,,,,,,,Y,3,0,4,3,A,-,03,22350,,N,A,C,A,A,H,-,A,A,0,,,,,Y,,A,01,0,2,2,0,0,0,0,0,0,"- ","- ",,,"SAN FRANCISCO","SAN FRANCISCO",-122.39067840576172,37.734779357910156
9602235,2023,2023-08-21,3801,2023-07-11,2146,460,INGLE,2,5,7,3801,0,0,0,,0,3H16E,"ALEMANY BL","NAGLEE AV",0.00,,Y,E,-,N,,,,,,,,,,Y,4,0,1,3,A,-,09,21802,A,N,D,C,A,A,H,-,C,-,0,,,,,Y,,A,01,0,0,1,0,0,0,0,0,0,"- ","- ",,,"SAN FRANCISCO","SAN FRANCISCO",-122.44901275634766,37.713943481445312
9602274,2023,2023-08-10,3801,2023-06-23,2206,1926,NORTH,5,5,7,3801,0,0,0,,0,3E13E,"OFARRELL ST","VAN NESS AV",0.00,,Y,A,-,N,,,,,,,,,,N,2,0,1,3,A,-,12,21453,A,F,D,B,B,A,H,-,C,-,0,Y,,,,Y,,A,01,1,0,0,0,1,0,0,0,0,"- ","- ",,,"SAN FRANCISCO","SAN FRANCISCO",-122.42111968994141,37.784763336181641
9602275,2023,2023-08-10,3801,2023-06-02,1845,2293,NORTH,5,5,7,3801,0,0,0,,0,0E3,"FRANKLIN ST","REDWOOD ST",0.00,,Y,A,-,N,,,,,,,,,,N,4,0,1,2,A,-,04,21703,,N,C,C,A,A,H,-,A,A,0,,,,,Y,,B,01,0,0,1,0,0,0,0,0,0,"- ","- ",,,"SAN FRANCISCO","SAN FRANCISCO",-122.42198944091797,37.780361175537109
9602289,2023,2023-08-10,3801,2023-06-21,1615,670,INGLE,3,5,7,3801,0,0,0,,0,3H13D,"MONTEREY BL","CIRCULAR ST",0.00,,Y,A,-,N,,,,,,,,,,Y,4,0,1,2,A,-,08,22107,,F,B,C,A,A,H,-,A,A,0,,,,,Y,,A,01,0,0,1,0,0,0,0,0,0,"- ","- ",,,"SAN FRANCISCO","SAN FRANCISCO",-122.4365234375,37.731582641601562
9602291,2023,2023-08-10,3801,2023-06-28,2130,2354,TARAV,3,5,7,3801,0,0,0,,0,2CAR,"LINCOLN WY","20TH AV",0.00,,Y,A,-,N,,,,,,,,,,N,3,0,1,2,A,-,12,21453,A,N,D,C,A,A,H,-,C,A,0,,,Y,,Y,,A,01,0,1,0,0,0,0,0,0,1,"- ","- ",,,"SAN FRANCISCO","SAN FRANCISCO",-122.47833251953125,37.765403747558594
9602297,2023,2023-09-08,3801,2023-06-29,"942 ",2706,MISSI,4,5,7,3801,0,0,0,,0,3D14A,"HARRISON ST","21ST ST",0.00,,Y,A,-,N,,,,,,,,,,N,4,0,1,2,A,-,05,21650,,N,B,D,A,A,H,-,A,A,0,,,Y,,Y,,C,02,0,0,1,0,0,0,0,0,1,"- ","- ",,,"SAN FRANCISCO","SAN FRANCISCO",-122.41237640380859,37.7574462890625
9603196,2023,2023-08-02,3801,2023-04-16,2203,1466,SOUTH,7,5,7,3801,0,0,0,,0,04B,"BRYANT ST","9TH ST",0.00,,Y,A,-,N,,,,,,,,,,Y,3,0,1,2,A,-,08,22107,,F,B,C,A,A,H,-,C,A,0,,,Y,,Y,,-,,0,1,0,0,0,0,0,0,1,"- ","- ",,,"SAN FRANCISCO","SAN FRANCISCO",-122.40853118896484,37.771289825439453
9603616,2023,2023-08-14,3801,2023-07-08,1652,1666,PARK,6,5,7,3801,0,0,0,,0,4CAR,"CASTRO ST","STATES ST",0.00,,Y,A,G,N,,,,,,,,,,N,4,0,2,2,A,-,09,21801,A,N,D,C,A,A,H,-,A,A,0,,,,,Y,,A,01,0,0,2,0,0,0,0,0,0,"- ","- ",,,"SAN FRANCISCO","SAN FRANCISCO",-122.43527984619141,37.763458251953125
9603692,2023,2023-09-06,3801,2023-07-13,1700,2400,BAYVI,4,5,7,3801,0,0,0,,0,3CAR,"INGALLS ST","PALOU AV",0.00,,Y,A,-,N,,,,,,,,,,N,2,0,1,2,A,-,05,21752,D,N,D,-,A,A,H,-,A,A,0,,Y,,,Y,,L,04,1,0,0,0,0,0,1,0,0,"- ","- ",,,"SAN FRANCISCO","SAN FRANCISCO",-122.38343811035156,37.729747772216797
9603719,2023,2023-10-03,3801,2023-07-15,"902 ",2289,NORTH,6,5,7,3801,0,0,0,,0,,"POLK ST","SACRAMENTO ST",0.00,,Y,B,-,N,,,,,,,,,,N,4,0,1,2,A,-,12,21453,A,N,D,G,A,A,H,-,A,A,0,,Y,,,Y,,L,04,0,0,1,0,0,0,1,0,0,"- ","- ",,,"SAN FRANCISCO","SAN FRANCISCO",-122.42086791992188,37.79150390625
9603790,2023,2023-08-22,3801,2023-07-06,"703 ",54,TARAV,4,5,7,3801,0,0,0,,0,3I15A,"SKYLINE BL","LAKE MERCED BL",292.00,N,N,A,-,N,,,,,,,,,,Y,4,0,2,2,A,-,09,21802,A,N,D,C,A,A,H,-,A,A,0,,,,,Y,,A,01,0,0,2,0,0,0,0,0,0,"- ","- ",,,"SAN FRANCISCO","SAN FRANCISCO",-122.498291015625,37.732147216796875
9603812,2023,2023-08-22,3801,2023-07-23,"950 ",1591,BAYVI,7,5,7,3801,0,0,0,,0,3C11D,"22ND ST","PENNSYLVANIA AV",0.00,,N,A,-,N,,,,,,,,,,N,3,0,1,2,A,-,12,22450,A,N,-,G,A,A,H,-,A,A,0,,Y,,,Y,,A,01,0,1,0,0,0,0,1,0,0,"- ","- ",,,"SAN FRANCISCO","SAN FRANCISCO",-122.39312744140625,37.757682800292969
9603816,2023,2023-08-18,3801,2023-07-01,1355,1273,CENTR,6,5,7,3801,0,0,0,,0,3A2A,"KEARNY ST","PINE ST",0.00,,Y,A,-,N,,,,,,,,,,N,4,0,1,2,A,-,08,22107,,N,B,C,A,A,H,-,A,A,0,,,Y,,Y,,A,01,0,0,1,0,0,0,0,0,1,"- ","- ",,,"SAN FRANCISCO","SAN FRANCISCO",-122.40421295166016,37.791694641113281
9603820,2023,2023-09-05,3801,2023-07-22,2314,317,CENTR,6,5,7,3801,0,0,0,,0,SECTOR,"COLUMBUS AV","JONES ST",0.00,,Y,A,-,N,,,,,,,,,,Y,4,0,1,1,A,-,12,21453,A,F,H,I,A,A,H,-,C,A,0,,,,,Y,,A,01,0,0,1,0,0,0,0,0,0,"- ","- ",,,"SAN FRANCISCO","SAN FRANCISCO",-122.41680908203125,37.804924011230469