CASE_ID,ACCIDENT_YEAR,PROC_DATE,JURIS,COLLISION_DATE,COLLISION_TIME,OFFICER_ID,REPORTING_DISTRICT,DAY_OF_WEEK,CHP_SHIFT,POPULATION,CNTY_CITY_LOC,SPECIAL_COND,BEAT_TYPE,CHP_BEAT_TYPE,CITY_DIVISION_LAPD,CHP_BEAT_CLASS,BEAT_NUMBER,PRIMARY_RD,SECONDARY_RD,DISTANCE,DIRECTION,INTERSECTION,WEATHER_1,WEATHER_2,STATE_HWY_IND,CALTRANS_COUNTY,CALTRANS_DISTRICT,STATE_ROUTE,ROUTE_SUFFIX,POSTMILE_PREFIX,POSTMILE,LOCATION_TYPE,RAMP_INTERSECTION,SIDE_OF_HWY,TOW_AWAY,COLLISION_SEVERITY,NUMBER_KILLED,NUMBER_INJURED,PARTY_COUNT,PRIMARY_COLL_FACTOR,PCF_CODE_OF_VIOL,PCF_VIOL_CATEGORY,PCF_VIOLATION,PCF_VIOL_SUBSECTION,HIT_AND_RUN,TYPE_OF_COLLISION,MVIW,PED_ACTION,ROAD_SURFACE,ROAD_COND_1,ROAD_COND_2,LIGHTING,CONTROL_DEVICE,CHP_ROAD_TYPE,PEDESTRIAN_ACCIDENT,BICYCLE_ACCIDENT,MOTORCYCLE_ACCIDENT,TRUCK_ACCIDENT,NOT_PRIVATE_PROPERTY,ALCOHOL_INVOLVED,STWD_VEHTYPE_AT_FAULT,CHP_VEHTYPE_AT_FAULT,COUNT_SEVERE_INJ,COUNT_VISIBLE_INJ,COUNT_COMPLAINT_PAIN,COUNT_PED_KILLED,COUNT_PED_INJURED,COUNT_BICYCLIST_KILLED,COUNT_BICYCLIST_INJURED,COUNT_MC_KILLED,COUNT_MC_INJURED,PRIMARY_RAMP,SECONDARY_RAMP,LATITUDE,LONGITUDE,COUNTY,CITY,POINT_X,POINT_Y
9604453,2023,2023-08-11,3801,2023-06-28,1315,1994,TRAFF,3,5,7,3801,0,0,0,,0,4B3C,"JERROLD AV","NAPOLEON ST",37.00,S,N,A,-,N,,,,,,,,,,N,4,0,1,2,A,-,04,21703,,N,C,C,A,A,H,-,A,D,0,,,,,Y,,J,49,0,0,1,0,0,0,0,0,0,"- ","- ",,,"SAN FRANCISCO","SAN FRANCISCO",-122.40190887451172,37.74591064453125
9605312,2023,2024-01-25,3801,2023-11-30,1400,801,SOUTH,4,5,7,3801,0,0,0,,0,0B2,"4TH ST","HARRISON ST",0.00,,Y,A,-,Y,SF,4,80,-,-,4.914,R,4,W,N,4,0,1,2,A,-,08,22107,,F,D,C,A,A,H,-,A,A,0,,,Y,,Y,,-,99,0,0,1,0,0,0,0,0,1,"- ","- ",,,"SAN FRANCISCO","SAN FRANCISCO",-122.40031433105469,37.779399871826172
9606324,2023,2023-08-15,3801,2023-06-18,1853,4119,TRAFF,7,5,7,3801,0,0,0,,0,4B103,"EMBARCADERO SOUTH","HOWARD ST",0.00,,Y,A,-,N,,,,,,,,,,Y,3,0,2,1,A,-,03,22350,,M,A,I,A,A,H,-,A,A,0,,,,,Y,Y,A,07,0,2,0,0,0,0,0,0,0,"- ","- ",,,"SAN FRANCISCO","SAN FRANCISCO",-122.39119720458984,37.792331695556641
9607143,2023,2023-09-26,3801,2023-08-05,1352,4023,MISSI,6,5,7,3801,0,0,0,,0,006,"17TH ST","UTAH ST",94.00,E,N,A,-,N,,,,,,,,,,N,4,0,1,3,A,-,04,21703,,N,C,C,A,A,H,-,A,D,0,,,,,Y,,A,01,0,0,1,0,0,0,0,0,0,"- ","- ",,,"SAN FRANCISCO","SAN FRANCISCO",-122.40610504150391,37.764575958251953
9610650,2023,2023-09-08,3801,2023-08-06,1941,2038,PARK,7,5,7,3801,0,0,0,,0,3F12D,LINCOLN,"5TH AV",93.00,E,N,A,-,N,,,,,,,,,,Y,4,0,2,3,A,-,07,21658,A,N,B,C,A,A,H,-,B,D,0,,,,,Y,,A,01,0,0,2,0,0,0,0,0,0,"- ","- ",,,"SAN FRANCISCO","SAN FRANCISCO",-122.46183776855469,37.766124725341797
9610668,2023,2023-09-14,3801,2023-08-01,1944,704,BAYVI,2,5,7,3801,0,0,0,,0,3C15D,"VAN DYKE AV","KEITH ST",240.00,E,N,A,-,N,,,,,,,,,,Y,3,0,1,2,A,-,21,22106,,N,G,B,E,A,H,-,A,D,0,Y,,,,Y,,A,01,0,1,0,0,1,0,0,0,0,"- ","- ",,,"SAN FRANCISCO","SAN FRANCISCO",-122.38987731933594,37.727710723876953
9610669,2023,2023-09-14,3801,2023-08-01,1505,4212,PARK,2,5,7,3801,0,0,0,,0,3E13D,"ANZA ST","STANYAN ST",0.00,,Y,B,-,N,,,,,,,,,,Y,3,0,3,2,A,-,12,21453,A,N,D,C,A,A,H,-,A,A,0,,,,,Y,,A,01,0,1,2,0,0,0,0,0,0,"- ","- ",,,"SAN FRANCISCO","SAN FRANCISCO",-122.45619201660156,37.779811859130859
9610670,2023,2023-09-22,3801,2023-08-01,1417,877,CENTR,2,5,7,3801,0,0,0,,0,3A44C,"MARKET ST","1ST ST",0.00,,Y,A,-,N,,,,,,,,,,Y,2,0,2,2,A,-,08,22101,D,N,D,B,-,A,H,-,A,A,0,Y,,Y,,Y,,C,02,1,0,1,0,1,0,0,0,1,"- ","- ",,,"SAN FRANCISCO","SAN FRANCISCO",-122.39913940429688,37.791053771972656
9610672,2023,2023-09-14,3801,2023-08-06,2228,2469,SOUTH,7,5,7,3801,0,0,0,,0,3B14E,"DUBOCE AV","GUERRERO ST",0.00,,Y,C,-,N,,,,,,,,,,N,4,0,1,2,A,-,00,21955,A,N,G,B,D,A,-,-,A,A,0,Y,,,,Y,Y,N,60,0,0,1,0,1,0,0,0,0,"- ","- ",,,"SAN FRANCISCO","SAN FRANCISCO",-122.42459106445312,37.769741058349609
9610680,2023,2023-09-14,3801,2023-08-03,2202,1463,SOUTH,4,5,7,3801,0,0,0,,0,0B2,"BRYANT ST","3RD ST",0.00,,Y,A,-,N,,,,,,,,,,N,3,0,1,2,A,-,10,21950,,F,G,B,B,A,H,-,C,A,0,Y,,,,Y,Y,A,01,0,1,0,0,1,0,0,0,0,"- ","- ",,,"SAN FRANCISCO","SAN FRANCISCO",-122.39585113525391,37.781307220458984
9610718,2023,2023-09-18,3801,2023-07-31,"58  ",2341,INGLE,1,5,7,3801,0,0,0,,0,3H15E,"SAN JOSE AV","MONTEREY BL",14.00,E,N,A,-,N,,,,,,,,,,Y,3,0,1,1,A,-,01,23152,A,N,E,I,A,A,H,-,D,D,0,,,,,Y,Y,A,01,0,1,0,0,0,0,0,0,0,"- ","- ",,,"SAN FRANCISCO","SAN FRANCISCO",-122.43508911132812,37.732254028320312
9612747,2023,2023-08-18,3801,2023-04-21,2140,839,CENTR,5,5,7,3801,0,0,0,,0,,"FRONT ST","BROADWAY ST",0.00,,Y,A,-,N,,,,,,,,,,Y,3,0,1,2,A,-,04,21703,,N,C,C,A,A,H,-,C,A,0,,,Y,,Y,,C,03,0,1,0,0,0,0,0,0,1,"- ","- ",,,"SAN FRANCISCO","SAN FRANCISCO",-122.39986419677734,37.798740386962891
9615455,2023,2023-09-11,3801,2023-05-31,1800,577,TARAV,3,5,7,3801,0,0,0,,0,016,"OCEAN AV","BRIGHTON AV",127.00,E,N,A,-,N,,,,,,,,,,N,4,0,1,2,D,-,00,,,N,B,C,A,A,H,-,A,D,0,,,,,Y,,-,"- ",0,0,1,0,0,0,0,0,0,"- ","- ",,,"SAN FRANCISCO","SAN FRANCISCO",-122.4547119140625,37.723613739013672
9617488,2023,2023-09-08,3801,2023-07-15,1546,1339,TRAFF,6,5,7,3801,0,0,0,,0,4B3D,"COLUMBUS AV","UNION ST",0.00,,Y,A,-,N,,,,,,,,,,N,3,0,1,2,A,-,06,21755,A,N,B,G,A,A,H,-,A,A,0,,,,,Y,,M,91,0,1,0,0,0,0,0,0,0,"- ","- ",,,"SAN FRANCISCO","SAN FRANCISCO",-122.41017150878906,37.800304412841797
9617671,2022,2023-09-14,3801,2022-11-30,1150,1100,TENDE,3,5,7,3801,0,0,0,,0,3J97C,"STEVENSON ALLEY","8TH ST",94.00,W,N,-,-,N,,,,,,,,,,N,4,0,1,2,A,-,06,21750,A,N,B,J,E,A,H,-,A,D,0,Y,,,,Y,,D,22,0,0,1,0,1,0,0,0,0,"- ","- ",,,"SAN FRANCISCO","SAN FRANCISCO",-122.41437530517578,37.778064727783203
9617677,2023,2023-09-14,3801,2023-06-30,1917,2486,TARAV,5,5,7,3801,0,0,0,,0,3116D,"47TH AV","SLOAT BL",24.00,N,N,A,-,N,,,,,,,,,,N,4,0,1,2,A,-,05,21650,,N,B,C,A,A,H,-,A,A,0,,,Y,,Y,,I,19,0,0,1,0,0,0,0,0,1,"- ","- ",,,"SAN FRANCISCO","SAN FRANCISCO",-122.50526428222656,37.735626220703125
9624204,2023,2023-11-08,3801,2023-09-12,1536,104,TRAFF,2,5,7,3801,0,0,0,,0,4B4F,"FOLSOM ST","13TH ST",141.00,N,N,A,-,N,,,,,,,,,,Y,1,1,1,3,A,-,09,21801,A,N,C,C,A,A,H,-,A,D,0,,,Y,Y,Y,,A,01,0,0,1,0,0,0,0,1,0,"- ","- ",,,"SAN FRANCISCO","SAN FRANCISCO",-122.41550445556641,37.769901275634766
9624406,2023,2023-09-21,3801,2023-08-10,1331,1051,NORTH,4,5,7,3801,0,0,0,,0,3E13C,"HAYES ST","VAN NESS AV",150.00,E,N,A,-,N,,,,,,,,,,N,3,0,1,3,A,-,17,22517,,N,B,G,A,A,H,-,A,D,0,,Y,,Y,Y,,F,25,0,1,0,0,0,0,1,0,0,"- ","- ",,,"SAN FRANCISCO","SAN FRANCISCO",-122.41916656494141,37.777362823486328
9625585,2023,2023-10-16,3801,2023-08-07,1621,2730,INGLE,1,5,7,3801,0,0,0,,0,3H13D,"ALEMANY BL","OCEAN AV",0.00,,Y,A,-,N,,,,,,,,,,Y,4,0,1,2,D,-,00,,,N,F,C,A,A,H,-,A,A,0,,,,,Y,,-,"- ",0,0,1,0,0,0,0,0,0,"- ","- ",,,"SAN FRANCISCO","SAN FRANCISCO",-122.43753814697266,37.723697662353516
9625921,2023,2023-10-17,3801,2023-09-18,1347,1572,SOUTH,1,5,7,3801,0,0,0,,0,3B1A,"2ND ST","TEHAMA ST",0.00,,Y,A,-,N,,,,,,,,,,Y,3,0,2,2,A,-,09,21801,A,N,D,C,A,A,H,-,A,D,0,,,,,Y,,D,22,0,1,1,0,0,0,0,0,0,"- ","- ",,,"SAN FRANCISCO","SAN FRANCISCO",-122.39771270751953,37.786346435546875
9625933,2023,2023-10-18,3801,2023-09-11,1800,1447,PARK,1,5,7,3801,0,0,0,,0,003,"HAYES ST","CLAYTON ST",0.00,,Y,A,-,N,,,,,,,,,,N,2,0,1,3,A,-,11,21954,A,N,G,B,E,A,H,-,A,A,0,Y,,,,Y,Y,N,60,1,0,0,0,1,0,0,0,0,"- ","- ",,,"SAN FRANCISCO","SAN FRANCISCO",-122.44936370849609,37.773521423339844
9626036,2023,2023-10-11,3801,2023-09-15,1921,1021,SOUTH,5,5,7,3801,0,0,0,,0,3B15D,"KING ST","5TH ST",370.00,E,N,A,-,N,,,,,,,,,,Y,4,0,5,3,A,-,03,22350,,N,C,C,A,A,H,-,C,A,0,,,,,Y,,A,01,0,0,5,0,0,0,0,0,0,"- ","- ",,,"SAN FRANCISCO","SAN FRANCISCO",-122.39544677734375,37.775379180908203
9626068,2023,2023-10-11,3801,2023-09-09,2132,2722,CENTR,6,5,7,3801,0,0,0,,0,3A14E,"BAY ST","STOCKTON ST",0.00,,Y,A,-,N,,,,,,,,,,Y,4,0,6,4,A,-,17,23109,C,N,D,C,A,B,H,-,C,A,0,,,,,Y,,A,01,0,0,6,0,0,0,0,0,0,"- ","- ",,,"SAN FRANCISCO","SAN FRANCISCO",-122.41030120849609,37.806037902832031
9626077,2023,2023-10-11,3801,2023-09-10,1740,397,CENTR,7,5,7,3801,0,0,0,,0,3A12D,"COLUMBUS AV","STOCKTON ST",0.00,,Y,A,-,N,,,,,,,,,,N,3,0,1,1,A,-,03,22350,,N,E,I,A,A,H,-,A,A,0,,,Y,,Y,,C,02,0,1,0,0,0,0,0,0,1,"- ","- ",,,"SAN FRANCISCO","SAN FRANCISCO",-122.40898132324219,37.799495697021484
9626079,2023,2023-10-11,3801,2023-09-06,"434 ",2293,MISSI,3,5,7,3801,0,0,0,,0,0D1,"16TH ST","SANCHEZ ST",0.00,,Y,A,-,N,,,,,,,,,,N,4,0,1,2,A,-,09,21453,B,F,A,B,B,A,H,-,C,A,0,Y,,,,Y,,A,01,0,0,1,0,1,0,0,0,0,"- ","- ",,,"SAN FRANCISCO","SAN FRANCISCO",-122.43087768554688,37.764358520507812
9626165,2023,2023-10-11,3801,2023-09-13,1905,2107,NORTH,3,5,7,3801,0,0,0,,0,03E,"GOLDEN GATE AV","SCOTT ST",0.00,,Y,A,-,N,,,,,,,,,,N,4,0,1,2,A,-,08,22107,,N,B,D,A,A,H,-,B,A,0,,,Y,,Y,,C,03,0,0,1,0,0,0,0,0,1,"- ","- ",,,"SAN FRANCISCO","SAN FRANCISCO",-122.43688201904297,37.778938293457031
9626180,2023,2023-10-11,3801,2023-09-18,1145,1580,SOUTH,1,5,7,3801,0,0,0,,0,3B14A,"MISSION ST","GRACE ST",0.00,,Y,A,-,N,,,,,,,,,,N,2,0,1,2,A,-,12,22450,A,N,D,J,A,A,H,-,A,A,0,,,,,Y,,A,01,1,0,0,0,0,0,0,0,0,"- ","- ",,,"SAN FRANCISCO","SAN FRANCISCO",-122.41548919677734,37.775611877441406
9626195,2023,2023-10-11,3801,2023-09-05,1536,1226,SOUTH,2,5,7,3801,0,0,0,,0,,"BRYANT ST","BRYANT ST 1060",0.00,,Y,A,-,N,,,,,,,,,,N,4,0,1,2,A,-,17,21208,A,N,H,-,A,A,-,-,A,D,0,,Y,,,Y,,L,04,0,0,1,0,0,0,1,0,0,"- ","- ",,,"SAN FRANCISCO","SAN FRANCISCO",,
9626197,2023,2023-10-11,3801,2023-09-12,2057,670,INGLE,2,5,7,3801,0,0,0,,0,3H13D,"SAN JOSE AV","ROUSSEAU ST",0.00,,Y,A,-,N,,,,,,,,,,N,3,0,1,1,A,-,03,22350,,N,H,A,A,A,H,-,C,D,0,,,Y,,Y,,C,03,0,1,0,0,0,0,0,0,1,"- ","- ",,,"SAN FRANCISCO","SAN FRANCISCO",-122.43045043945312,37.733905792236328
9626205,2023,2023-10-13,3801,2023-09-19,"702 ",2161,MISSI,2,5,7,3801,0,0,0,,0,3D13A,"VALENCIA ST","18TH ST",0.00,,Y,A,-,N,,,,,,,,,,N,4,0,1,2,A,-,08,22101,D,N,D,G,A,A,H,-,A,A,0,,Y,,,Y,,A,01,0,0,1,0,0,0,1,0,0,"- ","- ",,,"SAN FRANCISCO","SAN FRANCISCO",-122.42156219482422,37.761714935302734
9626225,2023,2023-10-11,3801,2023-09-07,1453,2196,MISSI,4,5,7,3801,0,0,0,,0,0D4,"25TH ST","MISSION ST",0.00,,Y,A,-,N,,,,,,,,,,N,4,0,1,2,A,-,03,22350,,N,H,C,A,A,H,-,A,D,0,,,,,Y,,A,01,0,0,1,0,0,0,0,0,0,"- ","- ",,,"SAN FRANCISCO","SAN FRANCISCO",-122.41830444335938,37.750663757324219
9626237,2023,2023-10-11,3801,2023-09-23,1228,677,SOUTH,6,5,7,3801,0,0,0,,0,3B12A,"HOWARD ST","4TH ST",250.00,W,N,A,-,N,,,,,,,,,,N,4,0,1,2,A,-,03,22350,,N,H,J,A,A,D,E,A,D,0,,Y,,,Y,,L,04,0,0,1,0,0,0,1,0,0,"- ","- ",,,"SAN FRANCISCO","SAN FRANCISCO",-122.40331268310547,37.782787322998047
9626240,2023,2023-10-12,3801,2023-09-10,"917 ",2707,TARAV,7,5,7,3801,0,0,0,,0,1CAR,"IRVING ST","8TH AV",0.00,,Y,A,-,N,,,,,,,,,,N,3,0,1,2,A,-,17,22517,,N,H,-,A,A,H,-,A,D,0,,,Y,,Y,,A,01,0,1,0,0,0,0,0,0,1,"- ","- ",,,"SAN FRANCISCO","SAN FRANCISCO",-122.46524810791016,37.764091491699219
9626241,2023,2023-10-11,3801,2023-09-09,1934,1454,NORTH,6,5,7,3801,0,0,0,,0,,"VAN NESS AV","REDWOOD ST",0.00,,Y,A,-,N,,,,,,,,,,Y,4,0,2,2,A,-,04,21703,,F,C,C,A,A,H,-,C,A,0,,,,,Y,,-,,0,0,2,0,0,0,0,0,0,"- ","- ",,,"SAN FRANCISCO","SAN FRANCISCO",-122.42029571533203,37.780551910400391
9626243,2023,2023-10-11,3801,2023-09-08,2120,WONG,TARAV,5,5,7,3801,0,0,0,,0,3I13E,"SUNSET BL","QUINTARA ST",25.00,N,N,A,-,N,,,,,,,,,,N,3,0,3,2,A,-,03,22350,,N,C,C,A,A,H,-,C,A,0,,,,,Y,,B,01,0,1,2,0,0,0,0,0,0,"- ","- ",,,"SAN FRANCISCO","SAN FRANCISCO",-122.49492645263672,37.747879028320312
9626244,2023,2023-10-11,3801,2023-09-08,"608 ",172,NORTH,5,5,7,3801,0,0,0,,0,003,"GROVE ST","POLK ST",0.00,,Y,-,-,N,,,,,,,,,,N,2,0,1,2,A,-,11,21456,B,N,A,B,E,A,G,-,C,A,0,Y,,,,Y,,N,60,1,0,0,0,1,0,0,0,0,"- ","- ",,,"SAN FRANCISCO","SAN FRANCISCO",-122.41822052001953,37.778480529785156
9626249,2023,2023-10-11,3801,2023-09-02,1130,1990,SOUTH,6,5,7,3801,0,0,0,,0,006,"MACALLA RD","AVENUE OF THE PALMS",0.00,,Y,A,-,N,,,,,,,,,,Y,4,0,1,1,A,-,08,22107,,N,E,J,A,A,H,-,A,D,0,,,,,Y,,B,01,0,0,1,0,0,0,0,0,0,"- ","- ",,,"SAN FRANCISCO","SAN FRANCISCO",-122.37093353271484,37.813419342041016
9626260,2023,2023-10-11,3801,2023-09-06,1628,798,NORTH,3,5,7,3801,0,0,0,,0,3E12D,"BUSH ST","SCOTT ST",0.00,,Y,A,-,N,,,,,,,,,,N,4,0,1,2,A,-,08,22100,B,N,D,C,A,A,H,-,A,A,0,,,Y,,Y,,A,08,0,0,1,0,0,0,0,0,1,"- ","- ",,,"SAN FRANCISCO","SAN FRANCISCO",-122.43836975097656,37.786399841308594
9626261,2023,2023-10-11,3801,2023-09-03,2030,4292,BAYVI,7,5,7,3801,0,0,0,,0,,"PHELPS ST","OAKDALE ST",0.00,,Y,A,-,N,,,,,,,,,,N,4,0,2,2,A,-,08,22107,,N,-,C,A,A,H,-,C,A,0,,,,,Y,,A,01,0,0,2,0,0,0,0,0,0,"- ","- ",,,"SAN FRANCISCO","SAN FRANCISCO",-122.39408874511719,37.736721038818359
9626263,2023,2023-10-11,3801,2023-09-04,1317,1371,NORTH,1,5,7,3801,0,0,0,,0,004,"FILLMORE ST","JACKSON ST",0.00,,Y,A,-,N,,,,,,,,,,N,4,0,1,2,A,-,09,21800,A,N,D,C,A,A,H,-,A,A,0,,,Y,,Y,,C,02,0,0,1,0,0,0,0,0,0,"- ","- ",,,"SAN FRANCISCO","SAN FRANCISCO",-122.43454742431641,37.792465209960938
9626268,2023,2023-10-11,3801,2023-09-06,2330,1902,MISSI,3,5,7,3801,0,0,0,,0,3D15E,"MISSION ST","18TH ST",0.00,,Y,A,-,N,,,,,,,,,,Y,3,0,1,2,A,-,08,22103,,N,D,C,A,A,H,-,C,A,0,,,,,Y,,A,01,0,1,0,0,0,0,0,0,0,"- ","- ",,,"SAN FRANCISCO","SAN FRANCISCO",-122.41936492919922,37.7618408203125
9626269,2023,2023-10-11,3801,2023-09-06,1145,1580,SOUTH,3,5,7,3801,0,0,0,,0,3B12A,"FOLSOM ST","ESSEX ST",0.00,,Y,A,-,N,,,,,,,,,,N,3,0,1,2,A,-,17,21209,A,N,B,G,A,A,H,-,A,A,0,,Y,,,Y,,A,01,0,1,0,0,0,0,1,0,0,"- ","- ",,,"SAN FRANCISCO","SAN FRANCISCO",-122.39569091796875,37.786384582519531
9626273,2023,2023-10-11,3801,2023-09-06,1511,2407,MISSI,3,5,7,3801,0,0,0,,0,3D14D,"DOLORES ST","25TH ST",0.00,,Y,A,-,N,,,,,,,,,,N,4,0,1,2,A,-,09,21800,A,N,D,C,A,A,H,-,A,A,0,,,,,Y,,B,01,0,0,1,0,0,0,0,0,0,"- ","- ",,,"SAN FRANCISCO","SAN FRANCISCO",-122.42507171630859,37.750240325927734
9626279,2023,2023-10-11,3801,2023-09-06,"803 ",1956,TARAV,3,5,7,3801,0,0,0,,0,6CAR,"SERRANO DR","CARDENAS AV",11.00,E,N,A,-,N,,,,,,,,,,,4,0,1,2,A,-,08,22101,D,N,B,C,A,A,-,-,A,D,0,,,,,Y,,A,01,0,0,1,0,0,0,0,0,0,"- ","- ",,,"SAN FRANCISCO","SAN FRANCISCO",-122.47698974609375,37.720069885253906
9626282,2023,2023-10-13,3801,2023-09-01,2100,2153,TARAV,5,5,7,3801,0,0,0,,0,3I5E,"JUNIPERO SERRA BL","19TH AV",0.00,,Y,A,-,N,,,,,,,,,,Y,4,0,4,6,A,-,00,22352,,N,C,C,A,A,-,-,C,A,0,,,,,Y,,A,07,0,0,4,0,0,0,0,0,0,"- ","- ",,,"SAN FRANCISCO","SAN FRANCISCO",-122.47271728515625,37.717182159423828
9626286,2023,2023-10-13,3801,2023-09-27,"804 ",1917,TARAV,3,5,7,3801,0,0,0,,0,3I15A,"LAKE MERCED BL","SUNSET BL",0.00,,Y,A,-,N,,,,,,,,,,Y,4,0,2,2,A,-,09,21801,A,N,D,C,A,A,H,-,A,A,0,,,,,Y,,A,01,0,0,2,0,0,0,0,0,0,"- ","- ",,,"SAN FRANCISCO","SAN FRANCISCO",-122.49356079101562,37.729591369628906
9626292,2023,2023-10-13,3801,2023-09-25,1620,359,TARAV,1,5,7,3801,0,0,0,,0,3I4B,"SLOAT BL","21ST AV",0.00,,Y,A,-,N,,,,,,,,,,Y,3,0,2,2,A,-,08,22107,,N,D,C,A,A,H,-,A,D,0,,,,,Y,,A,01,0,1,1,0,0,0,0,0,0,"- ","- ",,,"SAN FRANCISCO","SAN FRANCISCO",-122.47707366943359,37.734561920166016
9626294,2023,2023-10-13,3801,2023-09-25,"854 ",4265,INGLE,1,5,7,3801,0,0,0,,0,3H13A,"SILVER AV","CAMBRIDGE ST",0.00,,Y,A,-,N,,,,,,,,,,Y,3,0,5,2,A,-,09,21800,A,N,A,C,A,A,H,-,A,A,0,,,,,Y,,A,01,0,1,4,0,0,0,0,0,0,"- ","- ",,,"SAN FRANCISCO","SAN FRANCISCO",-122.41951751708984,37.729045867919922
9626296,2023,2023-10-13,3801,2023-09-22,2139,2186,INGLE,5,5,7,3801,0,0,0,,0,3H15E,"SUNNYDALE AV","SUNNYDALE AV 1450",0.00,,Y,A,-,N,,,,,,,,,,N,3,0,1,1,-,-,"- ",,,N,E,A,A,A,G,-,C,A,0,,,,,Y,,-,"- ",0,1,0,0,0,0,0,0,0,"- ","- ",,,"SAN FRANCISCO","SAN FRANCISCO",,
9626354,2023,2023-10-17,3801,2023-09-23,"451 ",4040,CENTR,6,5,7,3801,0,0,0,,0,3A14E,"SUTTER ST","STOCKTON ST",0.00,,Y,A,-,N,,,,,,,,,,Y,4,0,1,2,A,-,03,22350,,N,C,C,A,A,H,-,C,A,0,,,,,Y,,A,01,0,0,1,0,0,0,0,0,0,"- ","- ",,,"SAN FRANCISCO","SAN FRANCISCO",-122.40693664550781,37.789417266845703
9626357,2023,2023-10-17,3801,2023-09-06,1823,AIELLO,RICHM,3,5,7,3801,0,0,0,,0,2G12D,"ARGUELLO BL","ANZA ST",0.00,,Y,A,-,N,,,,,,,,,,N,3,0,1,2,A,-,09,21801,,N,D,G,A,A,-,-,A,A,0,,Y,,,Y,,M,94,0,1,0,0,0,0,1,0,0,"- ","- ",,,"SAN FRANCISCO","SAN FRANCISCO",-122.45875549316406,37.779354095458984
9626358,2023,2023-10-17,3801,2023-09-23,1940,2459,SOUTH,6,5,7,3801,0,0,0,,0,3B14D,"10TH ST","FOLSOM ST",68.00,S,N,A,-,N,,,,,,,,,,N,4,0,1,2,A,-,03,22350,,F,H,B,E,A,H,-,C,A,0,Y,,,,Y,Y,A,01,0,0,1,0,1,0,0,0,0,"- ","- ",,,"SAN FRANCISCO","SAN FRANCISCO",-122.41265106201172,37.772689819335938
9626400,2023,2023-10-27,3801,2023-08-12,1159,1118,SOUTH,6,5,7,3801,0,0,0,,0,3B14A,"9TH ST","HARRISON ST",0.00,,Y,A,-,N,,,,,,,,,,Y,4,0,3,4,A,-,12,21453,A,N,D,C,A,A,H,-,A,A,0,,,,,Y,,A,07,0,0,3,0,0,0,0,0,0,"- ","- ",,,"SAN FRANCISCO","SAN FRANCISCO",-122.41004943847656,37.772533416748047
9626406,2023,2023-10-19,3801,2023-08-27,1200,1933,TENDE,7,5,7,3801,0,0,0,,0,3J13D,"HARRISON ST","08TH ST",0.00,,Y,F,-,N,,,,,,,,,,N,2,0,1,2,D,-,00,,,F,H,J,A,A,G,-,A,-,0,,,,,Y,,-,"- ",1,0,0,0,0,0,0,0,0,"- ","- ",,,"SAN FRANCISCO","SAN FRANCISCO",,
9626412,2023,2023-10-13,3801,2023-08-30,1029,1513,RICHM,3,5,7,3801,0,0,0,,0,3G11A,"JACKSON ST","PRESIDIO AV",0.00,,Y,A,-,N,,,,,,,,,,N,4,0,1,2,A,-,10,21950,,N,B,B,B,-,H,-,A,D,0,Y,,,,Y,,A,01,0,0,1,0,1,0,0,0,0,"- ","- ",,,"SAN FRANCISCO","SAN FRANCISCO",-122.447509765625,37.790828704833984
9626414,2023,2023-10-13,3801,2023-08-21,2118,707,TRAFF,1,5,7,3801,0,0,0,,0,3I60,"SAN JOSE AV","LAKEVIEW AV",0.00,,Y,A,-,N,,,,,,,,,,Y,3,0,1,4,A,-,03,22350,,N,C,C,A,A,H,-,C,A,0,,,,,Y,,A,01,0,1,0,0,0,0,0,0,0,"- ","- ",,,"SAN FRANCISCO","SAN FRANCISCO",-122.45040130615234,37.716156005859375
9626415,2023,2023-10-16,3801,2023-08-17,1211,1796,RICHM,4,5,7,3801,0,0,0,,0,4G4A,"FULTON ST","26TH AV",0.00,,Y,B,-,N,,,,,,,,,,N,4,0,1,2,A,-,09,21801,,N,D,C,A,A,H,-,A,D,0,,,Y,,Y,,A,07,0,0,1,0,0,0,0,0,1,"- ","- ",,,"SAN FRANCISCO","SAN FRANCISCO",-122.48526000976562,37.77252197265625
9626496,2023,2023-10-23,3801,2023-09-19,1154,2740,TARAV,2,5,7,3801,0,0,0,,0,0I4,"OCEAN AV","SAN LEANDRO WY",0.00,,Y,B,-,N,,,,,,,,,,Y,3,0,1,2,A,-,08,22100,B,N,D,C,A,A,H,-,A,A,0,,,Y,Y,Y,,F,27,0,1,0,0,0,0,0,0,1,"- ","- ",,,"SAN FRANCISCO","SAN FRANCISCO",-122.46932983398438,37.72998046875
9631887,2023,2023-12-15,3801,2023-10-04,1230,2323,BAY,3,5,7,3801,0,0,0,,0,3801,"JENNINGS ST","CARGO WY",0.00,,Y,A,-,N,,,,,,,,,,N,4,0,2,2,A,-,06,21750,,N,C,E,A,A,H,-,A,D,0,,,,,Y,,-,,0,0,2,0,0,0,0,0,0,"- ","- ",,,"SAN FRANCISCO","SAN FRANCISCO",-122.37690734863281,37.740230560302734
9633467,2023,2023-12-30,3801,2023-10-11,1412,1396,SOUTH,3,5,7,3801,0,0,0,,0,3B14A,"6TH ST","BRYANT ST",0.00,,Y,A,-,N,,,,,,,,,,N,4,0,1,2,A,-,08,22100,A,N,D,C,A,A,H,-,A,A,0,,,,Y,Y,,A,01,0,0,1,0,0,0,0,0,0,"- ","- ",,,"SAN FRANCISCO","SAN FRANCISCO",-122.40250396728516,37.776058197021484