CASE_ID,ACCIDENT_YEAR,PROC_DATE,JURIS,COLLISION_DATE,COLLISION_TIME,OFFICER_ID,REPORTING_DISTRICT,DAY_OF_WEEK,CHP_SHIFT,POPULATION,CNTY_CITY_LOC,SPECIAL_COND,BEAT_TYPE,CHP_BEAT_TYPE,CITY_DIVISION_LAPD,CHP_BEAT_CLASS,BEAT_NUMBER,PRIMARY_RD,SECONDARY_RD,DISTANCE,DIRECTION,INTERSECTION,WEATHER_1,WEATHER_2,STATE_HWY_IND,CALTRANS_COUNTY,CALTRANS_DISTRICT,STATE_ROUTE,ROUTE_SUFFIX,POSTMILE_PREFIX,POSTMILE,LOCATION_TYPE,RAMP_INTERSECTION,SIDE_OF_HWY,TOW_AWAY,COLLISION_SEVERITY,NUMBER_KILLED,NUMBER_INJURED,PARTY_COUNT,PRIMARY_COLL_FACTOR,PCF_CODE_OF_VIOL,PCF_VIOL_CATEGORY,PCF_VIOLATION,PCF_VIOL_SUBSECTION,HIT_AND_RUN,TYPE_OF_COLLISION,MVIW,PED_ACTION,ROAD_SURFACE,ROAD_COND_1,ROAD_COND_2,LIGHTING,CONTROL_DEVICE,CHP_ROAD_TYPE,PEDESTRIAN_ACCIDENT,BICYCLE_ACCIDENT,MOTORCYCLE_ACCIDENT,TRUCK_ACCIDENT,NOT_PRIVATE_PROPERTY,ALCOHOL_INVOLVED,STWD_VEHTYPE_AT_FAULT,CHP_VEHTYPE_AT_FAULT,COUNT_SEVERE_INJ,COUNT_VISIBLE_INJ,COUNT_COMPLAINT_PAIN,COUNT_PED_KILLED,COUNT_PED_INJURED,COUNT_BICYCLIST_KILLED,COUNT_BICYCLIST_INJURED,COUNT_MC_KILLED,COUNT_MC_INJURED,PRIMARY_RAMP,SECONDARY_RAMP,LATITUDE,LONGITUDE,COUNTY,CITY,POINT_X,POINT_Y
9635981,2023,2024-02-12,3801,2023-12-25,2047,469,MISSI,1,5,7,3801,0,0,0,,0,3D12D,VALENCIA,"17TH ST",0.00,,Y,A,-,N,,,,,,,,,,N,3,0,1,2,A,-,12,21453,,N,D,G,A,A,H,-,C,A,0,,Y,,,Y,,L,04,0,1,0,0,0,0,1,0,0,"- ","- ",,,"SAN FRANCISCO","SAN FRANCISCO",-122.42173767089844,37.763298034667969
9635985,2023,2024-02-12,3801,2023-12-12,1530,A09968,PARK,2,5,7,3801,0,0,0,,0,3F1D,"6TH AV","IRVING ST",0.00,,Y,A,-,N,,,,,,,,,,N,3,0,1,2,A,-,12,21453,A,N,D,G,A,A,H,-,A,A,0,,Y,,,Y,,L,04,0,1,0,0,0,0,1,0,0,"- ","- ",,,"SAN FRANCISCO","SAN FRANCISCO",-122.46309661865234,37.764190673828125
9635991,2023,2024-02-12,3801,2023-12-22,1535,1845,TARAV,5,5,7,3801,0,0,0,,0,3I11D,"LAWTON ST","18TH AV",0.00,,Y,A,-,N,,,,,,,,,,N,3,0,2,3,A,-,10,21950,A,N,G,B,B,A,H,-,A,D,0,Y,,,,Y,,A,01,0,2,0,0,2,0,0,0,0,"- ","- ",,,"SAN FRANCISCO","SAN FRANCISCO",-122.47566223144531,37.757987976074219
9636000,2023,2024-02-12,3801,2023-12-22,1618,2718,BAYVI,5,5,7,3801,0,0,0,,0,3C11D,"KANSAS ST","CESAR CHAVEZ ST",0.00,,Y,A,-,N,,,,,,,,,,Y,3,0,2,2,A,-,07,21658,A,F,A,C,A,A,H,-,A,A,0,,,,,Y,,A,01,0,1,1,0,0,0,0,0,0,"- ","- ",,,"SAN FRANCISCO","SAN FRANCISCO",-122.40206146240234,37.749393463134766
9636247,2023,2024-02-12,3801,2023-12-24,1750,2355,,7,5,7,3801,0,0,0,,0,3I1D,"IRVING ST","16TH AV",0.00,,Y,A,-,N,,,,,,,,,,N,4,0,1,2,A,-,10,21950,A,N,G,B,B,A,H,-,C,A,0,Y,,,,Y,,A,07,0,0,1,0,1,0,0,0,0,"- ","- ",,,"SAN FRANCISCO","SAN FRANCISCO",-122.47393035888672,37.763702392578125
9636251,2023,2024-02-12,3801,2023-12-23,2314,2431,,6,5,7,3801,0,0,0,,0,3E13E,"POLK ST","WILLOW ST",0.00,,Y,A,-,N,,,,,,,,,,N,4,0,1,2,A,-,12,22450,A,N,-,G,A,A,H,-,C,A,0,,Y,,,Y,,L,04,0,0,1,0,0,0,1,0,0,"- ","- ",,,"SAN FRANCISCO","SAN FRANCISCO",-122.41925811767578,37.783557891845703
9636253,2023,2024-02-12,3801,2023-12-20,1440,282,,3,5,7,3801,0,0,0,,0,3I1B,"SUMMIT WY","BROTHERHOOD WY",0.00,,N,F,-,N,,,,,,,,,,N,4,0,1,2,D,-,00,,,N,G,B,F,-,G,-,A,D,0,Y,,,,Y,,-,"- ",0,0,1,0,1,0,0,0,0,"- ","- ",,,"SAN FRANCISCO","SAN FRANCISCO",-122.47457885742188,37.713619232177734
9636258,2023,2024-02-12,3801,2023-12-20,1214,2494,,3,5,7,3801,0,0,0,,0,3J12A,"MARKET ST","6TH ST",0.00,,N,B,-,N,,,,,,,,,,N,4,0,1,1,C,-,18,,,N,H,A,A,B,H,-,A,D,0,,,,,Y,,-,"- ",0,0,1,0,0,0,0,0,0,"- ","- ",,,"SAN FRANCISCO","SAN FRANCISCO",-122.41030120849609,37.782241821289062
9636277,2023,2024-02-20,3801,2023-12-20,1825,2355,TARAV,3,5,7,3801,0,0,0,,0,0I6,"BEVERLY ST","GARFIELD ST",0.00,,Y,A,-,N,,,,,,,,,,N,2,0,1,2,A,-,10,21950,A,N,D,B,B,A,H,-,C,D,0,Y,,,,Y,,A,01,1,0,0,0,1,0,0,0,0,"- ","- ",,,"SAN FRANCISCO","SAN FRANCISCO",-122.47168731689453,37.7196044921875
9636280,2023,2024-02-20,3801,2023-12-11,1640,2398,NORTH,1,5,7,3801,0,0,0,,0,02E,"STEINER ST","GEARY BL",0.00,,Y,A,-,N,,,,,,,,,,Y,3,0,1,2,A,-,09,21800,A,N,D,C,A,A,H,-,A,A,0,,,Y,,Y,,C,02,0,1,0,0,0,0,0,0,1,"- ","- ",,,"SAN FRANCISCO","SAN FRANCISCO",-122.43457794189453,37.784320831298828
9636285,2023,2024-02-27,3801,2023-12-17,"307 ",318,INGLE,7,5,7,3801,0,0,0,,0,005,"ALEMANY BL","SICKLES AV",0.00,,N,A,-,N,,,,,,,,,,Y,4,0,1,3,A,-,08,22107,,N,B,E,A,A,H,-,C,A,0,,,,,Y,,A,07,0,0,1,0,0,0,0,0,0,"- ","- ",,,"SAN FRANCISCO","SAN FRANCISCO",-122.45491790771484,37.710514068603516
9636289,2023,2024-02-27,3801,2023-12-18,"238 ",1308,SOUTH,1,5,7,3801,0,0,0,,0,3B11E,"EMBARCADERO BL","MISSION ST",0.00,,Y,C,-,N,,,,,,,,,,Y,3,0,2,2,A,-,03,22350,A,N,C,C,A,B,H,-,C,A,0,,,,,Y,,A,01,0,1,1,0,0,0,0,0,0,"- ","- ",,,"SAN FRANCISCO","SAN FRANCISCO",-122.39263153076172,37.793708801269531
9636291,2023,2024-02-29,3801,2023-12-17,"239 ",2486,TARAV,7,5,7,3801,0,0,0,,0,,"LAKEVIEW AV","JOSIAH AV",0.00,,Y,A,-,N,,,,,,,,,,Y,4,0,1,2,A,-,05,21650,,F,B,C,A,A,G,-,C,D,0,,,,,Y,Y,A,01,0,0,1,0,0,0,0,0,0,"- ","- ",,,"SAN FRANCISCO","SAN FRANCISCO",-122.45338439941406,37.717750549316406
9636293,2023,2024-02-29,3801,2023-12-13,2200,1605,NORTH,3,5,7,3801,0,0,0,,0,3E11D,"FILLMORE ST","HAYES ST",0.00,,Y,A,-,N,,,,,,,,,,N,3,0,1,2,A,-,08,22107,,N,D,G,A,A,H,-,C,A,0,,Y,,,Y,,A,01,0,1,0,0,0,0,1,0,0,"- ","- ",,,"SAN FRANCISCO","SAN FRANCISCO",-122.43118286132812,37.775825500488281
9636298,2023,2024-02-29,3801,2023-12-14,1859,2222,NORTH,4,5,7,3801,0,0,0,,0,3E12D,"FRANKLIN ST","GROVE ST",15.00,S,N,A,-,N,,,,,,,,,,Y,4,0,1,2,A,-,04,21703,,N,C,C,A,A,H,-,C,A,0,,,,,Y,,-,,0,0,1,0,0,0,0,0,0,"- ","- ",,,"SAN FRANCISCO","SAN FRANCISCO",-122.4215087890625,37.777980804443359
9636303,2023,2024-02-14,3801,2023-12-15,1056,2124,MISSI,5,5,7,3801,0,0,0,,0,3D13A,"FOLSOM ST","16TH ST",0.00,,Y,A,-,N,,,,,,,,,,N,3,0,1,2,A,-,09,21801,A,N,D,G,A,A,H,-,A,A,0,,Y,,,Y,,A,01,0,1,0,0,0,0,1,0,0,"- ","- ",,,"SAN FRANCISCO","SAN FRANCISCO",-122.41529846191406,37.765312194824219
9636307,2023,2024-02-14,3801,2023-12-14,"832 ",1457,TARAV,4,5,7,3801,0,0,0,,0,001,"17TH AV","RIVERA ST",0.00,,Y,A,-,N,,,,,,,,,,N,4,0,1,2,A,-,10,21950,A,F,G,B,B,A,H,-,A,D,0,Y,,,,Y,,A,01,0,0,1,0,1,0,0,0,0,"- ","- ",,,"SAN FRANCISCO","SAN FRANCISCO",-122.47383880615234,37.746845245361328
9636310,2023,2024-02-15,3801,2023-12-12,1215,2348,INGLE,2,5,7,3801,0,0,0,,0,3H16A,"SCHWERIN ST","SUNNYDALE AV",0.00,,Y,A,-,N,,,,,,,,,,Y,4,0,1,2,A,-,08,22107,,F,D,C,A,A,H,-,A,A,0,,,,,Y,,A,01,0,0,1,0,0,0,0,0,0,"- ","- ",,,"SAN FRANCISCO","SAN FRANCISCO",-122.41134643554688,37.710567474365234
9636344,2023,2023-11-15,3801,2023-10-27,2253,1988,INGLE,5,5,7,3801,0,0,0,,0,3H16E,"SICKLES AV","HURON AV",0.00,,Y,A,-,N,,,,,,,,,,Y,4,0,1,2,A,-,09,21801,A,M,H,C,A,A,H,-,C,D,0,,,,,Y,,A,01,0,0,1,0,0,0,0,0,0,"- ","- ",,,"SAN FRANCISCO","SAN FRANCISCO",-122.45323944091797,37.709182739257812
9636606,2023,2023-11-14,3801,2023-09-27,1459,1263,BAYVI,3,5,7,3801,0,0,0,,0,0C#,"3RD ST","EVANS AV",0.00,,Y,A,-,N,,,,,,,,,,N,4,0,3,2,A,-,12,21453,A,N,B,C,A,A,H,-,A,A,0,,,,,Y,Y,A,01,0,0,3,0,0,0,0,0,0,"- ","- ",,,"SAN FRANCISCO","SAN FRANCISCO",-122.38801574707031,37.742733001708984
9637528,2023,2023-12-22,3801,2023-11-21,1725,312,TARAV,2,5,7,3801,0,0,0,,0,1CAR,"19TH AV","JUDAH ST",248.00,S,N,A,-,Y,SF,4,1,-,-,3.740,H,-,S,N,4,0,1,1,A,-,03,22350,,N,F,A,A,-,H,-,A,D,0,,,Y,,Y,,C,02,0,0,1,0,0,0,0,0,1,"- ","- ",,,"SAN FRANCISCO","SAN FRANCISCO",-122.47704315185547,37.761104583740234
9637571,2023,2023-12-13,3801,2023-10-29,1150,4267,TARAV,7,5,7,3801,0,0,0,,0,3I15A,"SKYLINE BL","HARDING RD",0.00,,Y,A,-,N,,,,,,,,,,Y,4,0,3,2,A,-,09,21802,A,N,D,C,A,A,H,-,A,A,0,,,,,Y,,A,01,0,0,3,0,0,0,0,0,0,"- ","- ",,,"SAN FRANCISCO","SAN FRANCISCO",-122.50252532958984,37.72662353515625
9637583,2023,2023-12-13,3801,2023-11-20,"840 ",4267,TARAV,1,5,7,3801,0,0,0,,0,3I3A,"IRVING ST","IRVING ST 2228",0.00,,N,A,-,N,,,,,,,,,,N,3,0,1,2,A,-,21,22106,,F,G,B,F,A,H,-,A,D,0,Y,,,,Y,,A,01,0,1,0,0,1,0,0,0,0,"- ","- ",,,"SAN FRANCISCO","SAN FRANCISCO",,
9638064,2023,2023-12-08,3801,2023-11-24,"637 ",2728,TEND,5,5,7,3801,0,0,0,,0,908,"GOLDEN GATE AV","LEAVENWORTH ST",0.00,,Y,A,-,N,,,,,,,,,,N,4,0,1,2,A,-,17,21657,,N,F,C,A,A,H,-,B,A,0,,,,,Y,,M,94,0,0,1,0,0,0,0,0,0,"- ","- ",,,"SAN FRANCISCO","SAN FRANCISCO",-122.41385650634766,37.781875610351562
9640282,2024,2024-07-23,3801,2024-01-31,"518 ",262,TRAFF,3,5,7,3801,0,0,0,,0,4B1E,"FULTON ST","ARGUELLO BL",13.00,W,N,A,-,N,,,,,,,,,,Y,1,1,0,2,A,-,10,21950,C,N,G,B,B,A,H,-,C,A,0,Y,,,,Y,,A,08,0,0,0,1,0,0,0,0,0,"- ","- ",,,"SAN FRANCISCO","SAN FRANCISCO",-122.45839691162109,37.774284362792969
9640662,2024,2024-07-10,3801,2024-03-30,1027,379,TRAFF,6,5,7,3801,0,0,0,,0,4B2H,"DIAMOND ST","CLIPPER ST",142.00,S,N,A,-,N,,,,,,,,,,Y,1,1,0,5,A,-,03,22350,,N,H,J,A,A,H,-,A,A,0,,,,,Y,,A,01,0,0,0,0,0,0,0,0,0,"- ","- ",,,"SAN FRANCISCO","SAN FRANCISCO",-122.43602752685547,37.748390197753906
9640683,2024,2024-07-19,3801,2024-05-03,2334,2341,INGLE,5,5,7,3801,0,0,0,,0,3H16E,"SAN BRUNO AV","MANSELL ST",0.00,,Y,C,-,Y,SF,4,101,-,-,1.049,R,4,S,Y,1,1,2,2,A,-,03,22350,,N,D,C,A,B,H,-,C,A,0,,,,,Y,,A,01,1,0,1,0,0,0,0,0,0,"- ","- ",,,"SAN FRANCISCO","SAN FRANCISCO",-122.40093994140625,37.722698211669922
9641010,2024,2025-01-24,3801,2024-08-15,1449,4119,TRAFF,4,5,7,3801,0,0,0,,0,4B103,"DIAMOND ST","BOSWORTH ST",17.00,S,N,A,-,N,,,,,,,,,,Y,1,1,0,2,A,-,10,21950,A,N,G,B,C,A,H,-,A,A,0,Y,,,Y,Y,,F,26,0,0,0,1,0,0,0,0,0,"- ","- ",,,"SAN FRANCISCO","SAN FRANCISCO",-122.43416595458984,37.733455657958984
9641594,2023,2024-01-18,3801,2023-11-07,1545,334,BAYVI,2,5,7,3801,0,0,0,,0,0C3,"PALOU AV","CRISP RD",0.00,,Y,A,-,N,,,,,,,,,,N,3,0,1,2,A,-,05,21650,,N,A,C,A,A,H,-,A,D,0,,,Y,,Y,,C,03,0,1,0,0,0,0,0,0,1,"- ","- ",,,"SAN FRANCISCO","SAN FRANCISCO",-122.37989807128906,37.727756500244141
9641809,2023,2023-12-11,3801,2023-10-31,1706,649,INGLE,2,5,7,3801,0,0,0,,0,3H13D,"ALEMANY BL","SICKLES AV",0.00,,Y,A,-,N,,,,,,,,,,Y,4,0,2,2,A,-,09,21801,A,N,D,C,A,A,H,-,A,A,0,,,,,Y,,A,01,0,0,2,0,0,0,0,0,0,"- ","- ",,,"SAN FRANCISCO","SAN FRANCISCO",-122.45491790771484,37.710514068603516
9641811,2023,2023-12-11,3801,2023-10-29,"601 ",1068,SOUTH,7,5,7,3801,0,0,0,,0,,"16TH ST","RHODE ISLAND ST",0.00,,Y,A,-,N,,,,,,,,,,Y,4,0,2,2,A,-,12,21453,A,F,D,C,A,A,H,-,C,A,0,,,,,Y,,A,01,0,0,2,0,0,0,0,0,0,"- ","- ",,,"SAN FRANCISCO","SAN FRANCISCO",-122.40267944335938,37.766098022460938
9641827,2023,2023-12-13,3801,2023-10-30,1133,2180,BAYVI,1,5,7,3801,0,0,0,,0,3C4A,"SHAFTER AV","ELMIRA ST",0.00,,Y,A,-,N,,,,,,,,,,Y,4,0,2,2,A,-,12,22450,A,N,D,C,A,A,H,-,A,A,0,,,,,Y,,A,01,0,0,2,0,0,0,0,0,0,"- ","- ",,,"SAN FRANCISCO","SAN FRANCISCO",-122.40393829345703,37.738529205322266
9641831,2023,2023-12-08,3801,2023-10-29,1522,2139,TARAV,7,5,7,3801,0,0,0,,0,3801,"OCEAN AV","BRIGHTON AV",0.00,,Y,A,-,N,,,,,,,,,,N,4,0,1,2,D,-,00,,,N,G,B,B,A,H,-,A,A,0,Y,,,,Y,,-,"- ",0,0,1,0,1,0,0,0,0,"- ","- ",,,"SAN FRANCISCO","SAN FRANCISCO",-122.45513916015625,37.723697662353516
9641839,2023,2023-12-08,3801,2023-10-30,1250,390,PARK,1,5,7,3801,0,0,0,,0,001,"LINCOLN WY","LINCOLN WY 243",0.00,,N,A,-,N,,,,,,,,,,Y,4,0,2,2,A,-,03,22350,,N,C,C,A,A,H,-,A,D,0,,,,,Y,,-,,0,0,2,0,0,0,0,0,0,"- ","- ",37.455799102783203,-122.27391815185547,"SAN FRANCISCO","SAN FRANCISCO",,
9641840,2023,2023-12-13,3801,2023-10-28,2015,1784,TENDE,6,5,7,3801,0,0,0,,0,3J15D,"TURK ST","POLK ST",200.00,E,N,A,-,N,,,,,,,,,,Y,4,0,1,2,C,-,18,,,N,-,E,A,A,H,-,C,A,0,,,,,Y,Y,-,"- ",0,0,1,0,0,0,0,0,0,"- ","- ",,,"SAN FRANCISCO","SAN FRANCISCO",-122.41831970214844,37.782257080078125
9641870,2023,2024-01-23,3801,2023-11-04,2205,2307,NORTH,6,5,7,3801,0,0,0,,0,3E12E,"HAYES ST","LAGUNA ST",0.00,,Y,A,-,N,,,,,,,,,,N,4,0,2,2,A,-,12,22450,A,F,D,C,A,A,-,-,C,A,0,,,,,Y,,A,01,0,0,2,0,0,0,0,0,0,"- ","- ",,,"SAN FRANCISCO","SAN FRANCISCO",-122.42626190185547,37.776473999023438
9642009,2023,2024-01-05,3801,2023-11-06,"233 ",2142,INGLE,1,5,7,3801,0,0,0,,0,3H15E,"ALEMANY BL","HARRINGTON ST",0.00,,Y,C,-,N,,,,,,,,,,Y,3,0,1,2,A,-,07,21658,A,M,-,E,A,B,H,-,C,A,0,,,,,Y,,A,01,0,1,0,0,0,0,0,0,0,"- ","- ",,,"SAN FRANCISCO","SAN FRANCISCO",-122.43630218505859,37.726055145263672
9642023,2023,2024-01-17,3801,2023-11-04,2010,2459,,6,5,7,3801,0,0,0,,0,3B14D,"9TH ST","HOFF ST",0.00,,Y,A,-,N,,,,,,,,,,Y,4,0,1,2,A,-,12,21453,A,N,D,B,B,A,H,-,C,A,0,Y,,,,Y,Y,A,01,0,0,1,0,1,0,0,0,0,"- ","- ",,,"SAN FRANCISCO","SAN FRANCISCO",,
9642045,2023,2024-01-23,3801,2023-11-09,1004,1696,NORTH,4,5,7,3801,0,0,0,,0,3E13A,"TURK ST","POLK ST",0.00,,Y,A,-,N,,,,,,,,,,N,2,0,1,2,A,-,11,21453,D,N,G,B,-,A,H,-,A,A,0,Y,,,,Y,,N,60,1,0,0,0,1,0,0,0,0,"- ","- ",,,"SAN FRANCISCO","SAN FRANCISCO",-122.41899871826172,37.782169342041016
9642047,2023,2024-01-23,3801,2023-11-08,1115,4294,NORTH,3,5,7,3801,0,0,0,,0,0E2,"DIVISADERO ST","GOLDEN GATE AV",0.00,,Y,A,-,N,,,,,,,,,,N,4,0,1,2,A,-,10,21950,A,N,G,B,B,A,H,-,A,A,0,Y,,,,Y,,A,07,0,0,1,0,1,0,0,0,0,"- ","- ",,,"SAN FRANCISCO","SAN FRANCISCO",-122.43853759765625,37.778732299804688
9642057,2023,2024-01-23,3801,2023-11-05,2049,82,MISSI,7,5,7,3801,0,0,0,,0,3D11D,"CESAR CHAVEZ ST","YORK ST",50.00,W,N,C,-,N,,,,,,,,,,N,3,0,1,2,A,-,11,21954,A,N,G,B,D,B,H,-,C,D,0,Y,,,,Y,Y,N,60,0,1,0,0,1,0,0,0,0,"- ","- ",,,"SAN FRANCISCO","SAN FRANCISCO",-122.40805816650391,37.748298645019531
9646229,2023,2024-01-12,3801,2023-11-25,1450,2088,INGLE,6,5,7,3801,0,0,0,,0,3H2A,"SAN JOSE AV","HIGHLAND AV OVERPASS",250.00,N,N,A,-,N,,,,,,,,,,N,2,0,1,2,A,-,05,21650,,F,A,C,A,A,H,-,A,D,0,,Y,,,Y,,L,04,1,0,0,0,0,0,0,0,0,"- ","- ",,,"SAN FRANCISCO","SAN FRANCISCO",-122.42485046386719,37.738246917724609
9646749,2023,2024-02-12,3801,2023-12-21,1050,1917,TARAV,4,5,7,3801,0,0,0,,0,3I4A,"HOLLOWAY AV","19TH AV",0.00,,Y,A,-,N,,,,,,,,,,Y,4,0,2,2,A,-,09,21801,A,N,D,C,A,A,H,-,A,A,0,,,,,Y,,A,07,0,0,2,0,0,0,0,0,0,"- ","- ",,,"SAN FRANCISCO","SAN FRANCISCO",-122.47537231445312,37.720954895019531
9646753,2023,2024-02-13,3801,2023-12-18,1646,812,BAYVI,1,5,7,3801,0,0,0,,0,,"MARIPOSA ST","TEXAS ST",0.00,,Y,C,-,N,,,,,,,,,,N,4,0,1,2,A,-,21,22106,,N,B,C,A,B,H,-,A,D,0,,,,,Y,,A,07,0,0,1,0,0,0,0,0,0,"- ","- ",,,"SAN FRANCISCO","SAN FRANCISCO",-122.39569854736328,37.763919830322266
9647807,2023,2024-01-11,3801,2023-11-05,"310 ",2498,NORTH,7,5,7,3801,0,0,0,,0,3E13E,"FRANKLIN ST","TURK ST",0.00,,Y,A,-,N,,,,,,,,,,Y,2,0,4,3,A,-,12,21453,A,F,D,C,A,A,H,-,C,A,0,,,,Y,Y,,-,,1,2,1,0,0,0,0,0,0,"- ","- ",,,"SAN FRANCISCO","SAN FRANCISCO",-122.42224884033203,37.781730651855469
9647823,2023,2023-12-28,3801,2023-10-22,"905 ",4370,INGLE,7,5,7,3801,0,0,0,,0,3G15A,"BRAZIL AV","ATHENS ST",27.00,W,N,B,-,N,,,,,,,,,,Y,3,0,1,5,D,-,00,,,N,C,E,A,A,H,-,A,A,0,,,,,Y,,-,"- ",0,1,0,0,0,0,0,0,0,"- ","- ",,,"SAN FRANCISCO","SAN FRANCISCO",-122.42851257324219,37.721675872802734
9649640,2023,2024-01-11,3801,2023-11-02,1820,1933,TENDE,4,5,7,3801,0,0,0,,0,3J11D,"6TH ST","MARKET ST",0.00,,Y,A,-,N,,,,,,,,,,N,4,0,1,2,A,-,10,21950,A,N,G,B,B,A,H,-,B,A,0,Y,,,,Y,,A,08,0,0,1,0,1,0,0,0,0,"- ","- ",,,"SAN FRANCISCO","SAN FRANCISCO",-122.41030120849609,37.782241821289062
9650192,2023,2024-02-15,3801,2023-12-13,1900,1933,TENDE,3,5,7,3801,0,0,0,,0,3J14D,"MASON ST","EDDY ST",0.00,,Y,A,-,N,,,,,,,,,,N,4,0,1,2,A,-,07,21658,A,N,D,C,A,A,H,-,B,A,0,,,,,Y,,I,19,0,0,1,0,0,0,0,0,0,"- ","- ",,,"SAN FRANCISCO","SAN FRANCISCO",-122.4093017578125,37.784374237060547
9650242,2023,2024-01-11,3801,2023-11-19,1515,2419,RICHM,7,5,7,3801,0,0,0,,0,908,"PINE ST","PRESIDIO AV",0.00,,Y,A,-,N,,,,,,,,,,Y,4,0,1,1,A,-,03,22350,,N,E,I,A,A,H,-,A,A,0,,,,,Y,,A,01,0,0,1,0,0,0,0,0,0,"- ","- ",,,"SAN FRANCISCO","SAN FRANCISCO",-122.44660186767578,37.786293029785156
9650244,2023,2024-01-11,3801,2023-11-10,1455,1214,CENTR,5,5,7,3801,0,0,0,,0,3A42C,"STOCKTON ST","UNION ST",97.00,N,N,A,-,N,,,,,,,,,,N,2,0,1,2,A,-,10,21950,,N,G,B,D,A,H,-,A,A,0,Y,,,,Y,,N,60,1,0,0,0,1,0,0,0,0,"- ","- ",,,"SAN FRANCISCO","SAN FRANCISCO",-122.40921783447266,37.800693511962891
9650276,2023,2024-02-13,3801,2023-12-03,1935,4187,NORTH,7,5,7,3801,0,0,0,,0,3E12D,"DIVISADERO ST","FELL ST",0.00,,Y,A,-,N,,,,,,,,,,Y,3,0,1,2,A,-,08,22107,,N,D,C,A,A,H,-,C,A,0,,,Y,,Y,,A,01,0,1,0,0,0,0,0,0,1,"- ","- ",,,"SAN FRANCISCO","SAN FRANCISCO",-122.43759918212891,37.774063110351562
9650278,2023,2024-02-13,3801,2023-12-03,1056,2195,NORTH,7,5,7,3801,0,0,0,,0,003,"GROVE ST","POLK ST",0.00,,Y,A,-,N,,,,,,,,,,N,2,0,1,2,A,-,08,22107,,F,D,G,A,A,H,-,A,D,0,,Y,,,Y,,A,01,1,0,0,0,0,0,1,0,0,"- ","- ",,,"SAN FRANCISCO","SAN FRANCISCO",-122.41822052001953,37.778480529785156
9650279,2023,2024-02-13,3801,2023-12-02,"30  ",2441,INGLE,6,5,7,3801,0,0,0,,0,3H16E,"BAY SHORE BL","VISITACION AV",0.00,,Y,C,-,N,,,,,,,,,,Y,4,0,1,2,A,-,12,21453,A,F,D,C,A,B,H,-,C,A,0,,,,,Y,,A,01,0,0,1,0,0,0,0,0,0,"- ","- ",,,"SAN FRANCISCO","SAN FRANCISCO",-122.40432739257812,37.710441589355469
9650283,2023,2024-02-23,3801,2023-12-08,1026,2706,MISSI,5,5,7,3801,0,0,0,,0,3D11A,"CHURCH ST","CESAR CHAVEZ ST",0.00,,Y,A,-,N,,,,,,,,,,N,3,0,1,2,A,-,12,22450,,N,-,-,A,A,H,-,A,A,0,,Y,,,Y,,L,04,0,1,0,0,0,0,1,0,0,"- ","- ",,,"SAN FRANCISCO","SAN FRANCISCO",-122.42704010009766,37.747737884521484
9650290,2023,2024-02-05,3801,2023-12-11,1750,2486,TARAV,1,5,7,3801,0,0,0,,0,03H,"MIRALOMA DR","MIRALOMA DR 2",0.00,,Y,F,-,N,,,,,,,,,,Y,4,0,1,2,D,-,00,,,N,B,C,A,-,H,-,-,D,0,,,,,Y,,-,"- ",0,0,1,0,0,0,0,0,0,"- ","- ",,,"SAN FRANCISCO","SAN FRANCISCO",,
9650303,2023,2024-03-06,3801,2023-12-03,1826,2151,PARK,7,5,7,3801,0,0,0,,0,3F13D,"STANYAN ST","OAK ST",0.00,,Y,A,-,N,,,,,,,,,,Y,4,0,1,2,A,-,"- ",,,N,A,D,A,A,H,-,C,A,0,,,,,Y,,A,01,0,0,1,0,0,0,0,0,0,"- ","- ",,,"SAN FRANCISCO","SAN FRANCISCO",-122.45395660400391,37.771354675292969
9650306,2023,2024-02-23,3801,2023-12-03,1429,4006,TARAV,7,5,7,3801,0,0,0,,0,3I15B,"LAKE MERCED BL","FONT BL",145.00,S,N,B,-,N,,,,,,,,,,N,4,0,1,2,A,-,08,22107,,N,C,C,A,A,H,-,A,A,0,,,,,Y,,A,01,0,0,1,0,0,0,0,0,0,"- ","- ",,,"SAN FRANCISCO","SAN FRANCISCO",-122.48513031005859,37.723773956298828
9650310,2023,2024-02-23,3801,2023-12-01,2155,709,BAYVI,5,5,7,3801,0,0,0,,0,3C11E,"RHODE ISLAND ST","RHODE ISLAND ST 1172",0.00,,N,A,-,N,,,,,,,,,,Y,3,0,1,3,A,-,03,22350,,N,F,E,A,B,H,-,C,D,0,,,,,Y,,A,07,0,1,0,0,0,0,0,0,0,"- ","- ",,,"SAN FRANCISCO","SAN FRANCISCO",,
9650461,2023,2024-02-29,3801,2023-12-07,2202,2708,SOUTH,4,5,7,3801,0,0,0,,0,3B12E,"3RD ST",TOWNSEND,0.00,,Y,A,-,N,,,,,,,,,,N,3,0,1,2,A,-,11,21954,A,N,G,B,D,A,H,-,C,A,0,Y,,,,Y,,N,60,0,1,0,0,1,0,0,0,0,"- ","- ",,,"SAN FRANCISCO","SAN FRANCISCO",-122.39275360107422,37.778858184814453
9655624,2023,2024-01-22,3801,2023-10-18,1201,1075,SOUTH,3,5,7,3801,0,0,0,,0,3B12A,"THE EMBARCADERO SOUTH","MISSION ST",0.00,,Y,A,-,N,,,,,,,,,,Y,4,0,1,4,A,-,08,22107,,N,B,C,A,A,H,-,A,A,0,,,Y,,Y,,C,02,0,0,1,0,0,0,0,0,1,"- ","- ",,,"SAN FRANCISCO","SAN FRANCISCO",-122.39263153076172,37.793708801269531
9655736,2023,2024-02-06,3801,2023-11-25,2322,2497,,6,5,7,3801,0,0,0,,0,3C15E,"3RD ST","BANCROFT AV",0.00,,Y,A,-,N,,,,,,,,,,Y,3,0,1,1,A,-,03,22350,,N,A,I,A,-,H,-,C,-,0,,,,,Y,,A,07,0,1,0,0,0,0,0,0,0,"- ","- ",,,"SAN FRANCISCO","SAN FRANCISCO",-122.39400482177734,37.726272583007812