CASE_ID,ACCIDENT_YEAR,PROC_DATE,JURIS,COLLISION_DATE,COLLISION_TIME,OFFICER_ID,REPORTING_DISTRICT,DAY_OF_WEEK,CHP_SHIFT,POPULATION,CNTY_CITY_LOC,SPECIAL_COND,BEAT_TYPE,CHP_BEAT_TYPE,CITY_DIVISION_LAPD,CHP_BEAT_CLASS,BEAT_NUMBER,PRIMARY_RD,SECONDARY_RD,DISTANCE,DIRECTION,INTERSECTION,WEATHER_1,WEATHER_2,STATE_HWY_IND,CALTRANS_COUNTY,CALTRANS_DISTRICT,STATE_ROUTE,ROUTE_SUFFIX,POSTMILE_PREFIX,POSTMILE,LOCATION_TYPE,RAMP_INTERSECTION,SIDE_OF_HWY,TOW_AWAY,COLLISION_SEVERITY,NUMBER_KILLED,NUMBER_INJURED,PARTY_COUNT,PRIMARY_COLL_FACTOR,PCF_CODE_OF_VIOL,PCF_VIOL_CATEGORY,PCF_VIOLATION,PCF_VIOL_SUBSECTION,HIT_AND_RUN,TYPE_OF_COLLISION,MVIW,PED_ACTION,ROAD_SURFACE,ROAD_COND_1,ROAD_COND_2,LIGHTING,CONTROL_DEVICE,CHP_ROAD_TYPE,PEDESTRIAN_ACCIDENT,BICYCLE_ACCIDENT,MOTORCYCLE_ACCIDENT,TRUCK_ACCIDENT,NOT_PRIVATE_PROPERTY,ALCOHOL_INVOLVED,STWD_VEHTYPE_AT_FAULT,CHP_VEHTYPE_AT_FAULT,COUNT_SEVERE_INJ,COUNT_VISIBLE_INJ,COUNT_COMPLAINT_PAIN,COUNT_PED_KILLED,COUNT_PED_INJURED,COUNT_BICYCLIST_KILLED,COUNT_BICYCLIST_INJURED,COUNT_MC_KILLED,COUNT_MC_INJURED,PRIMARY_RAMP,SECONDARY_RAMP,LATITUDE,LONGITUDE,COUNTY,CITY,POINT_X,POINT_Y
9658064,2024,2024-03-19,3801,2024-01-03,"846 ",2707,TARAV,3,5,7,3801,0,0,0,,0,6CAR,"SAGAMORE ST","SAGAMORE ST 178",0.00,,N,A,-,N,,,,,,,,,,N,4,0,3,2,A,-,04,21703,,N,C,A,A,A,-,-,A,A,0,,,,,Y,,K,45,0,0,3,0,0,0,0,0,0,"- ","- ",,,"SAN FRANCISCO","SAN FRANCISCO",,
9658565,2023,2024-03-30,3801,2023-12-31,1149,LAU933,INGLE,7,5,7,3801,0,0,0,,0,0H5,"MISSION ST","ACTION ST",0.00,,Y,A,-,N,,,,,,,,,,N,4,0,2,3,A,-,08,22107,,N,B,C,A,A,H,-,A,D,0,,,,,Y,,A,01,0,0,2,0,0,0,0,0,0,"- ","- ",,,"SAN FRANCISCO","SAN FRANCISCO",-122.4527587890625,37.70880126953125
9658602,2024,2024-03-19,3801,2024-01-21,2000,2476,SOUTH,7,5,7,3801,0,0,0,,0,3B13E,"MINNA ST","MINNA ST 495",0.00,,N,C,-,N,,,,,,,,,,,4,0,1,2,A,-,21,22106,,N,C,E,A,B,H,-,C,D,0,,,,,Y,,A,01,0,0,1,0,0,0,0,0,0,"- ","- ",,,"SAN FRANCISCO","SAN FRANCISCO",,
9658606,2024,2024-03-19,3801,2024-01-21,"124 ",1857,SOUTH,7,5,7,3801,0,0,0,,0,,"OTIS ST","13TH ST",75.00,S,N,C,-,N,,,,,,,,,,,4,0,1,2,A,-,11,21954,A,N,G,B,D,B,H,-,C,A,0,Y,,,,Y,,N,60,0,0,1,0,1,0,0,0,0,"- ","- ",,,"SAN FRANCISCO","SAN FRANCISCO",-122.4200439453125,37.770118713378906
9658607,2024,2024-03-20,3801,2024-01-15,1120,640,MISSI,1,5,7,3801,0,0,0,,0,3D16A,"16TH ST","BRYANT ST",0.00,,Y,A,-,N,,,,,,,,,,N,4,0,1,3,A,-,09,21804,A,N,A,C,A,A,H,-,A,A,0,,,Y,,Y,,A,01,0,0,1,0,0,0,0,0,1,"- ","- ",,,"SAN FRANCISCO","SAN FRANCISCO",-122.4105224609375,37.765594482421875
9658611,2024,2024-03-20,3801,2024-01-17,1137,2499,TARAV,3,5,7,3801,0,0,0,,0,3112A,"ULLOA ST","35TH AV",0.00,,Y,A,-,N,,,,,,,,,,Y,3,0,2,2,A,-,09,21802,A,N,D,C,A,A,-,-,A,D,0,,,,,Y,,A,01,0,1,1,0,0,0,0,0,0,"- ","- ",,,"SAN FRANCISCO","SAN FRANCISCO",-122.49269866943359,37.740428924560547
9658630,2023,2024-02-14,3801,2023-12-29,1444,1133,MISSI,5,5,7,3801,0,0,0,,0,0D2,"24TH ST","SAN JOSE AV",0.00,,Y,C,-,N,,,,,,,,,,N,4,0,1,2,A,-,09,21802,,N,D,C,A,B,H,-,A,A,0,,,,,Y,,A,01,0,0,1,0,0,0,0,0,0,"- ","- ",,,"SAN FRANCISCO","SAN FRANCISCO",-122.42160034179688,37.752067565917969
9658640,2023,2024-02-14,3801,2023-12-27,2249,2142,INGLE,3,5,7,3801,0,0,0,,0,3H13E,"MISSION ST","SILVER ST",0.00,,Y,C,-,N,,,,,,,,,,N,4,0,1,2,A,-,10,21950,A,N,G,B,B,B,H,-,C,A,0,Y,,,,Y,,A,01,0,0,1,0,1,0,0,0,0,"- ","- ",,,"SAN FRANCISCO","SAN FRANCISCO",-122.43128204345703,37.728736877441406
9658642,2024,2024-04-20,3801,2024-01-04,2050,1113,PARK,4,5,7,3801,0,0,0,,0,3F12D,"TWIN PEAKS BL","PANORAMA DR",1100.00,N,N,-,-,N,,,,,,,,,,N,2,0,1,1,A,-,03,22350,,N,F,A,A,-,H,-,D,-,0,,,Y,,Y,,C,02,1,0,0,0,0,0,0,0,1,"- ","- ",,,"SAN FRANCISCO","SAN FRANCISCO",-122.44783782958984,37.749320983886719
9658655,2024,2024-04-20,3801,2024-01-03,"840 ",4132,TRAFF,3,5,7,3801,0,0,0,,0,6CAR,"HARRISON ST","MARIPOSA ST",0.00,,Y,A,-,N,,,,,,,,,,N,4,0,1,2,A,-,12,22450,A,N,D,C,A,B,H,-,A,D,0,,,,,Y,Y,A,01,0,0,1,0,0,0,0,0,0,"- ","- ",,,"SAN FRANCISCO","SAN FRANCISCO",-122.41291046142578,37.762901306152344
9658660,2024,2024-04-20,3801,2024-01-06,"32  ",1897,NORTH,6,5,7,3801,0,0,0,,0,3E13E,"FULTON ST","GOUGH ST",0.00,,Y,A,-,N,,,,,,,,,,Y,4,0,1,2,A,-,00,23153,F,N,C,C,A,A,H,-,C,A,0,,,,,Y,,A,01,0,0,1,0,0,0,0,0,0,"- ","- ",,,"SAN FRANCISCO","SAN FRANCISCO",-122.42334747314453,37.778751373291016
9658666,2024,2024-04-20,3801,2024-01-04,"925 ",4356,INGLE,4,5,7,3801,0,0,0,,0,3H12A,"SAN JOSE AV","RANDALL ST",0.00,,Y,A,-,N,,,,,,,,,,N,4,0,1,2,A,-,08,22107,,F,H,G,A,A,H,-,A,A,0,,Y,,,Y,,A,01,0,0,1,0,0,0,1,0,0,"- ","- ",,,"SAN FRANCISCO","SAN FRANCISCO",-122.42426300048828,37.739860534667969
9659423,2023,2024-02-12,3801,2023-12-13,2051,1297,PARK,3,5,7,3801,0,0,0,,0,3F13A,"BUENA VISTA AV EAST","BUENA VISTA TER",0.00,,Y,A,-,N,,,,,,,,,,Y,3,0,1,2,A,-,09,21801,A,N,A,C,A,A,H,-,C,D,0,,,Y,,Y,,A,01,0,1,0,0,0,0,0,0,1,"- ","- ",,,"SAN FRANCISCO","SAN FRANCISCO",-122.43843078613281,37.76885986328125
9659703,2024,2024-03-22,3801,2024-01-17,1900,CTOV,SOUTH,3,5,7,3801,0,0,0,,0,0B6,"GATEVIEW AV","EXPOSITION DR",0.00,,Y,A,-,N,,,,,,,,,,N,3,0,1,2,A,-,05,21651,B,N,A,J,A,A,H,-,C,A,0,,,,,Y,Y,A,01,0,1,0,0,0,0,0,0,0,"- ","- ",,,"SAN FRANCISCO","SAN FRANCISCO",-122.37265777587891,37.829078674316406
9659718,2024,2024-03-22,3801,2024-01-24,1830,1251,BAYVI,3,5,7,3801,0,0,0,,0,3C12D,"SAN BRUNO AV","WAYLAND ST",4.00,S,N,A,-,N,,,,,,,,,,N,4,0,1,2,A,-,10,21950,A,N,G,B,C,B,H,-,C,D,0,Y,,,,Y,,A,01,0,0,1,0,1,0,0,0,0,"- ","- ",,,"SAN FRANCISCO","SAN FRANCISCO",-122.40311431884766,37.726428985595703
9659724,2024,2024-03-25,3801,2024-01-26,1602,1858,BAYVI,5,5,7,3801,0,0,0,,0,3C14D,"SILVER AV","SAN BRUNO AV",67.00,W,N,A,-,N,,,,,,,,,,Y,2,0,2,2,A,-,03,22350,,F,A,B,F,A,H,-,A,D,0,Y,,,,Y,,A,01,1,0,1,0,1,0,0,0,0,"- ","- ",,,"SAN FRANCISCO","SAN FRANCISCO",-122.40583801269531,37.732383728027344
9659726,2024,2024-03-25,3801,2024-01-25,1750,200,TENDE,4,5,7,3801,0,0,0,,0,003,"MCALLISTER ST","HYDE ST",80.00,W,N,A,-,N,,,,,,,,,,N,4,0,1,3,A,-,08,22107,,N,C,C,A,A,H,-,C,A,0,,,,,Y,,A,01,0,0,1,0,0,0,0,0,0,"- ","- ",,,"SAN FRANCISCO","SAN FRANCISCO",-122.41559600830078,37.78070068359375
9659737,2024,2024-07-01,3801,2024-01-24,1946,2408,MISSI,3,5,7,3801,0,0,0,,0,3D12D,"NOE ST","23RD ST",0.00,,Y,C,-,N,,,,,,,,,,N,4,0,1,2,D,-,00,,,N,D,C,A,B,H,-,C,A,0,,,Y,,Y,,-,"- ",0,0,1,0,0,0,0,0,0,"- ","- ",,,"SAN FRANCISCO","SAN FRANCISCO",-122.4320068359375,37.753002166748047
9659741,2024,2024-03-19,3801,2024-01-09,2327,1066,NORTH,2,5,7,3801,0,0,0,,0,3E5,"LOMBARD ST","WEBSTER ST",0.00,,Y,A,-,N,,,,,,,,,,N,4,0,1,2,A,-,04,21703,,F,C,C,A,A,H,-,B,D,0,,,,,Y,,A,01,0,0,1,0,0,0,0,0,0,"- ","- ",,,"SAN FRANCISCO","SAN FRANCISCO",-122.43438720703125,37.800064086914062
9659743,2024,2024-03-19,3801,2024-01-12,1000,788,SOUTH,5,5,7,3801,0,0,0,,0,3B12A,"HOWARD ST","6TH ST",10.00,W,N,A,-,N,,,,,,,,,,N,3,0,1,2,A,-,10,21950,A,N,A,B,B,A,H,-,A,A,0,Y,,,,Y,,A,01,0,1,0,0,1,0,0,0,0,"- ","- ",,,"SAN FRANCISCO","SAN FRANCISCO",-122.40716552734375,37.779731750488281
9659759,2024,2024-03-19,3801,2024-01-28,1308,2707,TARAV,7,5,7,3801,0,0,0,,0,,"HOLLOWAY AV","JUNIPERO SERRA BL",0.00,,Y,A,-,N,,,,,,,,,,Y,4,0,3,2,A,-,12,21453,A,N,D,C,A,A,H,-,A,A,0,,,,,Y,,A,01,0,0,3,0,0,0,0,0,0,"- ","- ",,,"SAN FRANCISCO","SAN FRANCISCO",-122.47267150878906,37.721572875976562
9662513,2024,2024-03-19,3801,2024-01-19,1832,2718,BAYVI,5,5,7,3801,0,0,0,,0,3C11D,"PENNSYLVANIA AV","25TH ST",0.00,,Y,A,-,N,,,,,,,,,,N,3,0,1,2,A,-,12,22450,A,F,D,G,A,B,H,-,C,A,0,,Y,,Y,Y,,L,04,0,1,0,0,0,0,1,0,0,"- ","- ",,,"SAN FRANCISCO","SAN FRANCISCO",-122.39266204833984,37.752544403076172
9662931,2024,2024-03-26,3801,2024-01-23,"658 ",937,BAYVI,2,5,7,3801,0,0,0,,0,3C2A,"PAUL AV","BAYSHORE BL",0.00,,Y,A,-,N,,,,,,,,,,N,3,0,1,2,A,-,03,22350,,F,C,C,A,A,H,-,B,A,0,,,,,Y,,D,22,0,1,0,0,0,0,0,0,0,"- ","- ",,,"SAN FRANCISCO","SAN FRANCISCO",-122.40079498291016,37.723606109619141
9662941,2024,2024-03-19,3801,2024-01-25,2302,2491,INGLE,4,5,7,3801,0,0,0,,0,3H16,"GENEVA AV","CARTER ST",168.00,W,N,A,-,N,,,,,,,,,,Y,2,0,1,5,A,-,08,22107,,F,C,E,A,A,H,-,C,D,0,,,Y,,Y,,A,01,1,0,0,0,0,0,0,0,0,"- ","- ",,,"SAN FRANCISCO","SAN FRANCISCO",-122.42385864257812,37.70953369140625
9664961,2024,2024-06-26,3801,2024-02-17,"200 ",2491,INGLE,6,5,7,3801,0,0,0,,0,3H15E,"OCEAN AV","LEE AV",0.00,,Y,-,-,N,,,,,,,,,,Y,4,0,1,2,A,-,08,22107,,F,A,C,A,A,H,-,C,A,0,,,Y,,Y,,-,99,0,0,1,0,0,0,0,0,1,"- ","- ",,,"SAN FRANCISCO","SAN FRANCISCO",-122.4541015625,37.723491668701172
9664962,2024,2024-04-18,3801,2024-02-16,1249,1967,NORTH,5,5,7,3801,0,0,0,,0,3E12A,"LAGUNA ST","GROVE ST",0.00,,Y,A,-,N,,,,,,,,,,Y,4,0,1,2,A,-,12,22450,A,F,D,C,A,A,H,-,A,A,0,,,,,Y,Y,A,01,0,0,1,0,0,0,0,0,0,"- ","- ",,,"SAN FRANCISCO","SAN FRANCISCO",-122.42645263671875,37.777408599853516
9664972,2024,2024-04-22,3801,2024-02-18,1641,246,TARAV,7,5,7,3801,0,0,0,,0,"6 CAR","SAGAMORE ST","CAPITOL AV",0.00,,Y,C,-,N,,,,,,,,,,Y,4,0,1,2,A,-,08,22107,,N,D,C,A,B,H,-,A,A,0,,,,,Y,,A,01,0,0,1,0,0,0,0,0,0,"- ","- ",,,"SAN FRANCISCO","SAN FRANCISCO",-122.45902252197266,37.711387634277344
9664992,2024,2024-04-09,3801,2024-02-21,1230,1892,BAYVI,3,5,7,3801,0,0,0,,0,3C13A,"EVANS AVE","MENDELL ST",300.00,W,N,A,-,N,,,,,,,,,,Y,4,0,1,1,A,-,03,22350,,N,A,I,A,A,H,-,A,A,0,,,,,Y,Y,A,01,0,0,1,0,0,0,0,0,0,"- ","- ",,,"SAN FRANCISCO","SAN FRANCISCO",-122.38561248779297,37.741321563720703
9664997,2024,2024-04-10,3801,2024-02-05,1546,1435,TRAFF,1,5,7,3801,0,0,0,,0,4B4C,"POST STREET","VAN NESS AVENUE",69.00,W,N,A,-,N,,,,,,,,,,N,3,0,1,2,A,-,11,21954,A,N,G,B,E,A,H,-,A,A,0,Y,,,,Y,,N,60,0,1,0,0,1,0,0,0,0,"- ","- ",,,"SAN FRANCISCO","SAN FRANCISCO",-122.42176818847656,37.786594390869141
9665003,2024,2024-04-09,3801,2024-02-02,1445,2163,TENDE,5,5,7,3801,0,0,0,,0,3J94C,"LARKIN ST","FULTON ST",0.00,,Y,A,-,N,,,,,,,,,,N,4,0,1,2,A,-,00,20001,,F,A,A,B,A,H,-,A,A,0,Y,,,,Y,,A,01,0,0,1,0,1,0,0,0,0,"- ","- ",,,"SAN FRANCISCO","SAN FRANCISCO",-122.41675567626953,37.779586791992188
9665007,2024,2024-04-09,3801,2024-02-25,2216,2035,MISSI,7,5,7,3801,0,0,0,,0,3D15E,"17TH ST","MISSION ST",2.00,W,N,A,-,N,,,,,,,,,,N,3,0,1,1,A,-,03,22350,,N,H,I,A,A,H,-,C,D,0,,,,,Y,,M,94,0,1,0,0,0,0,0,0,0,"- ","- ",,,"SAN FRANCISCO","SAN FRANCISCO",-122.41950988769531,37.763420104980469
9665010,2024,2024-04-08,3801,2024-02-24,1100,1967,NORTH,6,5,7,3801,0,0,0,,0,3E12A,"GEARY BLVD","GEARY BLVD 1849",0.00,,N,A,-,N,,,,,,,,,,N,4,0,1,2,A,-,08,22107,,F,G,B,E,A,H,-,A,D,0,Y,,,,Y,Y,-,,0,0,1,0,1,0,0,0,0,"- ","- ",,,"SAN FRANCISCO","SAN FRANCISCO",-122.42139434814453,37.785690307617188
9665011,2024,2024-04-09,3801,2024-02-24,"128 ",1087,NORTH,6,5,7,3801,0,0,0,,0,,"OAK ST","SCOTT ST",16.00,E,N,A,-,N,,,,,,,,,,Y,2,0,1,3,A,-,03,22350,,N,F,E,A,A,H,-,C,A,0,,,,,Y,,A,07,1,0,0,0,0,0,0,0,0,"- ","- ",,,"SAN FRANCISCO","SAN FRANCISCO",-122.43571472167969,37.773338317871094
9666557,2024,2024-03-14,3801,2024-01-10,2243,1902,MISSI,3,5,7,3801,0,0,0,,0,3D16E,"SOUTH VAN NESS AV","14TH ST",0.00,,Y,A,-,N,,,,,,,,,,Y,4,0,1,2,A,-,03,22350,,N,F,C,A,B,H,-,C,A,0,,,,,Y,,A,01,0,0,1,0,0,0,0,0,0,"- ","- ",,,"SAN FRANCISCO","SAN FRANCISCO",-122.41780090332031,37.768417358398438
9666716,2024,2024-03-26,3801,2024-01-13,1225,359,TARAV,6,5,7,3801,0,0,0,,0,3I61,"WEST PORTAL AV","14TH AV",0.00,,Y,B,C,N,,,,,,,,,,N,4,0,1,2,A,-,10,21950,A,F,G,B,B,B,H,-,A,A,0,Y,,,,Y,,D,22,0,0,1,0,1,0,0,0,0,"- ","- ",,,"SAN FRANCISCO","SAN FRANCISCO",-122.46907043457031,37.737972259521484
9667140,2024,2024-03-25,3801,2024-01-04,1724,3J11D,TENDE,4,5,7,3801,0,0,0,,0,,"EDDY ST","LARKIN ST",2.00,E,N,A,-,N,,,,,,,,,,N,3,0,1,1,A,-,03,22350,,N,H,A,A,A,H,-,A,A,0,,,,,Y,,M,94,0,1,0,0,0,0,0,0,0,"- ","- ",,,"SAN FRANCISCO","SAN FRANCISCO",-122.41751098632812,37.783302307128906
9668448,2024,2024-04-26,3801,2024-02-05,2359,0720,TARAV,1,5,7,3801,0,0,0,,0,3I13A,"SUNSET BL","VICENTE ST",0.00,,Y,B,-,N,,,,,,,,,,N,2,0,1,2,A,-,09,21800,D,N,D,C,A,B,H,-,A,B,0,,,,,Y,,A,01,1,0,0,0,0,0,0,0,0,"- ","- ",,,"SAN FRANCISCO","SAN FRANCISCO",-122.49427032470703,37.738502502441406
9668449,2024,2024-05-01,3801,2024-02-11,2225,4046,INGLE,7,5,7,3801,0,0,0,,0,3H16E,"MISSION ST","RICHLAND AV",64.00,N,N,A,-,N,,,,,,,,,,Y,3,0,2,2,A,-,"- ",,,N,D,B,D,-,H,-,C,D,0,Y,,Y,,Y,Y,N,60,0,1,1,0,1,0,0,0,1,"- ","- ",,,"SAN FRANCISCO","SAN FRANCISCO",-122.42443084716797,37.736110687255859
9668474,2024,2024-06-03,3801,2024-02-11,2200,4118,PARK,7,5,7,3801,0,0,0,,0,0F3,"FELL ST","MASONIC AV",68.00,W,N,A,-,N,,,,,,,,,,N,4,0,1,2,A,-,03,22350,,N,C,C,A,A,H,-,C,A,0,,,Y,,Y,,A,01,0,0,1,0,0,0,0,0,1,"- ","- ",,,"SAN FRANCISCO","SAN FRANCISCO",-122.44615173339844,37.772956848144531
9668505,2024,2024-03-19,3801,2024-01-21,1828,4084,TRAFF,7,5,7,3801,0,0,0,,0,4B104,"SUNSET BL","OCEAN AV",4.00,N,N,C,-,N,,,,,,,,,,N,3,0,1,2,A,-,11,21456,B,N,-,-,B,B,H,-,C,A,0,Y,,,,Y,,N,60,0,1,0,0,1,0,0,0,0,"- ","- ",,,"SAN FRANCISCO","SAN FRANCISCO",-122.49381256103516,37.731910705566406
9668506,2024,2024-03-19,3801,2024-01-12,1532,274,MISSI,5,5,7,3801,0,0,0,,0,3D16D,"22ND ST","SAN BRUNO AV",0.00,,Y,A,-,N,,,,,,,,,,N,4,0,1,4,A,-,08,22107,,N,A,B,E,A,-,-,A,D,0,Y,,,,Y,,A,01,0,0,1,0,1,0,0,0,0,"- ","- ",,,"SAN FRANCISCO","SAN FRANCISCO",-122.40475463867188,37.756942749023438
9670569,2024,2024-03-14,3801,2024-01-18,1800,2147,NORTH,4,5,7,3801,0,0,0,,0,NORTHE,"DIVISADERO ST","SACRAMENTO ST",0.00,,Y,A,-,N,,,,,,,,,,Y,4,0,1,2,A,-,09,21801,B,F,A,C,A,A,-,-,C,A,0,,,,,Y,,A,01,0,0,1,0,0,0,0,0,0,"- ","- ",,,"SAN FRANCISCO","SAN FRANCISCO",-122.44062805175781,37.788982391357422
9670577,2024,2024-03-15,3801,2024-01-06,"915 ",50,TENDE,6,5,7,3801,0,0,0,,0,005,"OFARRELL ST","LARKIN ST",0.00,E,N,A,-,N,,,,,,,,,,N,4,0,2,3,A,-,17,21663,,F,G,B,F,A,G,-,A,D,0,Y,,Y,,Y,,C,02,0,0,2,0,2,0,0,0,0,"- ","- ",,,"SAN FRANCISCO","SAN FRANCISCO",-122.41790008544922,37.785167694091797
9670578,2024,2024-03-15,3801,2024-01-07,2104,2391,NORTH,7,5,7,3801,0,0,0,,0,3E12E,"HAIGHT ST","WEBSTER ST",130.00,W,N,A,-,N,,,,,,,,,,N,3,0,1,2,A,-,03,22350,,N,C,C,A,A,H,-,C,D,0,,,Y,,Y,,C,02,0,1,0,0,0,0,0,0,1,"- ","- ",,,"SAN FRANCISCO","SAN FRANCISCO",-122.42922210693359,37.772274017333984
9670582,2024,2024-03-15,3801,2024-01-05,1525,118,PARK,5,5,7,3801,0,0,0,,0,3F12D,"CLIPPER ST","CHURCH ST",0.00,,Y,A,-,N,,,,,,,,,,N,4,0,1,2,A,-,12,22450,A,N,D,C,A,A,H,-,A,D,0,,,Y,,Y,,C,06,0,0,1,0,0,0,0,0,0,"- ","- ",,,"SAN FRANCISCO","SAN FRANCISCO",-122.42723083496094,37.749294281005859
9670583,2024,2024-03-15,3801,2024-01-06,2155,LI1074,BAYVE,6,5,7,3801,0,0,0,,0,3C13E,"INGALLS ST","HARBOR RD",0.00,E,N,A,-,N,,,,,,,,,,N,3,0,1,2,A,-,12,22450,A,F,D,G,A,A,H,-,C,A,0,,Y,,,Y,Y,-,,0,1,0,0,0,0,1,0,0,"- ","- ",,,"SAN FRANCISCO","SAN FRANCISCO",-122.37992858886719,37.733409881591797
9670592,2024,2024-03-14,3801,2024-01-10,"634 ",2229,TENDE,3,5,7,3801,0,0,0,,0,3J60,"OFARRELL ST","TAYLOR ST",0.00,,Y,C,-,N,,,,,,,,,,N,4,0,1,2,A,-,08,22101,D,N,A,G,A,B,H,-,C,A,0,,Y,,,Y,Y,A,01,0,0,1,0,0,0,1,0,0,"- ","- ",,,"SAN FRANCISCO","SAN FRANCISCO",-122.41132354736328,37.786022186279297
9670593,2024,2024-03-14,3801,2024-01-10,1255,4798,NORTH,3,5,7,3801,0,0,0,,0,3E00,"9TH ST","MINNA ST",0.00,,Y,C,-,N,,,,,,,,,,N,4,0,1,2,A,-,04,21703,,F,C,C,A,B,H,-,A,A,0,,,,,Y,,A,01,0,0,1,0,0,0,0,0,0,"- ","- ",,,"SAN FRANCISCO","SAN FRANCISCO",-122.41416931152344,37.775798797607422
9670597,2024,2024-03-18,3801,2024-01-11,1844,2231,SOUTH,4,5,7,3801,0,0,0,,0,3B12D,"HARRISON ST","47TH ST",0.00,,Y,A,-,N,,,,,,,,,,N,4,0,1,2,A,-,07,21658,A,N,D,G,A,A,H,-,C,A,0,,Y,,,Y,,L,04,0,0,1,0,0,0,1,0,0,"- ","- ",,,"SAN FRANCISCO","SAN FRANCISCO",,
9670603,2024,2024-03-14,3801,2024-01-09,1826,1696,NORTH,2,5,7,3801,0,0,0,,0,3E13D,"POLK ST","GEARY ST",0.00,,-,A,-,N,,,,,,,,,,N,3,0,2,2,A,-,12,21453,A,N,D,G,A,A,H,-,C,A,0,,Y,,,Y,,L,04,0,1,1,0,0,0,1,0,0,"- ","- ",,,"SAN FRANCISCO","SAN FRANCISCO",-122.41973876953125,37.785896301269531
9670614,2024,2024-03-14,3801,2024-01-12,1937,2118,SOUTH,5,5,7,3801,0,0,0,,0,3B12D,"HARRISON STG","MORRIS ST",160.00,E,N,A,-,N,,,,,,,,,,N,4,0,1,2,A,-,07,21658,A,N,B,C,A,A,H,-,D,D,0,,,Y,,Y,,A,01,0,0,1,0,0,0,0,0,1,"- ","- ",,,"SAN FRANCISCO","SAN FRANCISCO",-122.40312957763672,37.77801513671875
9670615,2024,2024-03-18,3801,2024-01-16,"654 ",1653,INGLE,2,5,7,3801,0,0,0,,0,3H14A,"SAN JOSE AV","NIAGARA AV",0.00,,Y,B,-,N,,,,,,,,,,N,2,0,1,2,A,-,10,21950,A,N,G,B,B,B,H,-,B,A,0,Y,,,,Y,,A,01,1,0,0,0,1,0,0,0,0,"- ","- ",,,"SAN FRANCISCO","SAN FRANCISCO",-122.44760894775391,37.719478607177734
9670617,2024,2024-03-14,3801,2024-01-12,1124,359,TARAV,5,5,7,3801,0,0,0,,0,3162,"19TH AV","JUDAH ST",0.00,,Y,A,-,N,,,,,,,,,,Y,4,0,2,2,A,-,08,22107,,N,D,C,A,A,H,-,A,A,0,,,,,Y,,A,07,0,0,2,0,0,0,0,0,0,"- ","- ",,,"SAN FRANCISCO","SAN FRANCISCO",-122.47702789306641,37.761695861816406
9670686,2024,2024-03-15,3801,2024-01-07,1023,54,TARAV,7,5,7,3801,0,0,0,,0,3I5A,"19TH AV","EUCALYPTUS DR",271.00,S,N,A,-,Y,SF,4,1,-,-,1.600,H,-,N,Y,4,0,1,2,A,-,07,21658,A,N,B,C,A,A,H,-,A,D,0,,,,,Y,,A,01,0,0,1,0,0,0,0,0,0,"- ","- ",,,"SAN FRANCISCO","SAN FRANCISCO",-122.47479248046875,37.730384826660156
9670930,2023,2024-03-19,3801,2023-12-29,1442,4036,TRAFF,5,5,7,3801,0,0,0,,0,4B1B,"CALIFORNIA ST","LYON ST",0.00,,Y,C,-,N,,,,,,,,,,Y,4,0,3,5,A,-,12,21453,A,N,D,C,A,B,H,-,A,A,0,,,,,Y,,J,43,0,0,3,0,0,0,0,0,0,"- ","- ",,,"SAN FRANCISCO","SAN FRANCISCO",-122.44540405273438,37.787418365478516
9671433,2024,2024-03-29,3801,2024-02-17,"53  ",2425,SOUTH,6,5,7,3801,0,0,0,,0,3B14E,"MISSION ST","LASKIE ST",0.00,,Y,A,-,N,,,,,,,,,,Y,2,0,2,3,A,-,01,23152,A,N,G,-,E,A,H,-,C,-,0,Y,,,,Y,Y,A,07,1,0,1,0,1,0,0,0,0,"- ","- ",,,"SAN FRANCISCO","SAN FRANCISCO",-122.41412353515625,37.776718139648438
9671750,2024,2024-04-08,3801,2024-01-28,1112,2195,NORTH,7,5,7,3801,0,0,0,,0,006,"VAN NESS AV","VALLEJO ST",0.00,,Y,A,-,N,,,,,,,,,,Y,4,0,2,2,A,-,03,22350,,N,C,C,A,A,-,-,A,A,0,,,,,Y,,A,01,0,0,2,0,0,0,0,0,0,"- ","- ",,,"SAN FRANCISCO","SAN FRANCISCO",-122.42353057861328,37.796695709228516
9671881,2023,2024-02-26,3801,2023-12-28,1418,2315,MISSI,4,5,7,3801,0,0,0,,0,3D11A,"GUERRERO ST","19TH ST",103.00,N,N,B,-,N,,,,,,,,,,N,4,0,1,3,A,-,08,22107,,N,B,D,A,A,H,-,A,D,0,,,Y,,Y,,A,01,0,0,1,0,0,0,0,0,1,"- ","- ",,,"SAN FRANCISCO","SAN FRANCISCO",-122.42366027832031,37.760261535644531
9673390,2024,2024-04-29,3801,2024-02-26,1402,649,INGLE,1,5,7,3801,0,0,0,,0,3H13A,"MISSION ST","MURRAY ST",0.00,,Y,A,-,N,,,,,,,,,,N,4,0,1,2,A,-,12,21453,A,N,B,C,A,A,H,-,A,A,0,,,Y,,Y,,C,02,0,0,1,0,0,0,0,0,1,"- ","- ",,,"SAN FRANCISCO","SAN FRANCISCO",-122.42644500732422,37.733669281005859
9673391,2024,2024-04-29,3801,2024-02-11,2115,1113,PARK,7,5,7,3801,0,0,0,,0,3F13E,"STANYAN ST","FULTON ST",0.00,,Y,-,-,N,,,,,,,,,,N,2,0,1,2,A,-,00,21955,A,F,G,B,D,A,H,-,C,A,0,Y,,,,Y,Y,N,60,1,0,0,0,1,0,0,0,0,"- ","- ",,,"SAN FRANCISCO","SAN FRANCISCO",-122.45465850830078,37.774745941162109