CASE_ID,ACCIDENT_YEAR,PROC_DATE,JURIS,COLLISION_DATE,COLLISION_TIME,OFFICER_ID,REPORTING_DISTRICT,DAY_OF_WEEK,CHP_SHIFT,POPULATION,CNTY_CITY_LOC,SPECIAL_COND,BEAT_TYPE,CHP_BEAT_TYPE,CITY_DIVISION_LAPD,CHP_BEAT_CLASS,BEAT_NUMBER,PRIMARY_RD,SECONDARY_RD,DISTANCE,DIRECTION,INTERSECTION,WEATHER_1,WEATHER_2,STATE_HWY_IND,CALTRANS_COUNTY,CALTRANS_DISTRICT,STATE_ROUTE,ROUTE_SUFFIX,POSTMILE_PREFIX,POSTMILE,LOCATION_TYPE,RAMP_INTERSECTION,SIDE_OF_HWY,TOW_AWAY,COLLISION_SEVERITY,NUMBER_KILLED,NUMBER_INJURED,PARTY_COUNT,PRIMARY_COLL_FACTOR,PCF_CODE_OF_VIOL,PCF_VIOL_CATEGORY,PCF_VIOLATION,PCF_VIOL_SUBSECTION,HIT_AND_RUN,TYPE_OF_COLLISION,MVIW,PED_ACTION,ROAD_SURFACE,ROAD_COND_1,ROAD_COND_2,LIGHTING,CONTROL_DEVICE,CHP_ROAD_TYPE,PEDESTRIAN_ACCIDENT,BICYCLE_ACCIDENT,MOTORCYCLE_ACCIDENT,TRUCK_ACCIDENT,NOT_PRIVATE_PROPERTY,ALCOHOL_INVOLVED,STWD_VEHTYPE_AT_FAULT,CHP_VEHTYPE_AT_FAULT,COUNT_SEVERE_INJ,COUNT_VISIBLE_INJ,COUNT_COMPLAINT_PAIN,COUNT_PED_KILLED,COUNT_PED_INJURED,COUNT_BICYCLIST_KILLED,COUNT_BICYCLIST_INJURED,COUNT_MC_KILLED,COUNT_MC_INJURED,PRIMARY_RAMP,SECONDARY_RAMP,LATITUDE,LONGITUDE,COUNTY,CITY,POINT_X,POINT_Y
9740436,2024,2024-10-15,3801,2024-09-16,1716,2192,MISSI,1,5,7,3801,0,0,0,,0,3D13D,"24TH ST","SHOTWELL ST",60.00,E,N,A,-,N,,,,,,,,,,Y,4,0,2,4,A,-,07,21658,,F,B,E,A,A,H,-,A,D,0,,,,,Y,,A,01,0,0,2,0,0,0,0,0,0,"- ","- ",,,"SAN FRANCISCO","SAN FRANCISCO",-122.41497039794922,37.752460479736328
9740439,2024,2024-10-09,3801,2024-09-15,"227 ",709,BAYVI,7,5,7,3801,0,0,0,,0,0227,"18TH ST","MISSISSIPPI ST",0.00,,Y,A,-,N,,,,,,,,,,Y,4,0,1,2,A,-,12,22450,A,N,D,C,A,A,H,-,C,A,0,,,,,Y,,A,07,0,0,1,0,0,0,0,0,0,"- ","- ",,,"SAN FRANCISCO","SAN FRANCISCO",-122.39461517333984,37.762702941894531
9740444,2024,2024-10-09,3801,2024-09-14,1500,4335,RICHM,6,5,7,3801,0,0,0,,0,901,"BALBOA ST","PARK PRESIDIO BL",0.00,,Y,B,-,N,,,,,,,,,,N,4,0,1,2,A,-,08,22107,,F,A,C,A,A,H,-,A,A,0,,,,,Y,,A,01,0,0,1,0,0,0,0,0,0,"- ","- ",,,"SAN FRANCISCO","SAN FRANCISCO",-122.47206115722656,37.776851654052734
9740447,2024,2025-10-07,3801,2024-09-01,"856 ",1422,TRAFF,7,5,7,3801,0,0,0,,0,,"VAN NESS AV","GOLDEN GATE AV",0.00,,Y,A,-,N,,,,,,,,,,N,2,0,1,2,A,-,10,21950,A,F,G,B,B,A,H,-,A,A,0,Y,,,,Y,Y,A,01,1,0,0,0,1,0,0,0,0,"- ","- ",,,"SAN FRANCISCO","SAN FRANCISCO",-122.42038726806641,37.781028747558594
9740448,2024,2024-10-11,3801,2024-09-13,"56  ",750,TENDE,5,5,7,3801,0,0,0,,0,3J12E,"FOLSOM ST","7TH ST",0.00,,Y,A,-,N,,,,,,,,,,Y,3,0,2,3,A,-,17,21657,,F,D,C,A,A,H,-,C,A,0,,,,,Y,,A,01,0,1,1,0,0,0,0,0,0,"- ","- ",,,"SAN FRANCISCO","SAN FRANCISCO",-122.40784454345703,37.776771545410156
9740455,2024,2024-10-16,3801,2024-09-24,1909,230,TENDE,2,5,7,3801,0,0,0,,0,COJ4CA,"MARKET ST","5TH ST",169.00,W,N,A,-,N,,,,,,,,,,,3,0,1,2,A,-,03,22350,,N,E,I,A,A,H,-,B,A,0,,,,,Y,,A,01,0,1,0,0,0,0,0,0,0,"- ","- ",,,"SAN FRANCISCO","SAN FRANCISCO",-122.40847778320312,37.783676147460938
9740459,2024,2024-10-11,3801,2024-09-06,1430,1911,RICHM,5,5,7,3801,0,0,0,,0,RICHMO,"MASONIC AV","GEARY BL",50.00,N,N,A,-,N,,,,,,,,,,N,4,0,1,2,A,-,"- ",,,N,C,C,A,A,H,-,A,A,0,,,,,Y,,A,01,0,0,1,0,0,0,0,0,0,"- ","- ",,,"SAN FRANCISCO","SAN FRANCISCO",-122.44786834716797,37.782279968261719
9740465,2024,2024-10-09,3801,2024-09-03,1745,2154,TARAV,2,5,7,3801,0,0,0,,0,002,"QUINTARA ST","28TH AV",0.00,,-,A,-,N,,,,,,,,,,N,3,0,1,2,A,-,11,21954,A,N,G,B,E,A,-,-,A,D,0,Y,,,,Y,Y,N,60,0,1,0,0,1,0,0,0,0,"- ","- ",,,"SAN FRANCISCO","SAN FRANCISCO",-122.48573303222656,37.748233795166016
9740466,2024,2024-10-14,3801,2024-09-24,1405,1533,NORTH,2,5,7,3801,0,0,0,,0,3E1C,"FELL ST","FRANKLIN ST",52.00,E,N,A,-,N,,,,,,,,,,N,3,0,1,1,A,-,03,22350,,N,F,A,A,A,H,-,A,A,0,,Y,,,Y,,L,04,0,1,0,0,0,0,1,0,0,"- ","- ",,,"SAN FRANCISCO","SAN FRANCISCO",-122.42095947265625,37.77618408203125
9740470,2024,2024-11-12,3801,2024-09-01,"855 ",917,TRAFF,7,5,7,3801,0,0,0,,0,4B2E,"VAN NESS AV","MARKET ST",0.00,,Y,A,-,N,,,,,,,,,,N,2,0,1,2,A,-,10,21950,A,F,G,B,B,A,H,-,A,A,0,Y,,,,Y,,A,01,1,0,0,0,1,0,0,0,0,"- ","- ",,,"SAN FRANCISCO","SAN FRANCISCO",-122.41925811767578,37.775169372558594
9740498,2024,2024-10-09,3801,2024-08-30,1149,1450,TENDE,5,5,7,3801,0,0,0,,0,3J13D,"EDDY ST","LEAVENWORTH ST",0.00,,Y,A,-,N,,,,,,,,,,N,4,0,1,2,A,-,04,21703,,F,C,C,A,A,H,-,C,A,0,,,Y,,Y,,A,01,0,0,1,0,0,0,0,0,1,"- ","- ",,,"SAN FRANCISCO","SAN FRANCISCO",-122.41423797607422,37.783729553222656
9740516,2024,2024-10-09,3801,2024-08-31,2155,A25839,SOUTH,6,5,7,3801,0,0,0,,0,004,"GOUGH ST","STEVENSON ST",0.00,,Y,A,-,N,,,,,,,,,,Y,4,0,1,1,D,-,00,,,N,E,I,A,A,H,-,C,D,0,,,,,Y,,-,"- ",0,0,1,0,0,0,0,0,0,"- ","- ",,,"SAN FRANCISCO","SAN FRANCISCO",-122.42143249511719,37.772659301757812
9740565,2024,2024-10-09,3801,2024-09-01,1715,A25839,SOUTH,7,5,7,3801,0,0,0,,0,002,"5TH ST","HARRISON ST",0.00,,N,A,-,N,,,,,,,,,,N,4,0,1,2,A,-,08,22107,,F,-,G,A,A,H,-,A,A,0,,Y,,,Y,,-,,0,0,1,0,0,0,1,0,0,"- ","- ",,,"SAN FRANCISCO","SAN FRANCISCO",-122.40187072753906,37.779056549072266
9741034,2024,2025-04-10,3801,2024-06-07,"44  ",4347,TARAV,5,5,7,3801,0,0,0,,0,3111E,"CRESTLAKE DR","CONSTANSO WY",156.00,W,N,A,-,N,,,,,,,,,,Y,4,0,1,2,A,-,08,22107,,N,F,E,A,A,H,-,C,D,0,,,,,Y,,A,01,0,0,1,0,0,0,0,0,0,"- ","- ",,,"SAN FRANCISCO","SAN FRANCISCO",-122.48896026611328,37.735218048095703
9741503,2024,2024-10-10,3801,2024-09-07,1909,1916,NORTH,6,5,7,3801,0,0,0,,0,,"OAK ST","PIERCE ST",0.00,,Y,A,-,N,,,,,,,,,,N,3,0,1,1,A,-,03,22350,,N,-,A,A,A,H,-,A,A,0,,Y,,,Y,,L,04,0,1,0,0,0,0,1,0,0,"- ","- ",,,"SAN FRANCISCO","SAN FRANCISCO",-122.43409729003906,37.773540496826172
9741508,2024,2024-10-10,3801,2024-09-13,"824 ",2412,INGLE,5,5,7,3801,0,0,0,,0,,"PLYMOUTH AV","OCEAN AV",0.00,,Y,A,-,N,,,,,,,,,,N,4,0,1,2,A,-,08,22107,,N,B,E,A,A,H,-,A,D,0,,,,,Y,,A,01,0,0,1,0,0,0,0,0,0,"- ","- ",,,"SAN FRANCISCO","SAN FRANCISCO",-122.45653533935547,37.723976135253906
9741519,2024,2024-10-28,3801,2024-09-11,"419 ",326,TARAV,3,5,7,3801,0,0,0,,0,3116E,"MONTEREY BL","NORTHGATE DR",0.00,,Y,B,-,N,,,,,,,,,,Y,2,0,1,2,A,-,12,22450,,F,F,C,A,A,H,-,C,A,0,,,,,Y,,A,01,1,0,0,0,0,0,0,0,0,"- ","- ",,,"SAN FRANCISCO","SAN FRANCISCO",-122.46172332763672,37.730014801025391
9741523,2024,2024-10-22,3801,2024-09-18,1254,54,TARAV,3,5,7,3801,0,0,0,,0,3115A,"19TH AV","HOLLOWAY AV",0.00,,Y,A,-,N,,,,,,,,,,N,4,0,1,2,A,-,12,21453,A,F,G,B,B,A,H,-,A,A,0,Y,,,,Y,Y,A,01,0,0,1,0,1,0,0,0,0,"- ","- ",,,"SAN FRANCISCO","SAN FRANCISCO",-122.47537231445312,37.720954895019531
9741527,2024,2024-10-22,3801,2024-09-04,2144,2420,NORTH,3,5,7,3801,0,0,0,,0,3E12E,"MCALLISTER ST","DIVISADERO ST",0.00,,Y,A,-,N,,,,,,,,,,N,4,0,1,2,A,-,10,21950,A,N,G,B,B,A,H,-,C,A,0,Y,,,,Y,,A,01,0,0,1,0,1,0,0,0,0,"- ","- ",,,"SAN FRANCISCO","SAN FRANCISCO",-122.4383544921875,37.777786254882812
9741658,2024,2024-10-11,3801,2024-08-24,"710 ",2412,INGLE,6,5,7,3801,0,0,0,,0,,"PORTOLA DR","TWIN PEAKS BL",0.00,,Y,A,-,N,,,,,,,,,,,4,0,2,2,A,-,12,21453,,N,D,C,A,A,H,-,A,A,0,,,,,Y,Y,-,"- ",0,0,2,0,0,0,0,0,0,"- ","- ",,,"SAN FRANCISCO","SAN FRANCISCO",-122.45082855224609,37.74591064453125
9741664,2024,2024-10-09,3801,2024-08-13,"421 ",2150,RICHM,2,5,7,3801,0,0,0,,0,,"FULTON ST","6TH AV",0.00,,Y,A,-,N,,,,,,,,,,N,2,0,1,2,A,-,09,21800,A,N,D,C,A,A,H,-,C,A,0,,,,,Y,,M,94,1,0,0,0,0,0,0,0,0,"- ","- ",,,"SAN FRANCISCO","SAN FRANCISCO",-122.46376037597656,37.773612976074219
9741676,2024,2024-10-09,3801,2024-08-29,1750,246,TARAV,4,5,7,3801,0,0,0,,0,4CAR,"PORTOLA DR","14TH AV",0.00,,Y,A,-,N,,,,,,,,,,N,4,0,1,2,A,-,09,21800,A,F,D,C,A,A,H,-,C,A,0,,,Y,,Y,,A,01,0,0,1,0,0,0,0,0,0,"- ","- ",,,"SAN FRANCISCO","SAN FRANCISCO",-122.46833038330078,37.737415313720703
9741680,2024,2024-10-09,3801,2024-08-09,1849,1358,SOUTH,5,5,7,3801,0,0,0,,0,3B15D,"16TH ST","WISCONSIN ST",0.00,,Y,A,-,N,,,,,,,,,,Y,4,0,2,2,A,-,08,22107,,N,D,C,A,A,H,-,A,-,0,,,,,Y,,A,01,0,0,2,0,0,0,0,0,0,"- ","- ",,,"SAN FRANCISCO","SAN FRANCISCO",-122.39974975585938,37.766269683837891
9741681,2024,2024-10-09,3801,2024-08-06,2022,2080,CENTR,2,5,7,3801,0,0,0,,0,3A15D,"3RD ST","MARKET ST",0.00,,Y,A,-,N,,,,,,,,,,N,4,0,1,2,A,-,08,22107,,N,B,C,A,A,H,-,C,A,0,,,,,Y,,A,01,0,0,1,0,0,0,0,0,0,"- ","- ",,,"SAN FRANCISCO","SAN FRANCISCO",-122.40345764160156,37.787662506103516
9741693,2024,2024-10-15,3801,2024-08-06,1440,913,BAYVI,2,5,7,3801,0,0,0,,0,3C15A,"SHAFTER AV","HAWES ST",0.00,,Y,A,-,N,,,,,,,,,,N,3,0,1,2,A,-,12,22450,A,N,D,C,A,A,H,-,A,D,0,,,Y,,Y,,C,02,0,1,0,0,0,0,0,0,1,"- ","- ",,,"SAN FRANCISCO","SAN FRANCISCO",-122.38326263427734,37.726802825927734
9742722,2024,2024-11-08,3801,2024-10-12,"222 ",4020,NORTH,6,5,7,3801,0,0,0,,0,3E13E,"OCTAVIA ST","OAK ST",0.00,,Y,A,-,N,,,,,,,,,,N,4,0,2,2,A,-,12,21453,A,N,D,C,A,A,H,-,C,A,0,,,,,Y,,-,"- ",0,0,2,0,0,0,0,0,0,"- ","- ",,,"SAN FRANCISCO","SAN FRANCISCO",-122.42430114746094,37.774799346923828
9742723,2024,2024-11-06,3801,2024-10-07,1754,34,TRAFF,1,5,7,3801,0,0,0,,0,4B4A,"BALBOA AV","7TH AV",0.00,,Y,A,-,N,,,,,,,,,,N,2,0,2,2,A,-,03,22350,,N,D,G,A,A,H,-,B,A,0,,Y,,,Y,,A,01,1,1,0,0,0,0,2,0,0,"- ","- ",,,"SAN FRANCISCO","SAN FRANCISCO",-122.46507263183594,37.777194976806641
9742724,2024,2024-11-06,3801,2024-10-12,1802,2196,MISSI,6,5,7,3801,0,0,0,,0,3D2C,"MARKET ST","16TH ST",0.00,,Y,A,-,N,,,,,,,,,,N,2,0,3,4,A,-,11,21453,D,F,B,B,B,A,H,-,A,A,0,Y,,,,Y,,N,60,3,0,0,0,3,0,0,0,0,"- ","- ",,,"SAN FRANCISCO","SAN FRANCISCO",-122.43313598632812,37.764244079589844
9742727,2024,2024-11-06,3801,2024-10-09,1539,1173,RICHM,3,5,7,3801,0,0,0,,0,901,"CALIFORNIA ST","24TH AV",0.00,,Y,B,-,N,,,,,,,,,,N,3,0,1,2,A,-,00,21294,C,N,G,B,B,A,H,-,A,-,0,Y,,,,Y,Y,N,60,0,1,0,0,1,0,0,0,0,"- ","- ",,,"SAN FRANCISCO","SAN FRANCISCO",-122.48391723632812,37.783924102783203
9742728,2024,2024-11-06,3801,2024-10-09,1530,4266,INGLE,3,5,7,3801,0,0,0,,0,0H5,"GENEVA AV","ATHENS ST",0.00,,Y,B,-,N,,,,,,,,,,N,4,0,1,2,A,-,03,22350,,N,C,C,A,A,H,-,A,A,0,,,Y,,Y,,C,03,0,0,1,0,0,0,0,0,1,"- ","- ",,,"SAN FRANCISCO","SAN FRANCISCO",-122.43453979492188,37.713474273681641
9742738,2024,2024-11-06,3801,2024-10-11,1850,1148,MISSI,5,5,7,3801,0,0,0,,0,3D5D,"MISSION ST","18TH ST",0.00,,Y,A,-,N,,,,,,,,,,N,3,0,1,2,A,-,12,21453,,N,D,C,A,A,H,-,C,A,0,,Y,,,Y,,L,04,0,1,0,0,0,0,1,0,0,"- ","- ",,,"SAN FRANCISCO","SAN FRANCISCO",-122.41936492919922,37.7618408203125
9742744,2024,2024-11-06,3801,2024-10-10,1550,956,BAYVI,4,5,7,3801,0,0,0,,0,3C15D,"LE CONTE AV","3RD ST",106.00,E,N,A,-,N,,,,,,,,,,Y,4,0,1,4,A,-,03,22350,,N,B,C,A,A,H,-,A,D,0,,,,,Y,Y,A,01,0,0,1,0,0,0,0,0,0,"- ","- ",,,"SAN FRANCISCO","SAN FRANCISCO",-122.39727783203125,37.718696594238281
9742748,2024,2024-11-06,3801,2024-10-02,1721,933,INGLE,3,5,7,3801,0,0,0,,0,0H5,"ALEMANY BL","SICKLES AV",0.00,,Y,A,-,N,,,,,,,,,,N,3,0,1,2,A,-,10,21950,C,N,-,B,B,A,H,-,A,A,0,Y,,,,Y,,A,01,0,1,0,0,1,0,0,0,0,"- ","- ",,,"SAN FRANCISCO","SAN FRANCISCO",-122.45491790771484,37.710514068603516
9742761,2024,2024-11-07,3801,2024-10-03,1411,649,INGLE,4,5,7,3801,0,0,0,,0,3H14A,"VALENCIA ST","DUNCAN ST",210.00,N,N,A,-,N,,,,,,,,,,N,4,0,1,2,A,-,03,22350,,N,D,E,A,A,H,-,A,D,0,,,Y,,Y,,C,02,0,0,1,0,0,0,0,0,1,"- ","- ",,,"SAN FRANCISCO","SAN FRANCISCO",-122.42026519775391,37.746513366699219
9742770,2024,2024-11-07,3801,2024-10-18,1507,4020,NORTH,5,5,7,3801,0,0,0,,0,3E12D,"WEBSTER ST","GROVE ST",0.00,,Y,A,-,N,,,,,,,,,,Y,4,0,1,2,A,-,08,22100,A,N,D,C,A,A,H,-,A,A,0,,,Y,,Y,,A,01,0,0,1,0,0,0,0,0,1,"- ","- ",,,"SAN FRANCISCO","SAN FRANCISCO",-122.42974853515625,37.776969909667969
9742787,2024,2024-11-07,3801,2024-10-24,1838,1333,CENTR,4,5,7,3801,0,0,0,,0,3A12D,EMBARCADERO,"BAY ST",244.00,S,N,A,-,N,,,,,,,,,,Y,4,0,1,1,A,-,03,22350,,M,E,I,A,A,H,-,A,D,0,,,,,Y,,A,01,0,0,1,0,0,0,0,0,0,"- ","- ",,,"SAN FRANCISCO","SAN FRANCISCO",-122.40525817871094,37.806270599365234
9742788,2024,2024-11-07,3801,2024-10-24,"902 ",1825,SOUTH,4,5,7,3801,0,0,0,,0,3B4A,"11TH ST","MISSION ST",49.00,N,N,A,-,N,,,,,,,,,,N,4,0,1,2,A,-,08,22107,,N,D,G,A,A,H,-,A,A,0,,Y,,,Y,,A,01,0,0,1,0,0,0,1,0,0,"- ","- ",,,"SAN FRANCISCO","SAN FRANCISCO",-122.41722106933594,37.774421691894531
9742803,2024,2024-11-06,3801,2024-10-19,1545,964,NORTH,6,5,7,3801,0,0,0,,0,313D,"CALIFORNIA ST","OCTAVIA ST",115.00,E,N,A,-,N,,,,,,,,,,N,3,0,1,2,A,-,03,22350,,N,C,C,A,A,H,-,A,D,0,,,Y,,Y,,C,02,0,1,0,0,0,0,0,0,1,"- ","- ",,,"SAN FRANCISCO","SAN FRANCISCO",-122.42686462402344,37.789779663085938
9742805,2024,2024-11-06,3801,2024-10-18,1720,964,NORTH,5,5,7,3801,0,0,0,,0,,"BAY ST","FRANKLIN ST",19.00,E,N,A,-,N,,,,,,,,,,Y,3,0,2,2,A,-,09,21801,A,N,A,C,A,A,H,-,A,A,0,,,,,Y,,A,07,0,1,1,0,0,0,0,0,0,"- ","- ",,,"SAN FRANCISCO","SAN FRANCISCO",-122.42667388916016,37.803958892822266
9742818,2024,2024-11-06,3801,2024-10-11,1555,1620,RICHM,5,5,7,3801,0,0,0,,0,3G3D,"LAKE ST","17TH AV",0.00,,Y,A,-,N,,,,,,,,,,N,3,0,1,2,A,-,12,22450,A,N,A,G,A,A,H,-,A,A,0,,Y,Y,,Y,,L,04,0,1,0,0,0,0,1,0,0,"- ","- ",,,"SAN FRANCISCO","SAN FRANCISCO",-122.47657012939453,37.786140441894531
9742826,2024,2024-11-07,3801,2024-10-26,"233 ",2400,BAYVI,6,5,7,3801,0,0,0,,0,2CAR,"INDUSTRIAL ST","LOOMIS ST",310.00,E,N,A,-,N,,,,,,,,,,Y,2,0,2,1,A,-,03,22350,,N,E,I,A,A,H,-,C,D,0,,,,,Y,,A,01,1,0,1,0,0,0,0,0,0,"- ","- ",,,"SAN FRANCISCO","SAN FRANCISCO",-122.40463256835938,37.738651275634766
9742832,2024,2024-11-07,3801,2024-10-23,2335,2307,NORTH,3,5,7,3801,0,0,0,,0,3E13E,"POLK ST","FERN ST",0.00,,Y,A,-,N,,,,,,,,,,N,3,0,2,2,A,-,08,22107,,F,D,C,A,A,H,-,C,D,0,,,,,Y,,A,01,0,2,0,0,0,0,0,0,0,"- ","- ",,,"SAN FRANCISCO","SAN FRANCISCO",-122.42018890380859,37.788211822509766
9742840,2024,2024-11-07,3801,2024-10-29,1844,1741,TARAV,2,5,7,3801,0,0,0,,0,901,"ALEMANY BL","BROTHERHOOD WY",0.00,,Y,A,-,N,,,,,,,,,,Y,4,0,1,3,A,-,03,22350,,N,C,C,A,A,H,-,C,A,0,,,,,Y,,A,01,0,0,1,0,0,0,0,0,0,"- ","- ",,,"SAN FRANCISCO","SAN FRANCISCO",-122.46389770507812,37.711612701416016
9742843,2024,2024-11-06,3801,2024-10-18,1600,1680,MISSI,5,5,7,3801,0,0,0,,0,3D00,"HARRISON ST","16TH ST",0.00,,Y,A,-,N,,,,,,,,,,N,4,0,1,2,A,-,10,21950,A,N,A,B,B,A,H,-,A,A,0,Y,,,,Y,,A,01,0,0,1,0,1,0,0,0,0,"- ","- ",,,"SAN FRANCISCO","SAN FRANCISCO",-122.41314697265625,37.765449523925781
9742845,2024,2024-11-06,3801,2024-10-20,"0   ",715,MISSI,7,5,7,3801,0,0,0,,0,3D14E,"HARRISON ST","24TH ST",0.00,,Y,A,-,N,,,,,,,,,,N,2,0,1,2,A,-,03,22350,,F,H,G,A,A,H,-,C,A,0,,Y,,,Y,,A,01,1,0,0,0,0,0,1,0,0,"- ","- ",,,"SAN FRANCISCO","SAN FRANCISCO",-122.41188812255859,37.752651214599609
9742850,2024,2024-11-07,3801,2024-10-18,2211,1252,RICHM,5,5,7,3801,0,0,0,,0,0G4,"20TH AV","CLEMENT ST",200.00,S,N,A,-,N,,,,,,,,,,N,3,0,1,4,A,-,03,22350,,N,C,E,A,A,H,-,C,B,0,,,,,Y,,A,01,0,1,0,0,0,0,0,0,0,"- ","- ",,,"SAN FRANCISCO","SAN FRANCISCO",-122.47948455810547,37.781692504882812
9742853,2024,2024-11-06,3801,2024-10-18,1533,2150,RICHM,5,5,7,3801,0,0,0,,0,3G3D,"ANZA ST","FUNSTON AV",0.00,,Y,A,-,N,,,,,,,,,,Y,4,0,1,2,A,-,09,21802,A,N,D,C,A,A,H,-,A,A,0,,,,,Y,,A,01,0,0,1,0,0,0,0,0,0,"- ","- ",,,"SAN FRANCISCO","SAN FRANCISCO",-122.47164154052734,37.778743743896484
9742855,2024,2024-11-08,3801,2024-10-18,"923 ",4275,TARAV,5,5,7,3801,0,0,0,,0,3I11A,"GREAT HWY","RIVERA ST",0.00,,Y,A,-,N,,,,,,,,,,N,4,0,1,2,A,-,12,22450,A,N,G,B,B,A,H,-,A,A,0,Y,,,,Y,,A,01,0,0,1,0,1,0,0,0,0,"- ","- ",,,"SAN FRANCISCO","SAN FRANCISCO",-122.50746917724609,37.745407104492188
9742862,2024,2024-11-08,3801,2024-10-21,"25  ",2425,TENDE,1,5,7,3801,0,0,0,,0,3J13E,"HYDE ST","MCALLISTER ST",20.00,N,N,A,-,N,,,,,,,,,,N,4,0,1,3,A,-,00,23123,5,N,C,C,A,A,H,-,C,A,0,,,,,Y,Y,A,01,0,0,1,0,0,0,0,0,0,"- ","- ",,,"SAN FRANCISCO","SAN FRANCISCO",-122.41532897949219,37.780796051025391
9742864,2024,2024-11-06,3801,2024-10-20,"202 ",1688,BAYVI,7,5,7,3801,0,0,0,,0,3C11E,"MARIPOSA ST","MISSOURI ST",0.00,,Y,A,-,N,,,,,,,,,,Y,4,0,1,2,A,-,12,22450,,F,D,C,A,A,H,-,C,A,0,,,,,Y,,A,01,0,0,1,0,0,0,0,0,0,"- ","- ",,,"SAN FRANCISCO","SAN FRANCISCO",-122.39665985107422,37.763847351074219
9742871,2024,2024-11-06,3801,2024-10-11,"902 ",2091,NORTH,5,5,7,3801,0,0,0,,0,3E15A,"UNION ST","PIERCE ST",110.00,E,N,A,-,N,,,,,,,,,,N,3,0,1,2,D,-,00,,,N,E,I,A,A,H,-,A,D,0,,,,,Y,,-,"- ",0,1,0,0,0,0,0,0,0,"- ","- ",,,"SAN FRANCISCO","SAN FRANCISCO",-122.43839263916016,37.796718597412109
9742881,2024,2024-11-06,3801,2024-10-16,1902,375,BAYVI,3,5,7,3801,0,0,0,,0,3C13D,"NEW MONTGOMERY","INNES AV",0.00,,Y,A,-,N,,,,,,,,,,N,4,0,1,2,A,-,09,21804,A,N,D,G,A,A,-,-,C,A,0,,Y,,,Y,,L,04,0,0,1,0,0,0,1,0,0,"- ","- ",,,"SAN FRANCISCO","SAN FRANCISCO",,
9742891,2024,2025-04-10,3801,2024-10-14,2038,1436,PARK,1,5,7,3801,0,0,0,,0,,MASONIC,"OAK ST",0.00,,Y,A,-,N,,,,,,,,,,N,2,0,2,2,A,-,09,21801,A,N,A,C,A,A,H,-,C,A,0,,,Y,,Y,,A,01,1,1,0,0,0,0,0,0,2,"- ","- ",,,"SAN FRANCISCO","SAN FRANCISCO",-122.44575500488281,37.772083282470703
9742901,2024,2024-11-07,3801,2024-10-07,1815,180,MISSI,1,5,7,3801,0,0,0,,0,3D13D,VALENCIA,"20TH ST",0.00,,Y,A,-,N,,,,,,,,,,N,4,0,1,2,A,-,06,21750,,F,D,-,A,A,H,-,A,A,0,,Y,,,Y,Y,-,"- ",0,0,1,0,0,0,1,0,0,"- ","- ",,,"SAN FRANCISCO","SAN FRANCISCO",-122.42125701904297,37.758510589599609
9742907,2024,2024-11-06,3801,2024-10-03,1744,307,NORTH,4,5,7,3801,0,0,0,,0,3E15D,"LOMBARD ST","DIVISADERO ST",0.00,,Y,A,-,N,,,,,,,,,,Y,3,0,1,2,A,-,12,21453,A,F,C,C,A,A,H,-,A,A,0,,,Y,,Y,Y,C,02,0,1,0,0,0,0,0,0,1,"- ","- ",,,"SAN FRANCISCO","SAN FRANCISCO",-122.44264984130859,37.79901123046875
9742908,2024,2024-11-07,3801,2024-10-09,1450,2718,BAYVI,3,5,7,3801,0,0,0,,0,3C11D,"3RD ST","25TH ST",155.00,N,N,A,-,N,,,,,,,,,,N,3,0,1,2,A,-,04,21703,,N,C,C,A,A,H,-,A,D,0,,,Y,,Y,,C,02,0,1,0,0,0,0,0,0,1,"- ","- ",,,"SAN FRANCISCO","SAN FRANCISCO",-122.38791656494141,37.753265380859375
9742912,2024,2024-11-07,3801,2024-10-08,1959,1696,NORTH,2,5,7,3801,0,0,0,,0,3E14D,"CALIFORNIA ST","WEBSTER ST",5.00,E,N,A,-,N,,,,,,,,,,N,4,0,1,2,A,-,10,21950,A,N,G,B,B,A,H,-,C,A,0,Y,,,,Y,,A,01,0,0,1,0,1,0,0,0,0,"- ","- ",,,"SAN FRANCISCO","SAN FRANCISCO",-122.43217468261719,37.789100646972656
9742913,2024,2024-11-06,3801,2024-10-08,"952 ",1500,CENTR,2,5,7,3801,0,0,0,,0,3A14A,"UNION ST","KEARNY ST",0.00,,Y,A,-,N,,,,,,,,,,N,3,0,1,2,A,-,11,21954,A,N,D,B,D,A,H,-,A,D,0,Y,,,,Y,,N,60,0,1,0,0,1,0,0,0,0,"- ","- ",,,"SAN FRANCISCO","SAN FRANCISCO",-122.40599060058594,37.800838470458984
9742919,2024,2024-11-07,3801,2024-10-09,1831,1949,BAYVI,3,5,7,3801,0,0,0,,0,3C5D,"3RD ST","WILLIAMS AV",0.00,,Y,A,-,N,,,,,,,,,,Y,4,0,1,2,A,-,03,22350,,M,C,C,A,A,H,-,A,A,0,,,,,Y,,A,01,0,0,1,0,0,0,0,0,0,"- ","- ",,,"SAN FRANCISCO","SAN FRANCISCO",-122.39273071289062,37.729267120361328
9742925,2024,2024-11-06,3801,2024-09-30,"802 ",2412,INGLE,1,5,7,3801,0,0,0,,0,3H14A,"MONTEREY BL","RIDGEWOOD AV",0.00,,Y,A,-,N,,,,,,,,,,N,3,0,1,2,A,-,10,21950,,N,G,B,B,A,-,-,A,A,0,Y,,,,Y,,A,01,0,1,0,0,1,0,0,0,0,"- ","- ",,,"SAN FRANCISCO","SAN FRANCISCO",-122.45339965820312,37.731517791748047