CASE_ID,ACCIDENT_YEAR,PROC_DATE,JURIS,COLLISION_DATE,COLLISION_TIME,OFFICER_ID,REPORTING_DISTRICT,DAY_OF_WEEK,CHP_SHIFT,POPULATION,CNTY_CITY_LOC,SPECIAL_COND,BEAT_TYPE,CHP_BEAT_TYPE,CITY_DIVISION_LAPD,CHP_BEAT_CLASS,BEAT_NUMBER,PRIMARY_RD,SECONDARY_RD,DISTANCE,DIRECTION,INTERSECTION,WEATHER_1,WEATHER_2,STATE_HWY_IND,CALTRANS_COUNTY,CALTRANS_DISTRICT,STATE_ROUTE,ROUTE_SUFFIX,POSTMILE_PREFIX,POSTMILE,LOCATION_TYPE,RAMP_INTERSECTION,SIDE_OF_HWY,TOW_AWAY,COLLISION_SEVERITY,NUMBER_KILLED,NUMBER_INJURED,PARTY_COUNT,PRIMARY_COLL_FACTOR,PCF_CODE_OF_VIOL,PCF_VIOL_CATEGORY,PCF_VIOLATION,PCF_VIOL_SUBSECTION,HIT_AND_RUN,TYPE_OF_COLLISION,MVIW,PED_ACTION,ROAD_SURFACE,ROAD_COND_1,ROAD_COND_2,LIGHTING,CONTROL_DEVICE,CHP_ROAD_TYPE,PEDESTRIAN_ACCIDENT,BICYCLE_ACCIDENT,MOTORCYCLE_ACCIDENT,TRUCK_ACCIDENT,NOT_PRIVATE_PROPERTY,ALCOHOL_INVOLVED,STWD_VEHTYPE_AT_FAULT,CHP_VEHTYPE_AT_FAULT,COUNT_SEVERE_INJ,COUNT_VISIBLE_INJ,COUNT_COMPLAINT_PAIN,COUNT_PED_KILLED,COUNT_PED_INJURED,COUNT_BICYCLIST_KILLED,COUNT_BICYCLIST_INJURED,COUNT_MC_KILLED,COUNT_MC_INJURED,PRIMARY_RAMP,SECONDARY_RAMP,LATITUDE,LONGITUDE,COUNTY,CITY,POINT_X,POINT_Y
6441168,2014,2016-04-13,9335,2014-04-12,1330,020068,,6,1,7,3801,0,1,2,,2,014,"RT 101","23RD ST",50.00,N,N,A,-,Y,SF,4,101,-,-,3.380,H,-,N,N,4,0,3,2,A,-,03,22350,,N,C,C,A,A,H,-,A,D,1,,,,,Y,,D,22,0,0,3,0,0,0,0,0,0,"- ","- ",,,"SAN FRANCISCO","SAN FRANCISCO",-122.40295173,37.754729279999999
6441744,2014,2016-03-02,9335,2014-02-12,1755,16137,,3,2,7,3801,0,1,2,,2,013,"RT 101","3RD ST",100.00,N,N,A,-,Y,SF,4,101,-,-,1.260,H,-,N,Y,4,0,1,3,A,-,03,22350,,N,C,C,A,A,H,-,C,D,1,,,,,Y,,A,01,0,0,1,0,0,0,0,0,0,"- ","- ",,,"SAN FRANCISCO","SAN FRANCISCO",-122.40182282000001,37.725671699999999
6449823,2014,2016-04-20,9335,2014-04-05,2035,020068,,6,2,7,3801,0,1,1,,2,080,"RT 80","4TH ST",250.00,E,N,A,-,Y,SF,4,80,-,-,5.044,R,1,W,Y,4,0,2,3,A,-,03,22350,,N,C,C,A,A,H,-,C,A,1,,,,,Y,,A,01,0,0,2,0,0,0,0,0,0,"- ","- ",37.781199999999998,-122.3981,"SAN FRANCISCO","SAN FRANCISCO",-122.39682489,37.782100389999997
6450125,2014,2016-03-02,9350,2014-03-29,0015,19720,,6,3,7,3801,0,1,3,,2,011,"RT 1","MACARTHUR TUNNEL",264.00,N,N,B,-,Y,SF,4,1,-,-,7.070,H,-,N,Y,3,0,1,1,A,-,08,22107,,N,E,I,A,A,H,-,D,D,1,,,,,Y,Y,A,01,0,1,0,0,0,0,0,0,0,"- ","- ",37.804340000000003,-122.47019,"SAN FRANCISCO","SAN FRANCISCO",-122.4694997,37.803196749999998
6453653,2014,2016-04-20,9335,2014-04-21,0810,13058,,1,1,7,3801,0,1,1,,1,083,"RT 80","STERLING ST",1320.00,E,N,B,-,Y,SF,4,80,-,-,5.740,H,-,E,N,4,0,2,2,A,-,04,21703,,N,C,C,A,A,D,-,A,D,4,,,,,Y,,A,01,0,0,2,0,0,0,0,0,0,"- ","- ",,,"SAN FRANCISCO","SAN FRANCISCO",-122.38836876000001,37.78815393
6456819,2014,2016-03-30,9335,2014-04-15,2136,18829,,2,2,7,3801,0,1,1,,2,024,"RT 280","REVERE AV",171.00,S,N,A,-,Y,SF,4,280,-,R,4.620,H,-,S,Y,4,0,2,2,A,-,03,22350,,N,C,C,A,A,H,-,D,D,1,,,,,Y,,A,01,0,0,2,0,0,0,0,0,0,"- ","- ",37.737670000000001,-122.40192999999999,"SAN FRANCISCO","SAN FRANCISCO",-122.40253258,37.737283470000001
6459724,2014,2016-03-30,9335,2014-05-04,1555,020779,,7,2,7,3801,0,1,1,,2,023,"RT 280","MISSION ST",100.00,S,N,A,-,Y,SF,4,280,-,R,3.090,H,-,S,N,4,0,1,2,A,-,03,22350,,N,B,C,A,A,H,-,A,D,1,,,,,Y,,A,01,0,0,1,0,0,0,0,0,0,"- ","- ",37.732329999999997,-122.4293,"SAN FRANCISCO","SAN FRANCISCO",-122.42847626,37.732093900000002
6470481,2014,2016-04-13,9335,2014-05-30,1050,17411,,5,1,7,3801,0,1,2,,2,013,"RT 101","CESAR CHAVEZ ST",200.00,S,N,A,-,Y,SF,4,101,-,-,2.700,H,-,N,N,4,0,1,3,A,-,07,21658,A,N,-,C,A,A,H,-,A,D,1,,,,,Y,,A,01,0,0,1,0,0,0,0,0,0,"- ","- ",,,"SAN FRANCISCO","SAN FRANCISCO",-122.40501202999999,37.745042359999999
6471735,2014,2016-04-20,9335,2014-04-22,1810,19084,,2,2,7,3801,0,1,1,,1,081,"RT 80","YERBA BUENA ISLAND TUNNEL",500.00,W,N,A,-,Y,SF,4,80,-,-,7.630,H,-,W,N,4,0,3,2,A,-,03,22350,,N,C,C,A,A,H,-,A,D,4,,,,,Y,,A,01,0,0,3,0,0,0,0,0,0,"- ","- ",37.807839999999999,-122.36742,"SAN FRANCISCO","SAN FRANCISCO",-122.36789113,37.807389229999998
6477897,2014,2016-04-13,3801,2014-05-04,0845,00001,,7,5,7,3801,0,0,0,,0,,"BAYSHORE BL","RT 101",20.00,S,N,B,-,Y,SF,4,101,-,-,0.844,R,4,S,N,4,0,1,2,A,-,07,21658,A,M,B,C,A,A,H,-,A,D,0,,,,,Y,,A,01,0,0,1,0,0,0,0,0,0,"- ","- ",37.718260000000001,-122.39985,"SAN FRANCISCO","SAN FRANCISCO",-122.39992279000001,37.71975209
6481674,2014,2016-04-20,9335,2014-05-05,1610,013378,,1,2,7,3801,0,1,1,,1,083,"RT 80","SFOBB CENTER ANCHORAGE",10.00,E,N,A,-,Y,SF,4,80,-,-,6.830,H,-,E,N,4,0,1,2,A,-,03,22350,,N,C,C,A,A,H,-,A,C,4,,,,,Y,,D,22,0,0,1,0,0,0,0,0,0,"- ","- ",37.798870000000001,-122.377,"SAN FRANCISCO","SAN FRANCISCO",-122.37667211999999,37.79932032
6486607,2014,2016-03-30,9335,2014-05-18,1515,020281,,7,2,7,3801,0,1,1,,2,023,"RT 280",ALEMANY,50.00,S,N,A,-,Y,SF,4,280,-,R,3.870,H,-,N,Y,4,0,2,5,A,-,07,21658,A,F,B,C,A,A,H,-,A,D,1,,,,,Y,,-,99,0,0,2,0,0,0,0,0,0,"- ","- ",37.732230000000001,-122.41419,"SAN FRANCISCO","SAN FRANCISCO",-122.41455166999999,37.732227190000003
6486615,2014,2016-04-20,9335,2014-05-23,0820,20666,,5,1,7,3801,0,1,1,,2,080,"RT 80","4TH ST",20.00,W,N,B,-,Y,SF,4,80,-,-,4.914,R,2,W,N,4,0,1,2,A,-,07,21658,A,N,B,C,A,A,D,E,A,A,1,,,,Y,Y,,-,"- ",0,0,1,0,0,0,0,0,0,FR,"- ",37.780650000000001,-122.39964000000001,"SAN FRANCISCO","SAN FRANCISCO",-122.39801713,37.781236569999997
6491871,2014,2016-04-13,9350,2014-04-26,1700,017450,,6,2,7,3801,0,1,2,,1,120,"RT 101","GOLDEN GATE TOLL PLAZA",4224.00,N,N,A,-,Y,SF,4,101,-,-,10.660,H,-,S,N,4,0,1,3,A,-,03,22350,,F,C,C,A,A,H,-,A,D,4,,,,,Y,,A,01,0,0,1,0,0,0,0,0,0,"- ","- ",37.819200000000002,-122.47889000000001,"SAN FRANCISCO","SAN FRANCISCO",-122.47858013,37.818023080000003
6500489,2014,2016-04-13,9335,2014-05-24,1448,20068,,6,2,7,3801,0,1,2,,2,015,"RT 101","RT 80",340.00,N,N,A,-,Y,SF,4,80,-,L,4.060,H,-,E,Y,3,0,6,1,A,-,08,22107,,N,-,-,A,A,H,-,A,D,1,,,,,Y,,A,07,0,2,4,0,0,0,0,0,0,TO,"- ",37.769500000000001,-122.4054,"SAN FRANCISCO","SAN FRANCISCO",-122.40555182,37.769378959999997
6501513,2014,2016-04-13,9335,2014-05-14,0845,020557,,3,1,7,3801,0,1,2,,2,014,"RT 101","23RD ST",500.00,N,N,A,-,Y,SF,4,101,-,-,3.460,H,-,S,N,4,0,1,2,A,-,03,22350,,N,C,C,A,A,H,-,A,D,1,,,,,Y,,A,01,0,0,1,0,0,0,0,0,0,"- ","- ",37.755890000000001,-122.40322,"SAN FRANCISCO","SAN FRANCISCO",-122.40327116,37.755860220000002
6505287,2014,2016-04-20,9335,2014-05-24,2247,20435,,6,3,7,3801,0,1,1,,1,081,"RT 80","BEALE ST",60.00,W,N,A,-,Y,SF,4,80,-,-,5.670,H,-,W,Y,4,0,2,4,D,-,00,,,N,B,C,A,A,H,-,C,D,4,,,Y,,Y,,-,"- ",0,0,2,0,0,0,0,0,2,"- ","- ",37.786470000000001,-122.39024999999999,"SAN FRANCISCO","SAN FRANCISCO",-122.38920677999999,37.787393889999997
6505303,2014,2016-03-30,9335,2014-05-29,1520,19510,,4,2,7,3801,0,1,1,,2,024,"RT 280","CESAR CHAVEZ ST",300.00,N,N,A,-,Y,SF,4,280,-,R,5.680,H,-,N,Y,4,0,4,2,A,-,03,22350,,N,C,C,A,A,H,-,A,D,1,,,,,Y,,A,01,0,0,4,0,0,0,0,0,0,"- ","- ",37.747300000000003,-122.39333000000001,"SAN FRANCISCO","SAN FRANCISCO",-122.39144073,37.750866430000002
6509049,2014,2016-04-20,9335,2014-05-28,0830,17672,,3,1,7,3801,0,1,1,,1,083,"RT 80","TREASURE ISLAND",600.00,W,N,A,-,Y,SF,4,80,-,-,7.570,H,-,E,N,4,0,1,2,A,-,03,22350,,N,C,C,A,A,H,-,A,A,4,,,,,Y,,A,01,0,0,1,0,0,0,0,0,0,"- ","- ",,,"SAN FRANCISCO","SAN FRANCISCO",-122.36855088999999,37.806786350000003
6514738,2014,2016-04-13,9350,2014-06-06,1310,013450,,5,1,7,3801,0,1,2,,1,120,"RT 101","GGB NORTH TOWER",528.00,S,N,B,-,Y,SF,4,101,-,-,10.280,H,-,N,N,3,0,1,2,D,-,00,,,N,A,A,A,A,H,-,A,D,1,,Y,,,Y,,-,"- ",0,1,0,0,0,0,1,0,0,"- ","- ",,,"SAN FRANCISCO","SAN FRANCISCO",-122.47777339,37.812636699999999
6517140,2014,2016-03-30,9335,2014-06-03,1229,18053,,2,1,7,3801,0,1,1,,2,023,"RT 280","ALEMANY BL",230.00,N,N,A,-,Y,SF,4,280,-,R,3.910,H,-,N,N,3,0,1,2,A,-,07,21658,A,M,E,I,A,A,H,-,A,D,1,,,,,Y,,-,99,0,1,0,0,0,0,0,0,0,"- ","- ",,,"SAN FRANCISCO","SAN FRANCISCO",-122.41388401,37.732462779999999
6524001,2014,2016-03-30,9335,2014-04-30,0727,018688,,3,1,7,3801,0,1,1,,2,022,"RT 280","HAVELOCK ST",300.00,N,N,A,-,Y,SF,4,280,-,R,2.100,H,-,S,Y,4,0,1,1,A,-,08,22107,,N,E,I,A,A,H,-,A,D,1,,,,,Y,,A,01,0,0,1,0,0,0,0,0,0,"- ","- ",,,"SAN FRANCISCO","SAN FRANCISCO",-122.44505621,37.727261239999997
6533708,2014,2015-04-20,9335,2014-06-29,0733,019521,,7,1,7,3801,0,1,1,,1,081,"RT 80","HARRISON ST",60.00,E,N,A,-,Y,SF,4,80,-,-,5.050,H,-,W,Y,4,0,1,2,A,-,07,21658,A,N,F,A,A,A,H,-,A,D,1,,,Y,Y,Y,,F,26,0,0,1,0,0,0,0,0,1,"- ","- ",37.478589999999997,-122.23286,"SAN FRANCISCO","SAN FRANCISCO",-122.39675513,37.782153639999997
6540494,2014,2014-08-08,3801,2014-02-13,1115,4315,,4,5,7,3801,0,0,0,,0,334A,"S VAN NESS AV","12TH ST",0.00,,Y,A,-,N,,,,,,,,,,Y,4,0,1,2,A,-,17,22517,,N,B,C,A,A,H,-,A,A,0,,,,Y,Y,,A,01,0,0,1,0,0,0,0,0,0,"- ","- ",,,"SAN FRANCISCO","SAN FRANCISCO",-122.41881992,37.773699899999997
6540524,2014,2014-08-08,3801,2014-02-06,1316,2135,INGLE,4,5,7,3801,0,0,0,,0,3H13C,"ALEMANY ST","ALEMANY ST 600 BLOCK",0.00,,N,B,-,N,,,,,,,,,,Y,3,0,4,5,A,-,03,22350,,N,C,C,A,B,H,-,A,D,0,,,,,Y,,D,23,0,1,3,0,0,0,0,0,0,"- ","- ",,,"SAN FRANCISCO","SAN FRANCISCO",,
6540526,2014,2014-08-13,3801,2014-01-09,1255,002179,,4,5,7,3801,0,0,0,,0,3A60,"CLAY ST","WAVERLY PL",0.00,,Y,A,-,N,,,,,,,,,,N,4,0,1,2,A,-,21,22106,,N,G,B,B,A,H,-,A,D,0,Y,,,,Y,,I,11,0,0,1,0,1,0,0,0,0,"- ","- ",,,"SAN FRANCISCO","SAN FRANCISCO",-122.40678991999999,37.794209979999998
6540532,2014,2014-08-29,3801,2014-02-04,0850,1171,TARAV,2,5,7,3801,0,0,0,,0,4B61,"SLOAT BL","CONSTANSO ST",30.00,E,N,A,-,N,,,,,,,,,,Y,4,0,1,2,A,-,03,22350,,N,C,C,A,A,H,-,A,D,0,,,,,Y,,D,22,0,0,1,0,0,0,0,0,0,"- ","- ",,,"SAN FRANCISCO","SAN FRANCISCO",-122.48874639,37.734234569999998
6540548,2014,2014-08-08,3801,2014-02-01,1740,1939,INGLE,6,5,7,3801,0,0,0,,0,4B7H,"GENEVA AV","MUNICH ST",0.00,,Y,A,-,N,,,,,,,,,,N,4,0,2,2,A,-,09,21804,A,N,D,C,A,A,H,-,C,A,0,,,,,Y,,D,22,0,0,2,0,0,0,0,0,0,"- ","- ",,,"SAN FRANCISCO","SAN FRANCISCO",-122.43300988,37.712709910000001
6540558,2014,2014-08-08,3801,2014-02-17,1650,769,,1,5,7,3801,0,0,0,,0,3A60,"POLK ST","BAY ST",58.00,N,N,A,-,N,,,,,,,,,,N,3,0,1,2,A,-,08,22107,,N,B,G,A,A,H,-,A,D,0,,Y,,,Y,,I,19,0,1,0,0,0,0,1,0,0,"- ","- ",,,"SAN FRANCISCO","SAN FRANCISCO",-122.42348253,37.804517230000002
6540569,2014,2014-08-15,3801,2014-01-10,1050,848,B,5,5,7,3801,0,0,0,,0,002,"4TH ST","HOWARD ST",0.00,,Y,A,-,N,,,,,,,,,,N,4,0,1,2,A,-,03,22350,,N,B,C,A,A,H,-,A,A,0,,,,,Y,,-,"- ",0,0,1,0,0,0,0,0,0,"- ","- ",,,"SAN FRANCISCO","SAN FRANCISCO",-122.40269997999999,37.783269939999997
6540621,2014,2014-08-06,3801,2014-03-13,1910,241,CH,4,5,7,3801,0,0,0,,0,4K7H,"HAHN ST","SUNNYDALE AV",0.00,,Y,A,-,N,,,,,,,,,,Y,4,0,1,2,A,-,03,22350,,N,E,E,A,A,H,-,A,A,0,,,Y,,Y,,C,03,0,0,1,0,0,0,0,0,1,"- ","- ",,,"SAN FRANCISCO","SAN FRANCISCO",-122.41602992999999,37.711929939999997
6541166,2014,2015-01-13,3801,2014-01-19,1817,001909,MISSI,7,5,7,3801,0,0,0,,0,901,"CASTRO ST","17TH ST",15.00,S,N,A,-,N,,,,,,,,,,N,3,0,1,2,A,-,11,21456,B,N,G,B,B,A,H,-,C,A,0,Y,,,,Y,,N,60,0,1,0,0,1,0,0,0,0,"- ","- ",,,"SAN FRANCISCO","SAN FRANCISCO",-122.43515318999999,37.76259915
6541181,2014,2015-01-13,3801,2014-01-15,1334,1819,NORTH,3,5,7,3801,0,0,0,,0,4K6E,"TURK ST","LAGUNA ST",0.00,,Y,A,-,N,,,,,,,,,,N,3,0,1,2,A,-,11,21955,,N,G,B,D,A,H,-,A,A,0,Y,,,,Y,,N,60,0,1,0,0,1,0,0,0,0,"- ","- ",,,"SAN FRANCISCO","SAN FRANCISCO",-122.42719996,37.781119910000001
6541233,2014,2015-02-26,3801,2014-03-29,0650,1714,PARKS,6,5,7,3801,0,0,0,,0,1CAR,"LAGUNA HONDA BL","CLARENDON AV",667.00,S,N,C,-,N,,,,,,,,,,Y,4,0,1,1,A,-,03,22350,,N,E,I,A,B,H,-,B,D,0,,,,,Y,,A,01,0,0,1,0,0,0,0,0,0,"- ","- ",,,"SAN FRANCISCO","SAN FRANCISCO",-122.46056704999999,37.749828059999999
6541454,2014,2014-07-26,3801,2014-03-23,1550,4084,TARAV,7,5,7,3801,0,0,0,,0,,"GREAT HWY","LINCOLN AV",6.00,N,N,A,-,N,,,,,,,,,,N,3,0,1,2,A,-,09,21804,A,N,D,G,A,A,H,-,A,A,0,,Y,,,Y,Y,L,04,0,1,0,0,0,0,1,0,0,"- ","- ",,,"SAN FRANCISCO","SAN FRANCISCO",-122.51037126,37.764046450000002
6546014,2014,2014-07-22,3801,2014-01-10,2143,1661,MISSI,5,5,7,3801,0,0,0,,0,3D13E,"17TH ST","HARRISON ST",0.00,,Y,A,-,N,,,,,,,,,,N,3,0,1,2,A,-,12,22450,A,N,A,G,A,A,H,-,C,D,0,,Y,,,Y,,L,04,0,1,0,0,0,0,1,0,0,"- ","- ",,,"SAN FRANCISCO","SAN FRANCISCO",-122.41302998,37.764089920000004
6546034,2014,2014-07-21,3801,2014-01-22,1937,4301,SOUTH,3,5,7,3801,0,0,0,,0,3B13D,"MARKET ST","SUTTER ST",0.00,,Y,A,-,N,,,,,,,,,,N,2,0,1,1,A,-,03,22350,,N,-,J,A,A,H,-,C,A,0,,,Y,,Y,,C,03,1,0,0,0,0,0,0,0,1,"- ","- ",,,"SAN FRANCISCO","SAN FRANCISCO",-122.40013999,37.790299990000001
6546037,2014,2014-07-30,3801,2014-01-15,1840,1081,TARAV,3,5,7,3801,0,0,0,,0,3I2B,"WEST PORTAL AV","ULLOA ST",0.00,,Y,A,-,N,,,,,,,,,,N,4,0,1,2,A,-,"- ",,,N,G,B,D,A,H,-,C,D,0,Y,,,,Y,,N,60,0,0,1,0,1,0,0,0,0,"- ","- ",,,"SAN FRANCISCO","SAN FRANCISCO",-122.46578996,37.740909909999999
6546039,2014,2014-07-24,3801,2014-01-27,2111,001462,BAYVI,1,5,7,3801,0,0,0,,0,3C12E,"QUINT ST","NEWCOMB AV",328.00,N,N,A,-,N,,,,,,,,,,Y,4,0,1,2,A,-,08,22107,,F,A,I,A,A,H,-,C,D,0,,,,,Y,,A,07,0,0,1,0,0,0,0,0,0,"- ","- ",,,"SAN FRANCISCO","SAN FRANCISCO",-122.39474642,37.739140900000002
6546059,2014,2014-07-28,3801,2014-01-27,1810,1493,SOUTH,1,5,7,3801,0,0,0,,0,4K4B,"16TH ST","KANSAS ST",0.00,,Y,B,-,N,,,,,,,,,,Y,4,0,1,2,A,-,09,21801,A,N,D,C,A,A,H,-,C,A,0,,,Y,,Y,,A,01,0,0,1,0,0,0,0,0,1,"- ","- ",,,"SAN FRANCISCO","SAN FRANCISCO",-122.40362997,37.766029969999998
6546062,2014,2014-07-22,3801,2014-01-14,1828,2261,PARK,2,5,7,3801,0,0,0,,0,,"LINCOLN WY","KEZAR DR",0.00,,Y,A,-,N,,,,,,,,,,,4,0,1,2,A,-,09,21801,A,N,D,C,A,A,H,-,C,D,0,,,,,Y,,A,01,0,0,1,0,0,0,0,0,0,"- ","- ",,,"SAN FRANCISCO","SAN FRANCISCO",-122.46056989,37.766179880000003
6546065,2014,2014-07-21,3801,2014-01-16,2019,1010,CENTR,4,5,7,3801,0,0,0,,0,3A12D,"BEACH ST","MASON ST",146.00,W,N,A,-,N,,,,,,,,,,N,4,0,2,2,A,-,09,21804,A,N,D,C,A,A,H,-,C,D,0,,,,,Y,,A,01,0,0,2,0,0,0,0,0,0,"- ","- ",,,"SAN FRANCISCO","SAN FRANCISCO",-122.41447966,37.807429069999998
6546078,2014,2014-07-22,3801,2014-01-15,1507,1957,RICHM,3,5,7,3801,0,0,0,,0,4B7G,"25TH AV","EL CAMINO DEL MAR",40.00,S,N,A,-,N,,,,,,,,,,N,4,0,1,2,A,-,11,21954,A,N,G,B,D,A,H,-,A,A,0,Y,,,,Y,,N,60,0,0,1,0,1,0,0,0,0,"- ","- ",,,"SAN FRANCISCO","SAN FRANCISCO",-122.48527267999999,37.787500270000002
6546092,2014,2014-07-21,3801,2014-01-23,0200,001192,SOUTH,4,5,7,3801,0,0,0,,0,3B11E,"MARKET ST","2ND ST",0.00,,Y,A,-,N,,,,,,,,,,N,3,0,1,2,A,-,04,21703,,N,C,G,A,A,H,-,C,A,0,,Y,,,Y,Y,A,01,0,1,0,0,0,0,1,0,0,"- ","- ",,,"SAN FRANCISCO","SAN FRANCISCO",-122.40139995,37.789239940000002
6546095,2014,2014-07-18,3801,2014-01-21,0730,1882,RICHM,2,5,7,3801,0,0,0,,0,3G60,"GEARY BL","COMMONWEALTH AV",0.00,,Y,A,-,N,,,,,,,,,,N,4,0,1,2,A,-,10,21950,A,N,G,B,B,A,H,-,A,D,0,Y,,,,Y,,A,01,0,0,1,0,1,0,0,0,0,"- ","- ",,,"SAN FRANCISCO","SAN FRANCISCO",-122.45553999000001,37.781489909999998
6546099,2014,2014-07-18,3801,2014-01-20,1048,1732,SOUTH,1,5,7,3801,0,0,0,,0,4CAR,"11TH ST","FOLSOM ST",0.00,,Y,A,-,N,,,,,,,,,,Y,3,0,1,3,A,-,12,21453,A,N,D,C,A,A,H,-,A,A,0,,,,,Y,,-,,0,1,0,0,0,0,0,0,0,"- ","- ",,,"SAN FRANCISCO","SAN FRANCISCO",-122.4140099,37.771879890000001
6546104,2014,2016-03-05,3801,2014-01-22,2053,4200,TARAV,3,5,7,3801,0,0,0,,0,3I15D,"19TH AV","PACHECO ST",17.00,W,N,A,-,Y,SF,4,1,-,-,3.010,I,6,S,N,3,0,1,2,A,-,03,22350,,N,G,B,D,A,H,-,C,A,0,Y,,,,Y,,A,01,0,1,0,0,1,0,0,0,0,"- ","- ",,,"SAN FRANCISCO","SAN FRANCISCO",-122.47625858000001,37.750621690000003
6546108,2014,2014-07-23,3801,2014-01-22,1152,4172,MISSI,3,5,7,3801,0,0,0,,0,3D74,"CESAR CHAVEZ ST","HARRISON ST",0.00,,Y,A,-,N,,,,,,,,,,N,4,0,1,2,A,-,03,22350,,N,C,C,A,A,C,-,A,D,0,,,,,Y,,A,01,0,0,1,0,0,0,0,0,0,"- ","- ",,,"SAN FRANCISCO","SAN FRANCISCO",-122.41151988999999,37.748299930000002
6546124,2014,2014-07-21,3801,2014-01-23,1400,1420,SOUTH,4,5,7,3801,0,0,0,,0,4K3A,"MARKET ST","5TH ST",0.00,,Y,A,-,N,,,,,,,,,,N,4,0,1,2,A,-,08,22101,D,N,A,C,A,A,H,-,A,A,0,,,Y,,Y,,A,07,0,0,1,0,0,0,0,0,1,"- ","- ",,,"SAN FRANCISCO","SAN FRANCISCO",-122.40805989,37.783999919999999
6546139,2014,2015-10-20,3801,2014-01-12,1640,2348,INGLE,7,5,7,3801,0,0,0,,0,3H15D,"ALEMANY BL","LAWRENCE AV",10.00,N,N,A,-,N,,,,,,,,,,N,4,0,2,2,A,-,04,21703,,N,C,C,A,A,-,-,B,D,0,,,,,Y,,A,01,0,0,2,0,0,0,0,0,0,"- ","- ",,,"SAN FRANCISCO","SAN FRANCISCO",-122.45316293,37.7112871
6546142,2014,2014-07-21,3801,2014-01-19,0228,1427,J,7,5,7,3801,0,0,0,,0,0J3,"ELLIS ST","MASON ST",0.00,,Y,A,-,N,,,,,,,,,,,4,0,2,2,A,-,08,22100,B,F,B,C,A,A,H,-,C,A,0,,,,,Y,,A,01,0,0,2,0,0,0,0,0,0,"- ","- ",,,"SAN FRANCISCO","SAN FRANCISCO",-122.40945996000001,37.785329990000001
6546143,2014,2014-07-18,3801,2014-01-09,1959,1957,RICHM,4,5,7,3801,0,0,0,,0,4B7G,"MARTIN LUTHER KING DR","METSON RD",522.00,W,N,A,-,N,,,,,,,,,,N,4,0,1,1,A,-,03,22350,,N,H,J,A,A,H,-,D,D,0,,Y,,,Y,,L,04,0,0,1,0,0,0,1,0,0,"- ","- ",,,"SAN FRANCISCO","SAN FRANCISCO",-122.492695,37.765449340000004
6546145,2014,2014-07-18,3801,2014-01-27,0845,1540,,1,5,7,3801,0,0,0,,0,3F134,"OAK ST","CENTRAL AV",24.00,E,N,A,-,N,,,,,,,,,,Y,4,0,1,2,A,-,03,22350,,N,C,C,A,A,H,-,A,A,0,,,,,Y,,A,01,0,0,1,0,0,0,0,0,0,"- ","- ",,,"SAN FRANCISCO","SAN FRANCISCO",-122.44396820999999,37.772301460000001
6546158,2014,2014-07-21,3801,2014-01-18,1050,1003,TEND,6,5,7,3801,0,0,0,,0,002,"TURK ST","JONES ST",0.00,,Y,A,-,N,,,,,,,,,,N,4,0,1,2,A,-,11,21954,A,M,G,B,F,A,H,-,A,D,0,Y,,,,Y,,A,07,0,0,1,0,1,0,0,0,0,"- ","- ",,,"SAN FRANCISCO","SAN FRANCISCO",-122.41240990999999,37.782999940000003
6546163,2014,2014-07-30,3801,2014-02-09,1356,1819,NORTH,7,5,7,3801,0,0,0,,0,4K6E,"FILLMORE ST","GEARY ST",37.00,S,N,B,-,N,,,,,,,,,,N,4,0,1,2,A,-,11,21955,,N,-,A,D,B,H,-,A,A,0,Y,,,,Y,,N,60,0,0,1,0,1,0,0,0,0,"- ","- ",,,"SAN FRANCISCO","SAN FRANCISCO",-122.43293321,37.784429230000001
6538224,2014,2016-05-13,9335,2014-07-03,0700,019084,,4,1,7,3801,0,1,1,,2,023,"RT 280",ALEMANY,100.00,S,N,A,-,Y,SF,4,280,-,R,3.850,H,-,N,Y,3,0,1,2,A,-,07,21658,A,N,B,C,A,A,H,-,A,D,1,,,Y,,Y,,D,22,0,1,0,0,0,0,0,0,1,"- ","- ",37.732199999999999,-122.4147,"SAN FRANCISCO","SAN FRANCISCO",-122.41488794,37.732123610000002
6526630,2014,2016-04-20,9335,2014-05-03,1340,019510,,6,1,7,3801,0,1,1,,1,081,"RT 80","YERBA BUENA TUNNEL",125.00,E,N,A,-,Y,SF,4,80,-,-,7.840,H,-,W,Y,4,0,3,2,A,-,07,21658,A,N,B,C,A,A,H,-,A,D,4,,,,,Y,,A,01,0,0,3,0,0,0,0,0,0,"- ","- ",37.483870000000003,-122.21505999999999,"SAN FRANCISCO","SAN FRANCISCO",-122.36546602999999,37.809937239999996
6518602,2014,2015-12-14,3801,2014-05-01,2255,227,MISSI,4,5,7,3801,0,0,0,,0,,"BRANNAN ST","8TH ST",0.00,,Y,A,-,N,,,,,,,,,,,2,0,1,1,-,-,"- ",,,N,A,I,A,A,H,-,C,D,0,,Y,,,Y,,-,"- ",1,0,0,0,0,0,1,0,0,"- ","- ",,,"SAN FRANCISCO","SAN FRANCISCO",-122.40542986,37.771289930000002