CASE_ID,ACCIDENT_YEAR,PROC_DATE,JURIS,COLLISION_DATE,COLLISION_TIME,OFFICER_ID,REPORTING_DISTRICT,DAY_OF_WEEK,CHP_SHIFT,POPULATION,CNTY_CITY_LOC,SPECIAL_COND,BEAT_TYPE,CHP_BEAT_TYPE,CITY_DIVISION_LAPD,CHP_BEAT_CLASS,BEAT_NUMBER,PRIMARY_RD,SECONDARY_RD,DISTANCE,DIRECTION,INTERSECTION,WEATHER_1,WEATHER_2,STATE_HWY_IND,CALTRANS_COUNTY,CALTRANS_DISTRICT,STATE_ROUTE,ROUTE_SUFFIX,POSTMILE_PREFIX,POSTMILE,LOCATION_TYPE,RAMP_INTERSECTION,SIDE_OF_HWY,TOW_AWAY,COLLISION_SEVERITY,NUMBER_KILLED,NUMBER_INJURED,PARTY_COUNT,PRIMARY_COLL_FACTOR,PCF_CODE_OF_VIOL,PCF_VIOL_CATEGORY,PCF_VIOLATION,PCF_VIOL_SUBSECTION,HIT_AND_RUN,TYPE_OF_COLLISION,MVIW,PED_ACTION,ROAD_SURFACE,ROAD_COND_1,ROAD_COND_2,LIGHTING,CONTROL_DEVICE,CHP_ROAD_TYPE,PEDESTRIAN_ACCIDENT,BICYCLE_ACCIDENT,MOTORCYCLE_ACCIDENT,TRUCK_ACCIDENT,NOT_PRIVATE_PROPERTY,ALCOHOL_INVOLVED,STWD_VEHTYPE_AT_FAULT,CHP_VEHTYPE_AT_FAULT,COUNT_SEVERE_INJ,COUNT_VISIBLE_INJ,COUNT_COMPLAINT_PAIN,COUNT_PED_KILLED,COUNT_PED_INJURED,COUNT_BICYCLIST_KILLED,COUNT_BICYCLIST_INJURED,COUNT_MC_KILLED,COUNT_MC_INJURED,PRIMARY_RAMP,SECONDARY_RAMP,LATITUDE,LONGITUDE,COUNTY,CITY,POINT_X,POINT_Y
6557076,2014,2014-07-30,3801,2014-03-16,0951,002179,CENTR,7,5,7,3801,0,0,0,,0,3A60,GEARY,"JONES ST",0.00,,Y,A,-,N,,,,,,,,,,Y,4,0,1,2,A,-,08,22107,,N,B,C,A,A,H,-,A,A,0,,,Y,,Y,,A,01,0,0,1,0,0,0,0,0,1,"- ","- ",,,"SAN FRANCISCO","SAN FRANCISCO",-122.41314992,37.786749970000002
6557080,2014,2014-07-30,3801,2014-03-20,1522,1420,NORTH,4,5,7,3801,0,0,0,,0,4K3A,"WEBSTER ST","MCALLISTER ST",0.00,,Y,A,-,N,,,,,,,,,,N,4,0,1,2,A,-,12,21453,A,N,D,C,A,A,H,-,A,A,0,,,Y,,Y,,A,08,0,0,1,0,0,0,0,0,1,"- ","- ",,,"SAN FRANCISCO","SAN FRANCISCO",-122.43010988,37.778840000000002
6557087,2014,2014-07-21,3801,2014-03-09,1932,004261,PARK,7,5,7,3801,0,0,0,,0,3F61,"POST ST","DIVISADERO ST",0.00,,Y,A,-,N,,,,,,,,,,N,4,0,1,2,A,-,08,21717,,N,D,G,A,A,H,-,B,A,0,,Y,,,Y,Y,A,07,0,0,1,0,0,0,1,0,0,"- ","- ",,,"SAN FRANCISCO","SAN FRANCISCO",-122.43966997,37.784309980000003
6557092,2014,2014-07-21,3801,2014-03-09,1457,4084,TARAV,7,5,7,3801,0,0,0,,0,A01,"LINCOLN AV","19TH AV",71.00,W,N,B,-,N,,,,,,,,,,Y,3,0,1,2,A,-,03,22350,,N,C,C,A,A,H,-,A,A,0,,,Y,,Y,,C,03,0,1,0,0,0,0,0,0,1,"- ","- ",,,"SAN FRANCISCO","SAN FRANCISCO",-122.47757529,37.76542886
6557095,2014,2014-07-21,3801,2014-03-08,2002,2318,MISSI,6,5,7,3801,0,0,0,,0,3D18E,"MARKET ST","CASTRO ST",0.00,,Y,A,-,N,,,,,,,,,,Y,4,0,2,2,A,-,12,21453,A,N,D,C,A,A,H,-,C,A,0,,,,,Y,,A,01,0,0,2,0,0,0,0,0,0,"- ","- ",,,"SAN FRANCISCO","SAN FRANCISCO",-122.43516,37.762639970000002
6557101,2014,2014-07-21,3801,2014-03-06,1951,001542,NORTH,4,5,7,3801,0,0,0,,0,3E12,"GOUGH ST","EDDY ST",0.00,,Y,A,-,N,,,,,,,,,,N,3,0,1,2,A,-,11,21453,D,N,G,B,B,A,H,-,C,A,0,Y,,,,Y,Y,N,60,0,1,0,0,1,0,0,0,0,"- ","- ",,,"SAN FRANCISCO","SAN FRANCISCO",-122.42411988000001,37.782469939999999
6557110,2014,2014-07-21,3801,2014-03-04,1430,000845,CENTR,2,5,7,3801,0,0,0,,0,4K4A,"BEACH ST","JONES ST",189.00,E,N,B,-,N,,,,,,,,,,N,3,0,1,2,A,-,09,21804,A,N,D,C,A,A,H,-,A,D,0,,,,,Y,,A,01,0,1,0,0,0,0,0,0,0,"- ","- ",,,"SAN FRANCISCO","SAN FRANCISCO",-122.41661395,37.807162730000002
6557112,2014,2014-07-21,3801,2014-03-04,0137,1445,MISSI,2,5,7,3801,0,0,0,,0,3D15E,"CHURCH ST","16TH ST",0.00,,Y,C,-,N,,,,,,,,,,Y,4,0,1,1,A,-,03,22350,,N,E,I,A,B,G,-,C,D,0,,,,,Y,Y,A,01,0,0,1,0,0,0,0,0,0,"- ","- ",,,"SAN FRANCISCO","SAN FRANCISCO",-122.42864987999999,37.764499899999997
6557259,2014,2016-04-20,9335,2014-06-19,1740,013740,,4,2,7,3801,0,1,1,,2,080,"RT 80","RT 101",300.00,E,N,A,-,Y,SF,4,80,-,-,4.170,H,-,W,Y,4,0,1,3,A,-,03,22350,,N,C,C,A,A,H,-,A,D,1,,,,,Y,,A,07,0,0,1,0,0,0,0,0,0,"- ",NF,,,"SAN FRANCISCO","SAN FRANCISCO",-122.40639792,37.77158944
6561411,2014,2015-10-13,3801,2014-03-11,1402,000183,SOUTH,2,5,7,3801,0,0,0,,0,3B14C,"MARKET ST","10TH ST",42.00,E,N,A,-,N,,,,,,,,,,Y,4,0,1,2,A,-,07,21658,A,N,B,C,A,A,H,-,A,D,0,,,,,Y,Y,A,01,0,0,1,0,0,0,0,0,0,"- ","- ",,,"SAN FRANCISCO","SAN FRANCISCO",-122.41742787,37.776612110000002
6561415,2014,2014-09-22,3801,2014-03-19,1935,52,,3,5,7,3801,0,0,0,,0,3D63,"20TH ST","S VAN NESS AV",38.00,E,N,A,-,N,,,,,,,,,,N,4,0,1,4,A,-,08,22107,,F,B,C,A,A,H,-,C,A,0,,,,,Y,,E,22,0,0,1,0,0,0,0,0,0,"- ","- ",,,"SAN FRANCISCO","SAN FRANCISCO",-122.41677902000001,37.758769190000002
6563690,2014,2014-07-25,3801,2014-04-12,1216,351,SOUTH,6,5,7,3801,0,0,0,,0,3B3A,"HARRISON ST","FREMONT ST",0.00,,Y,A,-,N,,,,,,,,,,Y,3,0,1,2,A,-,09,21801,A,N,D,C,A,-,A,H,A,A,0,,,Y,,Y,,A,08,0,1,0,0,0,0,0,0,1,"- ","- ",,,"SAN FRANCISCO","SAN FRANCISCO",-122.39205998,37.786789990000003
6563714,2014,2014-07-25,3801,2014-04-23,1030,1572,SOUTH,3,5,7,3801,0,0,0,,0,3B2A,"HARRISON ST","MORRIS ALLEY",0.00,,Y,A,-,N,,,,,,,,,,Y,4,0,1,2,A,-,07,21658,A,N,B,C,A,A,H,-,A,D,0,,,Y,,Y,,A,01,0,0,1,0,0,0,0,0,1,"- ","- ",,,"SAN FRANCISCO","SAN FRANCISCO",-122.40352996,37.777709969999997
6563718,2014,2014-07-29,3801,2014-04-23,1258,1837,NORTH,3,5,7,3801,0,0,0,,0,3E15C,"BROADWAY ST","POLK ST",0.00,,Y,A,-,N,,,,,,,,,,N,4,0,1,2,A,-,10,21950,A,N,G,B,B,A,H,-,A,A,0,Y,,,,Y,,A,01,0,0,1,0,1,0,0,0,0,"- ","- ",,,"SAN FRANCISCO","SAN FRANCISCO",-122.42175989,37.795939959999998
6565510,2014,2016-05-28,9335,2014-07-13,2325,20435,,7,3,7,3801,0,1,1,,2,080,"RT 80","5TH ST",286.00,E,N,A,-,Y,SF,4,80,-,-,5.044,R,2,W,Y,2,0,1,1,A,-,01,23152,A,N,E,I,A,A,H,-,C,D,1,,,,,Y,Y,A,01,1,0,0,0,0,0,0,0,0,"- ","- ",37.779000000000003,-122.40079,"SAN FRANCISCO","SAN FRANCISCO",-122.39682489,37.782100389999997
6565842,2014,2015-03-27,3801,2014-04-28,0308,2462,F,1,5,7,3801,0,0,0,,0,,"PAGE ST","BRODERICK AV",160.00,E,N,A,-,N,,,,,,,,,,Y,4,0,1,3,A,-,07,21658,A,N,A,C,A,A,H,-,C,D,0,,,,,Y,Y,A,01,0,0,1,0,0,0,0,0,0,"- ","- ",,,"SAN FRANCISCO","SAN FRANCISCO",-122.43835318000001,37.772069049999999
6565846,2014,2015-03-09,3801,2014-04-27,1937,2339,,7,5,7,3801,0,0,0,,0,3C12D,"SILVER AV","SCOTIA AV",0.00,,Y,A,-,N,,,,,,,,,,Y,3,0,1,2,A,-,03,22350,,N,C,C,A,A,H,-,B,A,0,,,Y,,Y,,C,02,0,1,0,0,0,0,0,0,1,"- ","- ",,,"SAN FRANCISCO","SAN FRANCISCO",-122.40216997,37.734529950000002
6565852,2014,2015-03-06,3801,2014-04-10,1634,761,RICHM,4,5,7,3801,0,0,0,,0,03G,"BALBOA ST","8TH AV",0.00,,Y,B,-,N,,,,,,,,,,N,4,0,1,2,A,-,12,22450,A,N,D,G,A,A,H,-,A,D,0,,Y,,,Y,,L,04,0,0,1,0,0,0,1,0,0,"- ","- ",,,"SAN FRANCISCO","SAN FRANCISCO",-122.46616998,37.777139920000003
6565856,2014,2015-03-09,3801,2014-04-10,0554,1584,INGLE,4,5,7,3801,0,0,0,,0,4K2D,"OSHAUGHNESSY BL","BOSWORTH ST",186.00,N,N,A,-,N,,,,,,,,,,Y,4,0,1,1,A,-,03,22350,,N,E,I,A,B,H,-,C,D,0,,,Y,,Y,,C,02,0,0,1,0,0,0,0,0,1,"- ","- ",,,"SAN FRANCISCO","SAN FRANCISCO",-122.44190999999999,37.735979999999998
6565857,2014,2015-03-12,3801,2014-04-18,1605,1848,TARAV,5,5,7,3801,0,0,0,,0,3I11D,"16TH AV","PACHECO ST",55.00,S,N,A,-,N,,,,,,,,,,Y,4,0,1,1,A,-,03,22350,,N,E,I,A,A,H,-,A,A,0,,,,,Y,,A,01,0,0,1,0,0,0,0,0,0,"- ","- ",,,"SAN FRANCISCO","SAN FRANCISCO",-122.47299859,37.750489180000002
6565859,2014,2015-03-27,3801,2014-04-11,1511,4246,B,5,5,7,3801,0,0,0,,0,005,"TOWNSEND ST","6TH ST",150.00,E,N,A,-,N,,,,,,,,,,N,3,0,1,2,A,-,08,22107,,F,D,G,A,A,H,-,A,D,0,,Y,,,Y,,A,07,0,1,0,0,0,0,1,0,0,"- ","- ",,,"SAN FRANCISCO","SAN FRANCISCO",-122.39906436,37.77390252
6565861,2014,2016-04-14,3801,2014-04-18,1846,4137,TARAV,5,5,7,3801,0,0,0,,0,03I,"19TH AV","PACHECO ST",25.00,N,N,A,-,Y,SF,4,1,-,-,3.020,H,-,S,N,4,0,1,2,A,-,04,21703,,N,C,C,A,A,H,-,A,A,0,,,,,Y,,A,01,0,0,1,0,0,0,0,0,0,"- ","- ",,,"SAN FRANCISCO","SAN FRANCISCO",-122.47626826,37.750762180000002
6565870,2014,2015-03-05,3801,2014-04-27,1310,813,PARK,7,5,7,3801,0,0,0,,0,4CAR,"PAGE ST",PIERCE,64.00,W,-,B,-,N,,,,,,,,,,N,3,0,1,2,A,-,17,22517,,N,B,G,A,A,H,-,A,D,0,,Y,,,Y,,-,,0,1,0,0,0,0,1,0,0,"- ","- ",,,"SAN FRANCISCO","SAN FRANCISCO",-122.43413873999999,37.772602329999998
6565874,2014,2015-03-05,3801,2014-04-26,1825,190,NORTH,6,5,7,3801,0,0,0,,0,3E5D,"BAY ST","VAN NESS AV",5.00,E,N,A,-,N,,,,,,,,,,N,4,0,1,2,A,-,10,21950,A,F,G,B,B,A,H,-,A,A,0,Y,,,,Y,,-,,0,0,1,0,1,0,0,0,0,"- ","- ",,,"SAN FRANCISCO","SAN FRANCISCO",-122.42513293,37.804132279999997
6565878,2014,2015-10-23,3801,2014-04-26,1630,2273,SOUTH,6,5,7,3801,0,0,0,,0,3B14D,"9TH ST","HARRISON ST",0.00,,Y,A,-,N,,,,,,,,,,,4,0,2,2,A,-,03,22350,,N,C,C,A,A,H,-,A,A,0,,,Y,,Y,,C,02,0,0,2,0,0,0,0,0,1,"- ","- ",,,"SAN FRANCISCO","SAN FRANCISCO",-122.41004995999999,37.77252996
6565879,2014,2015-03-05,3801,2014-04-11,0850,1887,TRAFF,5,5,7,3801,0,0,0,,0,4K1C,"6TH ST","NATOMA ST",67.00,N,N,B,-,N,,,,,,,,,,N,4,0,1,2,A,-,"- ",,,N,B,G,A,A,H,-,A,D,0,,Y,,,Y,,L,04,0,0,1,0,0,0,1,0,0,"- ","- ",,,"SAN FRANCISCO","SAN FRANCISCO",-122.40783288,37.780311009999998
6565936,2014,2014-07-24,3801,2014-04-24,1543,4084,TARAV,4,5,7,3801,0,0,0,,0,901,"GREAT HWY",PACHECO,450.00,S,N,B,-,N,,,,,,,,,,Y,3,0,1,2,A,-,11,21954,A,N,G,B,D,A,H,-,A,A,0,Y,,,,Y,,N,60,0,1,0,0,1,0,0,0,0,"- ","- ",,,"SAN FRANCISCO","SAN FRANCISCO",-122.50779464999999,37.747880780000003
6565946,2014,2014-08-12,3801,2014-04-17,1753,4057,NORTH,4,5,7,3801,0,0,0,,0,3E11D,"HAYES ST","WEBSTER ST",0.00,,Y,A,-,N,,,,,,,,,,N,2,0,1,1,A,-,03,22350,,N,H,J,A,A,H,-,A,A,0,,Y,,,Y,,L,04,1,0,0,0,0,0,1,0,0,"- ","- ",,,"SAN FRANCISCO","SAN FRANCISCO",-122.42953998999999,37.776039990000001
6565955,2014,2014-07-24,3801,2014-04-14,1630,1413,CENTR,1,5,7,3801,0,0,0,,0,3A11D,"HYDE ST","JACKSON ST",0.00,,Y,A,-,N,,,,,,,,,,N,4,0,1,2,A,-,10,21950,A,N,G,B,B,A,H,-,A,A,0,Y,,,,Y,,A,01,0,0,1,0,1,0,0,0,0,"- ","- ",,,"SAN FRANCISCO","SAN FRANCISCO",-122.41810998,37.794559990000003
6565959,2014,2014-07-24,3801,2014-04-14,1341,1968,CENTR,1,5,7,3801,0,0,0,,0,3A11C,"POST ST","MASON ST",0.00,,Y,A,-,N,,,,,,,,,,N,4,0,1,2,D,-,00,,,N,G,B,B,A,H,-,A,A,0,Y,,,,Y,,-,"- ",0,0,1,0,1,0,0,0,0,"- ","- ",,,"SAN FRANCISCO","SAN FRANCISCO",-122.41002994999999,37.788049940000001
6565961,2014,2014-07-24,3801,2014-04-04,1606,1542,NORTH,5,5,7,3801,0,0,0,,0,3E11D,"OCTAVIA ST","MARKET ST",144.00,N,N,B,-,N,,,,,,,,,,N,3,0,1,2,A,-,11,21954,A,N,G,B,E,B,H,-,A,A,0,Y,,,,Y,Y,N,60,0,1,0,0,1,0,0,0,0,"- ","- ",,,"SAN FRANCISCO","SAN FRANCISCO",-122.4237591,37.772148229999999
6565971,2014,2014-07-25,3801,2014-04-11,0058,1524,NORTH,5,5,7,3801,0,0,0,,0,3E12E,"FRANKLIN ST","GOLDEN GATE AV",6.00,S,N,A,-,N,,,,,,,,,,N,2,0,1,2,A,-,11,21453,D,N,G,B,B,A,H,-,C,A,0,Y,,,,Y,Y,N,60,1,0,0,0,1,0,0,0,0,"- ","- ",,,"SAN FRANCISCO","SAN FRANCISCO",-122.42209613,37.780803810000002
6565976,2014,2015-10-23,3801,2014-04-07,1829,845,NORTH,1,5,7,3801,0,0,0,,0,4K4A,"FRANCISCO ST","VAN NESS AV",8.00,E,N,A,-,N,,,,,,,,,,N,2,0,1,2,A,-,11,21950,B,N,G,B,B,A,H,-,A,A,0,Y,,,,Y,,N,60,1,0,0,0,1,0,0,0,0,"- ","- ",,,"SAN FRANCISCO","SAN FRANCISCO",-122.42493274,37.803203889999999
6565985,2014,2014-07-24,3801,2014-04-24,0936,4036,TARAV,4,5,7,3801,0,0,0,,0,4B5I,"8TH AV","LAWTON ST",222.00,N,N,B,-,N,,,,,,,,,,N,3,0,1,1,D,-,00,,,N,E,J,A,A,A,G,A,D,0,,Y,,,Y,,-,"- ",0,1,0,0,0,0,1,0,0,"- ","- ",,,"SAN FRANCISCO","SAN FRANCISCO",-122.46490602999999,37.759089199999998
6565986,2014,2014-07-25,3801,2014-04-18,1015,1887,TRAFF,5,5,7,3801,0,0,0,,0,4K1C,"POLK ST","JACKSON ST",114.00,N,N,A,-,N,,,,,,,,,,N,4,0,1,3,A,-,03,22350,,N,C,C,A,A,H,-,A,D,0,,,,,Y,,A,08,0,0,1,0,0,0,0,0,0,"- ","- ",,,"SAN FRANCISCO","SAN FRANCISCO",-122.42145592,37.794448770000002
6565990,2014,2014-07-25,3801,2014-04-17,2015,4256,SOUTH,4,5,7,3801,0,0,0,,0,3B53C,"VERMONT ST","ALAMEDA ST",0.00,,Y,A,-,N,,,,,,,,,,N,3,0,1,2,A,-,09,21803,B,N,B,G,A,A,H,-,C,A,0,,Y,,,Y,,A,07,0,1,0,0,0,0,1,0,0,"- ","- ",,,"SAN FRANCISCO","SAN FRANCISCO",-122.40484986,37.768549899999996
6565999,2014,2014-07-25,3801,2014-04-05,2341,2383,MISSI,6,5,7,3801,0,0,0,,0,3D14D,MISSION,"25TH ST",0.00,,Y,A,-,N,,,,,,,,,,N,4,0,1,2,A,-,03,22350,,N,C,C,A,A,H,-,C,A,0,,,,,Y,,-,"- ",0,0,1,0,0,0,0,0,0,"- ","- ",,,"SAN FRANCISCO","SAN FRANCISCO",-122.41829995000001,37.750659910000003
6568922,2014,2016-05-28,9335,2014-07-18,1300,13738,,5,1,7,3801,0,1,1,,2,080,"RT 80","4TH ST",200.00,W,N,A,-,Y,SF,4,80,-,-,5.060,H,-,W,N,4,0,1,2,A,-,03,22350,,N,C,C,A,A,H,-,A,D,1,,,,,Y,,A,01,0,0,1,0,0,0,0,0,0,"- ","- ",,,"SAN FRANCISCO","SAN FRANCISCO",-122.39663851,37.782242680000003
6568926,2014,2016-05-28,9335,2014-07-19,1300,20274,,6,1,7,3801,0,1,2,,2,013,"RT 101","RT 280",285.00,S,N,A,-,Y,SF,4,101,-,-,1.370,H,-,N,N,4,0,1,3,A,-,03,22350,,N,C,C,A,A,H,-,A,D,1,,,,,Y,,A,01,0,0,1,0,0,0,0,0,0,"- ","- ",37.444110000000002,-122.24224,"SAN FRANCISCO","SAN FRANCISCO",-122.40245116,37.727283229999998
6572257,2014,2016-05-28,9335,2014-07-26,2140,20666,,6,2,7,3801,0,1,2,,2,013,"RT 101","BAYSHORE BL",940.00,S,N,A,-,Y,SF,4,101,-,-,0.380,H,-,S,Y,4,0,1,2,A,-,03,22350,,N,C,C,A,A,H,-,D,D,1,,,,,Y,,D,22,0,0,1,0,0,0,0,0,0,"- ","- ",37.713450000000002,-122.39678000000001,"SAN FRANCISCO","SAN FRANCISCO",-122.39703032,37.713639970000003
6572519,2014,2016-05-28,9335,2014-07-06,1322,19631,,7,1,7,3801,0,1,2,,2,015,"RT 101","RT 80",103.00,N,N,B,-,Y,SF,4,101,-,R,4.710,H,-,N,Y,2,0,2,4,A,-,03,22350,,N,-,C,A,A,H,-,A,D,1,,,Y,,Y,,C,02,1,1,0,0,0,0,0,0,2,"- ","- ",37.769410000000001,-122.41037,"SAN FRANCISCO","SAN FRANCISCO",-122.41076561,37.769480299999998
6573156,2014,2014-08-09,3801,2014-04-24,0331,1513,RICHM,4,5,7,3801,0,0,0,,0,3G15E,"GEARY BL","20TH AV",10.00,E,N,A,-,N,,,,,,,,,,Y,3,0,1,2,A,-,03,22350,,F,C,C,A,A,H,-,C,A,0,,,,,Y,,A,01,0,1,0,0,0,0,0,0,0,"- ","- ",,,"SAN FRANCISCO","SAN FRANCISCO",-122.47935543,37.780391309999999
6573168,2014,2014-08-09,3801,2014-04-09,1631,000395,,3,5,7,3801,0,0,0,,0,3160,"TURK ST","WEBSTER ST",8.00,S,N,A,-,N,,,,,,,,,,N,2,0,1,2,A,-,10,21950,A,N,G,B,B,A,H,-,A,A,0,Y,,,,Y,Y,I,11,1,0,0,0,1,0,0,0,0,"- ","- ",,,"SAN FRANCISCO","SAN FRANCISCO",-122.43051737,37.780686660000001
6575632,2014,2016-05-28,9335,2014-07-28,1150,017411,,1,1,7,3801,0,1,1,,2,080,"RT 80","RT 101",200.00,E,N,A,-,Y,SF,4,80,-,-,3.950,H,-,W,N,4,0,1,2,A,-,03,22350,,N,C,C,A,A,H,-,A,D,1,,,,,Y,,D,22,0,0,1,0,0,0,0,0,0,"- ","- ",,,"SAN FRANCISCO","SAN FRANCISCO",-122.40537006,37.767603289999997
6575635,2014,2016-05-28,9335,2014-07-29,1412,019581,,2,2,7,3801,0,1,1,,2,080,"RT 80","DIVISION ST",150.00,W,N,A,-,Y,SF,4,80,-,-,4.040,H,-,E,Y,4,0,1,2,A,-,03,22350,,N,C,C,A,A,H,-,A,D,1,,,,,Y,,A,01,0,0,1,0,0,0,0,0,0,"- ","- ",37.769530000000003,-122.40521,"SAN FRANCISCO","SAN FRANCISCO",-122.40517215,37.769260109999998
6578262,2014,2016-05-28,9335,2014-07-26,2310,020311,,6,3,7,3801,0,1,1,,2,080,"RT 80","3RD ST",400.00,E,N,A,-,Y,SF,4,80,-,-,5.250,H,-,E,Y,4,0,3,3,A,-,03,22350,,N,C,C,A,A,H,-,C,D,1,,,,,Y,,A,07,0,0,3,0,0,0,0,0,0,"- ","- ",37.78275,-122.3956,"SAN FRANCISCO","SAN FRANCISCO",-122.39424320000001,37.783814800000002
6579643,2014,2014-08-15,3801,2014-04-03,0620,915,J,4,5,7,3801,0,0,0,,0,3J13A,LEAVENWORTH,"ELLIS ST",117.00,N,N,A,-,N,,,,,,,,,,Y,4,0,2,2,A,-,04,21703,,N,C,D,A,A,H,-,C,D,0,,,,,Y,,-,,0,0,2,0,0,0,0,0,0,"- ","- ",,,"SAN FRANCISCO","SAN FRANCISCO",-122.41448482,37.784987270000002
6579886,2014,2016-05-14,9350,2014-07-28,1830,017201,,1,2,7,3801,0,1,2,,1,120,"RT 101","LIGHT POLE 44",5.00,S,N,A,-,Y,SF,4,101,-,-,10.862,H,-,S,N,3,0,1,1,C,-,18,,,N,E,I,A,A,H,-,A,D,4,,Y,,,Y,,-,"- ",0,1,0,0,0,0,1,0,0,"- ","- ",37.807270000000003,-122.47565,"SAN FRANCISCO","SAN FRANCISCO",-122.47892195,37.820918280000001
6579894,2014,2016-05-18,9350,2014-07-17,1545,013918,,4,2,7,3801,0,1,2,,2,020,"RT 101","GOLDEN GATE TOLL PLAZA",440.00,N,N,B,-,Y,SF,4,101,-,-,10.130,H,-,N,Y,3,0,1,3,A,-,07,21658,A,N,B,C,A,A,H,-,A,D,1,,,Y,,Y,,C,02,0,1,0,0,0,0,0,0,1,"- ","- ",37.810189999999999,-122.47765,"SAN FRANCISCO","SAN FRANCISCO",-122.47751675000001,37.810494210000002
6585936,2014,2016-05-28,9335,2014-07-28,1743,019581,,1,2,7,3801,0,1,1,,1,081,"RT 80","BEALE ST",30.00,E,N,A,-,Y,SF,4,80,-,-,5.510,H,-,W,N,3,0,1,2,A,-,07,21658,A,F,B,C,A,A,H,-,A,D,4,,,Y,,Y,,A,07,0,1,0,0,0,0,0,0,1,"- ","- ",37.786679999999997,-122.39009,"SAN FRANCISCO","SAN FRANCISCO",-122.39101141,37.785868999999998
6585952,2014,2016-04-30,9335,2014-07-31,2235,020435,,4,3,7,3801,0,1,1,,1,083,"RT 80","ARMY RD",1584.00,E,N,A,-,Y,SF,4,80,-,R,8.550,H,-,E,N,4,0,1,2,A,-,07,21658,A,M,C,C,A,A,H,-,C,D,0,,,,,Y,,A,01,0,0,1,0,0,0,0,0,0,"- ","- ",37.817210000000003,-122.35471,"SAN FRANCISCO","SAN FRANCISCO",-122.35518064,37.817016580000001
6595495,2014,2016-05-28,9335,2014-08-08,1800,020068,,5,2,7,3801,0,1,1,,2,080,"RT 80","4TH ST",75.00,E,N,A,-,Y,SF,4,80,-,-,5.040,H,-,E,N,4,0,1,2,A,-,03,22350,,N,G,C,A,A,H,-,A,D,1,,,,,Y,,A,07,0,0,1,0,0,0,0,0,0,"- ","- ",37.4649,-122.2354,"SAN FRANCISCO","SAN FRANCISCO",-122.39658808,37.781847640000002
6597014,2014,2016-07-06,9335,2014-08-08,1535,17672,,5,2,7,3801,0,1,2,,2,015,"RT 101","RT 80",100.00,N,N,A,-,Y,SF,4,101,-,R,4.570,H,-,S,N,4,0,1,2,A,-,03,22350,,N,C,C,A,A,H,-,A,D,1,,,,,Y,,D,22,0,0,1,0,0,0,0,0,0,"- ",CN,,,"SAN FRANCISCO","SAN FRANCISCO",-122.40964402,37.769117129999998
6598676,2014,2016-05-14,9335,2014-08-11,1935,18804,,1,2,7,3801,0,1,2,,2,015,"RT 101","FOLSOM ST",300.00,N,N,A,-,Y,SF,4,101,-,R,5.030,H,-,S,Y,4,0,1,2,A,-,03,22350,,N,C,C,A,A,H,-,A,D,1,,,,,Y,,A,01,0,0,1,0,0,0,0,0,0,"- ","- ",37.769550000000002,-122.4161,"SAN FRANCISCO","SAN FRANCISCO",-122.41668975,37.769606090000003
6605283,2014,2014-09-30,3801,2014-01-01,1941,000845,BAYVI,3,5,7,3801,0,0,0,,0,4K3F,"CONNECTICUT ST","22ND ST",50.00,S,N,A,-,N,,,,,,,,,,Y,4,0,1,2,A,-,17,22109,,N,C,C,A,A,H,-,C,D,0,,,,,Y,Y,A,01,0,0,1,0,0,0,0,0,0,"- ","- ",,,"SAN FRANCISCO","SAN FRANCISCO",,
6606729,2014,2016-05-28,9335,2014-08-30,1635,020212,,6,2,7,3801,0,1,1,,1,081,"RT 80","YERBA BUENA ISLAND",150.00,E,N,A,-,Y,SF,4,80,-,-,7.850,H,-,W,Y,4,0,1,2,A,-,03,22350,,N,C,C,A,A,H,-,A,D,4,,,,,Y,,A,08,0,0,1,0,0,0,0,0,0,"- ","- ",37.811199999999999,-122.36450000000001,"SAN FRANCISCO","SAN FRANCISCO",-122.36534057,37.810069679999998
6609889,2014,2016-05-28,9335,2014-08-19,1220,017366,,2,1,7,3801,0,1,1,,1,083,"RT 80","YERBA BUENA TUNNEL",100.00,W,N,B,-,Y,SF,4,80,-,-,7.720,H,-,E,N,4,0,1,2,A,-,04,21703,,F,C,C,A,A,D,-,A,A,4,,,,,Y,,A,01,0,0,1,0,0,0,0,0,0,"- ","- ",37.807769999999998,-122.26752999999999,"SAN FRANCISCO","SAN FRANCISCO",-122.36693545999999,37.808306729999998
6612617,2014,2016-05-18,9335,2014-08-29,1718,20772,,5,2,7,3801,0,1,2,,2,012,"RT 101","ARMOUR AV",25.00,N,N,A,-,Y,SM,4,101,-,-,22.350,H,-,S,Y,4,0,1,1,A,-,08,22107,,N,E,I,A,A,H,-,A,D,1,,,,,Y,,A,01,0,0,1,0,0,0,0,0,0,"- ","- ",37.66001,-122.40467,"SAN FRANCISCO","SAN FRANCISCO",-122.40458759000001,37.659958170000003
6612681,2014,2016-05-28,9335,2014-09-01,0245,020311,,1,3,7,3801,0,1,1,,2,080,"RT 80","5TH ST",100.00,E,N,A,-,Y,SF,4,80,-,-,5.044,R,2,W,Y,3,0,2,1,A,-,08,22107,,N,E,I,A,A,H,-,C,D,1,,,,,Y,,A,01,0,1,1,0,0,0,0,0,0,TO,"- ",37.779040000000002,-122.40057,"SAN FRANCISCO","SAN FRANCISCO",-122.39682489,37.782100389999997