CASE_ID,ACCIDENT_YEAR,PROC_DATE,JURIS,COLLISION_DATE,COLLISION_TIME,OFFICER_ID,REPORTING_DISTRICT,DAY_OF_WEEK,CHP_SHIFT,POPULATION,CNTY_CITY_LOC,SPECIAL_COND,BEAT_TYPE,CHP_BEAT_TYPE,CITY_DIVISION_LAPD,CHP_BEAT_CLASS,BEAT_NUMBER,PRIMARY_RD,SECONDARY_RD,DISTANCE,DIRECTION,INTERSECTION,WEATHER_1,WEATHER_2,STATE_HWY_IND,CALTRANS_COUNTY,CALTRANS_DISTRICT,STATE_ROUTE,ROUTE_SUFFIX,POSTMILE_PREFIX,POSTMILE,LOCATION_TYPE,RAMP_INTERSECTION,SIDE_OF_HWY,TOW_AWAY,COLLISION_SEVERITY,NUMBER_KILLED,NUMBER_INJURED,PARTY_COUNT,PRIMARY_COLL_FACTOR,PCF_CODE_OF_VIOL,PCF_VIOL_CATEGORY,PCF_VIOLATION,PCF_VIOL_SUBSECTION,HIT_AND_RUN,TYPE_OF_COLLISION,MVIW,PED_ACTION,ROAD_SURFACE,ROAD_COND_1,ROAD_COND_2,LIGHTING,CONTROL_DEVICE,CHP_ROAD_TYPE,PEDESTRIAN_ACCIDENT,BICYCLE_ACCIDENT,MOTORCYCLE_ACCIDENT,TRUCK_ACCIDENT,NOT_PRIVATE_PROPERTY,ALCOHOL_INVOLVED,STWD_VEHTYPE_AT_FAULT,CHP_VEHTYPE_AT_FAULT,COUNT_SEVERE_INJ,COUNT_VISIBLE_INJ,COUNT_COMPLAINT_PAIN,COUNT_PED_KILLED,COUNT_PED_INJURED,COUNT_BICYCLIST_KILLED,COUNT_BICYCLIST_INJURED,COUNT_MC_KILLED,COUNT_MC_INJURED,PRIMARY_RAMP,SECONDARY_RAMP,LATITUDE,LONGITUDE,COUNTY,CITY,POINT_X,POINT_Y
6832934,2015,2016-10-13,9335,2015-02-25,1525,19202,,3,2,7,3801,0,1,2,,2,014,"RT 101","25TH ST",20.00,N,N,A,-,Y,SF,4,101,-,-,3.220,H,-,N,N,4,0,1,2,A,-,03,22350,,N,C,C,A,A,H,-,A,D,1,,,,Y,Y,,G,25,0,0,1,0,0,0,0,0,0,"- ","- ",37.75244,-122.40282000000001,"SAN FRANCISCO","SAN FRANCISCO",-122.40283171,37.752413079999997
6835920,2015,2016-09-06,9335,2015-03-11,1658,13738,,3,2,7,3801,0,1,1,,1,081,"RT 80","CECTER ANCHORAGE",75.00,E,N,A,-,Y,SF,4,80,-,-,6.820,H,-,W,N,4,0,1,3,A,-,03,22350,,N,C,C,A,A,H,-,A,D,4,,,,,Y,,A,01,0,0,1,0,0,0,0,0,0,"- ","- ",37.484639999999999,-122.22286,"SAN FRANCISCO","SAN FRANCISCO",-122.37681123,37.7991964
6854099,2014,2015-03-23,3801,2014-06-05,1503,000845,BAYVI,4,5,7,3801,0,0,0,,0,4K4A,"BARNEVELD AV","JERROLD ST",398.00,S,N,A,-,N,,,,,,,,,,Y,1,1,1,2,A,-,03,22350,,N,A,E,A,A,H,-,A,A,0,,,,,Y,,A,01,1,0,0,0,0,0,0,0,0,"- ","- ",,,"SAN FRANCISCO","SAN FRANCISCO",-122.40286952,37.745267040000002
6854255,2014,2015-04-20,3801,2014-01-17,1519,1957,RICHM,5,5,7,3801,0,0,0,,0,4B7G,"BUSH ST","BRODERICK AV",62.00,W,N,A,-,N,,,,,,,,,,Y,1,1,0,2,A,-,07,21658,A,N,B,C,A,A,H,-,A,A,0,,,Y,,Y,,C,02,0,0,0,0,0,0,0,1,0,"- ","- ",,,"SAN FRANCISCO","SAN FRANCISCO",-122.44194193,37.78593317
6854259,2014,2016-01-12,3801,2014-02-05,0223,443,NORTH,3,5,7,3801,0,0,0,,0,4C1,"VAN NESS AV","GROVE ST",0.00,,Y,B,-,Y,SF,4,101,-,T,5.076,I,5,S,N,1,1,0,2,A,-,11,21453,D,N,G,B,B,A,H,-,C,A,0,Y,,,,Y,Y,N,60,0,0,0,1,0,0,0,0,0,"- ","- ",,,"SAN FRANCISCO","SAN FRANCISCO",-122.41997107,37.778267550000002
6854261,2014,2016-01-14,3801,2014-02-18,1714,868,,2,5,7,3801,0,0,0,,0,4B5G,"JOHN F KENNEDY DR","GOLDEN GATE EQUISTRIAN CENTER",230.00,W,N,A,-,N,,,,,,,,,,Y,1,1,0,2,A,-,03,22350,,N,E,I,A,A,H,-,A,D,0,,,Y,,Y,,C,02,0,0,0,0,0,0,0,1,0,"- ","- ",,,"SAN FRANCISCO","SAN FRANCISCO",-122.49482721,37.770197410000002
6854328,2014,2015-04-21,3801,2014-11-04,2350,578,TEMDE,2,5,7,3801,0,0,0,,0,5B1,"TURK ST","MASON ST",172.00,W,N,A,-,N,,,,,,,,,,N,1,1,0,1,C,-,18,,,N,E,J,A,A,H,-,C,D,0,,,,,Y,,-,"- ",0,0,0,0,0,0,0,0,0,"- ","- ",,,"SAN FRANCISCO","SAN FRANCISCO",-122.40969869,37.783339499999997
6854414,2014,2015-04-22,3801,2014-08-15,2237,01324,SOUTH,5,5,7,3801,0,0,0,,0,4C4,"MISSION ST","4TH ST",437.00,W,N,A,-,N,,,,,,,,,,N,1,1,0,2,A,-,11,21456,B,F,G,B,C,A,H,-,C,A,0,Y,,,,Y,,N,60,0,0,0,1,0,0,0,0,0,"- ","- ",,,"SAN FRANCISCO","SAN FRANCISCO",-122.40531562,37.783660210000001
6854742,2015,2015-07-20,9335,2015-06-06,0605,19631,,6,1,7,3801,0,1,1,,2,080,"RT 80","2ND ST",278.00,E,N,B,-,Y,SF,4,80,-,-,5.420,H,-,E,Y,1,1,0,1,A,-,08,22107,,N,E,I,A,A,H,-,B,D,1,,,,,Y,,A,01,0,0,0,0,0,0,0,0,0,"- ","- ",37.784390000000002,-122.39359,"SAN FRANCISCO","SAN FRANCISCO",-122.39212634,37.785228650000001
6854760,2015,2015-07-16,3801,2015-06-17,1800,1994,CENTR,3,5,7,3801,0,0,0,,0,4B4B,"KEARRY ST","CLAY ST",8.00,N,N,A,-,N,,,,,,,,,,Y,1,1,0,2,A,-,10,21950,A,N,A,B,B,A,H,-,A,A,0,Y,,,,Y,,D,22,0,0,0,1,0,0,0,0,0,"- ","- ",,,"SAN FRANCISCO","SAN FRANCISCO",-122.40478539,37.794471559999998
6856105,2015,2016-09-08,9335,2015-03-08,1510,20212,,7,2,7,3801,0,1,1,,2,024,"RT 280","BERRY ST",820.00,S,N,A,-,Y,SF,4,280,-,T,7.056,R,2,N,Y,3,0,1,2,A,-,07,21658,A,N,B,C,A,A,H,-,A,D,0,,,,,Y,,A,01,0,1,0,0,0,0,0,0,0,TO,"- ",37.769779999999997,-122.39764,"SAN FRANCISCO","SAN FRANCISCO",-122.3969185,37.768838860000002
6866867,2015,2015-09-01,3801,2015-02-11,1600,211,,3,5,7,3801,0,0,0,,0,,"FOLSOM ST","MAIN ST",0.00,,Y,A,-,N,,,,,,,,,,Y,2,0,1,2,A,-,05,21650,,N,G,B,E,A,H,-,A,D,0,Y,,,,Y,,A,01,1,0,0,0,1,0,0,0,0,"- ","- ",,,"SAN FRANCISCO","SAN FRANCISCO",-122.39185990999999,37.789399930000002
6866935,2014,2016-05-13,3801,2014-05-07,0753,1819,,3,5,7,3801,0,0,0,,0,4B6E,"VAN NESS AV","MARKET ST",90.00,N,N,A,-,Y,SF,4,101,-,T,4.880,H,-,N,Y,4,0,1,2,A,-,03,22350,,N,C,C,A,A,H,-,A,D,0,,,,,Y,,D,22,0,0,1,0,0,0,0,0,0,"- ","- ",,,"SAN FRANCISCO","SAN FRANCISCO",-122.41924935999999,37.775453749999997
6866947,2014,2015-08-17,3801,2014-05-28,0048,004326,,3,5,7,3801,0,0,0,,0,003,"ARGUELLO BL","EUCLID AV",0.00,,Y,A,-,N,,,,,,,,,,Y,4,0,1,1,A,-,07,21658,A,N,E,I,A,A,H,-,C,A,0,,,,,Y,,D,22,0,0,1,0,0,0,0,0,0,"- ","- ",,,"SAN FRANCISCO","SAN FRANCISCO",-122.45906988999999,37.783809910000002
6879925,2015,2016-09-08,9335,2015-03-28,1730,19086,,6,2,7,3801,0,1,1,,2,024,"RT 280","SAN BRUNO AV",500.00,N,N,A,-,Y,SF,4,280,-,R,3.975,R,3,N,Y,4,0,2,2,A,-,05,21651,A,M,E,A,A,A,H,-,A,D,1,,,,,Y,,-,99,0,0,2,0,0,0,0,0,0,TO,"- ",37.73265,-122.4132,"SAN FRANCISCO","SAN FRANCISCO",-122.41282429,37.732902260000003
6887291,2015,2016-12-17,9335,2015-04-10,1405,020281,,5,2,7,3801,0,1,2,,2,013,"RT 101","PAUL AV",500.00,N,N,A,-,Y,SF,4,101,-,-,1.350,H,-,S,Y,4,0,1,2,A,-,03,22350,,N,C,C,A,A,H,-,A,D,1,,,Y,,Y,,D,22,0,0,1,0,0,0,0,0,1,"- ","- ",37.433100000000003,-122.24701,"SAN FRANCISCO","SAN FRANCISCO",-122.40262856,37.726952990000001
6887449,2015,2016-11-03,9335,2015-04-10,0730,020991,,5,1,7,3801,0,1,1,,2,023,"RT 280","MISSION ST",40.00,S,N,A,-,Y,SF,4,280,-,R,3.110,H,-,N,Y,4,0,1,1,A,-,03,22350,,N,F,A,A,A,H,-,A,D,1,,,Y,,Y,,C,02,0,0,1,0,0,0,0,0,1,"- ","- ",37.731850000000001,-122.42845,"SAN FRANCISCO","SAN FRANCISCO",-122.42826903,37.731859530000001
6887499,2015,2016-12-17,9335,2015-04-16,0836,020068,,4,1,7,3801,0,1,2,,2,014,"RT 101","23RD ST",65.00,N,N,A,-,Y,SF,4,101,-,-,3.360,H,-,S,Y,3,0,1,2,A,-,03,22350,,N,C,C,A,A,H,-,A,D,1,,,,,Y,,A,01,0,1,0,0,0,0,0,0,0,"- ","- ",37.451799999999999,-122.2411,"SAN FRANCISCO","SAN FRANCISCO",-122.40313380000001,37.754426649999999
6887503,2015,2016-12-17,9335,2015-04-16,0750,020068,,4,1,7,3801,0,1,2,,2,014,"RT 101","23RD ST",25.00,S,N,A,-,Y,SF,4,101,-,-,3.360,H,-,S,Y,4,0,1,2,A,-,03,22350,,N,C,C,A,A,H,-,A,D,1,,,,,Y,,A,01,0,0,1,0,0,0,0,0,0,"- ","- ",37.451500000000003,-122.241,"SAN FRANCISCO","SAN FRANCISCO",-122.40313380000001,37.754426649999999
6887555,2015,2016-11-03,9335,2015-04-13,2020,19542,,1,2,7,3801,0,1,2,,2,015,"RT 101","FOLSOM ST",100.00,N,N,A,-,Y,SF,4,101,-,R,5.000,H,-,S,Y,4,0,2,1,C,-,18,,,N,E,J,A,A,H,-,C,D,1,,,,,Y,,-,"- ",0,0,2,0,0,0,0,0,0,"- ","- ",37.769559999999998,-122.4164,"SAN FRANCISCO","SAN FRANCISCO",-122.41617082,37.769561230000001
6891539,2015,2016-11-03,9335,2015-04-15,2250,015263,,3,3,7,3801,0,1,1,,2,023,"RT 280","BADEN ST",700.00,S,N,B,-,Y,SF,4,280,-,R,2.330,H,-,N,Y,4,0,1,2,A,-,01,23152,A,N,B,C,A,A,H,-,D,D,1,,,,,Y,Y,A,07,0,0,1,0,0,0,0,0,0,"- ","- ",37.729019999999998,-122.44155000000001,"SAN FRANCISCO","SAN FRANCISCO",-122.44154818,37.729130920000003
6895113,2015,2016-12-17,9335,2015-04-22,2045,020991,,3,2,7,3801,0,1,1,,1,083,"RT 80","TREASURE ISLAND",528.00,W,N,A,-,Y,SF,4,80,-,-,7.580,H,-,E,Y,4,0,3,3,A,-,04,21703,,N,C,C,A,A,H,-,C,D,4,,,Y,,Y,,A,01,0,0,3,0,0,0,0,0,1,"- ","- ",,,"SAN FRANCISCO","SAN FRANCISCO",-122.36844072,37.806887019999998
6897244,2015,2016-11-03,9335,2015-04-24,2014,20888,,5,2,7,3801,0,1,2,,2,015,"RT 101","FOLSOM ST",200.00,S,N,B,C,Y,SF,4,101,-,R,4.930,H,-,N,Y,4,0,2,3,A,-,03,22350,,N,C,C,A,B,H,-,B,D,1,,,,,Y,,A,01,0,0,2,0,0,0,0,0,0,"- ","- ",37.769629999999999,-122.41482999999999,"SAN FRANCISCO","SAN FRANCISCO",-122.41469413,37.769635749999999
6905616,2015,2015-05-15,3801,2015-04-18,2228,1939,,6,5,7,3801,0,0,0,,0,4B8F,"PINE ST","LARKIN ST",63.00,W,N,A,-,N,,,,,,,,,,Y,1,1,0,2,A,-,11,21954,A,N,G,B,D,A,H,-,C,D,0,Y,,,,Y,,N,60,0,0,0,1,0,0,0,0,0,"- ","- ",,,"SAN FRANCISCO","SAN FRANCISCO",-122.4190758,37.789805000000001
6907278,2015,2016-12-17,9335,2015-04-23,1740,018688,,4,2,7,3801,0,1,1,,2,080,"RT 80","STERLING ST",2640.00,W,N,B,-,Y,SF,4,80,-,-,4.990,H,-,E,N,4,0,3,2,A,-,03,22350,,N,C,C,A,A,H,-,A,D,1,,,,,Y,,A,01,0,0,3,0,0,0,0,0,0,"- ","- ",,,"SAN FRANCISCO","SAN FRANCISCO",-122.39698678000001,37.781512880000001
6918962,2015,2015-11-14,3801,2015-10-07,1835,00144,CENTR,3,5,7,3801,0,0,0,,0,3A4E,"BATTERY ST","UNION ST",0.00,,Y,A,-,N,,,,,,,,,,Y,4,0,1,3,A,-,12,22450,A,N,D,C,A,A,H,-,C,A,0,,,,,Y,,A,01,0,0,1,0,0,0,0,0,0,"- ","- ",,,"SAN FRANCISCO","SAN FRANCISCO",-122.40159989,37.801409999999997
6918988,2015,2015-11-14,3801,2015-10-01,1608,2450,MISSI,4,5,7,3801,0,0,0,,0,3D45C,"HARRISON ST","14TH ST",6.00,S,N,A,-,N,,,,,,,,,,N,4,0,1,2,A,-,10,21950,A,N,G,B,B,A,H,-,A,D,0,Y,,,,Y,,A,01,0,0,1,0,1,0,0,0,0,"- ","- ",,,"SAN FRANCISCO","SAN FRANCISCO",-122.41343909,37.768643529999999
6918989,2015,2015-11-14,3801,2015-10-13,0745,1053,TARAV,2,5,7,3801,0,0,0,,0,3I16A,"PLYMOUTH AV","LOBOS ST",0.00,,Y,A,-,N,,,,,,,,,,Y,4,0,1,2,A,-,03,22350,,F,C,C,A,A,H,-,A,A,0,,,,,Y,,A,01,0,0,1,0,0,0,0,0,0,"- ","- ",,,"SAN FRANCISCO","SAN FRANCISCO",-122.45610997999999,37.714899969999998
6918995,2015,2015-11-14,3801,2015-10-04,1055,1177,CENTR,7,5,7,3801,0,0,0,,0,3A11A,"LEAVENWORTH ST","GEARY ST",0.00,,Y,A,-,N,,,,,,,,,,Y,4,0,2,2,A,-,12,21453,A,N,D,C,A,A,H,-,A,A,0,,,,,Y,,A,07,0,0,2,0,0,0,0,0,0,"- ","- ",,,"SAN FRANCISCO","SAN FRANCISCO",-122.41479993999999,37.78653997
6918997,2015,2015-11-14,3801,2015-10-02,1515,1547,INGLE,5,5,7,3801,0,0,0,,0,3H46,"ALEMANY BL","ONONDAGA ST",117.00,N,N,A,-,N,,,,,,,,,,N,4,0,2,2,A,-,03,22350,,N,B,C,A,A,D,-,A,D,0,,,Y,,Y,,C,02,0,0,2,0,0,0,0,0,2,"- ","- ",,,"SAN FRANCISCO","SAN FRANCISCO",-122.43853591,37.721940150000002
6921653,2015,2016-12-17,9335,2015-05-11,1655,018379,,1,2,7,3801,0,1,1,,2,080,"RT 80","2ND ST",2.00,E,N,A,-,Y,SF,4,80,-,-,5.350,H,-,W,Y,4,0,1,2,A,-,03,22350,,N,C,C,A,A,H,-,A,D,1,,,Y,,Y,,C,02,0,0,1,0,0,0,0,0,1,"- ","- ",,,"SAN FRANCISCO","SAN FRANCISCO",-122.39316257999999,37.784727570000001
6924031,2015,2016-12-17,9335,2015-05-18,0755,19521,,1,1,7,3801,0,1,2,,2,013,"RT 101","CESAR CHAVEZ ST",400.00,S,N,B,-,Y,SF,4,101,-,-,2.840,H,-,S,N,4,0,1,2,A,-,03,22350,,N,C,C,A,A,H,-,A,D,1,,,,,Y,,D,22,0,0,1,0,0,0,0,0,0,"- ","- ",37.443370000000002,-122.24251,"SAN FRANCISCO","SAN FRANCISCO",-122.40455982,37.74705822
6924140,2015,2016-12-17,9335,2015-05-14,1515,19175,,4,2,7,3801,0,1,1,,1,083,"RT 80","TREASURE ISL",850.00,W,N,B,-,Y,SF,4,80,-,-,7.520,H,-,E,N,4,0,3,2,A,-,03,22350,,N,C,C,A,A,H,-,A,D,4,,,,,Y,,D,22,0,0,3,0,0,0,0,0,0,"- ","- ",37.67127,-122.09365,"SAN FRANCISCO","SAN FRANCISCO",-122.36910159999999,37.806283120000003
6934096,2015,2016-12-17,9335,2015-05-16,2129,020888,,6,2,7,3801,0,1,1,,1,081,"RT 80","3RD ST",55.00,W,N,A,-,Y,SF,4,80,-,-,5.030,H,-,W,Y,4,0,1,2,A,-,03,22350,,N,C,C,A,A,H,-,C,D,1,,,,,Y,,A,01,0,0,1,0,0,0,0,0,0,"- ","- ",,,"SAN FRANCISCO","SAN FRANCISCO",-122.39694389,37.782014169999997
6935786,2015,2016-11-03,9350,2015-05-17,0718,020955,,7,1,7,3801,0,1,2,,2,020,"RT 101","GOLDEN GATE TOLL PLAZA",19.00,N,N,B,-,Y,SF,4,101,-,-,9.870,H,-,S,N,4,0,1,1,A,-,08,22107,,N,E,I,A,A,H,-,A,D,1,,,,,Y,,I,10,0,0,1,0,0,0,0,0,0,"- ","- ",37.807310000000001,-122.47580000000001,"SAN FRANCISCO","SAN FRANCISCO",-122.47570281,37.807140619999998
6938299,2015,2015-09-19,3801,2015-08-29,2149,4042,INGLE,6,5,7,3801,0,0,0,,0,3H1,"MISSION ST","VALENCIA ST",100.00,S,-,A,-,N,,,,,,,,,,N,4,0,1,2,A,-,04,21703,,N,C,C,A,A,H,-,C,A,0,,,,,Y,,A,01,0,0,1,0,0,0,0,0,0,"- ","- ",,,"SAN FRANCISCO","SAN FRANCISCO",-122.4200384,37.745350039999998
6938884,2015,2016-11-03,9335,2015-05-16,1850,19510,,6,2,7,3801,0,1,1,,2,023,"RT 280","STONEYBROOK AV",1450.00,S,N,B,-,Y,SF,4,280,-,R,3.760,H,-,N,N,4,0,1,1,A,-,08,22107,,N,E,J,A,A,H,-,A,D,1,,,,,Y,,A,01,0,0,1,0,0,0,0,0,0,FR,"- ",37.435420000000001,-122.25006,"SAN FRANCISCO","SAN FRANCISCO",-122.41647494,37.731869109999998
6942913,2015,2016-12-17,9335,2015-05-22,1405,18688,,5,2,7,3801,0,1,1,,2,080,"RT 80","RT 101",300.00,E,N,B,-,Y,SF,4,80,-,L,3.850,H,-,W,N,4,0,1,3,A,-,03,22350,,F,B,C,A,A,H,-,A,D,1,,,,,Y,,A,01,0,0,1,0,0,0,0,0,0,"- ","- ",37.46152,-122.24216,"SAN FRANCISCO","SAN FRANCISCO",-122.40958259,37.769246969999998
6942949,2015,2016-11-03,9335,2015-05-01,1726,15209,,5,2,7,3801,0,1,1,,2,022,"RT 280","WHIPPLE AV",550.00,N,N,A,-,Y,SF,4,280,-,R,1.170,H,-,S,Y,4,0,1,2,A,-,07,21658,A,N,F,A,A,A,H,-,A,D,1,,,Y,,Y,,A,01,0,0,1,0,0,0,0,0,1,"- ","- ",,,"SAN FRANCISCO","SAN FRANCISCO",-122.45090058,37.714542559999998
6960304,2015,2016-12-17,9335,2015-06-04,0530,19175,,4,3,7,3801,0,1,1,,1,081,"RT 80","TREASURE ISL",100.00,W,N,A,-,Y,SF,4,80,-,-,7.650,H,-,W,N,4,0,1,3,A,-,03,22350,,N,C,C,A,A,H,-,A,D,4,,,,,Y,,A,01,0,0,1,0,0,0,0,0,0,"- ","- ",37.816360000000003,-122.55132,"SAN FRANCISCO","SAN FRANCISCO",-122.36767505,37.807594399999999
6968778,2015,2016-12-17,9335,2015-06-14,0915,020212,,7,1,7,3801,0,1,2,,2,012,"RT 101","ALANNA WY",2112.00,S,N,A,-,Y,SM,4,101,-,-,25.704,R,4,N,Y,4,0,2,2,A,-,05,21651,B,N,A,C,A,A,H,-,A,D,1,,,,,Y,,M,47,0,0,2,0,0,0,0,0,0,TO,"- ",37.703400000000002,-122.3934,"SAN FRANCISCO","SAN FRANCISCO",-122.3933407,37.701721229999997
6970860,2014,2015-08-11,3801,2014-07-21,0815,94,,1,5,7,3801,0,0,0,,0,,"GEARY ST","STEINER ST",0.00,,Y,B,F,N,,,,,,,,,,Y,4,0,1,2,A,-,12,21453,A,N,D,C,A,B,H,-,A,A,0,,,,,Y,,A,01,0,0,1,0,0,0,0,0,0,"- ","- ",,,"SAN FRANCISCO","SAN FRANCISCO",-122.4345799,37.784319949999997
6970883,2014,2015-08-11,3801,2014-07-27,0930,2287,,7,5,7,3801,0,0,0,,0,3J62,"THE EMBARCADERO","CHESTNUT ST",0.00,,Y,A,-,N,,,,,,,,,,N,3,0,1,2,A,-,03,22350,,F,G,B,E,A,H,-,A,D,0,Y,,,,Y,,I,11,0,1,0,0,1,0,0,0,0,"- ","- ",,,"SAN FRANCISCO","SAN FRANCISCO",-122.40348985999999,37.805089979999998
6970910,2014,2015-08-11,3801,2014-07-15,1358,A07030,INGLE,2,5,7,3801,0,0,0,,0,3H66,"OCEAN AV","HOWTH ST",0.00,,Y,B,-,N,,,,,,,,,,N,3,0,1,2,A,-,12,21453,A,N,D,G,A,A,H,-,A,A,0,,Y,,,Y,,L,04,0,1,0,0,0,0,1,0,0,"- ","- ",,,"SAN FRANCISCO","SAN FRANCISCO",-122.44957991,37.722959979999999
6970918,2014,2015-08-11,3801,2014-07-17,0842,01857,MISSI,4,5,7,3801,0,0,0,,0,3D15A,"DOLORES ST","25TH ST",0.00,,Y,B,-,N,,,,,,,,,,N,2,0,1,2,A,-,10,21950,A,N,G,B,B,A,H,-,A,A,0,Y,,,,Y,,D,22,1,0,0,0,1,0,0,0,0,"- ","- ",,,"SAN FRANCISCO","SAN FRANCISCO",-122.42506997,37.750239989999997
6970942,2014,2016-05-18,3801,2014-07-26,2052,02137,TARAV,6,5,7,3801,0,0,0,,0,005,"SLOAT BL","39TH AV",0.00,,Y,A,-,Y,SF,4,35,-,-,1.990,I,5,N,Y,4,0,2,2,A,-,12,22450,A,N,A,C,A,A,H,-,C,D,0,,,,,Y,,A,07,0,0,2,0,0,0,0,0,0,"- ","- ",,,"SAN FRANCISCO","SAN FRANCISCO",-122.49632165,37.733612379999997
6970945,2014,2015-08-11,3801,2014-07-14,1200,01542,TENDE,1,5,7,3801,0,0,0,,0,3J12D,"HYDE ST","OFARRELL ST",30.00,N,N,A,-,N,,,,,,,,,,N,3,0,1,2,A,-,06,21750,,F,B,G,A,A,H,-,A,A,0,,Y,,,Y,,D,22,0,1,0,0,0,0,1,0,0,"- ","- ",,,"SAN FRANCISCO","SAN FRANCISCO",-122.41627662,37.785471350000002
6974657,2015,2016-12-17,9335,2015-06-17,2220,020991,,3,3,7,3801,0,1,2,,2,013,"RT 101 N/B TO RT 280","BACON ST",450.00,N,N,A,-,Y,SF,4,101,-,-,1.443,R,1,N,Y,4,0,1,3,A,-,03,22350,,N,C,C,A,A,D,-,C,A,1,,,,,Y,Y,A,01,0,0,1,0,0,0,0,0,0,"- ","- ",37.725299999999997,-122.40169,"SAN FRANCISCO","SAN FRANCISCO",-122.40283721999999,37.728330990000003
6978083,2015,2016-12-17,9335,2015-06-29,1000,019521,,1,1,7,3801,0,1,1,,1,081,"RT 80","YERBA BUENA ISLAND",800.00,E,N,A,-,Y,SF,4,80,-,R,7.970,H,-,W,N,4,0,3,2,A,-,03,22350,,N,C,C,A,A,H,-,A,D,4,,,,,Y,,A,07,0,0,3,0,0,0,0,0,0,"- ","- ",37.491140000000001,-122.20434,"SAN FRANCISCO","SAN FRANCISCO",-122.36387009000001,37.811560360000001
6978147,2015,2016-12-17,9335,2015-06-27,1630,020108,,6,2,7,3801,0,1,1,,1,081,"RT 80","HARRISON ST",200.00,E,N,A,-,Y,SF,4,80,-,-,5.550,H,-,W,N,4,0,5,3,A,-,03,22350,,N,C,C,A,A,H,-,A,D,4,,,,,Y,,A,01,0,0,5,0,0,0,0,0,0,"- ","- ",,,"SAN FRANCISCO","SAN FRANCISCO",-122.39052900999999,37.786206460000002
6979952,2015,2016-11-03,9335,2015-06-30,2120,020311,,2,2,7,3801,0,1,1,,2,022,"RT 280","GENEVA AV",2000.00,S,N,A,-,Y,SF,4,280,-,R,1.270,H,-,N,N,4,0,1,2,A,-,07,21658,A,F,B,C,A,A,H,-,C,D,1,,,,,Y,,-,99,0,0,1,0,0,0,0,0,0,"- ","- ",37.425980000000003,-122.26553,"SAN FRANCISCO","SAN FRANCISCO",-122.44941745,37.715749410000001
6987037,2014,2015-08-04,3801,2014-05-03,1607,01994,PARK,6,5,7,3801,0,0,0,,0,4J8E,"FELL ST",MASONIC,114.00,W,N,A,-,N,,,,,,,,,,Y,4,0,1,3,A,-,03,22350,,N,C,C,A,A,H,-,A,A,0,,,,,Y,Y,A,01,0,0,1,0,0,0,0,0,0,"- ","- ",,,"SAN FRANCISCO","SAN FRANCISCO",-122.44631103,37.772938289999999
6991696,2015,2016-12-20,9335,2015-07-06,2240,18845,,1,3,7,3801,0,1,2,,2,015,"RT 101","DIVISION ST",74.00,S,N,A,-,Y,SF,4,101,-,R,4.538,R,2,S,Y,3,0,1,1,A,-,08,22107,,N,E,I,A,A,H,-,C,A,1,,,,,Y,,A,01,0,1,0,0,0,0,0,0,0,TO,"- ",37.769979999999997,-122.40539,"SAN FRANCISCO","SAN FRANCISCO",-122.40910728999999,37.769019610000001
6997285,2014,2015-08-03,3801,2014-09-01,2024,004261,MISSI,1,5,7,3801,0,0,0,,0,3D13D,"SOUTH VAN NESS","23RD ST",0.00,,Y,A,-,N,,,,,,,,,,N,4,0,1,2,A,-,21,22106,,F,D,G,A,A,H,-,C,A,0,,Y,,,Y,,A,01,0,0,1,0,0,0,1,0,0,"- ","- ",,,"SAN FRANCISCO","SAN FRANCISCO",-122.41643992,37.753959969999997
6997292,2014,2015-08-10,3801,2014-09-13,1412,1498,TARAV,6,5,7,3801,0,0,0,,0,3116B,"19TH AV","SLOAT BL",166.00,N,N,A,-,N,,,,,,,,,,Y,4,0,1,2,A,-,03,22350,,N,C,C,A,A,H,-,A,A,0,,,,,Y,,A,01,0,0,1,0,0,0,0,0,0,"- ","- ",,,"SAN FRANCISCO","SAN FRANCISCO",-122.47516177,37.735175329999997
6997293,2014,2015-08-03,3801,2014-09-09,1720,4253,901,2,5,7,3801,0,0,0,,0,MISSIO,"14TH ST","SHOTWELL ST",50.00,E,N,A,-,N,,,,,,,,,,N,2,0,1,2,A,-,17,22517,,N,H,G,A,A,H,-,A,D,0,,Y,,,Y,,A,01,1,0,0,0,0,0,1,0,0,"- ","- ",,,"SAN FRANCISCO","SAN FRANCISCO",-122.41653737,37.768489420000002
6997302,2014,2015-08-03,3801,2014-09-07,0904,1944,INGLE,7,5,7,3801,0,0,0,,0,001,"ALEMANY BL","PUTNAM ST",0.00,,Y,B,-,N,,,,,,,,,,Y,3,0,2,2,A,-,08,22107,,N,D,C,A,B,H,-,A,A,0,,,,,Y,,A,07,0,1,1,0,0,0,0,0,0,"- ","- ",,,"SAN FRANCISCO","SAN FRANCISCO",-122.41083997,37.734829949999998
6914888,2015,2016-11-03,9335,2015-05-05,1535,019202,,2,2,7,3801,0,1,1,,2,022,"RT 280","HAVELOCK ST",180.00,N,N,B,-,Y,SF,4,280,-,R,2.080,H,-,S,N,4,0,1,3,A,-,07,21658,A,N,B,C,A,A,H,-,A,D,1,,,,,Y,,A,01,0,0,1,0,0,0,0,0,0,"- ","- ",,,"SAN FRANCISCO","SAN FRANCISCO",-122.44530225,37.727031459999999