CASE_ID,ACCIDENT_YEAR,PROC_DATE,JURIS,COLLISION_DATE,COLLISION_TIME,OFFICER_ID,REPORTING_DISTRICT,DAY_OF_WEEK,CHP_SHIFT,POPULATION,CNTY_CITY_LOC,SPECIAL_COND,BEAT_TYPE,CHP_BEAT_TYPE,CITY_DIVISION_LAPD,CHP_BEAT_CLASS,BEAT_NUMBER,PRIMARY_RD,SECONDARY_RD,DISTANCE,DIRECTION,INTERSECTION,WEATHER_1,WEATHER_2,STATE_HWY_IND,CALTRANS_COUNTY,CALTRANS_DISTRICT,STATE_ROUTE,ROUTE_SUFFIX,POSTMILE_PREFIX,POSTMILE,LOCATION_TYPE,RAMP_INTERSECTION,SIDE_OF_HWY,TOW_AWAY,COLLISION_SEVERITY,NUMBER_KILLED,NUMBER_INJURED,PARTY_COUNT,PRIMARY_COLL_FACTOR,PCF_CODE_OF_VIOL,PCF_VIOL_CATEGORY,PCF_VIOLATION,PCF_VIOL_SUBSECTION,HIT_AND_RUN,TYPE_OF_COLLISION,MVIW,PED_ACTION,ROAD_SURFACE,ROAD_COND_1,ROAD_COND_2,LIGHTING,CONTROL_DEVICE,CHP_ROAD_TYPE,PEDESTRIAN_ACCIDENT,BICYCLE_ACCIDENT,MOTORCYCLE_ACCIDENT,TRUCK_ACCIDENT,NOT_PRIVATE_PROPERTY,ALCOHOL_INVOLVED,STWD_VEHTYPE_AT_FAULT,CHP_VEHTYPE_AT_FAULT,COUNT_SEVERE_INJ,COUNT_VISIBLE_INJ,COUNT_COMPLAINT_PAIN,COUNT_PED_KILLED,COUNT_PED_INJURED,COUNT_BICYCLIST_KILLED,COUNT_BICYCLIST_INJURED,COUNT_MC_KILLED,COUNT_MC_INJURED,PRIMARY_RAMP,SECONDARY_RAMP,LATITUDE,LONGITUDE,COUNTY,CITY,POINT_X,POINT_Y
7015081,2014,2015-08-24,3801,2014-06-27,1821,1562,INGLE,5,5,7,3801,0,0,0,,0,3H15D,"GENEVA AV","LONDON ST",0.00,,Y,F,-,N,,,,,,,,,,N,3,0,1,2,A,-,10,21950,A,N,G,B,B,A,H,-,A,-,0,Y,,,,Y,,A,01,0,1,0,0,1,0,0,0,0,"- ","- ",,,"SAN FRANCISCO","SAN FRANCISCO",-122.44023998,37.716049990000002
7015094,2014,2015-08-12,3801,2014-06-16,1855,004358,BAYVI,1,5,7,3801,0,0,0,,0,3C12D,"OAKDALE AV","BAYSHORE BL",0.00,,Y,A,-,N,,,,,,,,,,N,4,0,1,2,A,-,11,21453,D,N,G,B,B,A,H,-,A,A,0,Y,,,,Y,,N,60,0,0,1,0,1,0,0,0,0,"- ","- ",,,"SAN FRANCISCO","SAN FRANCISCO",-122.40521993999999,37.743039879999998
7015109,2014,2015-08-12,3801,2014-06-30,0925,2482,TARAV,1,5,7,3801,0,0,0,,0,3116A,"JUDAH ST","12TH AV",0.00,,Y,A,-,N,,,,,,,,,,Y,3,0,1,2,A,-,09,21802,A,N,D,C,A,A,H,-,A,A,0,,,,,Y,,A,01,0,1,0,0,0,0,0,0,0,"- ","- ",,,"SAN FRANCISCO","SAN FRANCISCO",-122.46940992,37.762089889999999
7015120,2014,2015-08-17,3801,2014-06-27,2230,001657,SOUTH,5,5,7,3801,0,0,0,,0,3B12E,"EMBARCADERO NORTH ST","MISSION ST",30.00,S,N,A,-,N,,,,,,,,,,N,4,0,1,2,A,-,03,22350,,F,C,C,A,A,H,-,C,A,0,,,,,Y,,-,,0,0,1,0,0,0,0,0,0,"- ","- ",,,"SAN FRANCISCO","SAN FRANCISCO",-122.39239096999999,37.793787399999999
7015131,2014,2015-08-12,3801,2014-10-15,1425,1498,TARAV,3,5,7,3801,0,0,0,,0,312B,"20TH AV","NORIEGA ST",0.00,,Y,B,-,N,,,,,,,,,,N,3,0,1,2,A,-,11,21954,A,N,G,B,D,A,H,-,A,A,0,Y,,,,Y,,N,60,0,1,0,0,1,0,0,0,0,"- ","- ",,,"SAN FRANCISCO","SAN FRANCISCO",-122.47756986,37.754169920000002
7015132,2014,2015-08-12,3801,2014-10-11,2011,931,RICHM,6,5,7,3801,0,0,0,,0,4CAR,"GEARY BL","17TH AV",0.00,,Y,A,-,N,,,,,,,,,,N,4,0,1,2,A,-,08,22107,,N,D,G,A,A,H,-,C,D,0,,Y,,,Y,,A,01,0,0,1,0,0,0,1,0,0,"- ","- ",,,"SAN FRANCISCO","SAN FRANCISCO",-122.47617,37.780529960000003
7015133,2014,2015-08-12,3801,2014-10-19,0845,723,CENTR,7,5,7,3801,0,0,0,,0,519,"POST ST","HYDE ST",0.00,,Y,A,-,N,,,,,,,,,,N,4,0,1,2,A,-,10,21950,A,N,G,B,B,A,H,-,A,A,0,Y,,,,Y,,A,01,0,0,1,0,1,0,0,0,0,"- ","- ",,,"SAN FRANCISCO","SAN FRANCISCO",-122.41661992,37.787249940000002
7015134,2014,2015-09-02,3801,2014-10-22,1040,1764,F,3,5,7,3801,0,0,0,,0,3F14A,SCOTT,FULTON,0.00,,Y,A,-,N,,,,,,,,,,N,4,0,1,3,A,-,21,22106,,N,B,C,A,A,H,-,A,D,0,,,,,Y,,-,,0,0,1,0,0,0,0,0,0,"- ","- ",,,"SAN FRANCISCO","SAN FRANCISCO",-122.43650999,37.777069910000002
7015138,2014,2015-08-12,3801,2014-10-22,1140,1043,INGLE,3,5,7,3801,0,0,0,,0,4K6H,"OCEAN AV","RT 280",0.00,,Y,A,-,Y,,,,,,,,,,Y,4,0,1,2,A,-,09,21801,B,N,D,C,A,A,H,-,A,A,0,,,,,Y,,A,01,0,0,1,0,0,0,0,0,0,"- ",NO,,,"SAN FRANCISCO","SAN FRANCISCO",-122.44788988000001,37.722969970000001
7015141,2014,2015-08-12,3801,2014-10-19,1455,000868,RICHM,7,5,7,3801,0,0,0,,0,4K8G,"CLEMENT ST","34TH AV",38.00,E,N,B,-,N,,,,,,,,,,N,3,0,1,2,A,-,12,22450,A,N,A,G,A,A,H,-,A,A,0,,Y,,,Y,,L,04,0,1,0,0,0,0,1,0,0,"- ","- ",,,"SAN FRANCISCO","SAN FRANCISCO",-122.49436862,37.781574910000003
7015147,2014,2015-08-12,3801,2014-10-15,2200,4063,SOUTH,3,5,7,3801,0,0,0,,0,,"4TH ST",BRANNAN,0.00,,Y,A,-,N,,,,,,,,,,N,4,0,1,2,A,-,12,21453,A,N,D,G,A,A,H,-,C,A,0,,Y,,,Y,,L,04,0,0,1,0,0,0,1,0,0,"- ","- ",,,"SAN FRANCISCO","SAN FRANCISCO",-122.39653988000001,37.778329929999998
7015148,2014,2015-08-12,3801,2014-10-12,1126,529,MISSI,7,5,7,3801,0,0,0,,0,3D16D,"13TH ST","S VAN NESS AV",0.00,,Y,A,-,N,,,,,,,,,,N,4,0,2,3,A,-,03,22350,,N,C,C,A,A,H,-,A,A,0,,,,,Y,,A,01,0,0,2,0,0,0,0,0,0,"- ","- ",,,"SAN FRANCISCO","SAN FRANCISCO",-122.41776996,37.769719979999998
7015154,2014,2015-08-12,3801,2014-10-23,0530,002179,CENTR,4,5,7,3801,0,0,0,,0,4K5A,"EMBARCADERO NORTH ST","KEARNY ST",22.00,S,N,A,-,N,,,,,,,,,,N,2,0,1,2,A,-,11,21955,,N,G,B,D,A,H,-,C,A,0,Y,,,,Y,,N,60,1,0,0,0,1,0,0,0,0,"- ","- ",,,"SAN FRANCISCO","SAN FRANCISCO",-122.40720123,37.807361100000001
7015161,2014,2015-08-12,3801,2014-10-20,0606,1882,RICHM,1,5,7,3801,0,0,0,,0,3G60,"GEARY BL","10TH AV",0.00,,Y,A,-,N,,,,,,,,,,Y,2,0,1,2,A,-,10,21950,A,N,G,B,B,A,H,-,C,A,0,Y,,,,Y,,A,01,1,0,0,0,1,0,0,0,0,"- ","- ",,,"SAN FRANCISCO","SAN FRANCISCO",-122.46857991,37.780889909999999
7015168,2014,2015-08-12,3801,2014-10-14,2112,004330,MISSI,2,5,7,3801,0,0,0,,0,3D11D,"GUERRERO ST","14TH ST",29.00,N,N,A,-,N,,,,,,,,,,N,2,0,1,2,A,-,11,21453,D,N,D,B,E,A,H,-,C,A,0,Y,,,,Y,,N,60,1,0,0,0,1,0,0,0,0,"- ","- ",,,"SAN FRANCISCO","SAN FRANCISCO",-122.42441769,37.768099429999999
7015170,2014,2015-08-19,3801,2014-10-23,2100,1871,BAYVI,4,5,7,3801,0,0,0,,0,3C62,"16TH ST","BRYANT ST",0.00,,Y,A,-,N,,,,,,,,,,N,3,0,1,2,A,-,09,21801,A,N,H,C,A,A,H,-,C,-,0,,,,,Y,,A,01,0,1,0,0,0,0,0,0,0,"- ","- ",,,"SAN FRANCISCO","SAN FRANCISCO",-122.41051998,37.765589970000001
7015177,2014,2015-08-12,3801,2014-10-21,0751,518,TARAV,2,5,7,3801,0,0,0,,0,4K51,"NORIEGA ST","44TH AV",0.00,,Y,A,-,N,,,,,,,,,,N,3,0,1,2,A,-,12,22450,A,M,D,G,A,A,H,-,A,D,0,,Y,,,Y,,A,01,0,1,0,0,0,0,1,0,0,"- ","- ",,,"SAN FRANCISCO","SAN FRANCISCO",-122.50325995,37.753039970000003
7015178,2014,2015-08-11,3801,2014-10-24,0743,813,PARK,5,5,7,3801,0,0,0,,0,3F2A,"ROOSEVELT WY","17TH ST",22.00,N,N,A,-,N,,,,,,,,,,N,4,0,1,2,A,-,05,21650,1,N,D,G,A,A,H,-,A,A,0,,Y,,,Y,,L,04,0,0,1,0,0,0,1,0,0,"- ","- ",,,"SAN FRANCISCO","SAN FRANCISCO",-122.44527042999999,37.761925660000003
7015204,2014,2015-08-13,3801,2014-10-17,2340,2046,NORTH,5,5,7,3801,0,0,0,,0,3E14D,"JACKSON ST","LAGUNA ST",0.00,,Y,A,-,N,,,,,,,,,,Y,4,0,1,2,A,-,09,21800,A,N,D,C,A,A,H,-,C,A,0,,,,,Y,,A,01,0,0,1,0,0,0,0,0,0,"- ","- ",,,"SAN FRANCISCO","SAN FRANCISCO",-122.42959992,37.79309997
7015209,2014,2015-08-13,3801,2014-10-07,0755,1584,SOUTH,2,5,7,3801,0,0,0,,0,4K2A,"HARRISON ST","SHERMAN ST",0.00,,Y,A,-,N,,,,,,,,,,N,4,0,1,2,A,-,12,22450,A,N,G,B,B,A,H,-,A,A,0,Y,,,,Y,,-,,0,0,1,0,1,0,0,0,0,"- ","- ",,,"SAN FRANCISCO","SAN FRANCISCO",-122.40546999,37.776199939999998
7015212,2014,2015-08-11,3801,2014-10-19,1829,837,TENDE,7,5,7,3801,0,0,0,,0,3J11D,"MASON ST","TURK ST",8.00,N,N,A,-,N,,,,,,,,,,N,4,0,2,3,A,-,12,21453,A,F,G,B,B,A,H,-,B,A,0,Y,,,,Y,,A,01,0,0,2,0,2,0,0,0,0,"- ","- ",,,"SAN FRANCISCO","SAN FRANCISCO",-122.40911425,37.783431720000003
7015215,2014,2015-08-11,3801,2014-10-26,1645,1666,PARK,7,5,7,3801,0,0,0,,0,3CAR,"STANYAN ST","HAYES ST",0.00,,Y,A,-,N,,,,,,,,,,Y,2,0,1,2,A,-,03,22350,,N,D,C,A,A,H,-,A,A,0,,,Y,,Y,,C,02,1,0,0,0,0,0,0,0,1,"- ","- ",,,"SAN FRANCISCO","SAN FRANCISCO",-122.45429992,37.772869900000003
7015222,2014,2015-08-13,3801,2014-10-04,0205,002239,CENTR,6,5,7,3801,0,0,0,,0,3A11E,"EMBARCADERO SOUTH ST","WASHINGTON ST",50.00,N,N,A,-,N,,,,,,,,,,N,4,0,1,2,D,-,00,,,F,C,C,A,A,H,-,C,A,0,,,,,Y,,-,"- ",0,0,1,0,0,0,0,0,0,"- ","- ",,,"SAN FRANCISCO","SAN FRANCISCO",-122.39567399000001,37.796757530000001
7015225,2014,2015-08-12,3801,2014-10-08,1550,1666,PARK,3,5,7,3801,0,0,0,,0,3F13D,"MASONIC AV","HAYES ST",23.00,N,N,A,-,N,,,,,,,,,,N,3,0,1,2,A,-,04,21703,,N,C,C,A,A,H,-,A,A,0,,,,,Y,,A,01,0,1,0,0,0,0,0,0,0,"- ","- ",,,"SAN FRANCISCO","SAN FRANCISCO",-122.44612248,37.774002400000001
7015241,2014,2015-08-13,3801,2014-10-09,1619,004341,SOUTH,4,5,7,3801,0,0,0,,0,3B11D,"EMBARCADERO ST","FERRY BUILDING",100.00,W,N,A,-,N,,,,,,,,,,N,4,0,1,2,A,-,"- ",,,N,G,B,B,A,H,-,A,A,0,Y,,,,Y,,N,60,0,0,1,0,1,0,0,0,0,"- ","- ",,,"SAN FRANCISCO","SAN FRANCISCO",,
7015273,2014,2015-08-13,3801,2014-10-11,1430,1039,INGLE,6,5,7,3801,0,0,0,,0,3H13C,"MISSION ST","SANTA MARINA ST",0.00,,Y,A,-,N,,,,,,,,,,N,4,0,2,2,A,-,09,21802,A,N,D,C,A,A,H,-,A,A,0,,,,,Y,,A,,0,0,2,0,0,0,0,0,0,"- ","- ",,,"SAN FRANCISCO","SAN FRANCISCO",-122.42306999,37.740649939999997
7015274,2014,2015-08-13,3801,2014-10-02,1230,A10754,TARAV,4,5,7,3801,0,0,0,,0,3I15B,"OCEAN AV","DORADO TER",0.00,,Y,A,-,N,,,,,,,,,,Y,4,0,1,2,A,-,07,21658,A,N,D,C,A,A,H,-,A,A,0,,,,,Y,,A,01,0,0,1,0,0,0,0,0,0,"- ","- ",,,"SAN FRANCISCO","SAN FRANCISCO",-122.46122996,37.724949940000002
7015277,2014,2015-08-13,3801,2014-10-03,1540,004095,TARAV,5,5,7,3801,0,0,0,,0,4CAR,"OCEAN AV","APTOS AV",38.00,E,N,A,-,N,,,,,,,,,,N,3,0,1,2,A,-,11,21453,D,F,G,B,D,A,H,-,A,A,0,Y,,,,Y,,N,60,0,1,0,0,1,0,0,0,0,"- ","- ",,,"SAN FRANCISCO","SAN FRANCISCO",-122.46766125000001,37.728201030000001
7015293,2014,2015-08-12,3801,2014-10-04,1004,001496,,6,5,7,3801,0,0,0,,0,003,"37TH AV","LINCOLN WY",10.00,S,N,A,-,N,,,,,,,,,,N,3,0,1,2,A,-,11,21950,B,N,G,B,D,A,H,-,A,A,0,Y,,,,Y,,N,60,0,1,0,0,1,0,0,0,0,"- ","- ",,,"SAN FRANCISCO","SAN FRANCISCO",-122.49653888,37.764572540000003
7015298,2014,2015-08-12,3801,2014-10-03,0900,4253,,5,5,7,3801,0,0,0,,0,901,"CESAR CHAVEZ ST","S VAN NESS AV",0.00,,Y,A,-,N,,,,,,,,,,N,4,0,2,3,A,-,09,21801,A,N,A,C,A,A,H,-,A,A,0,,,,,Y,,A,01,0,0,2,0,0,0,0,0,0,"- ","- ",,,"SAN FRANCISCO","SAN FRANCISCO",-122.41591991999999,37.748219900000002
7015306,2014,2015-08-11,3801,2014-10-03,0435,685,,5,5,7,3801,0,0,0,,0,,"FILLMORE ST","FULTON ST",0.00,,Y,A,-,N,,,,,,,,,,Y,4,0,1,2,A,-,09,21801,A,N,B,C,A,A,H,-,A,A,0,,,,,Y,,-,,0,0,1,0,0,0,0,0,0,"- ","- ",,,"SAN FRANCISCO","SAN FRANCISCO",-122.43155991,37.777689979999998
7015325,2014,2015-08-11,3801,2014-10-06,1851,004323,,1,5,7,3801,0,0,0,,0,,"MARKET ST","7TH ST",0.00,,Y,A,-,N,,,,,,,,,,N,3,0,1,2,A,-,08,22100,B,N,C,G,A,A,H,-,B,A,0,,Y,,,Y,,A,01,0,1,0,0,0,0,1,0,0,"- ","- ",,,"SAN FRANCISCO","SAN FRANCISCO",-122.4125099,37.780479900000003
7019200,2015,2015-08-27,3801,2015-03-01,1214,441,,7,5,7,3801,0,0,0,,0,4B3F,"LAGUNA ST","OAK ST",0.00,,Y,A,-,N,,,,,,,,,,Y,4,0,1,2,A,-,"- ",,,N,D,C,A,A,H,-,A,A,0,,,,,Y,,J,41,0,0,1,0,0,0,0,0,0,"- ","- ",,,"SAN FRANCISCO","SAN FRANCISCO",-122.42587988,37.774599960000003
7019379,2014,2015-08-24,3801,2014-12-14,1030,000162,,7,5,7,3801,0,0,0,,0,3H1A,"30TH ST","SAN JOSE AV",0.00,,Y,A,-,N,,,,,,,,,,Y,3,0,2,2,A,-,"- ",,,N,D,C,A,A,H,-,A,A,0,,,,,Y,,A,01,0,1,1,0,0,0,0,0,0,"- ","- ",,,"SAN FRANCISCO","SAN FRANCISCO",-122.42328998000001,37.7422799
7019488,2015,2015-09-08,3801,2015-07-14,1016,1437,COG,2,5,7,3801,0,0,0,,0,00G,"GEARY BL","42ND AV",0.00,,Y,A,-,N,,,,,,,,,,Y,4,0,2,5,A,-,03,22350,,N,B,C,A,A,H,-,A,D,0,,,,,Y,,A,01,0,0,2,0,0,0,0,0,0,"- ","- ",,,"SAN FRANCISCO","SAN FRANCISCO",-122.50292985999999,37.779639920000001
7019508,2015,2015-09-03,3801,2015-06-13,1636,01384,SOUTH,6,5,7,3801,0,0,0,,0,3B15C,"BRYANT ST","3RD ST",0.00,,Y,A,-,N,,,,,,,,,,Y,3,0,1,1,A,-,08,22107,,N,F,A,A,A,H,-,A,A,0,,,,,Y,,M,97,0,1,0,0,0,0,0,0,0,"- ","- ",,,"SAN FRANCISCO","SAN FRANCISCO",-122.39584993,37.781309890000003
7019673,2014,2015-09-02,3801,2014-12-22,1951,004268,NORTH,1,5,7,3801,0,0,0,,0,3E11D,"GEARY ST","POLK ST",0.00,,Y,A,-,N,,,,,,,,,,N,4,0,1,2,A,-,"- ",,,N,B,C,A,A,H,-,C,A,0,,,Y,,Y,,C,03,0,0,1,0,0,0,0,0,1,"- ","- ",,,"SAN FRANCISCO","SAN FRANCISCO",-122.41973999,37.785899960000002
7019827,2015,2015-09-17,3801,2015-08-27,1535,2260,NORTH,4,5,7,3801,0,0,0,,0,3CAR,"FRANKLIN ST","GEARY BL",0.00,,Y,A,-,N,,,,,,,,,,N,4,0,1,2,A,-,08,22100,B,N,D,C,A,A,H,-,A,A,0,,,Y,,Y,,J,48,0,0,1,0,0,0,0,0,1,"- ","- ",,,"SAN FRANCISCO","SAN FRANCISCO",-122.42301989000001,37.785479889999998
7022908,2014,2015-08-13,3801,2014-07-08,1459,552,3B61,2,5,7,3801,0,0,0,,0,COB,STEVENSON,"6TH ST",0.00,,Y,A,-,N,,,,,,,,,,,4,0,1,2,A,-,05,21202,A,N,H,G,A,A,H,-,A,D,0,,Y,,,Y,,L,04,0,0,1,0,0,0,1,0,0,"- ","- ",,,"SAN FRANCISCO","SAN FRANCISCO",-122.40966991000001,37.781769910000001
7022913,2014,2016-01-08,3801,2014-06-20,1538,1660,"CO A",5,5,7,3801,0,0,0,,0,002,"POWELL ST","CALIFORNIA ST",0.00,,Y,A,-,N,,,,,,,,,,N,4,0,1,2,A,-,06,21756,A,F,G,B,D,A,H,-,A,A,0,Y,,,,Y,,A,01,0,0,1,0,1,0,0,0,0,"- ","- ",,,"SAN FRANCISCO","SAN FRANCISCO",-122.40916999,37.792049949999999
7022997,2014,2015-08-13,3801,2014-07-16,1528,1377,INGLE,3,5,7,3801,0,0,0,,0,03H,"SAN JOSE AV","NIAGARA ST",0.00,,Y,A,-,N,,,,,,,,,,N,4,0,2,2,A,-,09,21801,A,N,D,C,A,A,H,-,A,A,0,,,,,Y,,A,01,0,0,2,0,0,0,0,0,0,"- ","- ",,,"SAN FRANCISCO","SAN FRANCISCO",-122.44760986,37.719479909999997
7023120,2014,2016-03-08,3801,2014-10-27,1557,1418,,1,5,7,3801,0,0,0,,0,3C90,"SILVER AV","SANTA FE AV",4.00,W,N,A,-,N,,,,,,,,,,N,3,0,1,2,A,-,11,21950,B,N,G,B,B,A,H,-,A,A,0,Y,,,,Y,,N,60,0,1,0,0,1,0,0,0,0,"- ","- ",,,"SAN FRANCISCO","SAN FRANCISCO",-122.40158104,37.734903379999999
7023477,2014,2015-09-01,3801,2014-07-09,1224,4119,BAYVI,3,5,7,3801,0,0,0,,0,4K5C,"NEWCOMB AV","NEWHALL ST",23.00,E,N,A,-,N,,,,,,,,,,N,4,0,1,2,A,-,11,21955,,N,B,B,D,A,H,-,A,D,0,Y,,,,Y,Y,N,60,0,0,1,0,1,0,0,0,0,"- ","- ",,,"SAN FRANCISCO","SAN FRANCISCO",-122.39159447999999,37.736234160000002
7024842,2015,2015-09-02,3801,2015-04-18,0354,000717,NORTH,6,5,7,3801,0,0,0,,0,3E11E,"OCTAVIA ST","HAIGHT ST",106.00,S,N,A,-,N,,,,,,,,,,Y,4,0,1,1,A,-,01,23152,A,N,B,I,A,A,H,-,C,D,0,,,,,Y,Y,D,23,0,0,1,0,0,0,0,0,0,"- ","- ",,,"SAN FRANCISCO","SAN FRANCISCO",-122.42386953,37.772672780000001
7025108,2015,2015-09-02,3801,2015-04-15,0810,518,TARAV,3,5,7,3801,0,0,0,,0,4B51,"LAKE MERCED BL","JOHN MUIR DR",0.00,,Y,A,-,N,,,,,,,,,,N,2,0,1,2,A,-,10,21950,A,N,G,B,B,A,H,-,A,A,0,Y,,,,Y,,I,11,1,0,0,0,1,0,0,0,0,"- ","- ",,,"SAN FRANCISCO","SAN FRANCISCO",-122.4857399,37.708109929999999
7025143,2015,2015-09-09,3801,2015-04-21,2054,001837,SOUTH,2,5,7,3801,0,0,0,,0,3B12D,"HOWARD ST","MARY CT",0.00,,Y,A,-,N,,,,,,,,,,N,4,0,1,2,A,-,17,21208,B,N,B,G,A,A,H,-,C,A,0,,Y,,,Y,Y,L,04,0,0,1,0,0,0,1,0,0,"- ","- ",,,"SAN FRANCISCO","SAN FRANCISCO",-122.40570992000001,37.780899990000002
7025165,2015,2015-09-02,3801,2015-04-22,1726,001994,BAYVI,3,5,7,3801,0,0,0,,0,4B4B,"KIRKWOOD AV","NEWHALL ST",199.00,W,N,A,-,N,,,,,,,,,,N,3,0,1,2,A,-,09,21804,A,N,D,G,A,A,H,-,A,D,0,,Y,,,Y,,L,04,0,1,0,0,0,0,1,0,0,"- ","- ",,,"SAN FRANCISCO","SAN FRANCISCO",-122.39051673,37.738471539999999
7025282,2015,2015-08-21,3801,2015-04-03,0657,783,MISSI,5,5,7,3801,0,0,0,,0,3D15A,"VALENCIA ST","19TH ST",0.00,,Y,A,-,N,,,,,,,,,,N,4,0,1,2,A,-,09,21801,A,N,D,G,A,A,H,-,A,A,0,,Y,,,Y,Y,A,01,0,0,1,0,0,0,1,0,0,"- ","- ",,,"SAN FRANCISCO","SAN FRANCISCO",-122.42139991000001,37.760109999999997
7025286,2015,2015-08-21,3801,2015-04-21,1727,892,SOUTH,2,5,7,3801,0,0,0,,0,3B12D,"HARRISON ST","6TH ST",35.00,E,N,A,-,N,,,,,,,,,,N,4,0,1,2,A,-,00,21760,C,N,B,G,A,A,H,-,A,A,0,,Y,,,Y,,A,01,0,0,1,0,0,0,1,0,0,"- ","- ",,,"SAN FRANCISCO","SAN FRANCISCO",-122.40398996,37.77737432
7025298,2015,2015-08-21,3801,2015-04-14,1051,4082,TARVA,2,5,7,3801,0,0,0,,0,3I2,"20TH AV",NORIEGA,6.00,S,N,A,-,N,,,,,,,,,,,3,0,1,2,A,-,10,21950,A,N,G,B,B,A,H,-,A,A,0,Y,,,,Y,,A,01,0,1,0,0,1,0,0,0,0,"- ","- ",,,"SAN FRANCISCO","SAN FRANCISCO",-122.47756851,37.754153559999999
7025302,2015,2015-08-21,3801,2015-04-12,0930,000251,RICHM,7,5,7,3801,0,0,0,,0,3G61,"CLEMENT ST","10TH AV",0.00,,Y,A,-,N,,,,,,,,,,N,4,0,1,2,A,-,10,21950,A,N,G,B,B,A,H,-,A,A,0,Y,,,,Y,,A,01,0,0,1,0,1,0,0,0,0,"- ","- ",,,"SAN FRANCISCO","SAN FRANCISCO",-122.46870988000001,37.782729979999999
7025322,2015,2015-08-21,3801,2015-04-17,2310,467,MISSI,5,5,7,3801,0,0,0,,0,3DIIE,"CASTRO ST","18TH ST",244.00,N,N,A,-,N,,,,,,,,,,Y,2,0,1,2,A,-,11,21955,,N,G,B,D,A,H,-,D,A,0,Y,,,,Y,Y,N,60,1,0,0,0,1,0,0,0,0,"- ","- ",,,"SAN FRANCISCO","SAN FRANCISCO",-122.43506465999999,37.76155833
7025334,2015,2015-08-21,3801,2015-04-07,0814,1856,PARK,2,5,7,3801,0,0,0,,0,3F14A,"FULTON ST","PIERCE ST",0.00,,Y,B,-,N,,,,,,,,,,N,3,0,1,1,A,-,03,22350,,N,F,I,A,B,H,-,A,A,0,,,Y,,Y,,C,03,0,1,0,0,0,0,0,0,1,"- ","- ",,,"SAN FRANCISCO","SAN FRANCISCO",-122.43484999,37.77728999
7025346,2015,2015-08-21,3801,2015-04-14,1325,4060,PARK,2,5,7,3801,0,0,0,,0,3F60,"7TH AV","KIRKHAM ST",0.00,,Y,A,-,N,,,,,,,,,,N,4,0,1,2,A,-,03,22350,,N,D,G,A,A,H,-,A,A,0,,Y,,,Y,,L,04,0,0,1,0,0,0,1,0,0,"- ","- ",,,"SAN FRANCISCO","SAN FRANCISCO",-122.46391988000001,37.760389940000003
7025372,2015,2015-08-22,3801,2015-03-20,0840,1053,,5,5,7,3801,0,0,0,,0,3I16A,"ORIZABA AV","SAGAMORE ST",2.00,N,N,A,-,N,,,,,,,,,,N,4,0,1,2,A,-,03,22350,,N,C,C,A,A,H,-,A,A,0,,,,,Y,,A,01,0,0,1,0,0,0,0,0,0,"- ","- ",,,"SAN FRANCISCO","SAN FRANCISCO",-122.46259000000001,37.711405489999997
7025380,2015,2015-08-22,3801,2015-03-19,0746,000251,,4,5,7,3801,0,0,0,,0,3G61,"23RD AV","CLEMENT ST",156.00,N,N,A,-,N,,,,,,,,,,N,4,0,1,2,A,-,08,22107,,N,D,C,A,A,H,-,A,-,0,,,,,Y,,A,01,0,0,1,0,0,0,0,0,0,"- ","- ",,,"SAN FRANCISCO","SAN FRANCISCO",-122.48276257000001,37.782537769999998
7025382,2015,2015-08-22,3801,2015-03-03,2125,004301,,2,5,7,3801,0,0,0,,0,3E15E,"LOMBARD ST","FRANKLIN ST",0.00,,Y,A,-,N,,,,,,,,,,Y,4,0,1,3,A,-,03,22350,,N,C,D,A,A,H,-,C,A,0,,,,,Y,,A,01,0,0,1,0,0,0,0,0,0,"- ","- ",,,"SAN FRANCISCO","SAN FRANCISCO",-122.42619997,37.8011099
7025384,2015,2015-08-22,3801,2015-03-06,1409,002288,,5,5,7,3801,0,0,0,,0,3E12A,"HAIGHT ST","FILLMORE ST",200.00,W,N,A,-,N,,,,,,,,,,N,4,0,1,1,A,-,21,22106,,N,E,I,A,A,H,-,A,D,0,,,,,Y,,A,01,0,0,1,0,0,0,0,0,0,"- ","- ",,,"SAN FRANCISCO","SAN FRANCISCO",-122.43113149,37.772023840000003
7025394,2015,2015-08-22,3801,2015-03-26,1741,001752,,4,5,7,3801,0,0,0,,0,3B15D,"4TH ST","KING ST",0.00,,Y,A,-,N,,,,,,,,,,N,4,0,1,2,A,-,03,22350,,N,B,C,A,A,H,-,A,A,0,,,,,Y,,A,01,0,0,1,0,0,0,0,0,0,"- ","- ",,,"SAN FRANCISCO","SAN FRANCISCO",-122.39414997,37.776429980000003
7025399,2015,2015-08-22,3801,2015-03-23,1103,000205,,1,5,7,3801,0,0,0,,0,3C15A,"3RD ST","REVERE AV",20.00,N,N,A,-,N,,,,,,,,,,Y,2,0,1,1,A,-,03,22350,,N,H,A,A,A,H,-,A,D,0,,,Y,,Y,,C,02,1,0,0,0,0,0,0,0,1,"- ","- ",,,"SAN FRANCISCO","SAN FRANCISCO",-122.39159186000001,37.73249302
7025406,2015,2015-08-22,3801,2015-03-07,1345,1882,,6,5,7,3801,0,0,0,,0,3G60,"JOHN F KENNEDY DR","TRANSVERSE DR",1584.00,W,N,A,-,N,,,,,,,,,,N,3,0,1,2,A,-,06,21755,,N,B,G,A,A,H,-,A,D,0,,Y,,,Y,,L,04,0,1,0,0,0,0,1,0,0,"- ","- ",,,"SAN FRANCISCO","SAN FRANCISCO",-122.48521058999999,37.770086579999997