CASE_ID,ACCIDENT_YEAR,PROC_DATE,JURIS,COLLISION_DATE,COLLISION_TIME,OFFICER_ID,REPORTING_DISTRICT,DAY_OF_WEEK,CHP_SHIFT,POPULATION,CNTY_CITY_LOC,SPECIAL_COND,BEAT_TYPE,CHP_BEAT_TYPE,CITY_DIVISION_LAPD,CHP_BEAT_CLASS,BEAT_NUMBER,PRIMARY_RD,SECONDARY_RD,DISTANCE,DIRECTION,INTERSECTION,WEATHER_1,WEATHER_2,STATE_HWY_IND,CALTRANS_COUNTY,CALTRANS_DISTRICT,STATE_ROUTE,ROUTE_SUFFIX,POSTMILE_PREFIX,POSTMILE,LOCATION_TYPE,RAMP_INTERSECTION,SIDE_OF_HWY,TOW_AWAY,COLLISION_SEVERITY,NUMBER_KILLED,NUMBER_INJURED,PARTY_COUNT,PRIMARY_COLL_FACTOR,PCF_CODE_OF_VIOL,PCF_VIOL_CATEGORY,PCF_VIOLATION,PCF_VIOL_SUBSECTION,HIT_AND_RUN,TYPE_OF_COLLISION,MVIW,PED_ACTION,ROAD_SURFACE,ROAD_COND_1,ROAD_COND_2,LIGHTING,CONTROL_DEVICE,CHP_ROAD_TYPE,PEDESTRIAN_ACCIDENT,BICYCLE_ACCIDENT,MOTORCYCLE_ACCIDENT,TRUCK_ACCIDENT,NOT_PRIVATE_PROPERTY,ALCOHOL_INVOLVED,STWD_VEHTYPE_AT_FAULT,CHP_VEHTYPE_AT_FAULT,COUNT_SEVERE_INJ,COUNT_VISIBLE_INJ,COUNT_COMPLAINT_PAIN,COUNT_PED_KILLED,COUNT_PED_INJURED,COUNT_BICYCLIST_KILLED,COUNT_BICYCLIST_INJURED,COUNT_MC_KILLED,COUNT_MC_INJURED,PRIMARY_RAMP,SECONDARY_RAMP,LATITUDE,LONGITUDE,COUNTY,CITY,POINT_X,POINT_Y
7173599,2016,2016-02-12,3801,2016-01-14,1905,1016,"CO E",4,5,7,3801,0,0,0,,0,3D21D,"PINE ST",BUCHANAN,0.00,,Y,C,-,N,,,,,,,,,,N,4,0,1,2,A,-,10,21950,A,N,B,B,B,B,G,-,C,A,0,Y,,,,Y,,-,,0,0,1,0,1,0,0,0,0,"- ","- ",,,"SAN FRANCISCO","SAN FRANCISCO",-122.43034998,37.788369889999998
7173600,2016,2016-08-24,3801,2016-01-15,1835,001160,3G13D,5,5,7,3801,0,0,0,,0,901,"3RD AV","CLEMENT ST",0.00,,Y,A,-,N,,,,,,,,,,N,3,0,1,2,A,-,10,21950,A,N,G,B,B,A,H,-,C,D,0,Y,,,,Y,,A,01,0,1,0,0,1,0,0,0,0,"- ","- ",,,"SAN FRANCISCO","SAN FRANCISCO",-122.4612099,37.78308998
7173603,2016,2016-02-12,3801,2016-01-07,0920,004361,,4,5,7,3801,0,0,0,,0,3D13A,"SOUTH VAN NESS AV","23RD ST",12.00,S,N,A,-,N,,,,,,,,,,N,4,0,1,2,A,-,07,21658,A,N,D,C,A,A,H,-,A,A,0,,,,,Y,,D,22,0,0,1,0,0,0,0,0,0,"- ","- ",,,"SAN FRANCISCO","SAN FRANCISCO",-122.4164366,37.753927140000002
7173609,2016,2016-02-08,3801,2016-01-07,1604,000013,,4,5,7,3801,0,0,0,,0,4B7G,"GEARY BL","17TH AV",0.00,,Y,A,-,N,,,,,,,,,,Y,3,0,1,2,A,-,06,21755,,N,D,C,A,A,H,-,A,D,0,,,Y,,Y,,C,03,0,1,0,0,0,0,0,0,1,"- ","- ",,,"SAN FRANCISCO","SAN FRANCISCO",-122.47617,37.780529960000003
7173610,2016,2016-02-11,3801,2016-01-09,1300,004335,,6,5,7,3801,0,0,0,,0,901,"CHURCH ST","19TH ST",50.00,N,N,B,-,N,,,,,,,,,,N,3,0,1,2,A,-,03,22350,,N,C,G,A,B,H,-,A,D,0,,Y,,,Y,,L,04,0,1,0,0,0,0,1,0,0,"- ","- ",,,"SAN FRANCISCO","SAN FRANCISCO",-122.42825214,37.759857019999998
7173611,2016,2016-02-12,3801,2016-01-07,1428,1400,,4,5,7,3801,0,0,0,,0,,"HOWARD ST","DORE ST",0.00,,Y,A,-,N,,,,,,,,,,N,4,0,1,2,A,-,11,21954,A,N,D,B,A,A,H,-,A,D,0,,Y,,,Y,,L,04,0,0,1,0,0,0,1,0,0,"- ","- ",,,"SAN FRANCISCO","SAN FRANCISCO",-122.41377991,37.774519910000002
7173612,2016,2016-02-12,3801,2016-01-22,1245,2020,,5,5,7,3801,0,0,0,,0,6CAR,"GENEVA AV","ALEMANY BL",36.00,E,N,C,-,N,,,,,,,,,,N,4,0,1,2,A,-,03,22350,,N,C,C,A,B,H,-,A,A,0,,,,,Y,,-,,0,0,1,0,0,0,0,0,0,"- ","- ",,,"SAN FRANCISCO","SAN FRANCISCO",-122.44228519000001,37.717817599999997
7173614,2016,2017-10-19,3801,2016-01-10,0149,004385,,7,5,7,3801,0,0,0,,0,,"ESSEX ST","HARRISON ST",35.50,N,N,A,-,N,,,,,,,,,,N,4,0,1,2,A,-,01,23152,A,N,B,C,A,A,H,-,C,A,0,,,,,Y,Y,A,01,0,0,1,0,0,0,0,0,0,"- ","- ",,,"SAN FRANCISCO","SAN FRANCISCO",-122.39416506000001,37.785260579999999
7173616,2016,2016-08-24,3801,2016-01-22,0100,1657,,5,5,7,3801,0,0,0,,0,3G15E,"GREAT HWY","JOHN F KENNEDY DR",1000.00,S,N,A,F,N,,,,,,,,,,Y,4,0,1,1,A,-,05,21651,A,N,E,I,A,B,H,-,C,D,0,,,,,Y,,A,01,0,0,1,0,0,0,0,0,0,"- ","- ",,,"SAN FRANCISCO","SAN FRANCISCO",-122.5104755,37.767749090000002
7173625,2016,2016-02-11,3801,2016-01-19,0836,000845,,2,5,7,3801,0,0,0,,0,4B2C,"MARKET ST","NEW MONTGOMERY",0.00,,Y,C,-,N,,,,,,,,,,N,4,0,1,2,A,-,11,21456,B,N,G,B,-,B,-,-,A,A,0,Y,,,,Y,,N,60,0,0,1,0,1,0,0,0,0,"- ","- ",,,"SAN FRANCISCO","SAN FRANCISCO",-122.40198992000001,37.788769899999998
7173627,2016,2016-02-12,3801,2016-01-18,1146,1931,,1,5,7,3801,0,0,0,,0,3E00,"JACKSON ST","FRANKLIN ST",0.00,,Y,C,-,N,,,,,,,,,,N,4,0,1,2,A,-,10,21950,A,F,B,B,B,B,H,-,C,A,0,Y,,,,Y,,-,,0,0,1,0,1,0,0,0,0,"- ","- ",,,"SAN FRANCISCO","SAN FRANCISCO",-122.42467988999999,37.79372996
7173630,2016,2016-02-12,3801,2016-01-21,0650,4223,,4,5,7,3801,0,0,0,,0,3H4A,"JUDSON AV","GENNESSEE ST",0.00,,Y,A,-,N,,,,,,,,,,N,4,0,1,2,A,-,10,21950,A,N,B,B,B,A,H,-,B,A,0,Y,,,,Y,,A,07,0,0,1,0,1,0,0,0,0,"- ","- ",,,"SAN FRANCISCO","SAN FRANCISCO",-122.45120992,37.728349999999999
7173633,2016,2016-02-11,3801,2016-01-08,1925,004356,,5,5,7,3801,0,0,0,,0,3H11D,"MISSION ST","APPLETON AV",0.00,,Y,A,-,N,,,,,,,,,,Y,4,0,3,3,A,-,01,23153,A,F,C,C,A,A,H,-,-,A,0,,,,,Y,Y,A,01,0,0,3,0,0,0,0,0,0,"- ","- ",,,"SAN FRANCISCO","SAN FRANCISCO",-122.42394996,37.738869970000003
7173634,2016,2016-02-12,3801,2016-01-08,1435,002395,,5,5,7,3801,0,0,0,,0,001,"VALENCIA ST","15TH ST",256.00,S,N,A,-,N,,,,,,,,,,N,4,0,1,1,A,-,03,22350,,N,F,A,A,A,H,-,A,D,0,,Y,,,Y,,L,04,0,0,1,0,0,0,1,0,0,"- ","- ",,,"SAN FRANCISCO","SAN FRANCISCO",-122.42195989,37.765828939999999
7173638,2015,2016-02-12,3801,2015-01-06,1712,1292,,2,5,7,3801,0,0,0,,0,3E13D,"VAN NESS AV","FELL ST",0.00,,Y,C,-,N,,,,,,,,,,N,4,0,1,2,A,-,11,21954,A,N,G,B,D,B,H,-,C,A,0,Y,,,,Y,,I,09,0,0,1,0,1,0,0,0,0,"- ","- ",,,"SAN FRANCISCO","SAN FRANCISCO",-122.4195,37.776379990000002
7173639,2016,2016-02-12,3801,2016-01-18,0210,002380,,1,5,7,3801,0,0,0,,0,3B13E,"FOLSOM ST","8TH ST",74.00,E,N,C,-,N,,,,,,,,,,N,4,0,1,2,A,-,21,22106,,N,G,B,E,B,H,-,C,A,0,Y,,,,Y,Y,A,01,0,0,1,0,1,0,0,0,0,"- ","- ",,,"SAN FRANCISCO","SAN FRANCISCO",-122.40987079,37.775135229999997
7173681,2016,2016-02-11,3801,2016-01-31,1845,1597,TARAV,7,5,7,3801,0,0,0,,0,3I15D,"WINSTON DR","19TH AV",0.00,,Y,A,-,N,,,,,,,,,,Y,3,0,2,2,A,-,09,21801,A,N,A,C,A,A,H,-,C,A,0,,,,,Y,,A,01,0,1,1,0,0,0,0,0,0,"- ","- ",,,"SAN FRANCISCO","SAN FRANCISCO",-122.47503992999999,37.726929900000002
7173687,2016,2016-02-10,3801,2016-01-08,1901,2078,NORTH,5,5,7,3801,0,0,0,,0,3E12D,"GOUGH ST","SUTTER ST",0.00,,Y,A,-,N,,,,,,,,,,N,4,0,1,2,A,-,10,21950,A,N,G,B,B,A,H,-,C,A,0,Y,,,,Y,,A,01,0,0,1,0,1,0,0,0,0,"- ","- ",,,"SAN FRANCISCO","SAN FRANCISCO",-122.42503999,37.787139940000003
7173690,2016,2016-02-11,3801,2016-01-03,1957,000679,TARAV,7,5,7,3801,0,0,0,,0,0I2,"LINCOLN BL","36TH AV",0.00,,Y,C,-,N,,,,,,,,,,N,4,0,1,1,A,-,03,22350,,N,H,A,A,B,H,-,C,A,0,,,Y,,Y,,C,02,0,0,1,0,0,0,0,0,1,"- ","- ",,,"SAN FRANCISCO","SAN FRANCISCO",-122.4955099,37.764649939999998
7173693,2016,2016-02-11,3801,2016-01-30,1200,27,TARAV,6,5,7,3801,0,0,0,,0,3I1A,"IRVING ST","47TH AV",0.00,,Y,A,-,N,,,,,,,,,,Y,4,0,1,2,A,-,09,21800,A,N,D,C,A,A,H,-,A,A,0,,,,,Y,,A,01,0,0,1,0,0,0,0,0,0,"- ","- ",,,"SAN FRANCISCO","SAN FRANCISCO",-122.50713986,37.762219909999999
7173698,2016,2016-02-11,3801,2016-01-03,2240,488,INGLE,7,5,7,3801,0,0,0,,0,3H13E,"ALEMANY BL","CONGDON ST",0.00,,Y,C,-,N,,,,,,,,,,N,4,0,1,3,A,-,09,21801,A,F,D,C,A,B,H,-,C,A,0,,,,,Y,,A,01,0,0,1,0,0,0,0,0,0,"- ","- ",,,"SAN FRANCISCO","SAN FRANCISCO",-122.42618988,37.731169940000001
7173701,2016,2016-02-11,3801,2016-01-24,1345,256,NORTH,7,5,7,3801,0,0,0,,0,4B4B,"LOMBARD ST","SCOTT ST",0.00,,Y,A,-,N,,,101,,,,,,,Y,2,0,1,2,A,-,09,21801,B,N,D,C,A,A,H,-,A,A,0,,,Y,,Y,,C,02,1,0,0,0,0,0,0,0,0,"- ","- ",37.799140000000001,-122.44110999999999,"SAN FRANCISCO","SAN FRANCISCO",-122.44111522,37.799176860000003
7173709,2016,2016-02-11,3801,2016-01-30,1140,1054,RICHM,6,5,7,3801,0,0,0,,0,003,"FULTON ST","16TH AV",109.00,E,N,A,-,N,,,,,,,,,,Y,4,0,1,4,A,-,03,22350,,N,B,C,A,A,H,-,A,D,0,,,,,Y,,-,,0,0,1,0,0,0,0,0,0,"- ","- ",,,"SAN FRANCISCO","SAN FRANCISCO",-122.47416366,37.773020670000001
7173713,2016,2016-02-11,3801,2016-01-06,0656,000680,NORTH,3,5,7,3801,0,0,0,,0,002,"TURK ST","WEBSTER ST",0.00,,Y,C,-,N,,,,,,,,,,Y,4,0,1,2,A,-,12,21453,A,N,D,C,A,B,H,-,C,A,0,,,,,Y,,A,07,0,0,1,0,0,0,0,0,0,"- ","- ",,,"SAN FRANCISCO","SAN FRANCISCO",-122.43048985999999,37.780689969999997
7173714,2016,2016-02-11,3801,2016-01-29,1615,000358,"CO D",5,5,7,3801,0,0,0,,0,3D14D,"MISSION ST","24TH ST",98.00,S,N,B,C,N,,,,,,,,,,N,4,0,1,2,A,-,11,21954,A,N,G,B,E,B,H,-,B,D,0,Y,,,,Y,,N,60,0,0,1,0,1,0,0,0,0,"- ","- ",,,"SAN FRANCISCO","SAN FRANCISCO",-122.4184602,37.751991820000001
7173719,2015,2016-02-18,3801,2015-12-12,1640,000013,INGLE,6,5,7,3801,0,0,0,,0,SEC1,"ALEMANY BL","ELLSWORTH ST",0.00,,Y,A,-,N,,,,,,,,,,Y,3,0,1,3,A,-,08,22107,,N,F,C,A,A,H,-,A,D,0,,,,,Y,,D,22,0,1,0,0,0,0,0,0,0,"- ","- ",,,"SAN FRANCISCO","SAN FRANCISCO",-122.41901995000001,37.732239890000002
7173741,2016,2016-02-11,3801,2016-01-05,1245,001968,TENDE,2,5,7,3801,0,0,0,,0,3J44C,"JONES ST","ELLIS ST",0.00,,Y,B,C,N,,,,,,,,,,N,4,0,1,2,A,-,17,21451,A,F,A,B,B,B,H,-,A,A,0,Y,,,,Y,,A,08,0,0,1,0,1,0,0,0,0,"- ","- ",,,"SAN FRANCISCO","SAN FRANCISCO",-122.41277993,37.78489999
7173749,2016,2016-02-11,3801,2016-01-02,0026,002101,MISSI,6,5,7,3801,0,0,0,,0,3D15E,"18TH ST","LEXINGTON ST",0.00,,Y,A,-,N,,,,,,,,,,Y,3,0,2,2,A,-,01,23153,A,F,C,E,A,A,H,-,C,A,0,,,,,Y,Y,A,01,0,2,0,0,0,0,0,0,0,"- ","- ",,,"SAN FRANCISCO","SAN FRANCISCO",-122.42077995,37.761749989999998
7187522,2016,2016-08-24,3801,2016-02-10,1711,892,SOUTH,3,5,7,3801,0,0,0,,0,3B11D,"THE EMBARCADERO","BRYANT ST",0.00,,Y,A,-,N,,,,,,,,,,N,3,0,1,2,A,-,05,21650,1,F,D,G,A,A,H,-,A,A,0,,Y,,,Y,,L,04,0,1,0,0,0,0,1,0,0,"- ","- ",,,"SAN FRANCISCO","SAN FRANCISCO",-122.38800995,37.787089950000002
7187538,2016,2016-03-14,3801,2016-02-09,0925,2229,BAYVI,2,5,7,3801,0,0,0,,0,3C13A,"BAYSHORE BL","PAUL AV",0.00,,Y,A,-,N,,,,,,,,,,N,4,0,1,2,A,-,10,21950,A,N,G,B,B,A,H,-,A,A,0,Y,,,,Y,,A,01,0,0,1,0,1,0,0,0,0,"- ","- ",,,"SAN FRANCISCO","SAN FRANCISCO",-122.40078991,37.723609889999999
7189158,2014,2016-02-22,3801,2014-12-02,2037,000675,TARAV,2,5,7,3801,0,0,0,,0,3I2R,"IRVING ST",21ST,16.00,E,N,B,C,N,,,,,,,,,,N,4,0,1,2,A,-,03,22350,,N,C,C,A,B,H,-,C,A,0,,,,,Y,,A,01,0,0,1,0,0,0,0,0,0,"- ","- ",,,"SAN FRANCISCO","SAN FRANCISCO",-122.47922469,37.763472069999999
7190032,2016,2018-09-24,3801,2016-02-12,0750,73,INGLE,5,5,7,3801,0,0,0,,0,4B5G,"GENEVA AV","ATHENS ST",4.00,E,N,A,-,N,,,,,,,,,,Y,1,1,0,2,A,-,10,21950,A,N,G,B,B,A,H,-,A,D,0,Y,,,,Y,,A,01,0,0,0,1,0,0,0,0,0,"- ","- ",,,"SAN FRANCISCO","SAN FRANCISCO",-122.43452782999999,37.713464780000002
7190214,2016,2016-06-17,3801,2016-04-27,1207,1171,SOUTH,3,5,7,3801,0,0,0,,0,3B1D,"THE EMBARCADERO","BRYANT ST",0.00,,Y,A,-,N,,,,,,,,,,Y,1,1,2,2,A,-,03,22350,,N,D,C,A,A,H,-,A,A,0,,,,,Y,,A,01,1,0,1,0,0,0,0,0,0,"- ","- ",37.787059999999997,-122.38760000000001,"SAN FRANCISCO","SAN FRANCISCO",-122.38800995,37.787089950000002
7190375,2016,2016-09-26,3801,2016-08-17,1428,256,INGLE,3,5,7,3801,0,0,0,,0,4B8H,"JUDSON AV","EDNA ST",160.00,E,N,A,-,N,,,,,,,,,,Y,1,1,1,3,A,-,05,21650,,N,A,C,A,A,H,-,A,D,0,,,,,Y,,A,01,0,0,1,0,0,0,0,0,0,"- ","- ",37.728250000000003,-122.44682,"SAN FRANCISCO","SAN FRANCISCO",-122.44601686,37.728279999999998
7193221,2016,2016-04-13,3801,2016-03-11,2330,2261,PARK,5,5,7,3801,0,0,0,,0,3F12E,"BURNETT AV","PORTOLA AV",360.00,N,N,C,-,N,,,,,,,,,,N,4,0,1,2,A,-,21,22106,,N,G,J,A,B,H,-,C,D,0,,,,,Y,,A,01,0,0,1,0,0,0,0,0,0,"- ","- ",,,"SAN FRANCISCO","SAN FRANCISCO",-122.44499741999999,37.748003779999998
7193249,2016,2016-04-13,3801,2016-03-16,1421,002345,TARAV,3,5,7,3801,0,0,0,,0,3I4A,"ULLOA ST","36TH AV",0.00,,Y,A,-,N,,,,,,,,,,Y,3,0,1,2,A,-,09,21804,A,N,D,D,A,A,H,-,A,A,0,,,Y,,Y,,A,01,0,1,0,0,0,0,0,0,1,"- ","- ",,,"SAN FRANCISCO","SAN FRANCISCO",-122.49378996,37.740379920000002
7193253,2016,2016-04-13,3801,2016-03-20,1749,00703,B,7,5,7,3801,0,0,0,,0,001,"1ST ST","HOWARD ST",0.00,,Y,B,C,N,,,,,,,,,,N,4,0,2,2,A,-,03,22350,,N,C,C,A,B,H,-,A,A,0,,,,,Y,,A,07,0,0,2,0,0,0,0,0,0,"- ","- ",,,"SAN FRANCISCO","SAN FRANCISCO",-122.39603999000001,37.7885499
7193261,2016,2016-04-13,3801,2016-03-17,0840,86,TARAV,4,5,7,3801,0,0,0,,0,3I16A,"OCEAN AV","BRIGHTON AV",60.00,W,N,A,-,N,,,,,,,,,,N,4,0,1,2,A,-,03,22350,,F,C,C,A,A,H,-,A,A,0,,,,,Y,,A,01,0,0,1,0,0,0,0,0,0,"- ","- ",,,"SAN FRANCISCO","SAN FRANCISCO",-122.45534203,37.723737630000002
7193262,2016,2016-04-13,3801,2016-03-22,1701,00748,SOUTH,2,5,7,3801,0,0,0,,0,0B1,"2ND ST","NATOMA ST",0.00,,Y,A,-,N,,,,,,,,,,N,4,0,1,2,A,-,05,21752,C,N,D,C,A,A,H,-,A,D,0,,,Y,,Y,,C,02,0,0,1,0,0,0,0,0,1,"- ","- ",,,"SAN FRANCISCO","SAN FRANCISCO",-122.39879987,37.787219919999998
7193266,2016,2016-04-13,3801,2016-03-24,2356,882,TENDE,4,5,7,3801,0,0,0,,0,3J11E,"LEAVENWORTH ST","GOLDEN GATE ST",0.00,,Y,A,-,N,,,,,,,,,,N,4,0,1,2,A,-,11,21955,,N,G,B,D,A,H,-,C,A,0,Y,,,,Y,,N,60,0,0,1,0,1,0,0,0,0,"- ","- ",,,"SAN FRANCISCO","SAN FRANCISCO",-122.41385999000001,37.781869919999998
7193269,2016,2016-04-15,3801,2016-03-26,1746,2472,MISSI,6,5,7,3801,0,0,0,,0,3D11D,"FOLSOM ST","CEASAR CHAVEZ ST",0.00,,Y,A,-,N,,,,,,,,,,Y,4,0,2,3,A,-,03,22350,,N,D,C,A,A,H,-,A,A,0,,,,,Y,,-,"- ",0,0,2,0,0,0,0,0,0,"- ","- ",,,"SAN FRANCISCO","SAN FRANCISCO",-122.41367997,37.748269970000003
7193273,2016,2016-04-13,3801,2016-03-25,1315,004286,RICHM,5,5,7,3801,0,0,0,,0,0G2,"CALIFORNIA ST","BRODERICK ST",30.00,W,N,A,-,N,,,,,,,,,,N,3,0,1,2,A,-,17,22517,,N,E,G,A,A,H,-,A,D,0,,Y,,,Y,,A,01,0,1,0,0,0,0,1,0,0,"- ","- ",,,"SAN FRANCISCO","SAN FRANCISCO",-122.44218237,37.787836169999999
7193278,2016,2016-04-13,3801,2016-03-22,1817,2465,NORTH,2,5,7,3801,0,0,0,,0,3E17C,"SUTTER ST","STEINER ST",7.00,W,N,A,-,N,,,,,,,,,,N,4,0,1,2,A,-,10,21950,A,N,G,B,B,A,H,-,A,D,0,Y,,,,Y,,A,08,0,0,1,0,1,0,0,0,0,"- ","- ",,,"SAN FRANCISCO","SAN FRANCISCO",-122.4349239,37.785886830000003
7199858,2016,2016-12-08,3801,2016-06-25,1420,256,INGLE,6,5,7,3801,0,0,0,,0,4B8H,"SAN JOSE AV","ROUSSEAU ST",115.00,S,N,A,-,N,,,,,,,,,,N,1,1,0,1,D,-,00,,,N,H,-,A,A,H,-,A,D,0,,Y,,,Y,,-,"- ",0,0,0,0,0,1,0,0,0,"- ","- ",37.734229999999997,-122.43038,"SAN FRANCISCO","SAN FRANCISCO",-122.43079192,37.733738539999997
7200071,2017,2017-05-11,3801,2017-03-01,1844,546,INGLE,3,5,7,3801,0,0,0,,0,4B7H,"MISSION ST","NEY ST",0.00,,Y,A,-,N,,,,,,,,,,Y,1,1,0,2,A,-,10,21950,A,N,G,B,B,A,H,-,C,D,0,Y,,,,Y,,A,01,0,0,0,1,0,0,0,0,0,"- ","- ",37.729930000000003,-122.42992,"SAN FRANCISCO","SAN FRANCISCO",-122.43000996000001,37.730009920000001
7202008,2016,2016-03-07,3801,2016-02-16,2109,936,MISSI,2,5,7,3801,0,0,0,,0,3D15E,"CLIPPER ST","DIAMOND HEIGHTS BL",5.00,W,N,A,-,N,,,,,,,,,,N,3,0,1,2,A,-,10,21950,A,N,G,B,B,A,H,-,C,D,0,Y,,,,Y,,A,07,0,1,0,0,1,0,0,0,0,"- ","- ",,,"SAN FRANCISCO","SAN FRANCISCO",-122.44402564000001,37.746754129999999
7202019,2016,2016-03-07,3801,2016-02-14,1140,2039,SOUTH,7,5,7,3801,0,0,0,,0,003,"BRANNAN ST","7TH ST",0.00,,Y,A,-,N,,,,,,,,,,Y,4,0,1,2,A,-,09,21802,B,N,A,C,A,A,H,-,A,A,0,,,,,Y,,A,07,0,0,1,0,0,0,0,0,0,"- ","- ",,,"SAN FRANCISCO","SAN FRANCISCO",-122.40320996,37.773049980000003
7202024,2016,2016-03-07,3801,2016-02-16,1805,358,"CO D",2,5,7,3801,0,0,0,,0,3D14D,"24TH ST","LILAC ST",43.00,E,N,A,-,N,,,,,,,,,,N,3,0,1,1,A,-,05,21460,A,N,F,A,A,A,H,-,C,D,0,,,Y,,Y,,C,02,0,1,0,0,0,0,0,0,1,"- ","- ",,,"SAN FRANCISCO","SAN FRANCISCO",-122.41773159,37.752288249999999
7202033,2016,2016-03-07,3801,2016-02-19,1751,1201,INGLE,5,5,7,3801,0,0,0,,0,3H00,"MISSION ST","RUSSIA AV",0.00,,Y,-,-,N,,,,,,,,,,N,4,0,1,2,A,-,08,22107,,F,-,-,A,-,-,-,-,-,0,,,,,Y,,A,01,0,0,1,0,0,0,0,0,0,"- ","- ",,,"SAN FRANCISCO","SAN FRANCISCO",-122.43717991,37.721569950000003
7202051,2016,2016-03-07,3801,2016-02-21,1525,4306,MISSI,7,5,7,3801,0,0,0,,0,901,"19TH ST","HAMPSHIRE RD",0.00,,Y,A,-,N,,,,,,,,,,Y,4,0,1,3,A,-,01,23153,A,F,F,E,A,A,H,-,A,D,0,,,,,Y,Y,A,01,0,0,1,0,0,0,0,0,0,"- ","- ",,,"SAN FRANCISCO","SAN FRANCISCO",-122.40804989,37.760609979999998
7202064,2016,2016-03-07,3801,2016-02-22,1629,357,MISSI,1,5,7,3801,0,0,0,,0,"5 CAR","MISSION ST","17TH ST",0.00,,Y,A,-,N,,,,,,,,,,Y,4,0,3,2,A,-,12,21453,A,N,D,C,A,A,H,-,A,A,0,,,,,Y,,A,01,0,0,3,0,0,0,0,0,0,"- ","- ",,,"SAN FRANCISCO","SAN FRANCISCO",-122.41949991,37.76341996
7202067,2016,2016-08-24,3801,2016-02-12,2215,2066,BAYVI,5,5,7,3801,0,0,0,,0,3C15D,"HARNEY WY","EXECUTIVE PARK BL",0.00,,Y,A,-,N,,,,,,,,,,Y,4,0,1,1,A,-,03,22350,,N,E,I,A,A,G,-,C,D,0,,,,,Y,,A,01,0,0,1,0,0,0,0,0,0,"- ","- ",,,"SAN FRANCISCO","SAN FRANCISCO",-122.39083989,37.710359969999999
7202075,2016,2016-03-07,3801,2016-02-04,0736,2039,SOUTH,4,5,7,3801,0,0,0,,0,004,"13TH ST","SOUTH VAN NESS",0.00,,Y,A,-,N,,,,,,,,,,N,4,0,1,2,A,-,12,21453,A,N,D,G,A,A,H,-,A,A,0,,Y,,,Y,,L,04,0,0,1,0,0,0,1,0,0,"- ","- ",,,"SAN FRANCISCO","SAN FRANCISCO",-122.41776996,37.769719979999998
7202079,2016,2016-03-07,3801,2016-02-02,1634,2375,RICHM,2,5,7,3801,0,0,0,,0,3G60,"GEARY BL","15TH AV",0.00,,Y,A,-,N,,,,,,,,,,Y,3,0,2,2,A,-,09,21801,A,N,D,C,A,A,H,-,A,A,0,,,Y,,Y,,A,07,0,1,1,0,0,0,0,0,2,"- ","- ",,,"SAN FRANCISCO","SAN FRANCISCO",-122.47398993,37.780630000000002
7202085,2016,2016-03-07,3801,2016-02-12,1906,795,NORTH,5,5,7,3801,0,0,0,,0,3E12D,"FRANKLIN ST","POST ST",121.00,N,N,A,-,N,,,,,,,,,,N,3,0,1,2,A,-,09,21804,A,N,D,C,A,A,H,-,C,A,0,,,Y,,Y,Y,A,01,0,1,0,0,0,0,0,0,1,"- ","- ",,,"SAN FRANCISCO","SAN FRANCISCO",-122.42326293000001,37.786728629999999
7202093,2016,2016-03-07,3801,2016-02-11,1440,439,CENTR,4,5,7,3801,0,0,0,,0,3A5B,"BAY ST",LEAVENWORTH,114.00,E,N,A,-,N,,,,,,,,,,Y,4,0,1,2,A,-,03,22350,,N,C,C,A,A,H,-,A,D,0,,,,Y,Y,,G,25,0,0,1,0,0,0,0,0,0,"- ","- ",,,"SAN FRANCISCO","SAN FRANCISCO",-122.41816948,37.805075500000001
7202103,2016,2016-03-07,3801,2016-02-13,1202,4372,RICHM,6,5,7,3801,0,0,0,,0,"5 CAR","GREAT HWY","JOHN F KENNEDY DR",135.00,S,N,A,-,N,,,,,,,,,,Y,3,0,4,2,A,-,21,22106,,N,A,C,A,A,H,-,A,A,0,,,,,Y,,A,01,0,1,3,0,0,0,0,0,0,"- ","- ",,,"SAN FRANCISCO","SAN FRANCISCO",-122.51089390999999,37.77010181
7202115,2016,2016-03-07,3801,2016-02-15,2220,152,SOUTH,1,5,7,3801,0,0,0,,0,0B4,"HARRISON ST","DIVISION ST",0.00,,Y,A,-,N,,,,,,,,,,Y,4,0,1,1,A,-,03,22350,,N,E,I,A,A,H,-,C,A,0,,,,,Y,,A,07,0,0,1,0,0,0,0,0,0,"- ","- ",,,"SAN FRANCISCO","SAN FRANCISCO",-122.41340989,37.769449960000003
7202193,2016,2016-03-08,3801,2016-02-13,2038,2017,INGLE,6,5,7,3801,0,0,0,,0,3H11D,"JOHN F SHELLEY RD","MANSELL ST",42.00,N,N,A,-,N,,,,,,,,,,Y,4,0,1,1,A,-,01,23152,A,N,E,I,A,A,H,-,D,D,0,,,,,Y,,A,01,0,0,1,0,0,0,0,0,0,"- ","- ",,,"SAN FRANCISCO","SAN FRANCISCO",-122.41850436,37.718894710000001
7202198,2016,2017-04-21,3801,2016-02-11,0910,000751,CENTR,4,5,7,3801,0,0,0,,0,3A3D,"LEAVENWORTH ST","BEACH ST",0.00,,Y,A,-,N,,,,,,,,,,N,4,0,1,2,A,-,10,21950,A,M,G,B,B,A,H,-,A,A,0,Y,,,,Y,,I,10,0,0,1,0,1,0,0,0,0,"- ","- ",,,"SAN FRANCISCO","SAN FRANCISCO",-122.41891987,37.806869919999997
7202203,2016,2016-03-07,3801,2016-02-19,1300,1053,TARAV,5,5,7,3801,0,0,0,,0,3I1A,"LAKE MERCED BL","HIGUERA AV",345.00,N,N,B,-,N,,,,,,,,,,Y,4,0,2,3,A,-,03,22350,,N,C,C,A,B,H,-,A,A,0,,,,,Y,,A,01,0,0,2,0,0,0,0,0,0,"- ","- ",,,"SAN FRANCISCO","SAN FRANCISCO",-122.48511557,37.719497670000003