CASE_ID,ACCIDENT_YEAR,PROC_DATE,JURIS,COLLISION_DATE,COLLISION_TIME,OFFICER_ID,REPORTING_DISTRICT,DAY_OF_WEEK,CHP_SHIFT,POPULATION,CNTY_CITY_LOC,SPECIAL_COND,BEAT_TYPE,CHP_BEAT_TYPE,CITY_DIVISION_LAPD,CHP_BEAT_CLASS,BEAT_NUMBER,PRIMARY_RD,SECONDARY_RD,DISTANCE,DIRECTION,INTERSECTION,WEATHER_1,WEATHER_2,STATE_HWY_IND,CALTRANS_COUNTY,CALTRANS_DISTRICT,STATE_ROUTE,ROUTE_SUFFIX,POSTMILE_PREFIX,POSTMILE,LOCATION_TYPE,RAMP_INTERSECTION,SIDE_OF_HWY,TOW_AWAY,COLLISION_SEVERITY,NUMBER_KILLED,NUMBER_INJURED,PARTY_COUNT,PRIMARY_COLL_FACTOR,PCF_CODE_OF_VIOL,PCF_VIOL_CATEGORY,PCF_VIOLATION,PCF_VIOL_SUBSECTION,HIT_AND_RUN,TYPE_OF_COLLISION,MVIW,PED_ACTION,ROAD_SURFACE,ROAD_COND_1,ROAD_COND_2,LIGHTING,CONTROL_DEVICE,CHP_ROAD_TYPE,PEDESTRIAN_ACCIDENT,BICYCLE_ACCIDENT,MOTORCYCLE_ACCIDENT,TRUCK_ACCIDENT,NOT_PRIVATE_PROPERTY,ALCOHOL_INVOLVED,STWD_VEHTYPE_AT_FAULT,CHP_VEHTYPE_AT_FAULT,COUNT_SEVERE_INJ,COUNT_VISIBLE_INJ,COUNT_COMPLAINT_PAIN,COUNT_PED_KILLED,COUNT_PED_INJURED,COUNT_BICYCLIST_KILLED,COUNT_BICYCLIST_INJURED,COUNT_MC_KILLED,COUNT_MC_INJURED,PRIMARY_RAMP,SECONDARY_RAMP,LATITUDE,LONGITUDE,COUNTY,CITY,POINT_X,POINT_Y
8305437,2017,2017-02-28,3801,2017-01-11,1725,283,SOUTH,3,5,7,3801,0,0,0,,0,3B12D,"4TH ST","HARRISON ST",79.00,N,N,A,-,N,,,,,,,,,,N,3,0,4,4,A,-,03,22350,,N,C,C,A,B,H,-,C,A,0,,,,,Y,,A,01,0,1,3,0,0,0,0,0,0,"- ","- ",,,"SAN FRANCISCO","SAN FRANCISCO",-122.39982165000001,37.780934799999997
8305450,2017,2017-02-21,3801,2017-01-26,1531,1113,PARK,4,5,7,3801,0,0,0,,0,3F13D,"MASONIC AV","OFARRELL ST",0.00,,Y,A,-,N,,,,,,,,,,Y,4,0,1,2,A,-,09,21801,A,N,D,C,A,A,H,-,A,A,0,,,,,Y,,A,01,0,0,1,0,0,0,0,0,0,"- ","- ",,,"SAN FRANCISCO","SAN FRANCISCO",-122.44753987999999,37.781039900000003
8305462,2017,2017-02-21,3801,2017-01-31,1938,1290,TARAV,2,5,7,3801,0,0,0,,0,3I11D,"VICENTE ST","18TH AV",27.00,W,N,A,-,N,,,,,,,,,,Y,4,0,1,2,A,-,01,23152,A,N,C,C,A,A,H,-,C,A,0,,,,,Y,Y,A,01,0,0,1,0,0,0,0,0,0,"- ","- ",,,"SAN FRANCISCO","SAN FRANCISCO",-122.47444329,37.739356409999999
8305464,2017,2017-02-27,3801,2017-01-07,2152,1514,MISSI,6,5,7,3801,0,0,0,,0,003,"21ST ST","S VAN NESS AV",0.00,,Y,C,-,N,,,,,,,,,,N,4,0,1,2,D,-,00,,,N,G,B,B,B,H,-,C,A,0,Y,,,,Y,,-,"- ",0,0,1,0,1,0,0,0,0,"- ","- ",,,"SAN FRANCISCO","SAN FRANCISCO",-122.4167499,37.757159950000002
8305466,2017,2017-02-21,3801,2017-01-27,0840,2444,BAYVI,5,5,7,3801,0,0,0,,0,3C2,"OAKDALE AV","BARNEVELD AV",0.00,,Y,A,-,N,,,,,,,,,,N,3,0,1,2,A,-,11,21955,,N,G,B,D,A,H,-,B,-,0,Y,,,,Y,,N,60,0,1,0,0,1,0,0,0,0,"- ","- ",,,"SAN FRANCISCO","SAN FRANCISCO",-122.40348994999999,37.742059920000003
8305470,2017,2017-02-21,3801,2017-01-12,1940,000970,SOUTH,4,5,7,3801,0,0,0,,0,02B,"BRYANT ST","RINCON ST",52.00,E,N,A,-,N,,,,,,,,,,N,4,0,1,2,A,-,09,21801,A,F,B,C,A,A,H,-,D,D,0,,,,,Y,,A,01,0,0,1,0,0,0,0,0,0,"- ","- ",,,"SAN FRANCISCO","SAN FRANCISCO",-122.39196468,37.784332540000001
8305478,2017,2017-03-07,3801,2017-01-31,2204,215,MISSI,2,5,7,3801,0,0,0,,0,3D15E,"16TH ST","DOLORES ST",0.00,,Y,A,-,N,,,,,,,,,,N,4,0,1,2,A,-,09,21801,A,N,A,C,A,A,H,-,C,A,0,,,Y,,Y,Y,A,07,0,0,1,0,0,0,0,0,1,"- ","- ",,,"SAN FRANCISCO","SAN FRANCISCO",-122.42644,37.764639979999998
8305480,2017,2017-02-27,3801,2017-01-08,1840,293,CENTR,7,5,7,3801,0,0,0,,0,3A61,"SANSOME ST","CALIFORNIA ST",0.00,,Y,C,-,N,,,,,,,,,,N,3,0,1,2,A,-,10,21950,A,N,G,B,B,B,H,-,C,-,0,Y,,,,Y,,A,07,0,1,0,0,1,0,0,0,0,"- ","- ",,,"SAN FRANCISCO","SAN FRANCISCO",-122.40113998,37.79309997
8305493,2017,2017-05-31,3801,2017-01-30,1811,2180,TARAV,1,5,7,3801,0,0,0,,0,3I16D,"ALEMANY BL","SAN JOSE AV",0.00,,Y,A,-,N,,,,,,,,,,Y,4,0,1,1,A,-,08,22107,,N,E,I,A,A,H,-,C,D,0,,,,,Y,,A,01,0,0,1,0,0,0,0,0,0,"- ","- ",,,"SAN FRANCISCO","SAN FRANCISCO",-122.45709991,37.710069900000001
8305506,2017,2017-02-21,3801,2017-01-24,2249,1061,NORTH,2,5,7,3801,0,0,0,,0,3E13E,"MCALLISTER ST","GOUGH ST",0.00,,Y,A,-,N,,,,,,,,,,N,4,0,1,2,A,-,00,20001,,F,G,B,D,A,H,-,C,A,0,Y,,,,Y,,A,01,0,0,1,0,1,0,0,0,0,"- ","- ",,,"SAN FRANCISCO","SAN FRANCISCO",-122.42353987,37.779669980000001
8305508,2017,2017-02-27,3801,2017-01-29,0403,118,MISSI,7,5,7,3801,0,0,0,,0,3D13E,"22ND ST","CAPP ST",0.00,,Y,A,-,N,,,,,,,,,,,4,0,1,3,A,-,03,22350,,F,C,E,A,A,H,-,C,D,0,,,,,Y,,A,01,0,0,1,0,0,0,0,0,0,"- ","- ",,,"SAN FRANCISCO","SAN FRANCISCO",-122.41765999,37.755529950000003
8305524,2017,2017-02-21,3801,2017-01-25,0653,268,INGLE,3,5,7,3801,0,0,0,,0,3H16A,"ONONDAGA AV","MISSION ST",5.00,W,N,A,-,N,,,,,,,,,,N,4,0,1,2,A,-,10,21950,A,N,G,B,B,A,H,-,B,A,0,Y,,,,Y,,A,01,0,0,1,0,1,0,0,0,0,"- ","- ",,,"SAN FRANCISCO","SAN FRANCISCO",-122.43751533,37.721156350000001
8305527,2017,2017-02-21,3801,2017-01-18,2227,004347,TARAV,3,5,7,3801,0,0,0,,0,3I11E,"JUDAH ST","17TH AV",0.00,,Y,A,-,N,,,,,,,,,,Y,4,0,1,2,A,-,09,21802,A,N,D,C,A,B,H,-,C,A,0,,,,,Y,,A,01,0,0,1,0,0,0,0,0,0,"- ","- ",,,"SAN FRANCISCO","SAN FRANCISCO",-122.47482992,37.761849980000001
8305555,2017,2017-02-21,3801,2017-01-19,1100,580,SOUTH,4,5,7,3801,0,0,0,,0,3B12,"BRYANT ST","MORRIS ST",0.00,,Y,B,-,N,,,,,,,,,,Y,2,0,1,2,A,-,08,22100,B,N,D,C,A,B,H,-,A,D,0,,,Y,,Y,,A,01,1,0,0,0,0,0,0,0,1,"- ","- ",,,"SAN FRANCISCO","SAN FRANCISCO",-122.40194993,37.776479889999997
8305567,2017,2017-05-31,3801,2017-01-18,0540,2700,SOUTH,3,5,7,3801,0,0,0,,0,3B11A,"MISSION ST","3RD ST",0.00,,Y,B,C,N,,,,,,,,,,N,4,0,2,3,A,-,17,21461,A,N,G,B,B,B,H,-,C,A,0,Y,,,,Y,,A,01,0,0,2,0,2,0,0,0,0,"- ","- ",,,"SAN FRANCISCO","SAN FRANCISCO",-122.40199989,37.786269900000001
8305599,2017,2017-02-21,3801,2017-01-27,1750,2093,TARAV,5,5,7,3801,0,0,0,,0,3I16D,"OCEAN AV","CAPITOL AV",0.00,,Y,A,-,N,,,,,,,,,,N,4,0,1,2,A,-,03,22350,,N,C,C,A,A,H,-,C,A,0,,,,,Y,,A,01,0,0,1,0,0,0,0,0,0,"- ","- ",,,"SAN FRANCISCO","SAN FRANCISCO",-122.45924986999999,37.724529959999998
8305683,2017,2017-06-27,3801,2017-02-02,1520,129,NORTH,4,5,7,3801,0,0,0,,0,3E13C,"LOMBARD ST","STEINER ST",16.00,E,N,B,-,Y,SF,4,101,-,-,7.420,H,-,N,Y,4,0,1,2,A,-,04,21703,,N,C,C,A,B,H,-,A,A,0,,,,,Y,,A,01,0,0,1,0,0,0,0,0,0,"- ","- ",,,"SAN FRANCISCO","SAN FRANCISCO",-122.43753178,37.799724779999998
8305854,2016,2017-02-21,3801,2016-12-05,1341,2082,,1,5,7,3801,0,0,0,,0,005,"3RD ST","STEVENSON ST",0.00,,Y,A,-,N,,,,,,,,,,N,4,0,1,2,A,-,11,21456,,N,G,B,D,A,H,-,A,D,0,Y,,,,Y,,N,60,0,0,1,0,1,0,0,0,0,"- ","- ",,,"SAN FRANCISCO","SAN FRANCISCO",-122.40297997,37.787039929999999
8307629,2017,2017-03-21,3801,2017-02-21,1500,4264,,2,5,7,3801,0,0,0,,0,3C15D,"3RD ST","REVERE AV",0.00,,Y,C,-,N,,,,,,,,,,N,4,0,1,2,D,-,00,,,M,C,C,A,B,H,-,A,D,0,,,Y,,Y,,-,"- ",0,0,1,0,0,0,0,0,1,"- ","- ",,,"SAN FRANCISCO","SAN FRANCISCO",-122.39160997,37.732439980000002
8307726,2017,2017-03-22,3801,2017-02-10,0513,1745,BAYVI,5,5,7,3801,0,0,0,,0,004,"SILVER AV",BARNEVELD,50.00,E,N,C,-,N,,,,,,,,,,Y,4,0,1,2,A,-,01,23152,A,N,A,E,A,B,H,-,C,D,0,,,,,Y,Y,-,,0,0,1,0,0,0,0,0,0,"- ","- ",,,"SAN FRANCISCO","SAN FRANCISCO",-122.40660781,37.732137700000003
8307730,2017,2017-03-22,3801,2017-02-10,1750,959,TENDE,5,5,7,3801,0,0,0,,0,3J11D,"MARKET ST","7TH ST",0.00,,Y,A,-,N,,,,,,,,,,N,4,0,1,2,A,-,08,22102,,F,D,F,A,A,H,-,B,A,0,,,,,Y,,A,01,0,0,1,0,0,0,0,0,0,"- ","- ",,,"SAN FRANCISCO","SAN FRANCISCO",-122.4125099,37.780479900000003
8322688,2016,2017-03-14,3801,2016-09-01,1930,4108,BAYVI,4,5,7,3801,0,0,0,,0,3C4,"SAN BRUNO AV","BURROWS ST",8.00,S,N,A,-,N,,,,,,,,,,Y,4,0,1,2,A,-,03,22350,,N,C,C,A,A,H,-,A,D,0,,,,,Y,,-,,0,0,1,0,0,0,0,0,0,"- ","- ",,,"SAN FRANCISCO","SAN FRANCISCO",-122.40411108000001,37.72880919
8326410,2016,2017-03-21,3801,2016-10-07,0703,2737,SOUTH,5,5,7,3801,0,0,0,,0,3B13A,"FOLSOM ST","RUSS ST",62.00,W,N,A,-,N,,,,,,,,,,N,4,0,1,2,A,-,17,21657,,F,B,C,A,A,H,-,A,A,0,,,,,Y,,A,07,0,0,1,0,0,0,0,0,0,"- ","- ",,,"SAN FRANCISCO","SAN FRANCISCO",-122.40688179999999,37.777519609999999
8333220,2017,2017-06-19,3801,2017-03-02,2221,2220,NORTH,4,5,7,3801,0,0,0,,0,3E11E,"GOUGH ST","PAGE ST",0.00,,Y,A,-,N,,,,,,,,,,N,4,0,1,2,A,-,08,22107,,N,D,C,A,A,H,-,C,A,0,,,Y,,Y,,A,01,0,0,1,0,0,0,0,0,1,"- ","- ",,,"SAN FRANCISCO","SAN FRANCISCO",-122.42240990000001,37.774069959999999
8333268,2017,2017-08-04,3801,2017-03-19,1942,738,NORTH,7,5,7,3801,0,0,0,,0,3E15D,"LOMBARD ST","LAGUNA ST",0.00,,Y,A,-,Y,SF,4,101,-,-,7.066,I,5,S,N,3,0,1,2,A,-,11,21453,D,N,G,B,D,A,H,-,C,A,0,Y,,,,Y,Y,N,60,0,1,0,0,1,0,0,0,0,"- ","- ",,,"SAN FRANCISCO","SAN FRANCISCO",-122.43112929,37.80045054
8333275,2017,2017-06-19,3801,2017-03-24,1225,242,CENTR,5,5,7,3801,0,0,0,,0,005,BATTERY,"CALIFORNIA ST",12.00,S,N,C,-,N,,,,,,,,,,N,4,0,1,2,A,-,11,21456,B,N,G,B,B,B,H,-,A,A,0,Y,,,,Y,,N,60,0,0,1,0,1,0,0,0,0,"- ","- ",,,"SAN FRANCISCO","SAN FRANCISCO",-122.39997291,37.79319752
8335789,2017,2017-08-31,3801,2017-03-10,1542,463,NORTH,5,5,7,3801,0,0,0,,0,3E12C,"HAIGHT ST","DIVISADERO ST",0.00,,Y,A,-,N,,,,,,,,,,N,4,0,1,2,A,-,05,21752,D,N,B,C,A,A,H,-,A,A,0,,,Y,,Y,,C,02,0,0,1,0,0,0,0,0,1,"- ","- ",,,"SAN FRANCISCO","SAN FRANCISCO",-122.43703996000001,37.771269920000002
8335805,2017,2018-02-28,3801,2017-03-02,1821,2081,BAYVI,4,5,7,3801,0,0,0,,0,001,"PENNSYLVANIA AV","RT 280",0.00,,Y,A,-,Y,SF,4,280,-,R,5.761,R,4,S,Y,4,0,7,3,A,-,09,21801,A,N,A,C,A,A,H,-,C,D,0,,,,,Y,,A,01,0,0,7,0,0,0,0,0,0,"- ",SO,,,"SAN FRANCISCO","SAN FRANCISCO",-122.39160525,37.751869540000001
8335817,2017,2017-08-31,3801,2017-03-12,2340,129,CENTR,7,5,7,3801,0,0,0,,0,3A14E,"THE EMBARCADERO","BAY ST",25.00,S,N,A,-,N,,,,,,,,,,Y,4,0,1,3,A,-,03,22350,,N,C,C,A,A,H,-,C,A,0,,,,,Y,,A,01,0,0,1,0,0,0,0,0,0,"- ","- ",,,"SAN FRANCISCO","SAN FRANCISCO",-122.40589644000001,37.806593800000002
8336930,2017,2017-05-13,3801,2017-04-20,0100,574,NORTH,4,5,7,3801,0,0,0,,0,3E12E,"DIVISADERO ST","TURK ST",0.00,,Y,E,-,N,,,,,,,,,,Y,3,0,1,1,A,-,01,23152,A,N,E,I,A,B,H,-,C,A,0,,,,,Y,Y,A,07,0,1,0,0,0,0,0,0,0,"- ","- ",,,"SAN FRANCISCO","SAN FRANCISCO",-122.43873997,37.779639930000002
8336973,2017,2018-03-19,3801,2017-04-17,1626,2111,TARAV,1,5,7,3801,0,0,0,,0,3113D,"ORTEGA ST","41ST AV",5.00,W,N,C,-,N,,,,,,,,,,Y,4,0,1,1,A,-,05,21752,D,N,F,I,A,B,H,-,A,A,0,,,,,Y,,A,01,0,0,1,0,0,0,0,0,0,"- ","- ",,,"SAN FRANCISCO","SAN FRANCISCO",-122.49992726000001,37.751339129999998
8340732,2017,2017-04-25,3801,2017-03-25,2114,A20991,"CO H",6,5,7,3801,0,0,0,,0,3H13E,"LYELL ST","CAYUGA AV",0.00,,Y,A,-,N,,,,,,,,,,N,4,0,1,2,A,-,12,22450,A,F,D,C,A,A,H,-,C,A,0,,,,,Y,,M,47,0,0,1,0,0,0,0,0,0,"- ","- ",,,"SAN FRANCISCO","SAN FRANCISCO",-122.43141989999999,37.731029960000001
8340736,2017,2017-04-14,3801,2017-03-20,1310,1460,SOUTH,1,5,7,3801,0,0,0,,0,3B5C,"16TH ST","MISSISSIPPI ST",50.00,S,N,C,-,N,,,,,,,,,,N,4,0,1,2,A,-,03,22350,,N,C,C,A,B,G,H,A,A,0,,,,,Y,,-,,0,0,1,0,0,0,0,0,0,"- ","- ",,,"SAN FRANCISCO","SAN FRANCISCO",-122.39524236,37.766527910000001
8340748,2017,2017-04-19,3801,2017-03-07,1414,13,TENDE,2,5,7,3801,0,0,0,,0,4B4E,"JESSIE ST","6TH ST",199.00,E,N,A,-,N,,,,,,,,,,N,2,0,1,2,A,-,11,21954,A,N,G,B,E,A,H,-,A,D,0,Y,,,Y,Y,,N,60,1,0,0,0,1,0,0,0,0,"- ","- ",,,"SAN FRANCISCO","SAN FRANCISCO",-122.4087205,37.781784610000003
8340763,2017,2017-04-17,3801,2017-03-05,0015,2476,MISSI,7,5,7,3801,0,0,0,,0,3D16E,"21ST ST","MISSION ST",6.00,W,N,A,-,N,,,,,,,,,,N,4,0,1,2,A,-,10,21950,A,N,G,B,B,B,H,-,C,A,0,Y,,,,Y,,D,22,0,0,1,0,1,0,0,0,0,"- ","- ",,,"SAN FRANCISCO","SAN FRANCISCO",-122.41894071999999,37.757018940000002
8340770,2017,2017-12-27,3801,2017-03-30,1019,A03640,SOUTH,4,5,7,3801,0,0,0,,0,3B60,"MISSION ST","BEALE ST",64.00,W,N,A,-,N,,,,,,,,,,N,3,0,1,3,A,-,17,22517,,N,E,G,A,A,H,-,A,D,0,,Y,,,Y,,A,01,0,1,0,0,0,0,1,0,0,"- ","- ",,,"SAN FRANCISCO","SAN FRANCISCO",-122.39599509,37.791034449999998
8340779,2017,2017-05-02,3801,2017-03-23,1537,439,TARAV,4,5,7,3801,0,0,0,,0,3I11D,"CRESPI DR","CARDENAS AV",120.00,E,N,A,-,N,,,,,,,,,,N,3,0,1,2,A,-,09,21803,A,N,D,G,A,A,H,-,A,D,0,,Y,,,Y,,D,22,0,1,0,0,0,0,1,0,0,"- ","- ",,,"SAN FRANCISCO","SAN FRANCISCO",-122.47615939000001,37.719737289999998
8342963,2017,2017-04-11,3801,2017-03-30,1548,299,SOUTH,4,5,7,3801,0,0,0,,0,3B13C,"FOLSOM ST","2ND ST",0.00,,Y,A,-,N,,,,,,,,,,N,4,0,1,2,A,-,11,21456,B,N,G,B,B,A,H,-,A,D,0,Y,,,,Y,,N,60,0,0,1,0,1,0,0,0,0,"- ","- ",,,"SAN FRANCISCO","SAN FRANCISCO",-122.39672994,37.785559990000003
8342967,2017,2017-04-11,3801,2017-03-21,0820,2338,CENTR,2,5,7,3801,0,0,0,,0,3A15A,"CALIFORNIA ST","LARKIN ST",110.00,E,N,C,-,N,,,,,,,,,,Y,4,0,3,2,A,-,05,21651,A,N,D,C,A,B,H,-,A,D,0,,,,,Y,,A,01,0,0,3,0,0,0,0,0,0,"- ","- ",,,"SAN FRANCISCO","SAN FRANCISCO",-122.41866363,37.790835899999998
8342968,2017,2017-04-13,3801,2017-03-28,1200,556,MISSI,2,5,7,3801,0,0,0,,0,3D14C,"CESAR CHAVEZ ST","ALABAMA ST",0.00,,Y,A,-,N,,,,,,,,,,N,3,0,1,2,A,-,03,22350,,N,D,G,A,A,H,-,A,A,0,,Y,,,Y,,L,04,0,1,0,0,0,0,1,0,0,"- ","- ",,,"SAN FRANCISCO","SAN FRANCISCO",-122.41053993,37.748329890000001
8342974,2017,2017-04-13,3801,2017-02-03,1720,2355,SOUTH,5,5,7,3801,0,0,0,,0,001,"2ND ST","BRYANT ST",0.00,,Y,A,-,N,,,,,,,,,,N,4,0,1,2,A,-,09,21801,,F,D,C,A,A,H,-,A,A,0,,,,,Y,,-,99,0,0,1,0,0,0,0,0,0,"- ","- ",,,"SAN FRANCISCO","SAN FRANCISCO",-122.39362985,37.78307993
8342982,2017,2017-04-13,3801,2017-02-13,1943,1730,SOUTH,1,5,7,3801,0,0,0,,0,4B4D,"VERMONT ST","17TH ST",0.00,,Y,A,-,N,,,,,,,,,,N,3,0,2,2,A,-,12,22450,A,N,D,G,A,A,H,-,C,A,0,,Y,,,Y,,A,08,0,1,1,0,0,0,2,0,0,"- ","- ",37.764650000000003,-122.40447,"SAN FRANCISCO","SAN FRANCISCO",-122.40448987000001,37.76467993
8342988,2017,2017-04-13,3801,2017-03-28,2055,1561,,2,5,7,3801,0,0,0,,0,3D61,"25TH ST","ALABAMA ST",0.00,,Y,A,-,N,,,,,,,,,,N,4,0,2,2,A,-,12,22450,A,M,D,C,A,A,H,-,C,A,0,,,,,Y,,-,,0,0,2,0,0,0,0,0,0,"- ","- ",,,"SAN FRANCISCO","SAN FRANCISCO",-122.41079986,37.75107989
8342995,2017,2017-04-12,3801,2017-03-29,1355,1,NORTH,3,5,7,3801,0,0,0,,0,3E70A,"FULTON ST","STEINER ST",60.00,W,N,A,-,N,,,,,,,,,,Y,4,0,2,2,A,-,21,22106,,N,D,C,A,A,H,-,A,D,0,,,,,Y,,A,01,0,0,2,0,0,0,0,0,0,"- ","- ",,,"SAN FRANCISCO","SAN FRANCISCO",-122.43341595,37.777469259999997
8343011,2017,2017-04-12,3801,2017-03-29,1800,642,NORTH,3,5,7,3801,0,0,0,,0,005,"BROADWAY ST","FRANKLIN ST",2.00,W,N,A,-,N,,,,,,,,,,N,3,0,1,2,A,-,03,22350,,N,D,G,A,A,H,-,A,A,0,,Y,,,Y,,L,04,0,1,0,0,0,0,1,0,0,"- ","- ",,,"SAN FRANCISCO","SAN FRANCISCO",-122.42503685,37.795529180000003
8343015,2017,2017-04-12,3801,2017-03-30,1040,273,NORTH,4,5,7,3801,0,0,0,,0,3E61,"OFARRELL ST","STEINER ST",0.00,,Y,A,-,N,,,,,,,,,,N,4,0,1,2,A,-,09,21801,A,N,D,G,A,A,H,-,A,D,0,,Y,,,Y,,A,01,0,0,1,0,0,0,1,0,0,"- ","- ",,,"SAN FRANCISCO","SAN FRANCISCO",-122.43432996999999,37.78306989
8343045,2017,2017-04-11,3801,2017-03-23,0827,4292,BAYVI,4,5,7,3801,0,0,0,,0,3C12B,"PALOU AV","HAWES ST",50.00,W,N,A,-,N,,,,,,,,,,Y,4,0,1,2,A,-,08,22107,,N,B,C,A,A,H,-,A,A,0,,,,,Y,,A,07,0,0,1,0,0,0,0,0,0,"- ","- ",,,"SAN FRANCISCO","SAN FRANCISCO",-122.38170986999999,37.728750779999999
8343047,2017,2017-04-12,3801,2017-03-15,2015,878,SOUTH,3,5,7,3801,0,0,0,,0,001,"2ND ST","BRANNAN ST",0.00,,Y,A,-,N,,,,,,,,,,Y,2,0,1,2,A,-,09,21801,A,N,D,C,A,A,H,-,C,A,0,,,Y,,Y,,A,01,1,0,0,0,0,0,0,0,1,"- ","- ",,,"SAN FRANCISCO","SAN FRANCISCO",-122.39205999000001,37.781839949999998
8343051,2017,2017-04-12,3801,2017-03-15,2256,2287,NORTH,3,5,7,3801,0,0,0,,0,3J60,"VAN NESS AV","HAYES ST",0.00,,Y,A,-,N,,,,,,,,,,Y,3,0,1,2,A,-,12,21453,A,N,D,C,A,A,D,-,C,A,0,,,Y,,Y,,C,02,0,1,0,0,0,0,0,0,1,"- ","- ",,,"SAN FRANCISCO","SAN FRANCISCO",-122.41967993999999,37.777289969999998
8343058,2017,2017-04-13,3801,2017-03-20,2030,1996,MISSI,1,5,7,3801,0,0,0,,0,3D14D,"POTRERO AV","24TH ST",0.00,,Y,C,-,N,,,,,,,,,,N,4,0,1,2,A,-,10,21950,A,F,G,B,B,B,H,-,C,A,0,Y,,,,Y,,-,,0,0,1,0,1,0,0,0,0,"- ","- ",,,"SAN FRANCISCO","SAN FRANCISCO",-122.4063199,37.752989909999997
8343061,2017,2017-04-26,3801,2017-03-23,1600,668,BAYVI,4,5,7,3801,0,0,0,,0,3C11C,"3RD ST","EVANS AV",0.00,,Y,A,-,N,,,,,,,,,,N,2,0,1,2,A,-,10,21950,A,F,G,B,B,A,H,-,A,A,0,Y,,,,Y,,A,01,1,0,0,0,1,0,0,0,0,"- ","- ",,,"SAN FRANCISCO","SAN FRANCISCO",-122.38800998000001,37.742729949999998
8343068,2017,2017-04-19,3801,2017-03-14,1959,4214,SOUTH,2,5,7,3801,0,0,0,,0,4B4C,"KING ST","2ND ST",0.00,,Y,A,-,N,,,,,,,,,,Y,3,0,3,3,A,-,01,23153,A,F,D,C,A,A,G,-,C,A,0,,,,,Y,Y,A,07,0,1,2,0,0,0,0,0,0,"- ","- ",37.779850000000003,-122.38958,"SAN FRANCISCO","SAN FRANCISCO",-122.3897,37.779959959999999
8343085,2017,2017-04-11,3801,2017-03-22,1845,642,NORTH,3,5,7,3801,0,0,0,,0,005,"CHESTNUT ST","PIERCE ST",65.00,W,N,A,-,N,,,,,,,,,,N,3,0,1,2,A,-,17,22517,,F,G,B,E,A,H,-,A,A,0,Y,,,,Y,,A,07,0,1,0,0,1,0,0,0,0,"- ","- ",,,"SAN FRANCISCO","SAN FRANCISCO",-122.43970249,37.800373190000002
8343088,2017,2017-04-19,3801,2017-03-11,1740,4373,BAYVI,6,5,7,3801,0,0,0,,0,3G14D,"FELTON ST","HOLYOKE AV",112.00,E,N,A,-,N,,,,,,,,,,N,3,0,1,2,A,-,09,21804,,N,D,G,A,A,H,-,A,D,0,,Y,,,Y,,L,04,0,1,0,0,0,0,1,0,0,"- ","- ",,,"SAN FRANCISCO","SAN FRANCISCO",-122.40918284999999,37.728838150000001
8343092,2017,2017-04-17,3801,2017-03-13,1657,268,INGLE,1,5,7,3801,0,0,0,,0,3H11D,"BAYSHORE BL","BLANKEN AV",0.00,,Y,A,-,N,,,,,,,,,,Y,4,0,1,2,A,-,08,22107,,N,C,C,A,A,H,-,A,A,0,,,,,Y,,A,01,0,0,1,0,0,0,0,0,0,"- ","- ",,,"SAN FRANCISCO","SAN FRANCISCO",-122.40158997,37.712539890000002
8343101,2017,2017-04-11,3801,2017-03-21,1600,1418,TARAV,2,5,7,3801,0,0,0,,0,0I5,"VIDAL DR","GARCES DR",216.00,N,N,A,-,N,,,,,,,,,,N,4,0,1,2,A,-,08,22107,,N,C,G,A,A,H,-,A,D,0,,Y,,,Y,,L,04,0,0,1,0,0,0,1,0,0,"- ","- ",,,"SAN FRANCISCO","SAN FRANCISCO",-122.48473097,37.716703539999997
8343107,2017,2017-04-12,3801,2017-03-14,2113,2093,TARAV,2,5,7,3801,0,0,0,,0,3I12D,"19TH AV","LAWTON ST",294.00,S,N,A,-,N,,,,,,,,,,Y,4,0,2,2,A,-,21,22106,,N,C,C,A,A,H,-,C,A,0,,,,,Y,,A,01,0,0,2,0,0,0,0,0,0,"- ","- ",,,"SAN FRANCISCO","SAN FRANCISCO",-122.47664501,37.757133510000003
8343111,2017,2017-04-12,3801,2017-03-14,0830,618,TARAV,2,5,7,3801,0,0,0,,0,3II3A,"LINCOLN WY","45TH AV",0.00,,Y,A,-,N,,,,,,,,,,N,4,0,1,2,A,-,10,21950,A,N,G,B,B,A,H,-,A,A,0,Y,,,,Y,,-,,0,0,1,0,1,0,0,0,0,"- ","- ",,,"SAN FRANCISCO","SAN FRANCISCO",-122.50511992,37.76420993
8343120,2017,2017-04-19,3801,2017-03-11,1625,71,RICHM,6,5,7,3801,0,0,0,,0,901,"27TH AV","EL CAMINO DEL MAR",163.00,S,N,A,-,N,,,,,,,,,,N,4,0,1,2,A,-,21,22106,,N,H,C,A,A,H,-,A,D,0,,,,,Y,,A,01,0,0,1,0,0,0,0,0,0,"- ","- ",,,"SAN FRANCISCO","SAN FRANCISCO",-122.48738858,37.787062910000003
8343121,2017,2017-07-21,3801,2017-03-10,0918,001529,CENTR,5,5,7,3801,0,0,0,,0,3A15A,"BROADWAY TUNNEL","LARKIN ST",701.00,E,N,A,-,N,,,,,,,,,,Y,3,0,3,3,A,-,03,22350,,N,C,D,A,A,H,-,C,D,0,,,,,Y,,A,01,0,1,2,0,0,0,0,0,0,"- ","- ",,,"SAN FRANCISCO","SAN FRANCISCO",-122.41848,37.796320000000001
8343125,2017,2017-04-12,3801,2017-03-10,0900,27,,5,5,7,3801,0,0,0,,0,,"JUNIPERO SERRA BL","BROTHERHOOD WY",30.00,N,N,A,-,N,,,,,,,,,,N,4,0,2,2,A,-,03,22350,,N,C,C,A,A,H,-,A,D,0,,,,,Y,,A,07,0,0,2,0,0,0,0,0,0,"- ","- ",,,"SAN FRANCISCO","SAN FRANCISCO",-122.47138628,37.712891399999997