CASE_ID,ACCIDENT_YEAR,PROC_DATE,JURIS,COLLISION_DATE,COLLISION_TIME,OFFICER_ID,REPORTING_DISTRICT,DAY_OF_WEEK,CHP_SHIFT,POPULATION,CNTY_CITY_LOC,SPECIAL_COND,BEAT_TYPE,CHP_BEAT_TYPE,CITY_DIVISION_LAPD,CHP_BEAT_CLASS,BEAT_NUMBER,PRIMARY_RD,SECONDARY_RD,DISTANCE,DIRECTION,INTERSECTION,WEATHER_1,WEATHER_2,STATE_HWY_IND,CALTRANS_COUNTY,CALTRANS_DISTRICT,STATE_ROUTE,ROUTE_SUFFIX,POSTMILE_PREFIX,POSTMILE,LOCATION_TYPE,RAMP_INTERSECTION,SIDE_OF_HWY,TOW_AWAY,COLLISION_SEVERITY,NUMBER_KILLED,NUMBER_INJURED,PARTY_COUNT,PRIMARY_COLL_FACTOR,PCF_CODE_OF_VIOL,PCF_VIOL_CATEGORY,PCF_VIOLATION,PCF_VIOL_SUBSECTION,HIT_AND_RUN,TYPE_OF_COLLISION,MVIW,PED_ACTION,ROAD_SURFACE,ROAD_COND_1,ROAD_COND_2,LIGHTING,CONTROL_DEVICE,CHP_ROAD_TYPE,PEDESTRIAN_ACCIDENT,BICYCLE_ACCIDENT,MOTORCYCLE_ACCIDENT,TRUCK_ACCIDENT,NOT_PRIVATE_PROPERTY,ALCOHOL_INVOLVED,STWD_VEHTYPE_AT_FAULT,CHP_VEHTYPE_AT_FAULT,COUNT_SEVERE_INJ,COUNT_VISIBLE_INJ,COUNT_COMPLAINT_PAIN,COUNT_PED_KILLED,COUNT_PED_INJURED,COUNT_BICYCLIST_KILLED,COUNT_BICYCLIST_INJURED,COUNT_MC_KILLED,COUNT_MC_INJURED,PRIMARY_RAMP,SECONDARY_RAMP,LATITUDE,LONGITUDE,COUNTY,CITY,POINT_X,POINT_Y
8491333,2017,2017-12-05,3801,2017-10-23,0647,2456,COC,1,5,7,3801,0,0,0,,0,3C11A,"MARIPOSA ST","MINNESOTA ST",10.00,W,N,A,-,N,,,,,,,,,,Y,3,0,1,3,A,-,07,21658,A,N,B,C,A,A,H,-,B,A,0,,,Y,,Y,,A,01,0,1,0,0,0,0,0,0,1,"- ","- ",,,"SAN FRANCISCO","SAN FRANCISCO",-122.39084449000001,37.764207769999999
8491346,2017,2017-11-28,3801,2017-10-05,1300,4341,PARK,4,5,7,3801,0,0,0,,0,3F4A,"CASTRO ST","14TH ST",0.00,,Y,A,-,N,,,,,,,,,,Y,4,0,2,2,A,-,12,21453,A,N,D,C,A,A,H,-,A,A,0,,,,,Y,,A,01,0,0,2,0,0,0,0,0,0,"- ","- ",,,"SAN FRANCISCO","SAN FRANCISCO",-122.43561999000001,37.767329920000002
8491348,2017,2017-12-04,3801,2017-10-05,0808,351,,4,5,7,3801,0,0,0,,0,3B1A,"THE EMBARCADERO","BRANNAN ST",315.00,N,N,A,-,N,,,,,,,,,,N,3,0,1,2,A,-,08,22107,,N,-,G,A,A,H,-,A,A,0,,Y,,,Y,,A,01,0,1,0,0,0,0,1,0,0,"- ","- ",,,"SAN FRANCISCO","SAN FRANCISCO",-122.38812416,37.785643759999999
8491380,2017,2017-11-28,3801,2017-10-17,0728,4136,INGLE,2,5,7,3801,0,0,0,,0,3H13A,"MONTEREY BL","EDNA ST",100.00,W,N,A,-,N,,,,,,,,,,Y,4,0,1,2,A,-,21,22106,,N,D,D,A,A,H,-,A,D,0,,,,,Y,,-,,0,0,1,0,0,0,0,0,0,"- ","- ",,,"SAN FRANCISCO","SAN FRANCISCO",-122.44761587000001,37.73155697
8491392,2017,2017-11-28,3801,2017-10-15,1822,595,TENDE,7,5,7,3801,0,0,0,,0,3J13D,"LARKIN ST","EDDY ST",13.00,N,N,A,-,N,,,,,,,,,,N,4,0,1,2,A,-,03,22350,,N,D,G,A,A,H,-,B,A,0,,Y,,,Y,,L,04,0,0,1,0,0,0,1,0,0,"- ","- ",,,"SAN FRANCISCO","SAN FRANCISCO",-122.41752734000001,37.783335229999999
8491395,2017,2017-11-27,3801,2017-10-24,0916,614,SOUTH,2,5,7,3801,0,0,0,,0,003,"8TH ST","BRYANT ST",260.00,S,N,A,-,N,,,,,,,,,,N,3,0,1,2,A,-,08,22107,,N,D,G,A,A,H,-,A,-,0,,Y,,,Y,,A,01,0,1,0,0,0,0,1,0,0,"- ","- ",,,"SAN FRANCISCO","SAN FRANCISCO",-122.40662,37.772080000000003
8491400,2017,2018-02-06,3801,2017-10-17,1747,2708,PARK,2,5,7,3801,0,0,0,,0,3F13C,"TURK ST","LYON ST",0.00,,Y,A,-,N,,,,,,,,,,N,4,0,1,3,A,-,09,21802,A,N,D,C,A,A,H,-,A,D,0,,,Y,,Y,,A,01,0,0,1,0,0,0,0,0,1,"- ","- ",,,"SAN FRANCISCO","SAN FRANCISCO",-122.44373987,37.779049980000003
8491428,2017,2017-11-28,3801,2017-10-09,0910,555,NORTH,1,5,7,3801,0,0,0,,0,3E12C,"6TH ST","MINNA ST",10.00,S,N,A,-,N,,,,,,,,,,N,4,0,1,2,A,-,04,21703,,F,C,C,A,A,H,-,A,A,0,,,,,Y,,A,01,0,0,1,0,0,0,0,0,0,"- ","- ",,,"SAN FRANCISCO","SAN FRANCISCO",-122.40810569,37.780530450000001
8491432,2017,2018-01-18,3801,2017-10-10,1155,235,CENTR,2,5,7,3801,0,0,0,,0,3A13A,"LOMBARD ST","LEAVENWORTH ST",10.00,E,N,A,-,N,,,,,,,,,,N,2,0,1,2,A,-,11,21956,A,N,A,B,E,A,H,-,A,A,0,Y,,,,Y,,N,60,1,0,0,0,1,0,0,0,0,"- ","- ",,,"SAN FRANCISCO","SAN FRANCISCO",-122.4179458,37.802204279999998
8491459,2017,2017-11-28,3801,2017-10-22,2226,1111,3801,7,5,7,3801,0,0,0,,0,TARAVA,"SLOAT BL","34TH AV",0.00,,Y,A,-,N,,,,,,,,,,Y,3,0,2,2,A,-,01,23152,A,N,C,C,A,A,H,-,C,A,0,,,,,Y,Y,A,01,0,1,1,0,0,0,0,0,0,"- ","- ",,,"SAN FRANCISCO","SAN FRANCISCO",-122.49124998000001,37.73412999
8491463,2017,2018-01-18,3801,2017-10-22,1630,2020,SOUTH,7,5,7,3801,0,0,0,,0,3B12D,"RINGOLD ST","9TH ST",0.00,,Y,A,-,N,,,,,,,,,,N,2,0,1,2,A,-,11,21954,A,N,G,B,D,A,H,-,A,D,0,Y,,,,Y,,N,60,1,0,0,0,1,0,0,0,0,"- ","- ",,,"SAN FRANCISCO","SAN FRANCISCO",-122.41104989999999,37.77332998
8493286,2017,2018-06-08,3801,2017-10-22,0108,1017,MISSI,7,5,7,3801,0,0,0,,0,3D15E,"MISSION ST","20TH ST",0.00,,Y,A,-,N,,,,,,,,,,N,3,0,1,2,A,-,00,21955,A,N,G,B,D,A,H,-,C,D,0,Y,,,,Y,Y,N,60,0,1,0,0,1,0,0,0,0,"- ","- ",,,"SAN FRANCISCO","SAN FRANCISCO",-122.41903997,37.758629910000003
8493306,2017,2018-06-08,3801,2017-10-22,2331,158,NORTH,7,5,7,3801,0,0,0,,0,"2 CAR","OAK ST","DIVISADERO ST",0.00,,Y,A,-,N,,,,,,,,,,Y,4,0,1,3,A,-,12,21453,A,N,D,C,A,A,H,-,C,A,0,,,,,Y,,A,01,0,0,1,0,0,0,0,0,0,"- ","- ",,,"SAN FRANCISCO","SAN FRANCISCO",-122.43742994999999,37.773139929999999
8493351,2017,2018-06-29,3801,2017-10-22,0220,A20694,NORTH,7,5,7,3801,0,0,0,,0,000,"VAN NESS AV","HAYES ST",0.00,,Y,A,-,Y,SF,4,101,-,T,5.010,I,5,S,Y,4,0,5,3,A,-,12,21453,A,N,D,C,A,A,H,-,C,A,0,,,,,Y,,A,01,0,0,5,0,0,0,0,0,0,"- ","- ",,,"SAN FRANCISCO","SAN FRANCISCO",-122.41978329,37.777307260000001
8493516,2017,2018-06-05,3801,2017-10-12,1542,1114,BAYVI,4,5,7,3801,0,0,0,,0,3C62,"ILLINOIS ST","22ND ST",232.00,S,N,A,-,N,,,,,,,,,,N,3,0,1,2,A,-,03,22350,,N,B,C,A,D,G,-,A,D,0,,,Y,,Y,,C,02,0,1,0,0,0,0,0,0,1,"- ","- ",,,"SAN FRANCISCO","SAN FRANCISCO",-122.387287,37.75734405
8496501,2017,2017-11-18,3801,2017-10-10,1711,1537,,2,5,7,3801,0,0,0,,0,3D13D,"20TH ST","CAPP ST",0.00,,Y,A,-,N,,,,,,,,,,Y,4,0,2,2,A,-,09,21801,B,N,D,C,A,A,H,-,A,A,0,,,,,Y,,A,01,0,0,2,0,0,0,0,0,0,"- ","- ",,,"SAN FRANCISCO","SAN FRANCISCO",-122.41795995,37.758679919999999
8496517,2017,2017-11-18,3801,2017-10-01,1300,4047,"CO B",7,5,7,3801,0,0,0,,0,3B15C,"KING ST","2ND ST",0.00,,N,A,-,N,,,,,,,,,,N,4,0,1,3,A,-,17,22517,,N,H,G,A,A,H,-,A,A,0,,Y,,,Y,,A,01,0,0,1,0,0,0,1,0,0,"- ","- ",,,"SAN FRANCISCO","SAN FRANCISCO",-122.3897,37.779959959999999
8496522,2017,2017-11-18,3801,2017-10-22,0210,740,"CO D",7,5,7,3801,0,0,0,,0,3D14E,"VALENCIA ST","16TH ST",0.00,,Y,A,-,N,,,,,,,,,,N,4,0,1,2,A,-,11,21456,B,N,D,B,B,A,H,-,C,A,0,Y,,,,Y,Y,N,60,0,0,1,0,1,0,0,0,0,"- ","- ",,,"SAN FRANCISCO","SAN FRANCISCO",-122.42189,37.764909899999999
8496525,2017,2018-06-08,3801,2017-10-12,1311,1114,,4,5,7,3801,0,0,0,,0,3C62,TOLAND,EVANS,0.00,,Y,A,-,N,,,,,,,,,,N,3,0,1,2,A,-,06,21750,,N,B,C,A,D,H,-,A,A,0,,,Y,,Y,,C,02,0,1,0,0,0,0,0,0,1,"- ","- ",,,"SAN FRANCISCO","SAN FRANCISCO",-122.39594998,37.747229930000003
8496561,2017,2018-02-17,3801,2017-10-19,1828,2424,NORTH,4,5,7,3801,0,0,0,,0,3E12E,"GOLDEN GATE AV","GOLDEN GATE AV 1455",0.00,,-,B,-,N,,,,,,,,,,N,3,0,1,2,A,-,06,21750,A,N,B,G,A,B,H,-,B,A,0,,Y,,,Y,,A,01,0,1,0,0,0,0,1,0,0,"- ","- ",,,"SAN FRANCISCO","SAN FRANCISCO",-122.43451595000001,37.779236040000001
8496569,2017,2018-02-17,3801,2017-10-25,0820,97,PARK,3,5,7,3801,0,0,0,,0,3F12A,"KEZAR DR","JOHN F KENNEDY DR",39.00,W,N,A,-,N,,,,,,,,,,N,2,0,3,5,A,-,05,21460,A,N,A,C,A,A,H,-,A,A,0,,,,,Y,,A,01,1,0,2,0,0,0,0,0,0,"- ","- ",,,"SAN FRANCISCO","SAN FRANCISCO",-122.45539247000001,37.770765060000002
8496671,2017,2017-12-11,3801,2017-10-11,2050,A21524,TARAV,3,5,7,3801,0,0,0,,0,006,"DE LONG ST","CRYSTAL ST",0.00,,Y,A,-,N,,,,,,,,,,Y,4,0,1,3,A,-,05,21650,,M,B,C,A,A,H,-,C,D,0,,,,,Y,Y,A,01,0,0,1,0,0,0,0,0,0,"- ","- ",,,"SAN FRANCISCO","SAN FRANCISCO",-122.46058995,37.709629960000001
8496855,2017,2017-12-09,3801,2017-10-13,1530,4320,INGLE,5,5,7,3801,0,0,0,,0,004,"SAN JOSE","SANTA ROSA AV",0.00,,Y,A,-,N,,,,,,,,,,Y,4,0,4,2,A,-,08,22107,,N,A,C,A,A,-,-,A,A,0,,,,,Y,,A,01,0,0,4,0,0,0,0,0,0,"- ","- ",,,"SAN FRANCISCO","SAN FRANCISCO",-122.44009988000001,37.728949919999998
8498580,2017,2017-12-07,3801,2017-10-13,2059,640,MISSI,5,5,7,3801,0,0,0,,0,3D16D,"24TH ST","YORK ST",0.00,,Y,A,-,N,,,,,,,,,,Y,4,0,1,2,A,-,12,22450,A,N,D,C,A,A,H,-,C,A,0,,,,,Y,Y,A,01,0,0,1,0,0,0,0,0,0,"- ","- ",,,"SAN FRANCISCO","SAN FRANCISCO",-122.40817993,37.75286998
8504516,2017,2018-02-21,3801,2017-11-20,2322,1086,NORTH,1,5,7,3801,0,0,0,,0,3E16E,"VAN NESS AV","UNION ST",0.00,,Y,A,-,N,,,,,,,,,,N,4,0,1,2,A,-,11,21453,D,N,G,B,E,A,-,-,C,A,0,Y,,,,Y,,N,60,0,0,1,0,1,0,0,0,0,"- ","- ",,,"SAN FRANCISCO","SAN FRANCISCO",-122.42405986999999,37.798539959999999
8504702,2018,2019-03-15,3801,2018-12-21,0712,A29852,SOUTH,5,5,7,3801,0,0,0,,0,,"HOWARD ST","MAIN ST",0.00,,Y,B,C,N,,,,,,,,,,N,3,0,1,2,A,-,08,22107,,F,B,J,A,B,H,-,A,A,0,,,Y,,Y,,A,08,0,1,0,0,0,0,0,0,1,"- ","- ",,,"SAN FRANCISCO","SAN FRANCISCO",-122.39340209960938,37.790618896484375
8512597,2017,2018-07-06,3801,2017-11-19,1153,A10120,INGLE,7,5,7,3801,0,0,0,,0,3H3,"ALEMANY BL","RT 280",0.00,,Y,A,-,N,,,,,,,,,,Y,4,0,1,3,A,-,03,22350,,F,C,C,A,A,H,-,A,D,0,,,,,Y,,A,01,0,0,1,0,0,0,0,0,0,"- ","- ",37.4358,-122.24509999999999,"SAN FRANCISCO","SAN FRANCISCO",-122.46108991,37.710589910000003
8512679,2017,2018-01-12,3801,2017-11-01,1426,RAYMOND,CENTR,3,5,7,3801,0,0,0,,0,3A15C,"STOCKTON ST","BAY ST",31.00,S,N,A,-,N,,,,,,,,,,N,4,0,1,2,A,-,09,21804,A,M,B,G,A,A,H,-,A,D,0,,Y,,,Y,,A,01,0,0,1,0,0,0,1,0,0,"- ","- ",,,"SAN FRANCISCO","SAN FRANCISCO",-122.41027923999999,37.805956449999996
8512691,2017,2018-01-12,3801,2017-11-28,0750,1272,SOUTH,2,5,7,3801,0,0,0,,0,002,"MISSION ST","JESSIE ST",0.00,,N,A,-,N,,,,,,,,,,N,3,0,1,2,A,-,02,22400,A,N,C,C,A,A,H,-,A,D,0,,,Y,,Y,,A,01,0,1,0,0,0,0,0,0,1,"- ","- ",,,"SAN FRANCISCO","SAN FRANCISCO",-122.40603985,37.783089910000001
8512707,2017,2018-01-12,3801,2017-11-10,1309,301,RICHM,5,5,7,3801,0,0,0,,0,3G13A,"9TH AV","CALIFORNIA ST",30.00,S,N,B,-,N,,,,,,,,,,N,3,0,1,2,A,-,08,22101,D,N,D,C,A,B,H,-,A,D,0,,,,,Y,,-,,0,1,0,0,0,0,0,0,0,"- ","- ",,,"SAN FRANCISCO","SAN FRANCISCO",-122.4677638,37.784587729999998
8512715,2017,2018-01-12,3801,2017-11-27,1216,801,NORTH,1,5,7,3801,0,0,0,,0,3E12A,"OAK ST","PIERCE ST",100.00,W,N,A,-,N,,,,,,,,,,Y,4,0,1,2,A,-,04,21703,,N,C,C,A,A,H,-,A,A,0,,,,,Y,Y,A,01,0,0,1,0,0,0,0,0,0,"- ","- ",,,"SAN FRANCISCO","SAN FRANCISCO",-122.43444183,37.773497020000001
8513565,2017,2018-02-07,3801,2017-12-13,1527,A20650,RICHM,3,5,7,3801,0,0,0,,0,901,"JOHN F KENNEDY DR","JOHN F KENNEDY DR 900 BLK",0.00,,-,A,-,N,,,,,,,,,,N,3,0,1,2,A,-,07,21658,A,N,C,E,A,A,H,-,A,D,0,,Y,,,Y,,L,04,0,1,0,0,0,0,1,0,0,"- ","- ",,,"SAN FRANCISCO","SAN FRANCISCO",,
8513581,2017,2018-02-07,3801,2017-12-20,1339,310,TARAV,3,5,7,3801,0,0,0,,0,3I13B,SANTIAGO,"46TH AV",0.00,,Y,A,-,N,,,,,,,,,,N,3,0,1,2,A,-,09,21802,A,N,D,C,A,A,H,-,A,A,0,,,,,Y,,A,01,0,1,0,0,0,0,0,0,0,"- ","- ",,,"SAN FRANCISCO","SAN FRANCISCO",-122.50474998,37.743629970000001
8513750,2017,2018-02-13,3801,2017-11-12,0629,326,NORTH,7,5,7,3801,0,0,0,,0,3E14A,"FRANKLIN ST","GOLDEN GATE AV",0.00,,Y,A,-,N,,,,,,,,,,Y,4,0,1,2,D,-,00,,,N,D,C,A,A,H,-,A,A,0,,,,,Y,,-,"- ",0,0,1,0,0,0,0,0,0,"- ","- ",,,"SAN FRANCISCO","SAN FRANCISCO",-122.4221,37.780819940000001
8515283,2017,2018-01-02,3801,2017-11-26,0959,834,SOUTH,7,5,7,3801,0,0,0,,0,3B14A,"FOLSOM ST","6TH ST",0.00,,Y,B,C,N,,,,,,,,,,Y,2,0,3,3,A,-,12,21453,A,N,D,C,A,B,H,-,A,A,0,,,,Y,Y,,A,01,3,0,0,0,0,0,0,0,0,"- ","- ",,,"SAN FRANCISCO","SAN FRANCISCO",-122.40559986,37.778500000000001
8515295,2017,2017-12-27,3801,2017-11-14,1820,A06397,,2,5,7,3801,0,0,0,,0,3B15D,"BERRY ST","4TH ST",135.00,W,N,A,-,N,,,,,,,,,,N,4,0,1,2,A,-,09,21801,A,N,D,G,A,A,H,-,C,D,0,,Y,,,Y,,I,11,0,0,1,0,0,0,1,0,0,"- ","- ",,,"SAN FRANCISCO","SAN FRANCISCO",-122.39366739,37.775515400000003
8515323,2017,2017-12-27,3801,2017-11-14,0915,A11423,SOUTH,2,5,7,3801,0,0,0,,0,3B13A,"MINNA ST","JULIA ST",15.00,W,N,A,-,N,,,,,,,,,,N,4,0,1,2,A,-,17,22517,,N,B,G,A,A,H,-,A,A,0,,Y,,,Y,,I,11,0,0,1,0,0,0,1,0,0,"- ","- ",,,"SAN FRANCISCO","SAN FRANCISCO",-122.41189756999999,37.777581570000002
8515331,2017,2018-01-11,3801,2017-11-25,0830,A20696,TARAV,6,5,7,3801,0,0,0,,0,3I41,"OCEAN AV","JULES AV",0.00,,N,A,-,N,,,,,,,,,,N,4,0,1,2,A,-,08,22107,,N,B,C,A,A,H,-,A,A,0,,,,,Y,,I,11,0,0,1,0,0,0,0,0,0,"- ","- ",,,"SAN FRANCISCO","SAN FRANCISCO",-122.46122996,37.724949940000002
8515359,2017,2018-01-11,3801,2017-11-09,1505,A21154,INGLE,4,5,7,3801,0,0,0,,0,5CAR,"MORSE ST","ROYAL LN",0.00,,N,A,-,N,,,,,,,,,,Y,3,0,1,4,A,-,01,23152,A,F,B,E,A,A,H,-,A,D,0,,,,,Y,Y,A,01,0,1,0,0,0,0,0,0,0,"- ","- ",,,"SAN FRANCISCO","SAN FRANCISCO",-122.43803991,37.713349890000003
8515425,2017,2017-12-22,3801,2017-11-27,1455,890,SOUTH,1,5,7,3801,0,0,0,,0,3B46,"6TH ST","MISSION ST",10.00,N,N,A,-,N,,,,,,,,,,N,4,0,1,2,A,-,10,21950,A,N,G,B,B,A,H,-,A,A,0,Y,,,,Y,Y,A,01,0,0,1,0,1,0,0,0,0,"- ","- ",,,"SAN FRANCISCO","SAN FRANCISCO",-122.40871426,37.78099959
8515444,2017,2017-12-20,3801,2017-11-21,1028,2375,RICHM,2,5,7,3801,0,0,0,,0,3G60,"GEARY BL","ST JOSEPHS AV",5.00,W,N,A,-,N,,,,,,,,,,N,3,0,1,2,A,-,10,21950,A,N,G,B,B,A,H,-,A,A,0,Y,,,,Y,,A,07,0,1,0,0,1,0,0,0,0,"- ","- ",,,"SAN FRANCISCO","SAN FRANCISCO",-122.44278715,37.782808160000002
8515445,2017,2017-12-26,3801,2017-11-08,1410,A21266,TARAV,3,5,7,3801,0,0,0,,0,3I15B,"JUNIPERO SERRA BL","19TH AV",525.00,N,N,A,-,N,,,,,,,,,,N,4,0,1,2,A,-,03,22350,,N,C,C,A,A,H,-,A,D,0,,,,,Y,Y,A,01,0,0,1,0,0,0,0,0,0,"- ","- ",,,"SAN FRANCISCO","SAN FRANCISCO",-122.47260645999999,37.718618640000003
8515452,2017,2017-12-20,3801,2017-11-19,0432,2373,MISSI,7,5,7,3801,0,0,0,,0,3D16E,"16TH ST","S VAN NESS AV",95.00,W,N,B,-,N,,,,,,,,,,N,2,0,1,2,A,-,03,22350,,F,G,B,E,A,H,-,C,A,0,Y,,,,Y,Y,A,01,1,0,0,0,1,0,0,0,0,"- ","- ",,,"SAN FRANCISCO","SAN FRANCISCO",-122.41781772,37.765159330000003
8515464,2017,2017-12-20,3801,2017-11-21,0815,A09887,TARAV,2,5,7,3801,0,0,0,,0,3I13A,"LINCOLN WY","41ST AV",0.00,,Y,A,-,N,,,,,,,,,,Y,4,0,1,3,A,-,12,22450,A,N,D,C,A,A,H,-,A,A,0,,,,,Y,,-,,0,0,1,0,0,0,0,0,0,"- ","- ",,,"SAN FRANCISCO","SAN FRANCISCO",-122.50084998,37.764409899999997
8515473,2017,2017-12-26,3801,2017-11-02,1310,795,BAYVI,4,5,7,3801,0,0,0,,0,3C12A,"JERROLD AV","BAYSHORE BL",50.00,S,N,A,-,N,,,,,,,,,,N,4,0,1,2,A,-,04,21703,,N,C,C,A,A,H,-,A,A,0,,,,,Y,,A,01,0,0,1,0,0,0,0,0,0,"- ","- ",,,"SAN FRANCISCO","SAN FRANCISCO",-122.4034564,37.747345379999999
8515474,2017,2017-12-20,3801,2017-11-18,0230,A21777,RICHM,6,5,7,3801,0,0,0,,0,3G12E,"ARGUELLO BL","TURK ST",0.00,,Y,A,-,N,,,,,,,,,,Y,4,0,2,2,A,-,09,21801,A,N,D,C,A,A,H,-,C,A,0,,,,,Y,,A,01,0,0,2,0,0,0,0,0,0,"- ","- ",,,"SAN FRANCISCO","SAN FRANCISCO",-122.45858998,37.777249949999998
8515477,2017,2017-12-26,3801,2017-11-13,1950,A09149,COG,1,5,7,3801,0,0,0,,0,002,"MASONIC AV","GEARY BL",272.00,N,N,A,-,N,,,,,,,,,,Y,3,0,1,2,A,-,08,22107,,N,F,J,A,A,H,-,E,D,0,,,Y,,Y,,A,01,0,1,0,0,0,0,0,0,1,"- ","- ",,,"SAN FRANCISCO","SAN FRANCISCO",-122.44786999999999,37.78228
8515480,2017,2017-12-20,3801,2017-11-20,0837,859,TENDE,1,5,7,3801,0,0,0,,0,03J,"MARKET ST","7TH ST",0.00,,Y,B,-,N,,,,,,,,,,N,4,0,1,1,A,-,03,22350,,N,H,J,A,A,H,-,A,A,0,,Y,,,Y,,L,04,0,0,1,0,0,0,1,0,0,"- ","- ",,,"SAN FRANCISCO","SAN FRANCISCO",-122.4125099,37.780479900000003
8515486,2017,2018-01-19,3801,2017-11-18,1020,2105,CENTR,6,5,7,3801,0,0,0,,0,3A40B,"COLUMBUS AV","FRANCISCO ST",0.00,,Y,A,-,N,,,,,,,,,,N,2,0,1,1,A,-,03,22350,A,N,H,-,A,A,H,-,A,D,0,,,,,Y,,-,,1,0,0,0,0,0,0,0,0,"- ","- ",,,"SAN FRANCISCO","SAN FRANCISCO",-122.41606985999999,37.804409939999999
8515494,2017,2018-01-09,3801,2017-11-02,1945,1763,MISSI,4,5,7,3801,0,0,0,,0,908,"17TH ST","BRYANT ST",12.00,W,N,A,-,N,,,,,,,,,,Y,4,0,1,3,A,-,11,21950,B,N,G,B,B,A,H,-,C,A,0,Y,,,,Y,,-,"- ",0,0,1,0,1,0,0,0,0,"- ","- ",,,"SAN FRANCISCO","SAN FRANCISCO",-122.41042127999999,37.764316450000003
8515501,2017,2017-12-22,3801,2017-11-05,1531,1100,TENDE,7,5,7,3801,0,0,0,,0,3J14D,"MARKET ST","CYRIL MAGNIN ST",20.00,E,N,A,-,N,,,,,,,,,,N,3,0,1,2,A,-,04,21703,,N,C,G,A,A,H,-,A,D,0,,Y,,,Y,,L,04,0,1,0,0,0,0,1,0,0,"- ","- ",,,"SAN FRANCISCO","SAN FRANCISCO",-122.40801034,37.784038279999997
8515513,2017,2017-12-26,3801,2017-11-01,2340,2038,COF,3,5,7,3801,0,0,0,,0,3F14E,"OAK ST","BRODERICK ST",0.00,,Y,A,-,N,,,,,,,,,,N,3,0,1,2,A,-,06,21750,A,N,D,G,A,A,H,-,C,A,0,,Y,,,Y,,L,04,0,1,0,0,0,0,1,0,0,"- ","- ",,,"SAN FRANCISCO","SAN FRANCISCO",-122.4390799,37.772909929999997
8515514,2017,2017-12-20,3801,2017-11-09,1548,966,INGLE,4,5,7,3801,0,0,0,,0,3H45C,"MISSION ST","GENEVA AV",120.00,S,N,A,-,N,,,,,,,,,,Y,4,0,1,2,A,-,08,22107,,N,D,C,A,A,H,-,A,D,0,,,,,Y,,A,01,0,0,1,0,0,0,0,0,0,"- ","- ",,,"SAN FRANCISCO","SAN FRANCISCO",-122.4412485,37.71612597
8515515,2017,2018-01-19,3801,2017-11-09,0959,614,SOUTH,4,5,7,3801,0,0,0,,0,002,"FOLSOM ST","4TH ST",69.00,W,N,B,-,N,,,,,,,,,,N,4,0,1,3,A,-,07,21658,A,N,H,C,A,A,D,-,A,A,0,,,Y,,Y,,C,02,0,0,1,0,0,0,0,0,1,"- ","- ",,,"SAN FRANCISCO","SAN FRANCISCO",-122.40133133,37.781907939999996
8515563,2017,2017-12-21,3801,2017-11-12,2222,A21778,RICHM,7,5,7,3801,0,0,0,,0,3G2E,"GEARY BL","MASONIC AV",0.00,,Y,A,-,N,,,,,,,,,,N,4,0,1,2,A,-,10,21950,A,N,G,B,B,A,H,-,C,D,0,Y,,,,Y,,-,,0,0,1,0,1,0,0,0,0,"- ","- ",,,"SAN FRANCISCO","SAN FRANCISCO",-122.44786986,37.782279889999998
8515569,2017,2017-12-21,3801,2017-11-10,1715,A21940,SOUTH,5,5,7,3801,0,0,0,,0,3B14D,"9TH ST","NATOMA ST",0.00,,Y,A,-,N,,,,,,,,,,N,4,0,1,2,A,-,05,21650,1,N,B,G,A,A,H,-,B,D,0,,Y,,,Y,,L,04,0,0,1,0,0,0,1,0,0,"- ","- ",,,"SAN FRANCISCO","SAN FRANCISCO",-122.41369998,37.77541995
8515573,2017,2017-12-21,3801,2017-11-08,0205,255,INGLE,3,5,7,3801,0,0,0,,0,3H00,"SAN JOSE AV","RANDALL ST",412.00,S,N,A,-,N,,,,,,,,,,N,3,0,1,1,A,-,01,23153,A,N,A,I,A,A,H,-,C,A,0,,,,,Y,Y,A,01,0,1,0,0,0,0,0,0,0,"- ","- ",,,"SAN FRANCISCO","SAN FRANCISCO",-122.42462342,37.738765729999997
8515575,2017,2017-12-21,3801,2017-11-27,1130,A10359,TARAV,1,5,7,3801,0,0,0,,0,3I13A,"QUINTARA ST","46TH AV",0.00,E,N,A,-,N,,,,,,,,,,N,4,0,1,2,A,-,10,21950,A,N,G,B,B,A,H,-,A,A,0,Y,,,,Y,,A,01,0,0,1,0,1,0,0,0,0,"- ","- ",,,"SAN FRANCISCO","SAN FRANCISCO",-122.50501997000001,37.747359940000003
8515581,2017,2017-12-21,3801,2017-11-09,0955,1117,TENDE,4,5,7,3801,0,0,0,,0,3J11A,"JONES ST","OFARRELL ST",0.00,,Y,A,-,N,,,,,,,,,,Y,4,0,1,4,A,-,12,21453,A,N,D,C,A,A,H,-,A,A,0,,,Y,,Y,,A,01,0,0,1,0,0,0,0,0,1,"- ","- ",,,"SAN FRANCISCO","SAN FRANCISCO",-122.41296991,37.785799969999999
8515589,2017,2017-12-21,3801,2017-11-08,1756,002244,CENTR,3,5,7,3801,0,0,0,,0,A11D,"LARKIN ST","CLAY ST",15.00,E,N,A,-,N,,,,,,,,,,N,4,0,1,2,A,-,10,21950,A,N,G,B,B,A,H,-,C,D,0,Y,,,,Y,,A,01,0,0,1,0,1,0,0,0,0,"- ","- ",,,"SAN FRANCISCO","SAN FRANCISCO",-122.41940212999999,37.792549270000002
8515590,2017,2018-02-20,3801,2017-11-05,1532,2379,INGLE,7,5,7,3801,0,0,0,,0,3H16C,"MISSION ST","EXCELSIOR AV",0.00,,Y,A,-,N,,,,,,,,,,N,2,0,1,2,A,-,10,21950,A,N,G,B,B,B,-,-,D,A,0,Y,,,,Y,Y,A,01,1,0,0,0,1,0,0,0,0,"- ","- ",,,"SAN FRANCISCO","SAN FRANCISCO",-122.43363988,37.726239960000001