CASE_ID,ACCIDENT_YEAR,PROC_DATE,JURIS,COLLISION_DATE,COLLISION_TIME,OFFICER_ID,REPORTING_DISTRICT,DAY_OF_WEEK,CHP_SHIFT,POPULATION,CNTY_CITY_LOC,SPECIAL_COND,BEAT_TYPE,CHP_BEAT_TYPE,CITY_DIVISION_LAPD,CHP_BEAT_CLASS,BEAT_NUMBER,PRIMARY_RD,SECONDARY_RD,DISTANCE,DIRECTION,INTERSECTION,WEATHER_1,WEATHER_2,STATE_HWY_IND,CALTRANS_COUNTY,CALTRANS_DISTRICT,STATE_ROUTE,ROUTE_SUFFIX,POSTMILE_PREFIX,POSTMILE,LOCATION_TYPE,RAMP_INTERSECTION,SIDE_OF_HWY,TOW_AWAY,COLLISION_SEVERITY,NUMBER_KILLED,NUMBER_INJURED,PARTY_COUNT,PRIMARY_COLL_FACTOR,PCF_CODE_OF_VIOL,PCF_VIOL_CATEGORY,PCF_VIOLATION,PCF_VIOL_SUBSECTION,HIT_AND_RUN,TYPE_OF_COLLISION,MVIW,PED_ACTION,ROAD_SURFACE,ROAD_COND_1,ROAD_COND_2,LIGHTING,CONTROL_DEVICE,CHP_ROAD_TYPE,PEDESTRIAN_ACCIDENT,BICYCLE_ACCIDENT,MOTORCYCLE_ACCIDENT,TRUCK_ACCIDENT,NOT_PRIVATE_PROPERTY,ALCOHOL_INVOLVED,STWD_VEHTYPE_AT_FAULT,CHP_VEHTYPE_AT_FAULT,COUNT_SEVERE_INJ,COUNT_VISIBLE_INJ,COUNT_COMPLAINT_PAIN,COUNT_PED_KILLED,COUNT_PED_INJURED,COUNT_BICYCLIST_KILLED,COUNT_BICYCLIST_INJURED,COUNT_MC_KILLED,COUNT_MC_INJURED,PRIMARY_RAMP,SECONDARY_RAMP,LATITUDE,LONGITUDE,COUNTY,CITY,POINT_X,POINT_Y
8515597,2017,2017-12-21,3801,2017-11-08,0536,A21283,TARAV,3,5,7,3801,0,0,0,,0,3I13E,"PORTOLA DR","VICENTE ST",0.00,,Y,A,-,N,,,,,,,,,,Y,4,0,3,2,A,-,12,21457,A,N,D,C,A,A,H,-,C,A,0,,,,,Y,,A,01,0,0,3,0,0,0,0,0,0,"- ","- ",,,"SAN FRANCISCO","SAN FRANCISCO",-122.46625994,37.739229909999999
8515600,2017,2017-12-22,3801,2017-11-20,1130,4095,D,1,5,7,3801,0,0,0,,0,003,"VALENCIA ST","23RD ST",250.00,N,N,A,-,N,,,,,,,,,,N,4,0,1,1,C,-,18,,,N,E,I,A,A,H,-,A,D,0,,,,,Y,,-,"- ",0,0,1,0,0,0,0,0,0,"- ","- ",,,"SAN FRANCISCO","SAN FRANCISCO",-122.42087567,37.754384809999998
8515620,2017,2017-12-20,3801,2017-11-30,1905,A10726,NORTH,4,5,7,3801,0,0,0,,0,3E13D,"POLK ST","CLAY ST",132.00,S,N,A,-,N,,,,,,,,,,N,3,0,1,2,A,-,17,22517,,N,B,G,A,A,H,-,C,D,0,,Y,,,Y,,A,01,0,1,0,0,0,0,1,0,0,"- ","- ",,,"SAN FRANCISCO","SAN FRANCISCO",-122.42097759000001,37.792031960000003
8515631,2017,2017-12-20,3801,2017-11-26,1210,1580,SOUTH,7,5,7,3801,0,0,0,,0,3B14C,"10TH ST","BRYANT ST",0.00,,Y,C,-,N,,,,,,,,,,N,4,0,1,2,D,-,00,,,N,C,C,A,B,H,-,A,D,0,,,,,Y,,-,"- ",0,0,1,0,0,0,0,0,0,"- ","- ",,,"SAN FRANCISCO","SAN FRANCISCO",-122.40973986,37.770339909999997
8515643,2017,2017-12-20,3801,2017-11-25,1940,2719,BAYVI,6,5,7,3801,0,0,0,,0,003,"3RD ST","PALOU AV",0.00,,Y,A,-,N,,,,,,,,,,Y,4,0,1,2,A,-,12,21453,A,F,D,-,A,A,H,-,C,A,0,,,,,Y,,A,01,0,0,1,0,0,0,0,0,0,"- ","- ",,,"SAN FRANCISCO","SAN FRANCISCO",-122.3910599,37.734039940000002
8515655,2017,2018-01-25,3801,2017-11-04,1223,4006,NORTH,6,5,7,3801,0,0,0,,0,3E13C,"PIERCE ST","CHESTNUT ST",104.00,S,N,A,-,N,,,,,,,,,,Y,4,0,1,2,A,-,00,21760,,N,B,C,A,A,H,-,A,D,0,,,,,Y,,A,01,0,0,1,0,0,0,0,0,0,"- ","- ",,,"SAN FRANCISCO","SAN FRANCISCO",-122.43946969,37.800117110000002
8515671,2017,2017-12-20,3801,2017-11-17,1134,708,MISSI,5,5,7,3801,0,0,0,,0,3D11A,"GUERRERO ST","24TH ST",0.00,,Y,A,-,N,,,,,,,,,,N,4,0,1,2,A,-,08,22107,,N,B,C,A,A,H,-,A,A,0,,,,,Y,,A,07,0,0,1,0,0,0,0,0,0,"- ","- ",,,"SAN FRANCISCO","SAN FRANCISCO",-122.42286987999999,37.751999920000003
8516002,2017,2018-07-06,3801,2017-11-22,1703,A10726,NORTH,3,5,7,3801,0,0,0,,0,3E15D,"LOMBARD ST","BRODERICK ST",0.00,,N,A,-,Y,SF,4,101,-,-,7.770,H,-,N,N,4,0,1,3,D,-,00,,,N,B,C,A,A,H,-,C,D,0,,,,,Y,,-,"- ",0,0,1,0,0,0,0,0,0,"- ","- ",,,"SAN FRANCISCO","SAN FRANCISCO",-122.44406607000001,37.798881229999999
8516006,2017,2018-06-05,3801,2017-11-24,1015,4359,MISSI,5,5,7,3801,0,0,0,,0,901,"GUERRERO ST","18TH ST",0.00,,Y,A,-,N,,,,,,,,,,Y,4,0,1,2,A,-,09,21801,A,N,D,C,A,A,H,-,A,A,0,,,Y,,Y,,A,07,0,0,1,0,0,0,0,0,1,"- ","- ",,,"SAN FRANCISCO","SAN FRANCISCO",-122.42379996,37.761579930000003
8516034,2017,2018-06-08,3801,2017-11-12,1834,A21811,PARK,7,5,7,3801,0,0,0,,0,3F13D,"STANYAN ST","JOHN F KENNEDY DR",0.00,,N,A,-,N,,,,,,,,,,N,4,0,1,2,A,-,04,21703,,F,C,C,A,A,H,-,C,A,0,,,Y,,Y,,A,01,0,0,1,0,0,0,0,0,1,"- ","- ",,,"SAN FRANCISCO","SAN FRANCISCO",-122.45397997000001,37.771479970000001
8532680,2017,2018-01-29,3801,2017-12-02,1457,A10619,MISSI,6,5,7,3801,0,0,0,,0,3D15D,"16TH ST","MISSION ST",2.00,E,N,A,-,N,,,,,,,,,,N,4,0,1,2,A,-,10,21950,A,F,G,B,B,A,H,-,A,A,0,Y,,,,Y,Y,D,22,0,0,1,0,1,0,0,0,0,"- ","- ",,,"SAN FRANCISCO","SAN FRANCISCO",-122.41966309999999,37.765050369999997
8532683,2017,2018-02-12,3801,2017-10-30,0620,1288,,1,5,7,3801,0,0,0,,0,311A,"PINE ST","LARKIN ST",0.00,,Y,A,-,N,,,,,,,,,,N,4,0,1,3,A,-,06,21750,A,N,D,C,A,A,H,-,A,A,0,,,,Y,Y,,F,21,0,0,1,0,0,0,0,0,0,"- ","- ",,,"SAN FRANCISCO","SAN FRANCISCO",-122.41885990999999,37.789829990000001
8532691,2017,2018-06-08,3801,2017-12-22,0745,470,CENTR,5,5,7,3801,0,0,0,,0,3A11A,"POST ST","TAYLOR ST",0.00,,Y,A,-,N,,,,,,,,,,Y,3,0,1,2,A,-,12,21453,A,N,D,D,A,A,H,-,A,A,0,,,,,Y,,I,11,0,1,0,0,0,0,0,0,0,"- ","- ",,,"SAN FRANCISCO","SAN FRANCISCO",-122.41169988999999,37.78785997
8532699,2017,2018-01-29,3801,2017-12-20,1419,244,NORTH,3,5,7,3801,0,0,0,,0,3E11C,"FELL ST","FILLMORE ST",42.00,E,N,A,-,N,,,,,,,,,,N,4,0,1,3,A,-,03,22350,,N,C,C,A,A,H,-,A,A,0,,,,,Y,,A,01,0,0,1,0,0,0,0,0,0,"- ","- ",,,"SAN FRANCISCO","SAN FRANCISCO",-122.43085678,37.774909729999997
8532708,2017,2018-03-05,3801,2017-12-29,1128,4254,CENTR,5,5,7,3801,0,0,0,,0,3A12C,"POWELL ST","OFARRELL ST",36.00,S,N,A,-,N,,,,,,,,,,,4,0,1,2,C,-,18,,,N,-,J,A,A,H,-,A,A,0,,,,,Y,,-,"- ",0,0,1,0,0,0,0,0,0,"- ","- ",,,"SAN FRANCISCO","SAN FRANCISCO",-122.40800925000001,37.786342480000002
8532776,2017,2018-01-26,3801,2017-11-30,1125,1714,NORTH,4,5,7,3801,0,0,0,,0,1CAR,"MARKET ST","OCTAVIA ST",0.00,,Y,A,-,N,,,,,,,,,,N,3,0,1,2,A,-,08,22101,D,N,H,G,A,A,H,-,A,A,0,,Y,,,Y,,A,01,0,1,0,0,0,0,1,0,0,"- ","- ",37.771819999999998,-122.42343,"SAN FRANCISCO","SAN FRANCISCO",-122.42358993000001,37.771779950000003
8532791,2017,2018-01-29,3801,2017-12-27,2150,2732,SOUTH,3,5,7,3801,0,0,0,,0,3B12E,"5TH ST","BRANNAN ST",0.00,,Y,A,-,N,,,,,,,,,,N,4,0,1,2,A,-,05,21650,1,N,D,G,A,A,H,-,C,A,0,,Y,,,Y,,L,04,0,0,1,0,0,0,1,0,0,"- ","- ",,,"SAN FRANCISCO","SAN FRANCISCO",-122.39875995,37.776569889999998
8536844,2017,2018-02-12,3801,2017-12-12,1440,916,BAYVI,2,5,7,3801,0,0,0,,0,3C13D,"MENDELL ST","FAIRFAX AV",0.00,,Y,A,-,N,,,,,,,,,,N,4,0,1,2,A,-,03,22350,,N,D,C,A,A,H,-,A,A,0,,,,,Y,,-,"- ",0,0,1,0,0,0,0,0,0,"- ","- ",,,"SAN FRANCISCO","SAN FRANCISCO",-122.38529997000001,37.740239989999999
8539804,2017,2018-02-03,3801,2017-12-29,0921,979,BAYVI,5,5,7,3801,0,0,0,,0,3C12A,"SAN BRUNO AV","ALEMANY BL",0.00,,Y,A,-,N,,,,,,,,,,N,4,0,1,2,A,-,04,21703,,F,C,C,A,A,H,-,A,A,0,,,,,Y,Y,A,07,0,0,1,0,0,0,0,0,0,"- ","- ",,,"SAN FRANCISCO","SAN FRANCISCO",-122.40816993999999,37.735880000000002
8539813,2017,2018-01-26,3801,2017-12-04,1507,A20726,BAYVI,1,5,7,3801,0,0,0,,0,3C11C,"PHELPS ST","JERROLD AV",0.00,,Y,A,-,N,,,,,,,,,,Y,4,0,1,2,A,-,12,22450,A,N,D,C,A,A,H,-,A,A,0,,,,,Y,,A,07,0,0,1,0,0,0,0,0,0,"- ","- ",,,"SAN FRANCISCO","SAN FRANCISCO",-122.39126992,37.739839940000003
8539821,2017,2018-02-26,3801,2017-12-07,1809,4335,BAYVI,4,5,7,3801,0,0,0,,0,901,"INDUSTRIAL ST","SHAFTER AV",0.00,,Y,A,-,N,,,,,,,,,,Y,4,0,2,2,A,-,09,21802,A,N,D,C,A,A,H,-,C,A,0,,,,,Y,,A,01,0,0,2,0,0,0,0,0,0,"- ","- ",,,"SAN FRANCISCO","SAN FRANCISCO",-122.40428209,37.738722469999999
8539823,2017,2018-01-27,3801,2017-12-30,2034,996,BAYVI,6,5,7,3801,0,0,0,,0,3C00,"GUERRERO ST","CESAR CHAVEZ ST",12.00,N,N,A,-,N,,,,,,,,,,N,4,0,3,2,A,-,03,22350,,F,C,C,A,A,H,-,C,A,0,,,,,Y,,A,08,0,0,3,0,0,0,0,0,0,"- ","- ",,,"SAN FRANCISCO","SAN FRANCISCO",-122.42248384,37.748052819999998
8539826,2017,2018-01-27,3801,2017-12-07,1606,1290,MISSI,4,5,7,3801,0,0,0,,0,3D1C,"POTRERO AV","18TH ST",6.00,S,N,A,-,N,,,,,,,,,,Y,3,0,2,3,A,-,10,21950,A,N,G,B,B,A,H,-,A,A,0,Y,,,,Y,,A,01,0,2,0,0,2,0,0,0,0,"- ","- ",,,"SAN FRANCISCO","SAN FRANCISCO",-122.40721851000001,37.761913559999996
8539831,2017,2018-03-13,3801,2017-12-21,1946,4000,PARK,4,5,7,3801,0,0,0,,0,3CAR,"MCALLISTER ST","BRODERICK ST",0.00,,Y,A,-,N,,,,,,,,,,N,4,0,1,2,A,-,10,21950,A,F,G,B,B,A,H,-,C,D,0,Y,,,,Y,,A,01,0,0,1,0,1,0,0,0,0,"- ","- ",,,"SAN FRANCISCO","SAN FRANCISCO",-122.44002996,37.777569900000003
8539837,2017,2018-01-26,3801,2017-12-11,1703,A11409,SOUTH,1,5,7,3801,0,0,0,,0,0B2,"BRYANT ST","4TH ST",0.00,,Y,A,-,N,,,,,,,,,,Y,4,0,1,2,A,-,07,21658,A,N,B,C,A,A,H,-,C,A,0,,,,,Y,,A,01,0,0,1,0,0,0,0,0,0,"- ","- ",,,"SAN FRANCISCO","SAN FRANCISCO",-122.39806995000001,37.77957
8539839,2017,2018-02-12,3801,2017-12-23,1145,1426,INGLE,6,5,7,3801,0,0,0,,0,3H13C,"OCEAN AV","PHELAN AV",0.00,,Y,A,-,N,,,,,,,,,,N,3,0,1,2,A,-,12,21453,A,F,G,B,B,A,H,-,A,A,0,Y,,,,Y,Y,A,01,0,1,0,0,1,0,0,0,0,"- ","- ",,,"SAN FRANCISCO","SAN FRANCISCO",-122.45232991,37.723069889999998
8539844,2017,2018-01-26,3801,2017-12-11,0819,2728,MISIS,1,5,7,3801,0,0,0,,0,908,"GUERRERO ST","16TH ST",0.00,,Y,A,-,N,,,,,,,,,,Y,2,0,2,2,A,-,09,21801,A,N,-,C,A,A,H,-,A,A,0,,,,,Y,,A,01,1,0,1,0,0,0,0,0,0,"- ","- ",,,"SAN FRANCISCO","SAN FRANCISCO",-122.42409997,37.764779959999998
8539848,2017,2018-01-26,3801,2017-12-11,0805,4305,MISIS,1,5,7,3801,0,0,0,,0,3D11A,"MARKET ST","CHURCH ST",0.00,,Y,A,-,N,,,,,,,,,,N,3,0,1,2,A,-,17,22517,,N,B,G,A,A,H,-,A,A,0,,Y,,,Y,,A,01,0,1,0,0,0,0,1,0,0,"- ","- ",,,"SAN FRANCISCO","SAN FRANCISCO",-122.42893989,37.767609890000003
8539855,2017,2018-01-26,3801,2017-12-28,1157,318,SOUTH,4,5,7,3801,0,0,0,,0,003,"MISSION ST","8TH ST",5.00,W,N,A,-,N,,,,,,,,,,N,4,0,2,3,A,-,03,22350,,N,C,C,A,A,H,-,A,A,0,,,,,Y,,A,01,0,0,2,0,0,0,0,0,0,"- ","- ",,,"SAN FRANCISCO","SAN FRANCISCO",-122.41317241,37.777450430000002
8539862,2017,2018-01-26,3801,2017-12-18,2010,A21235,PARK,1,5,7,3801,0,0,0,,0,3F1D,"FREDERICK ST","ASHBURY ST",0.00,,Y,A,-,N,,,,,,,,,,Y,4,0,1,2,A,-,12,22450,A,N,A,C,A,A,H,-,C,A,0,,,Y,,Y,,C,02,0,0,1,0,0,0,0,0,1,"- ","- ",,,"SAN FRANCISCO","SAN FRANCISCO",-122.44636988000001,37.767219920000002
8539863,2017,2018-01-26,3801,2017-12-27,2020,1279,BAYVI,3,5,7,3801,0,0,0,,0,3C11D,"ILLINOIS ST","20TH ST",0.00,,Y,A,-,N,,,,,,,,,,Y,4,0,1,2,A,-,08,22107,,N,D,G,A,A,H,-,C,A,0,,Y,,,Y,,A,01,0,0,1,0,0,0,1,0,0,"- ","- ",,,"SAN FRANCISCO","SAN FRANCISCO",-122.38757986,37.760559899999997
8539875,2017,2018-03-03,3801,2017-12-26,1349,1796,RICHM,2,5,7,3801,0,0,0,,0,0G4,"GEARY BL","25TH AV",0.00,,Y,A,-,N,,,,,,,,,,N,4,0,2,2,A,-,12,21453,A,N,D,C,A,A,H,-,A,A,0,,,,,Y,,A,01,0,0,2,0,0,0,0,0,0,"- ","- ",,,"SAN FRANCISCO","SAN FRANCISCO",-122.48473993,37.780159879999999
8539876,2017,2018-01-25,3801,2017-12-02,2328,375,RICHM,6,5,7,3801,0,0,0,,0,901,"FULTON ST","FUNSTON AV",0.00,,Y,C,-,N,,,,,,,,,,N,4,0,1,2,A,-,10,21950,A,N,G,B,B,B,H,-,C,A,0,Y,,,,Y,,A,01,0,0,1,0,1,0,0,0,0,"- ","- ",,,"SAN FRANCISCO","SAN FRANCISCO",-122.47123999999999,37.773149889999999
8539887,2017,2018-01-26,3801,2017-12-25,2237,00112,CENTR,1,5,7,3801,0,0,0,,0,3A4D,"ROSS ALY","WASHINGTON ST",45.00,N,N,A,-,N,,,,,,,,,,N,3,0,1,2,A,-,00,21957,A,N,G,B,E,A,H,-,C,D,0,Y,,,,Y,,N,60,0,1,0,0,1,0,0,0,0,"- ","- ",,,"SAN FRANCISCO","SAN FRANCISCO",-122.40730413999999,37.795192129999997
8539890,2017,2018-01-26,3801,2017-12-14,0935,1794,TENDE,4,5,7,3801,0,0,0,,0,4B1I,"6TH ST","JESSIE ALY",0.00,,Y,A,-,N,,,,,,,,,,N,4,0,1,2,A,-,08,22107,,N,B,-,A,A,H,-,-,D,0,,Y,,,Y,,L,04,0,0,1,0,0,0,1,0,0,"- ","- ",,,"SAN FRANCISCO","SAN FRANCISCO",-122.40920997000001,37.781399989999997
8539891,2017,2018-01-26,3801,2017-12-23,1735,4102,E,6,5,7,3801,0,0,0,,0,3E12C,"MARKET ST","HYDE ST",0.00,,Y,B,-,N,,,,,,,,,,N,4,0,1,2,A,-,10,21950,A,F,G,-,B,A,H,-,B,A,0,Y,,,,Y,,-,,0,0,1,0,1,0,0,0,0,"- ","- ",,,"SAN FRANCISCO","SAN FRANCISCO",-122.41475996,37.778709880000001
8539893,2017,2018-09-18,3801,2017-12-09,1607,2737,RICHM,6,5,7,3801,0,0,0,,0,,"CROSSOVER DR","MARTIN LUTHER KING DR",0.00,,Y,A,-,N,,,,,,,,,,N,4,0,1,2,A,-,09,21801,A,N,D,C,A,A,H,-,A,A,0,,,,,Y,Y,A,01,0,0,1,0,0,0,0,0,0,"- ","- ",,,"SAN FRANCISCO","SAN FRANCISCO",-122.47737995999999,37.766039999999997
8539896,2017,2018-01-26,3801,2017-12-01,1305,379,RICHM,5,5,7,3801,0,0,0,,0,0G4,"33RD AV","CLEMENT ST",18.00,S,N,A,-,N,,,,,,,,,,N,3,0,1,2,A,-,11,21954,A,N,G,B,D,A,H,-,A,A,0,Y,,,,Y,,N,60,0,1,0,0,1,0,0,0,0,"- ","- ",,,"SAN FRANCISCO","SAN FRANCISCO",-122.49342636,37.781560640000002
8539919,2017,2018-01-26,3801,2017-12-15,0740,2740,BAYVI,5,5,7,3801,0,0,0,,0,3C13A,"BEATRICE LN","LILLIAN ST",0.00,,Y,A,-,N,,,,,,,,,,N,2,0,1,2,A,-,03,22350,,N,D,G,A,A,H,-,A,D,0,,Y,,,Y,,A,01,1,0,0,0,0,0,1,0,0,"- ","- ",,,"SAN FRANCISCO","SAN FRANCISCO",-122.38114992,37.731369960000002
8539944,2017,2018-01-27,3801,2017-12-02,1310,2450,INGLE,6,5,7,3801,0,0,0,,0,3H2C,"BRAZIL AV","PARIS AV",0.00,,Y,A,-,N,,,,,,,,,,Y,4,0,1,2,A,-,09,21802,A,N,D,C,A,A,H,-,A,D,0,,,,,Y,,A,01,0,0,1,0,0,0,0,0,0,"- ","- ",,,"SAN FRANCISCO","SAN FRANCISCO",-122.43320989,37.723939979999997
8539964,2017,2018-01-27,3801,2017-12-05,2029,2719,BAYVI,2,5,7,3801,0,0,0,,0,003,"INNES AV","GRIFFITH ST",0.00,,Y,A,-,N,,,,,,,,,,Y,3,0,1,2,A,-,11,21954,A,N,G,B,D,A,H,-,C,-,0,Y,,,,Y,,N,60,0,1,0,0,1,0,0,0,0,"- ","- ",,,"SAN FRANCISCO","SAN FRANCISCO",-122.37573999999999,37.732009980000001
8539980,2017,2018-01-27,3801,2017-12-04,1835,A20973,BAYVI,1,5,7,3801,0,0,0,,0,3C43,"3RD ST","LA SALLE AV",0.00,,Y,A,-,N,,,,,,,,,,N,4,0,1,2,A,-,06,21750,,N,B,G,A,A,H,-,C,A,0,,Y,,,Y,,A,01,0,0,1,0,0,0,1,0,0,"- ","- ",,,"SAN FRANCISCO","SAN FRANCISCO",-122.38993995,37.737219969999998
8539983,2017,2018-01-27,3801,2017-12-16,1539,A10120,INGLE,6,5,7,3801,0,0,0,,0,0H6,"BAYSHORE BL","ARLETA AV",0.00,,Y,A,-,N,,,,,,,,,,N,3,0,1,2,A,-,11,21456,B,N,G,B,B,A,H,-,A,A,0,Y,,,,Y,,N,60,0,1,0,0,1,0,0,0,0,"- ","- ",,,"SAN FRANCISCO","SAN FRANCISCO",-122.40260997999999,37.712269990000003
8539995,2017,2018-01-27,3801,2017-12-15,1704,907,BAYVI,5,5,7,3801,0,0,0,,0,3C14D,"GIRARD ST","DWIGHT ST",40.00,N,N,A,-,N,,,,,,,,,,Y,4,0,1,2,A,-,03,22350,,N,B,E,A,A,H,-,B,D,0,,,,,Y,,A,01,0,0,1,0,0,0,0,0,0,"- ","- ",,,"SAN FRANCISCO","SAN FRANCISCO",-122.4031438,37.723884239999997
8540139,2017,2018-01-30,3801,2017-12-04,1215,A21812,PARK,1,5,7,3801,0,0,0,,0,001,"7TH AV","LAWTON ST",98.00,S,N,A,-,N,,,,,,,,,,N,4,0,1,2,A,-,03,22350,,N,C,C,A,A,H,-,A,A,0,,,,,Y,,A,01,0,0,1,0,0,0,0,0,0,"- ","- ",,,"SAN FRANCISCO","SAN FRANCISCO",-122.46380644,37.758271430000001
8540143,2017,2018-01-30,3801,2017-12-28,1103,1944,INGLE,4,5,7,3801,0,0,0,,0,005,"ALEMANY BL","NAGLEE AV",95.00,S,N,A,-,N,,,,,,,,,,Y,4,0,1,2,A,-,03,22350,A,N,C,C,A,A,H,-,A,A,0,,,,,Y,,A,01,0,0,1,0,0,0,0,0,0,"- ","- ",,,"SAN FRANCISCO","SAN FRANCISCO",-122.44930343,37.713822630000003
8543496,2017,2018-06-08,3801,2017-12-27,2244,A21795,BAYVI,3,5,7,3801,0,0,0,,0,3C11E,"EVANS AV","SELBY ST",0.00,,Y,A,-,N,,,,,,,,,,N,4,0,1,2,A,-,07,21658,A,F,B,C,A,A,H,-,C,D,0,,,,,Y,Y,A,01,0,0,1,0,0,0,0,0,0,"- ","- ",,,"SAN FRANCISCO","SAN FRANCISCO",-122.39405991,37.746169909999999
8543512,2017,2018-06-14,3801,2017-12-05,0946,319,RICHM,2,5,7,3801,0,0,0,,0,3G13A,"PARK PRESIDIO BL","CROSSOVER DR",300.00,N,N,A,-,Y,SF,4,1,-,-,4.550,H,-,N,N,4,0,1,2,A,-,03,22350,,N,H,A,A,A,H,-,A,A,0,,,Y,,Y,,C,02,0,0,1,0,0,0,0,0,0,"- ","- ",,,"SAN FRANCISCO","SAN FRANCISCO",-122.47909375,37.772031200000001
8543898,2018,2018-07-03,3801,2018-01-22,2144,1160,,1,5,7,3801,0,0,0,,0,0B3,"16TH ST","WISCONSIN ST",60.00,E,N,A,-,N,,,,,,,,,,N,3,0,1,2,A,-,11,21955,,F,G,B,D,A,-,-,C,D,0,Y,,,,Y,,N,60,0,1,0,0,1,0,0,0,0,"- ","- ",,,"SAN FRANCISCO","SAN FRANCISCO",-122.39954376220703,37.766281127929688
8550984,2018,2018-02-27,3801,2018-01-03,1209,47,TARAV,3,5,7,3801,0,0,0,,0,3I11A,"LINCOLN WY","19TH AV",0.00,,Y,B,-,N,,,,,,,,,,N,4,0,1,2,A,-,07,21658,A,F,B,C,A,A,H,-,A,A,0,,,,,Y,,-,99,0,0,1,0,0,0,0,0,0,"- ","- ",,,"SAN FRANCISCO","SAN FRANCISCO",-122.47733306884766,37.765438079833984
8551016,2018,2018-02-20,3801,2018-01-11,0622,348,MISSI,4,5,7,3801,0,0,0,,0,901,"16TH ST","POTRERO ST",0.00,,Y,A,-,N,,,,,,,,,,Y,3,0,1,2,A,-,11,21453,D,N,G,B,B,A,H,-,C,A,0,Y,,,,Y,,I,11,0,1,0,0,1,0,0,0,0,"- ","- ",,,"SAN FRANCISCO","SAN FRANCISCO",-122.40756225585938,37.765769958496094
8552743,2017,2018-02-12,3801,2017-11-13,2356,2736,CENTR,1,5,7,3801,0,0,0,,0,3A15E,"MARKET ST","MAIN ST",0.00,,Y,A,-,N,,,,,,,,,,Y,4,0,2,2,A,-,12,21453,A,N,D,C,A,B,H,-,C,A,0,,,,,Y,Y,A,01,0,0,2,0,0,0,0,0,0,"- ","- ",,,"SAN FRANCISCO","SAN FRANCISCO",-122.39653993,37.793099900000001
8552748,2018,2018-02-14,3801,2018-01-15,1254,2746,RICHM,1,5,7,3801,0,0,0,,0,3G14A,"LAKE ST","23RD AV",0.00,,Y,A,-,N,,,,,,,,,,N,4,0,1,2,A,-,03,22350,,N,G,B,B,A,H,-,A,D,0,Y,,,,Y,,D,22,0,0,1,0,1,0,0,0,0,"- ","- ",,,"SAN FRANCISCO","SAN FRANCISCO",-122.48300170898438,37.785850524902344
8552756,2018,2018-02-21,3801,2018-01-29,1220,2456,COC,1,5,7,3801,0,0,0,,0,3C11A,"RHODE ISLAND ST","RHODE ISLAND ST 1448",0.00,,-,A,-,N,,,,,,,,,,N,2,0,1,3,D,-,00,,,N,E,I,F,A,H,-,A,D,0,Y,,,,Y,,-,"- ",1,0,0,0,1,0,0,0,0,"- ","- ",,,"SAN FRANCISCO","SAN FRANCISCO",-122.40128,37.751325000000001
8552779,2018,2018-02-14,3801,2018-01-20,0735,2452,RICHM,6,5,7,3801,0,0,0,,0,3G13A,"19TH AV","BALBOA ST",0.00,,Y,A,-,N,,,,,,,,,,Y,3,0,2,6,A,-,01,23152,A,N,F,E,A,A,H,-,A,D,0,,,,,Y,Y,D,23,0,1,1,0,0,0,0,0,0,"- ","- ",,,"SAN FRANCISCO","SAN FRANCISCO",-122.47805786132812,37.776599884033203
8552799,2018,2018-02-14,3801,2018-01-09,0900,577,INGLE,2,5,7,3801,0,0,0,,0,0H5,"ALEMANY BL","FOOTE AV",35.00,N,N,B,-,N,,,,,,,,,,N,4,0,2,2,A,-,03,22350,,N,C,C,A,B,H,-,A,D,0,,,,,Y,,A,01,0,0,2,0,0,0,0,0,0,"- ","- ",,,"SAN FRANCISCO","SAN FRANCISCO",-122.44721221923828,37.714717864990234
8552809,2018,2018-02-13,3801,2018-01-08,1842,1894,TENDE,1,5,7,3801,0,0,0,,0,3J14D,"TAYLOR ST","EDDY ST",0.00,,Y,C,-,N,,,,,,,,,,N,4,0,1,2,A,-,11,21955,,N,G,B,D,B,-,-,C,A,0,Y,,Y,,Y,,N,60,0,0,1,0,1,0,0,0,0,"- ","- ",,,"SAN FRANCISCO","SAN FRANCISCO",-122.41094970703125,37.784160614013672
8552831,2018,2018-02-14,3801,2018-01-13,2341,1060,SOUTH,6,5,7,3801,0,0,0,,0,004,"11TH ST","HARRISON ST",115.00,N,N,A,-,N,,,,,,,,,,N,4,0,1,2,A,-,08,22107,,F,D,G,A,A,H,-,C,D,0,,Y,,,Y,,A,01,0,0,1,0,0,0,1,0,0,"- ","- ",,,"SAN FRANCISCO","SAN FRANCISCO",-122.41275024414062,37.770854949951172
8552834,2018,2018-02-27,3801,2018-01-22,1203,2105,CENTR,1,5,7,3801,0,0,0,,0,3A40B,"TAYLOR ST","EMBARCADERO NORTH",0.00,,Y,A,-,N,,,,,,,,,,N,4,0,1,2,A,-,12,22450,A,N,D,C,A,-,H,-,A,A,0,,,,,Y,,-,"- ",0,0,1,0,0,0,0,0,0,"- ","- ",,,"SAN FRANCISCO","SAN FRANCISCO",-122.41585000000001,37.808990000000001
8552844,2018,2018-02-14,3801,2018-01-09,1959,2050,NORTH,2,5,7,3801,0,0,0,,0,3E14D,FRANKLIN,PACIFIC,0.00,,Y,A,-,N,,,,,,,,,,N,2,0,1,2,A,-,10,21950,A,N,G,B,B,A,H,-,C,A,0,Y,,,,Y,,A,01,1,0,0,0,1,0,0,0,0,"- ","- ",,,"SAN FRANCISCO","SAN FRANCISCO",-122.42485046386719,37.794609069824219
8552845,2018,2018-02-13,3801,2018-01-30,0926,1513,RICHM,2,5,7,3801,0,0,0,,0,3G13A,"ANZA ST","FUNSTON AV",0.00,,Y,A,-,N,,,,,,,,,,N,4,0,1,2,A,-,10,21950,A,N,A,B,B,A,H,-,A,D,0,Y,,,,Y,,A,01,0,0,1,0,1,0,0,0,0,"- ","- ",,,"SAN FRANCISCO","SAN FRANCISCO",-122.47164154052734,37.778739929199219