CASE_ID,ACCIDENT_YEAR,PROC_DATE,JURIS,COLLISION_DATE,COLLISION_TIME,OFFICER_ID,REPORTING_DISTRICT,DAY_OF_WEEK,CHP_SHIFT,POPULATION,CNTY_CITY_LOC,SPECIAL_COND,BEAT_TYPE,CHP_BEAT_TYPE,CITY_DIVISION_LAPD,CHP_BEAT_CLASS,BEAT_NUMBER,PRIMARY_RD,SECONDARY_RD,DISTANCE,DIRECTION,INTERSECTION,WEATHER_1,WEATHER_2,STATE_HWY_IND,CALTRANS_COUNTY,CALTRANS_DISTRICT,STATE_ROUTE,ROUTE_SUFFIX,POSTMILE_PREFIX,POSTMILE,LOCATION_TYPE,RAMP_INTERSECTION,SIDE_OF_HWY,TOW_AWAY,COLLISION_SEVERITY,NUMBER_KILLED,NUMBER_INJURED,PARTY_COUNT,PRIMARY_COLL_FACTOR,PCF_CODE_OF_VIOL,PCF_VIOL_CATEGORY,PCF_VIOLATION,PCF_VIOL_SUBSECTION,HIT_AND_RUN,TYPE_OF_COLLISION,MVIW,PED_ACTION,ROAD_SURFACE,ROAD_COND_1,ROAD_COND_2,LIGHTING,CONTROL_DEVICE,CHP_ROAD_TYPE,PEDESTRIAN_ACCIDENT,BICYCLE_ACCIDENT,MOTORCYCLE_ACCIDENT,TRUCK_ACCIDENT,NOT_PRIVATE_PROPERTY,ALCOHOL_INVOLVED,STWD_VEHTYPE_AT_FAULT,CHP_VEHTYPE_AT_FAULT,COUNT_SEVERE_INJ,COUNT_VISIBLE_INJ,COUNT_COMPLAINT_PAIN,COUNT_PED_KILLED,COUNT_PED_INJURED,COUNT_BICYCLIST_KILLED,COUNT_BICYCLIST_INJURED,COUNT_MC_KILLED,COUNT_MC_INJURED,PRIMARY_RAMP,SECONDARY_RAMP,LATITUDE,LONGITUDE,COUNTY,CITY,POINT_X,POINT_Y
8602980,2018,2018-05-22,3801,2018-04-08,2009,1375,MISSI,7,5,7,3801,0,0,0,,0,3D11E,"MARKET ST","SANCHEZ ST",0.00,,Y,A,-,N,,,,,,,,,,N,4,0,1,2,A,-,04,21703,,F,C,C,A,A,H,-,C,A,0,,,,,Y,,A,07,0,0,1,0,0,0,0,0,0,"- ","- ",,,"SAN FRANCISCO","SAN FRANCISCO",-122.43100738525391,37.765979766845703
8602981,2018,2018-05-22,3801,2018-04-19,1053,4005,MISSI,4,5,7,3801,0,0,0,,0,901,"17TH ST","S VAN NESS AV",120.00,E,N,A,-,N,,,,,,,,,,N,4,0,1,2,A,-,06,21750,A,N,D,C,A,A,H,-,A,D,0,,,Y,,Y,,C,02,0,0,1,0,0,0,0,0,1,"- ","- ",,,"SAN FRANCISCO","SAN FRANCISCO",-122.41692352294922,37.763580322265625
8602983,2018,2018-05-22,3801,2018-04-25,1410,A10333,NORTH,3,5,7,3801,0,0,0,,0,3E1C,"TURK ST","PIERCE ST",7.00,E,N,A,-,N,,,,,,,,,,N,4,0,1,2,A,-,10,21950,A,F,G,B,B,A,H,-,A,A,0,Y,,,,Y,,A,01,0,0,1,0,1,0,0,0,0,"- ","- ",,,"SAN FRANCISCO","SAN FRANCISCO",-122.43540954589844,37.780082702636719
8602988,2018,2018-06-12,3801,2018-04-08,0915,1116,MISSI,7,5,7,3801,0,0,0,,0,3D15A,"22ND ST","VALENCIA ST",0.00,,Y,A,-,N,,,,,,,,,,N,4,0,1,2,A,-,09,21801,A,N,D,G,A,A,H,-,A,A,0,,Y,,,Y,,A,01,0,0,1,0,0,0,1,0,0,"- ","- ",,,"SAN FRANCISCO","SAN FRANCISCO",-122.42096710205078,37.75531005859375
8603028,2018,2018-05-22,3801,2018-04-05,1615,555,PARK,4,5,7,3801,0,0,0,,0,3F62,"KEZAR DR","JOHN F KENNEDY DR",150.00,S,N,B,-,N,,,,,,,,,,Y,3,0,1,3,A,-,08,22107,,N,B,C,A,A,H,-,A,D,0,,,,,Y,,A,01,0,1,0,0,0,0,0,0,0,"- ","- ",,,"SAN FRANCISCO","SAN FRANCISCO",-122.45545959472656,37.770465850830078
8603037,2018,2018-05-22,3801,2018-04-21,0310,417,SOUTH,6,5,7,3801,0,0,0,,0,3B11E,"KING ST","TOWNSEND ST",262.00,W,N,A,-,N,,,,,,,,,,Y,2,0,5,1,A,-,01,23152,A,N,E,I,A,A,H,-,C,D,0,,,,,Y,Y,A,08,1,1,3,0,0,0,0,0,0,"- ","- ",,,"SAN FRANCISCO","SAN FRANCISCO",-122.38927459716797,37.781570434570312
8603056,2018,2018-05-22,3801,2018-04-20,1015,1342,NORTH,5,5,7,3801,0,0,0,,0,0E4,"POST ST","SCOTT ST",0.00,,Y,A,-,N,,,,,,,,,,N,4,0,2,3,A,-,10,21950,A,F,G,B,B,A,-,-,A,A,0,Y,,,,Y,,A,01,0,0,2,0,2,0,0,0,0,"- ","- ",,,"SAN FRANCISCO","SAN FRANCISCO",-122.43800354003906,37.784530639648438
8603076,2018,2018-05-22,3801,2018-04-14,0445,A07632,SOUTH,6,5,7,3801,0,0,0,,0,3B16E,"AVENUE N","8TH ST",0.00,,Y,A,-,N,,,,,,,,,,N,3,0,1,1,A,-,03,22350,,N,F,A,A,A,H,-,C,D,0,,,,,Y,,M,96,0,1,0,0,0,0,0,0,0,"- ","- ",,,"SAN FRANCISCO","SAN FRANCISCO",-122.36543273925781,37.826091766357422
8603088,2018,2018-05-22,3801,2018-04-22,1629,A22572,SOUTH,7,5,7,3801,0,0,0,,0,3B12D,"HARRISON ST","2ND ST",0.00,,Y,A,-,N,,,,,,,,,,N,3,0,1,2,A,-,10,21950,A,N,G,B,B,A,H,-,A,A,0,Y,,,,Y,,A,01,0,1,0,0,1,0,0,0,0,"- ","- ",,,"SAN FRANCISCO","SAN FRANCISCO",-122.39517974853516,37.784328460693359
8603104,2018,2018-05-22,3801,2018-04-01,1200,1052,RICHM,7,5,7,3801,0,0,0,,0,3G14C,"PRESIDIO AV","PINE ST",15.00,W,N,A,-,N,,,,,,,,,,Y,4,0,5,3,A,-,12,21453,A,N,D,C,A,A,H,-,A,A,0,,,,,Y,,A,01,0,0,5,0,0,0,0,0,0,"- ","- ",,,"SAN FRANCISCO","SAN FRANCISCO",-122.44660949707031,37.786331176757812
8603120,2018,2018-05-22,3801,2018-04-09,1442,A03640,SOUTH,1,5,7,3801,0,0,0,,0,3B5C,"THE EMBARCADERO SOUTH","HOWARD ST",77.00,S,N,A,-,N,,,,,,,,,,N,4,0,1,2,A,-,08,22107,,N,D,J,A,A,H,-,A,D,0,,,,,Y,,A,01,0,0,1,0,0,0,0,0,0,"- ","- ",,,"SAN FRANCISCO","SAN FRANCISCO",-122.39112854003906,37.792125701904297
8605747,2018,2018-05-09,3801,2018-03-20,1138,1500,CENTR,2,5,7,3801,0,0,0,,0,3A13A,NORTHPOINT,"REFERENCE POINT",35.00,W,N,B,-,N,,,,,,,,,,Y,3,0,1,2,A,-,21,22106,,N,C,E,A,B,H,-,A,D,0,,,,,Y,,A,01,0,1,0,0,0,0,0,0,0,"- ","- ",,,"SAN FRANCISCO","SAN FRANCISCO",,
8605751,2018,2018-05-15,3801,2018-03-15,2210,2471,CENTR,4,5,7,3801,0,0,0,,0,3A14E,"BATTERY ST","WASHINGTON ST",0.00,,Y,C,G,N,,,,,,,,,,Y,4,0,5,3,A,-,12,21453,A,N,D,C,A,B,-,-,C,A,0,,,,,Y,,-,"- ",0,0,5,0,0,0,0,0,0,"- ","- ",,,"SAN FRANCISCO","SAN FRANCISCO",-122.40049743652344,37.795890808105469
8611769,2018,2018-04-25,3801,2018-03-05,1445,1125,NORTH,1,5,7,3801,0,0,0,,0,3E14C,"MARINA BL","SCOTT ST",0.00,,Y,A,-,N,,,,,,,,,,N,4,0,1,2,A,-,09,21801,A,N,-,G,A,A,H,-,A,A,0,,Y,,,Y,,A,01,0,0,1,0,0,0,1,0,0,"- ","- ",,,"SAN FRANCISCO","SAN FRANCISCO",-122.44225311279297,37.805778503417969
8611773,2018,2018-05-01,3801,2018-03-22,0039,2355,PARK,4,5,7,3801,0,0,0,,0,0F3,"STANYAN ST","OAK ST",0.00,,Y,C,-,N,,,,,,,,,,N,4,0,1,2,A,-,03,22350,,N,C,C,A,A,H,-,C,A,0,,,Y,,Y,,A,01,0,0,1,0,0,0,0,0,1,"- ","- ",,,"SAN FRANCISCO","SAN FRANCISCO",-122.45395660400391,37.771350860595703
8611789,2018,2018-04-25,3801,2018-03-05,1838,317,MISSI,1,5,7,3801,0,0,0,,0,3D11D,"CHURCH ST","17TH ST",15.00,N,N,A,-,N,,,,,,,,,,N,4,0,1,1,C,-,18,,,N,E,A,A,A,C,-,C,A,0,,Y,,,Y,,-,"- ",0,0,1,0,0,0,1,0,0,"- ","- ",,,"SAN FRANCISCO","SAN FRANCISCO",-122.42851257324219,37.762920379638672
8617228,2018,2018-05-22,3801,2018-04-30,1601,556,RICHM,1,5,7,3801,0,0,0,,0,3G3D,"MASONIC AV","GEARY BL",0.00,,Y,A,-,N,,,,,,,,,,Y,4,0,1,2,A,-,03,22350,A,N,D,C,A,A,H,-,A,A,0,,,,,Y,,A,01,0,0,1,0,0,0,0,0,0,"- ","- ",,,"SAN FRANCISCO","SAN FRANCISCO",-122.44786834716797,37.782279968261719
8618815,2018,2018-05-18,3801,2018-03-27,1416,219,BAYVI,2,5,7,3801,0,0,0,,0,3C11A,"23RD ST","IOWA ST",0.00,,Y,A,-,N,,,,,,,,,,Y,4,0,2,2,A,-,09,21803,A,N,D,C,A,A,H,-,A,D,0,,,,,Y,,A,01,0,0,2,0,0,0,0,0,0,"- ","- ",,,"SAN FRANCISCO","SAN FRANCISCO",-122.39206695556641,37.755168914794922
8618823,2018,2018-05-21,3801,2018-04-03,2005,A10725,NORTH,2,5,7,3801,0,0,0,,0,001,"WEBSTER ST","PAGE ST",0.00,,Y,A,-,N,,,,,,,,,,N,4,0,1,2,D,-,00,,,N,G,B,B,A,H,-,A,D,0,Y,,,,Y,,-,"- ",0,0,1,0,1,0,0,0,0,"- ","- ",,,"SAN FRANCISCO","SAN FRANCISCO",-122.42897033691406,37.773250579833984
8619115,2018,2018-05-22,3801,2018-04-24,2221,2353,NORTH,2,5,7,3801,0,0,0,,0,005,"SCOTT ST","UNION ST",21.00,S,N,A,-,N,,,,,,,,,,Y,4,0,1,3,A,-,03,22350,,F,C,E,A,A,H,-,D,D,0,,,,,Y,,A,01,0,0,1,0,0,0,0,0,0,"- ","- ",,,"SAN FRANCISCO","SAN FRANCISCO",-122.44039916992188,37.796394348144531
8619204,2018,2018-05-21,3801,2018-04-15,1805,738,NORTH,7,5,7,3801,0,0,0,,0,3E15D,"GREENWICH ST","BUCHANAN ST",0.00,,Y,C,-,N,,,,,,,,,,N,4,0,1,2,A,-,10,21950,A,F,G,B,B,B,H,-,C,A,0,Y,,,,Y,,A,01,0,0,1,0,1,0,0,0,0,"- ","- ",,,"SAN FRANCISCO","SAN FRANCISCO",-122.43257904052734,37.799369812011719
8619214,2018,2018-05-21,3801,2018-04-14,2339,A09481,MISSI,6,5,7,3801,0,0,0,,0,3D13E,"22ND ST","FOLSOM ST",0.00,,Y,B,-,N,,,,,,,,,,N,4,0,1,2,A,-,12,21453,A,F,D,C,A,A,H,-,C,A,0,,,,,Y,,A,01,0,0,1,0,0,0,0,0,0,"- ","- ",,,"SAN FRANCISCO","SAN FRANCISCO",-122.41439056396484,37.755718231201172
8619272,2018,2018-05-22,3801,2018-04-08,2150,916,BAYVI,7,5,7,3801,0,0,0,,0,3C14E,"SAN BRUNO AV","WOOLSEY ST",0.00,,Y,A,-,N,,,,,,,,,,N,2,0,1,2,A,-,10,21950,A,F,D,B,B,A,H,-,C,A,0,Y,,,,Y,,A,01,1,0,0,0,1,0,0,0,0,"- ","- ",,,"SAN FRANCISCO","SAN FRANCISCO",-122.40261077880859,37.725238800048828
8619277,2018,2018-05-21,3801,2018-04-15,2120,2452,RICHM,7,5,7,3801,0,0,0,,0,3G62,"CROSSOVER DR","MARTIN LUTHER KING BL",0.00,,Y,A,-,N,,,,,,,,,,Y,4,0,1,2,A,-,09,21801,A,N,A,C,A,B,H,-,C,A,0,,,,,Y,,A,01,0,0,1,0,0,0,0,0,0,"- ","- ",,,"SAN FRANCISCO","SAN FRANCISCO",-122.47737884521484,37.766040802001953
8620642,2018,2018-05-21,3801,2018-04-26,1501,2209,3801,4,5,7,3801,0,0,0,,0,3D45C,"CLIPPER ST","DIAMOND ST",0.00,,Y,A,-,N,,,,,,,,,,N,2,0,1,2,A,-,12,22450,A,N,A,G,A,A,H,-,A,A,0,,Y,,,Y,,L,04,1,0,0,0,0,0,1,0,0,"- ","- ",,,"SAN FRANCISCO","SAN FRANCISCO",-122.43607330322266,37.748779296875
8620645,2018,2018-05-23,3801,2018-04-28,0844,1764,TENDE,6,5,7,3801,0,0,0,,0,4B1F,"EDDY ST","LARKIN ST",4.00,W,N,A,-,N,,,,,,,,,,N,3,0,1,2,A,-,10,21950,A,N,G,B,B,A,H,-,A,A,0,Y,,,,Y,,A,01,0,1,0,0,1,0,0,0,0,"- ","- ",,,"SAN FRANCISCO","SAN FRANCISCO",-122.41753387451172,37.783298492431641
8620651,2018,2018-05-22,3801,2018-04-15,1621,1666,PARK,7,5,7,3801,0,0,0,,0,4CAR,"ROOSEVELT WY","14TH ST",0.00,,Y,C,G,N,,,,,,,,,,N,4,0,1,1,A,-,03,22350,,N,F,A,A,B,H,-,A,A,0,,Y,,,Y,,L,04,0,0,1,0,0,0,1,0,0,"- ","- ",,,"SAN FRANCISCO","SAN FRANCISCO",-122.43728637695312,37.767230987548828
8620663,2018,2018-05-22,3801,2018-04-09,1652,1039,MISSI,1,5,7,3801,0,0,0,,0,006,"S VAN NESS AV","13TH ST",39.00,N,N,A,-,N,,,,,,,,,,N,4,0,1,2,A,-,05,21651,,N,B,G,A,A,H,-,A,A,0,,Y,,,Y,,L,04,0,0,1,0,0,0,1,0,0,"- ","- ",,,"SAN FRANCISCO","SAN FRANCISCO",-122.41774749755859,37.769824981689453
8620689,2018,2018-05-18,3801,2018-04-28,1951,A23240,SOUTH,6,5,7,3801,0,0,0,,0,901,"BRYANT ST","BOARDMAN ST",70.00,W,N,A,-,N,,,,,,,,,,N,3,0,1,1,A,-,03,22350,,N,H,-,A,A,H,-,B,D,0,,Y,,,Y,,L,04,0,1,0,0,0,0,1,0,0,"- ","- ",,,"SAN FRANCISCO","SAN FRANCISCO",-122.40379333496094,37.775035858154297
8620705,2018,2018-05-18,3801,2018-04-27,1443,427,3G2D,5,5,7,3801,0,0,0,,0,RICHMO,"CHERRY ST","CALIFORNIA ST",0.00,,Y,A,-,N,,,,,,,,,,Y,4,0,1,2,A,-,08,22107,,N,A,C,A,A,H,-,A,D,0,,,,,Y,,A,01,0,0,1,0,0,0,0,0,0,"- ","- ",,,"SAN FRANCISCO","SAN FRANCISCO",-122.45670318603516,37.785991668701172
8621081,2018,2018-05-23,3801,2018-04-23,1752,2338,SOUTH,1,5,7,3801,0,0,0,,0,3B2,"HOWARD ST","4TH ST",225.00,E,N,A,-,N,,,,,,,,,,,2,0,1,2,A,-,17,21209,A,N,B,G,A,A,D,-,A,D,0,,Y,,,Y,,A,01,1,0,0,0,0,0,1,0,0,"- ","- ",,,"SAN FRANCISCO","SAN FRANCISCO",-122.40215301513672,37.783706665039062
8623883,2018,2018-08-23,3801,2018-04-21,1230,717,NORTH,6,5,7,3801,0,0,0,,0,6CAR,"VAN NESS AV","LOMBARD ST",33.00,S,N,A,-,Y,SF,4,101,-,-,6.690,H,-,S,N,3,0,1,2,C,-,18,,,N,B,D,A,A,A,-,A,A,0,,,Y,,Y,,-,"- ",0,1,0,0,0,0,0,0,1,"- ","- ",,,"SAN FRANCISCO","SAN FRANCISCO",-122.42458343505859,37.801033020019531
8623911,2018,2018-08-23,3801,2018-04-03,0407,2039,TARAV,2,5,7,3801,0,0,0,,0,005,"SKYLINE BL","JOHN MUIR DR",600.00,S,N,A,-,Y,SF,4,35,-,-,0.660,H,-,S,Y,4,0,1,1,A,-,07,21658,A,N,A,J,A,A,H,-,D,D,0,,,,,Y,,A,01,0,0,1,0,0,0,0,0,0,"- ","- ",,,"SAN FRANCISCO","SAN FRANCISCO",-122.49996948242188,37.717376708984375
8624012,2018,2018-05-23,3801,2018-04-11,1702,A23224,INGLE,3,5,7,3801,0,0,0,,0,3H13C,"MISSION ST","LEO ST",0.00,,Y,B,-,N,,,,,,,,,,N,4,0,1,2,A,-,03,22350,,N,C,C,A,A,H,-,B,D,0,,,,,Y,,A,01,0,0,1,0,0,0,0,0,0,"- ","- ",,,"SAN FRANCISCO","SAN FRANCISCO",-122.43650817871094,37.722461700439453
8624055,2018,2018-05-31,3801,2018-04-28,0329,1696,NORTH,6,5,7,3801,0,0,0,,0,3E12E,"GOLDEN GATE AV","FILLMORE ST",0.00,,Y,A,-,N,,,,,,,,,,Y,4,0,3,4,A,-,03,22350,,F,B,C,A,A,H,-,C,A,0,,,,,Y,,A,01,0,0,3,0,0,0,0,0,0,"- ","- ",,,"SAN FRANCISCO","SAN FRANCISCO",-122.43193817138672,37.779560089111328
8624076,2018,2018-05-23,3801,2018-04-16,0130,A21376,BAYVI,1,5,7,3801,0,0,0,,0,0C5,"YOSEMITE AV","3RD ST",0.00,,Y,A,-,N,,,,,,,,,,Y,4,0,1,1,A,-,01,23152,G,N,A,I,A,B,H,-,C,A,0,,,,,Y,Y,A,01,0,0,1,0,0,0,0,0,0,"- ","- ",,,"SAN FRANCISCO","SAN FRANCISCO",-122.39331817626953,37.727798461914062
8636206,2018,2018-06-26,3801,2018-05-18,0029,1471,TENDE,5,5,7,3801,0,0,0,,0,001,"STEVENSON ST","7TH ST",50.00,W,N,A,-,N,,,,,,,,,,N,4,0,1,2,A,-,11,21954,A,N,D,B,E,A,H,-,C,D,0,Y,,,,Y,,N,60,0,0,1,0,1,0,0,0,0,"- ","- ",,,"SAN FRANCISCO","SAN FRANCISCO",-122.41201782226562,37.779895782470703
8636210,2018,2018-06-26,3801,2018-05-16,1410,1400,CENTR,3,5,7,3801,0,0,0,,0,3A15C,"HYDE ST","REFERENCE POINT",22.00,S,N,A,-,N,,,,,,,,,,N,4,0,1,2,A,-,17,22517,,N,B,C,A,A,H,-,A,D,0,,,,,Y,Y,A,01,0,0,1,0,0,0,0,0,0,"- ","- ",,,"SAN FRANCISCO","SAN FRANCISCO",,
8636226,2018,2018-06-26,3801,2018-05-02,1741,564,NORTH,3,5,7,3801,0,0,0,,0,3E60,"CALIFORNIA ST","WEBSTER ST",0.00,,Y,A,-,N,,,,,,,,,,Y,2,0,1,2,A,-,08,22100,B,N,D,C,A,A,H,-,A,A,0,,,Y,,Y,,-,,1,0,0,0,0,0,0,0,1,"- ","- ",,,"SAN FRANCISCO","SAN FRANCISCO",-122.43218994140625,37.789100646972656
8636718,2018,2018-06-25,3801,2018-05-25,1135,1341,TENDE,5,5,7,3801,0,0,0,,0,,"9TH ST","MISSION ST",70.00,N,N,B,-,N,,,,,,,,,,Y,4,0,1,2,A,-,08,22107,,N,B,C,A,A,H,-,A,D,0,,,,Y,Y,,F,27,0,0,1,0,0,0,0,0,0,"- ","- ",,,"SAN FRANCISCO","SAN FRANCISCO",-122.41489410400391,37.776374816894531
8636734,2018,2018-07-19,3801,2018-05-31,1540,1092,RICHM,4,5,7,3801,0,0,0,,0,3G14D,"JOHN F KENNEDY DR","STOW LAKE DR",56.00,W,N,A,-,N,,,,,,,,,,,4,0,1,2,A,-,08,22107,,N,G,E,A,A,H,-,A,A,0,,,,,Y,,A,01,0,0,1,0,0,0,0,0,0,"- ","- ",,,"SAN FRANCISCO","SAN FRANCISCO",-122.47406768798828,37.771278381347656
8636778,2018,2018-07-25,3801,2018-05-09,1955,246,TARAV,3,5,7,3801,0,0,0,,0,3I15E,"JOHN MUIR DR","JOHN MUIR DR 515",0.00,,Y,A,-,N,,,,,,,,,,Y,4,0,1,4,A,-,01,23152,A,F,B,E,A,A,H,-,B,D,0,,,,,Y,Y,A,01,0,0,1,0,0,0,0,0,0,"- ","- ",,,"SAN FRANCISCO","SAN FRANCISCO",-122.495406,37.716146000000002
8636801,2018,2018-06-22,3801,2018-05-13,1606,335,CENTR,7,5,7,3801,0,0,0,,0,3A12D,"GRANT AV","CALIFORNIA ST",0.00,,Y,A,-,N,,,,,,,,,,N,3,0,1,2,A,-,10,21950,C,F,G,B,B,A,H,-,A,A,0,Y,,,,Y,,A,01,0,1,0,0,1,0,0,0,0,"- ","- ",,,"SAN FRANCISCO","SAN FRANCISCO",-122.40589141845703,37.792461395263672
8636803,2018,2018-06-25,3801,2018-05-20,2217,1061,SOUTH,7,5,7,3801,0,0,0,,0,3B11E,"THE EMBARCADERO","FOLSOM ST",0.00,,Y,A,-,N,,,,,,,,,,N,3,0,1,2,A,-,08,22107,,F,B,D,A,A,H,-,C,D,0,,,,,Y,,-,"- ",0,1,0,0,0,0,0,0,0,"- ","- ",,,"SAN FRANCISCO","SAN FRANCISCO",-122.39015960693359,37.790760040283203
8636807,2018,2018-06-22,3801,2018-05-20,0200,2091,NORTH,7,5,7,3801,0,0,0,,0,3E13E,"ELLIS ST","VAN NESS AV",0.00,,Y,A,-,N,,,,,,,,,,N,4,0,1,2,D,-,00,,,N,B,C,A,A,H,-,C,A,0,,,,,Y,,-,"- ",0,0,1,0,0,0,0,0,0,"- ","- ",,,"SAN FRANCISCO","SAN FRANCISCO",-122.42106628417969,37.783821105957031
8636809,2018,2018-06-26,3801,2018-05-17,2225,4047,RICHM,4,5,7,3801,0,0,0,,0,3G12D,"MARTIN LUTHER KING JR DR","MUSIC CONCOURSE DR",0.00,N,Y,A,-,N,,,,,,,,,,N,2,0,2,3,A,-,10,21950,A,N,G,B,B,A,H,-,C,D,0,Y,,,,Y,Y,A,01,1,0,1,0,2,0,0,0,0,"- ","- ",,,"SAN FRANCISCO","SAN FRANCISCO",-122.46836853027344,37.768791198730469
8636819,2018,2018-06-22,3801,2018-05-01,1916,1923,BAYVI,2,5,7,3801,0,0,0,,0,3C11E,"HARRISON ST","10TH ST",0.00,,Y,A,-,N,,,,,,,,,,N,3,0,1,2,A,-,12,21453,A,N,D,G,A,A,-,-,C,A,0,,Y,,,Y,Y,A,01,0,1,0,0,0,0,1,0,0,"- ","- ",,,"SAN FRANCISCO","SAN FRANCISCO",-122.41124725341797,37.771598815917969
8636825,2018,2018-06-22,3801,2018-05-19,1926,302,NORTH,6,5,7,3801,0,0,0,,0,3E14D,"POST ST","LAGUNA ST",72.00,W,N,A,G,N,,,,,,,,,,N,4,0,1,2,C,-,18,,,N,H,G,A,A,H,-,A,D,0,,Y,,,Y,,-,"- ",0,0,1,0,0,0,1,0,0,"- ","- ",,,"SAN FRANCISCO","SAN FRANCISCO",-122.42840576171875,37.7857666015625
8636836,2018,2018-06-21,3801,2018-05-05,2150,4347,TARAB,6,5,7,3801,0,0,0,,0,3I11E,"18TH AV","SANTIAGO ST",20.00,N,N,A,-,N,,,,,,,,,,N,4,0,1,2,A,-,10,21950,A,N,G,B,B,A,H,-,C,A,0,Y,,,,Y,,A,01,0,0,1,0,1,0,0,0,0,"- ","- ",,,"SAN FRANCISCO","SAN FRANCISCO",-122.47474670410156,37.745014190673828
8636837,2018,2018-08-22,3801,2018-05-11,0800,4223,INGLE,5,5,7,3801,0,0,0,,0,3H3A,"GENEVA AV","RT 280",0.00,,Y,A,-,Y,SF,4,280,-,R,1.556,R,4,N,N,4,0,1,2,A,-,10,21950,A,N,G,B,B,B,H,-,A,A,0,Y,,,,Y,,A,07,0,0,1,0,1,0,0,0,0,"- ",NF,,,"SAN FRANCISCO","SAN FRANCISCO",-122.44822692871094,37.719928741455078
8636847,2018,2018-06-22,3801,2018-05-29,1233,1511,BAYVI,2,5,7,3801,0,0,0,,0,3C1C,"BAYSHORE BL","PAUL AV",310.00,N,N,A,-,N,,,,,,,,,,Y,2,0,1,2,A,-,09,21801,A,N,D,C,A,A,H,-,A,D,0,,,,,Y,,-,,1,0,0,0,0,0,0,0,0,"- ","- ",,,"SAN FRANCISCO","SAN FRANCISCO",-122.401123046875,37.724418640136719
8636851,2018,2018-06-22,3801,2018-05-30,0854,859,BAYVI,3,5,7,3801,0,0,0,,0,03C,"BRUSSELS ST","SILLIMAN ST",2.00,N,N,B,-,N,,,,,,,,,,N,4,0,1,3,A,-,08,22107,,F,B,E,A,A,-,-,A,-,0,,,,,Y,,A,01,0,0,1,0,0,0,0,0,0,"- ","- ",,,"SAN FRANCISCO","SAN FRANCISCO",-122.40707397460938,37.730735778808594
8636854,2018,2018-06-22,3801,2018-05-16,2315,4132,MISSI,3,5,7,3801,0,0,0,,0,6CAR,"SOUTH VAN NESS AV","13TH ST",0.00,,Y,A,-,N,,,,,,,,,,Y,4,0,1,2,D,-,00,,,N,D,C,A,A,H,-,C,A,0,,,,,Y,,-,"- ",0,0,1,0,0,0,0,0,0,"- ","- ",,,"SAN FRANCISCO","SAN FRANCISCO",-122.41777038574219,37.769718170166016
8636856,2018,2018-06-21,3801,2018-05-26,0400,246,TARAV,6,5,7,3801,0,0,0,,0,TARAVA,"3100 SANTIAGO ST","SANTIAGO ST",0.00,,Y,A,-,N,,,,,,,,,,Y,4,0,1,3,A,-,03,22350,,N,F,C,A,A,H,-,C,A,0,,,,,Y,,A,01,0,0,1,0,0,0,0,0,0,"- ","- ",,,"SAN FRANCISCO","SAN FRANCISCO",-122.500536,37.743814
8636857,2018,2018-06-22,3801,2018-05-10,0940,143,CENTR,4,5,7,3801,0,0,0,,0,3A60,"BROADWAY TUNNEL","POWELL ST",300.00,E,N,A,-,N,,,,,,,,,,N,4,0,1,2,A,-,04,21703,,N,C,C,A,A,H,-,A,A,0,,,,,Y,,A,01,0,0,1,0,0,0,0,0,0,"- ","- ",,,"SAN FRANCISCO","SAN FRANCISCO",-122.40922546386719,37.797584533691406
8636860,2018,2018-06-21,3801,2018-05-26,0255,2038,,6,5,7,3801,0,0,0,,0,3F14E,"OAK ST","DIVISADERO ST",0.00,,Y,C,-,N,,,,,,,,,,N,4,0,1,2,A,-,12,21453,A,F,D,C,A,B,H,-,C,A,0,,,,,Y,,A,01,0,0,1,0,0,0,0,0,0,"- ","- ",,,"SAN FRANCISCO","SAN FRANCISCO",-122.43743133544922,37.773139953613281
8636861,2018,2018-06-22,3801,2018-05-12,1536,2470,CENTR,6,5,7,3801,0,0,0,,0,3A11E,"POLK ST","PINE ST",0.00,,Y,F,-,N,,,,,,,,,,N,4,0,1,2,D,-,00,,,M,G,B,B,-,-,-,A,A,0,Y,,,,Y,,-,"- ",0,0,1,0,1,0,0,0,0,"- ","- ",,,"SAN FRANCISCO","SAN FRANCISCO",-122.42050170898438,37.789638519287109
8636866,2018,2018-06-22,3801,2018-05-19,2345,141,INGLE,6,5,7,3801,0,0,0,,0,3H11E,"SAN JOSE AV","COTTER ST",0.00,,Y,A,G,N,,,,,,,,,,N,3,0,1,2,A,-,11,21950,B,F,G,B,D,A,H,-,C,A,0,Y,,,,Y,Y,N,60,0,1,0,0,1,0,0,0,0,"- ","- ",,,"SAN FRANCISCO","SAN FRANCISCO",-122.43746185302734,37.730281829833984
8636869,2018,2018-06-22,3801,2018-05-12,1220,308,SOUTH,6,5,7,3801,0,0,0,,0,3B13A,"6TH ST","BRANNAN ST",0.00,,Y,A,-,N,,,,,,,,,,Y,4,0,1,3,A,-,03,22350,A,F,B,C,A,A,H,-,A,A,0,,,,,Y,,A,01,0,0,1,0,0,0,0,0,0,"- ","- ",,,"SAN FRANCISCO","SAN FRANCISCO",-122.40096282958984,37.774829864501953
8636872,2018,2018-06-21,3801,2018-05-24,0732,728,INGLE,4,5,7,3801,0,0,0,,0,3H13A,"DIAMOND HEIGHTS BL","DIAMOND ST",380.00,W,N,B,C,N,,,,,,,,,,N,4,0,1,2,A,-,03,22350,,N,C,C,A,B,H,-,A,D,0,,,Y,,Y,,C,03,0,0,1,0,0,0,0,0,1,"- ","- ",,,"SAN FRANCISCO","SAN FRANCISCO",-122.43863677978516,37.738498687744141