CASE_ID,ACCIDENT_YEAR,PROC_DATE,JURIS,COLLISION_DATE,COLLISION_TIME,OFFICER_ID,REPORTING_DISTRICT,DAY_OF_WEEK,CHP_SHIFT,POPULATION,CNTY_CITY_LOC,SPECIAL_COND,BEAT_TYPE,CHP_BEAT_TYPE,CITY_DIVISION_LAPD,CHP_BEAT_CLASS,BEAT_NUMBER,PRIMARY_RD,SECONDARY_RD,DISTANCE,DIRECTION,INTERSECTION,WEATHER_1,WEATHER_2,STATE_HWY_IND,CALTRANS_COUNTY,CALTRANS_DISTRICT,STATE_ROUTE,ROUTE_SUFFIX,POSTMILE_PREFIX,POSTMILE,LOCATION_TYPE,RAMP_INTERSECTION,SIDE_OF_HWY,TOW_AWAY,COLLISION_SEVERITY,NUMBER_KILLED,NUMBER_INJURED,PARTY_COUNT,PRIMARY_COLL_FACTOR,PCF_CODE_OF_VIOL,PCF_VIOL_CATEGORY,PCF_VIOLATION,PCF_VIOL_SUBSECTION,HIT_AND_RUN,TYPE_OF_COLLISION,MVIW,PED_ACTION,ROAD_SURFACE,ROAD_COND_1,ROAD_COND_2,LIGHTING,CONTROL_DEVICE,CHP_ROAD_TYPE,PEDESTRIAN_ACCIDENT,BICYCLE_ACCIDENT,MOTORCYCLE_ACCIDENT,TRUCK_ACCIDENT,NOT_PRIVATE_PROPERTY,ALCOHOL_INVOLVED,STWD_VEHTYPE_AT_FAULT,CHP_VEHTYPE_AT_FAULT,COUNT_SEVERE_INJ,COUNT_VISIBLE_INJ,COUNT_COMPLAINT_PAIN,COUNT_PED_KILLED,COUNT_PED_INJURED,COUNT_BICYCLIST_KILLED,COUNT_BICYCLIST_INJURED,COUNT_MC_KILLED,COUNT_MC_INJURED,PRIMARY_RAMP,SECONDARY_RAMP,LATITUDE,LONGITUDE,COUNTY,CITY,POINT_X,POINT_Y
8817739,2019,2019-03-20,3801,2019-02-25,1555,A23182,SOUTH,1,5,7,3801,0,0,0,,0,3B14D,"8TH ST","RINGOLD ST",0.00,,Y,B,C,N,,,,,,,,,,N,4,0,1,2,A,-,09,21803,A,N,D,J,A,B,-,-,A,D,0,,,,,Y,,A,01,0,0,1,0,0,0,0,0,0,"- ","- ",,,"SAN FRANCISCO","SAN FRANCISCO",-122.40947723388672,37.774551391601562
8817743,2019,2019-03-20,3801,2019-02-27,2200,4335,NORTH,3,5,7,3801,0,0,0,,0,901,"VAN NESS AV","GREEN ST",0.00,,Y,A,-,N,,,,,,,,,,Y,4,0,1,2,A,-,04,21703,,F,C,C,A,A,D,-,C,D,0,,,,,Y,,A,01,0,0,1,0,0,0,0,0,0,"- ","- ",,,"SAN FRANCISCO","SAN FRANCISCO",-122.42388153076172,37.797611236572266
8817751,2019,2019-03-20,3801,2019-02-21,1256,4117,TARAV,4,5,7,3801,0,0,0,,0,,"SLOAT BL","JUNIPERO SERRA BL",0.00,,Y,A,-,N,,,,,,,,,,N,4,0,1,2,A,-,00,21703,A,N,C,C,A,A,H,-,A,D,0,,,,,Y,,A,01,0,0,1,0,0,0,0,0,0,"- ","- ",,,"SAN FRANCISCO","SAN FRANCISCO",-122.47152709960938,37.734760284423828
8817756,2019,2019-03-19,3801,2019-02-12,1000,97,3F13A,2,5,7,3801,0,0,0,,0,PARK,"STANYAN BL","TURK BL",0.00,,Y,B,-,N,,,,,,,,,,N,4,0,1,2,A,-,08,22107,,N,D,G,A,A,H,-,A,A,0,,Y,,,Y,,A,01,0,0,1,0,0,0,1,0,0,"- ","- ",,,"SAN FRANCISCO","SAN FRANCISCO",-122.45523071289062,37.777591705322266
8817766,2019,2019-03-19,3801,2019-02-18,0916,466,TTF,1,5,7,3801,0,0,0,,0,004,"GOLDEN GATE AV","JONES ST",0.00,,Y,A,-,N,,,,,,,,,,N,4,0,1,2,A,-,10,21950,A,F,G,B,B,A,H,-,A,A,0,Y,,,,Y,,-,,0,0,1,0,1,0,0,0,0,"- ","- ",,,"SAN FRANCISCO","SAN FRANCISCO",-122.4122314453125,37.782081604003906
8817772,2019,2019-03-20,3801,2019-02-01,1422,365,CENTR,5,5,7,3801,0,0,0,,0,"2 CAR","SUTTER ST","HARRISON ST",0.00,,Y,C,-,N,,,,,,,,,,N,4,0,1,2,A,-,06,21755,A,N,B,G,A,B,H,-,A,A,0,,Y,,,Y,Y,L,04,0,0,1,0,0,0,1,0,0,"- ","- ",,,"SAN FRANCISCO","SAN FRANCISCO",,
8817784,2019,2019-04-09,3801,2019-02-02,1740,713,CENTR,6,5,7,3801,0,0,0,,0,3A14D,COLUMBUS,"KEARNY ST",61.00,N,N,C,-,N,,,,,,,,,,N,4,0,1,2,A,I,"- ",,,N,G,B,E,B,H,-,C,A,0,Y,,,,Y,,N,60,0,0,1,0,1,0,0,0,0,"- ","- ",,,"SAN FRANCISCO","SAN FRANCISCO",-122.40555572509766,37.797164916992188
8817788,2019,2019-03-20,3801,2019-02-28,1942,2017,MISSI,4,5,7,3801,0,0,0,,0,3D14D,"23RD ST","SAN BRUNO AV",50.00,E,N,A,-,N,,,,,,,,,,N,4,0,1,2,A,-,10,21950,A,N,G,B,C,A,H,-,C,A,0,Y,,,,Y,,A,01,0,0,1,0,1,0,0,0,0,"- ","- ",,,"SAN FRANCISCO","SAN FRANCISCO",-122.40430450439453,37.754421234130859
8817797,2019,2019-03-20,3801,2019-02-16,2230,2481,TARAV,6,5,7,3801,0,0,0,,0,0I3,"LINCOLN WY","37TH AV",0.00,,Y,A,-,N,,,,,,,,,,N,4,0,1,2,A,-,03,22350,,N,C,C,A,A,H,-,B,A,0,,,,,Y,,A,01,0,0,1,0,0,0,0,0,0,"- ","- ",,,"SAN FRANCISCO","SAN FRANCISCO",-122.49653625488281,37.764598846435547
8817799,2019,2019-03-19,3801,2019-02-22,0948,293,MISSI,5,5,7,3801,0,0,0,,0,3D1A,"16TH ST","SHOTWELL ST",109.00,E,N,A,-,N,,,,,,,,,,Y,3,0,2,3,A,-,03,22350,,N,C,C,A,A,H,-,A,A,0,,,,,Y,,A,01,0,1,1,0,0,0,0,0,0,"- ","- ",,,"SAN FRANCISCO","SAN FRANCISCO",-122.41599273681641,37.765270233154297
8817800,2019,2019-03-20,3801,2019-02-25,2000,1122,MISSI,1,5,7,3801,0,0,0,,0,0D1,"DIAMOND ST","MARKET ST",0.00,,Y,B,-,N,,,,,,,,,,N,4,0,1,2,A,-,10,21950,A,F,G,B,B,B,-,-,C,A,0,Y,,,,Y,,A,01,0,0,1,0,1,0,0,0,0,"- ","- ",,,"SAN FRANCISCO","SAN FRANCISCO",-122.43730163574219,37.76190185546875
8817807,2019,2019-03-19,3801,2019-02-23,1100,1342,NORTH,6,5,7,3801,0,0,0,,0,3E11A,"FELL ST","BUCHANAN ST",0.00,,Y,A,-,N,,,,,,,,,,N,4,0,1,2,D,-,00,,,N,E,I,A,A,-,-,A,A,0,,,,,Y,,-,"- ",0,0,1,0,0,0,0,0,0,"- ","- ",,,"SAN FRANCISCO","SAN FRANCISCO",-122.42771148681641,37.77532958984375
8817810,2019,2019-03-19,3801,2019-02-13,1824,260,SOUTH,3,5,7,3801,0,0,0,,0,3B11D,"HOWARD ST","1ST ST",0.00,,Y,B,-,N,,,,,,,,,,N,4,0,1,2,A,-,10,21950,A,F,G,B,B,B,H,-,C,A,0,Y,,,,Y,,A,01,0,0,1,0,1,0,0,0,0,"- ","- ",,,"SAN FRANCISCO","SAN FRANCISCO",-122.39604187011719,37.788551330566406
8817812,2019,2019-03-20,3801,2019-02-26,2131,555,MISSI,2,5,7,3801,0,0,0,,0,3D16E,"POTRERO AV","23RD ST",45.00,S,N,C,G,N,,,,,,,,,,N,3,0,2,1,A,-,03,22350,,N,F,I,A,B,H,-,C,A,0,,,,,Y,,A,01,0,2,0,0,0,0,0,0,0,"- ","- ",,,"SAN FRANCISCO","SAN FRANCISCO",-122.40645599365234,37.75445556640625
8817817,2019,2019-03-20,3801,2019-02-14,1610,1092,RICHM,4,5,7,3801,0,0,0,,0,3G14C,"CLEMENT ST","3RD AV",0.00,,Y,A,-,N,,,,,,,,,,,4,0,1,2,A,-,11,21954,A,N,G,B,D,A,H,-,A,D,0,Y,,,,Y,,N,60,0,0,1,0,1,0,0,0,0,"- ","- ",,,"SAN FRANCISCO","SAN FRANCISCO",-122.46121215820312,37.783088684082031
8817822,2019,2019-04-02,3801,2019-02-10,0320,2744,SOUTH,7,5,7,3801,0,0,0,,0,004,"MISSION ST","11TH ST",0.00,,Y,C,-,N,,,,,,,,,,Y,4,0,1,2,A,-,12,21453,,N,-,C,A,B,H,-,C,A,0,,,,,Y,,A,01,0,0,1,0,0,0,0,0,0,"- ","- ",,,"SAN FRANCISCO","SAN FRANCISCO",-122.41709899902344,37.774330139160156
8817829,2019,2019-03-20,3801,2019-02-14,2219,1357,SOUTH,4,5,7,3801,0,0,0,,0,0B3,"8TH ST","FOLSOM ST",0.00,,Y,C,-,N,,,,,,,,,,N,4,0,1,2,A,-,05,21650,1,N,D,G,A,B,H,-,C,A,0,,Y,,,Y,,L,04,0,0,1,0,0,0,1,0,0,"- ","- ",,,"SAN FRANCISCO","SAN FRANCISCO",-122.41004943847656,37.774990081787109
8817830,2019,2019-03-19,3801,2019-02-04,0800,640,MISSI,1,5,7,3801,0,0,0,,0,3D11A,"16TH ST","GUERRERO ST",0.00,,Y,B,C,N,,,,,,,,,,N,3,0,1,2,A,-,10,21950,A,N,G,B,B,B,H,-,A,A,0,Y,,,,Y,,A,07,0,1,0,0,1,0,0,0,0,"- ","- ",,,"SAN FRANCISCO","SAN FRANCISCO",-122.42410278320312,37.764778137207031
8817836,2019,2019-03-20,3801,2019-02-24,1252,1250,"CO A",7,5,7,3801,0,0,0,,0,3A11C,"CALIFORNIA ST","TAYLOR ST",0.00,,Y,A,-,N,,,,,,,,,,Y,4,0,1,2,A,-,08,22107,,N,B,C,A,A,H,-,A,D,0,,,,,Y,,A,01,0,0,1,0,0,0,0,0,0,"- ","- ",,,"SAN FRANCISCO","SAN FRANCISCO",-122.41246032714844,37.791610717773438
8822326,2019,2019-08-21,3801,2019-02-19,1705,1307,NORTH,2,5,7,3801,0,0,0,,0,3E16D,"VAN NESS AV","BROADWAY ST",118.00,N,N,A,-,Y,SF,4,101,-,-,6.340,H,-,S,Y,4,0,1,4,A,-,04,21703,,N,C,E,E,A,H,-,B,D,0,Y,,,Y,Y,,A,01,0,0,1,0,1,0,0,0,0,"- ","- ",,,"SAN FRANCISCO","SAN FRANCISCO",-122.42359161376953,37.796047210693359
8837642,2019,2019-05-08,3801,2019-03-22,2204,1352,TENDE,5,5,7,3801,0,0,0,,0,1CAR,"MARKET ST","CHARLES J BRENHAM ST",0.00,,Y,C,-,N,,,,,,,,,,,4,0,1,2,A,-,11,21955,,N,G,B,D,B,H,-,C,D,0,Y,,,,Y,,N,60,0,0,1,0,1,0,0,0,0,"- ","- ",,,"SAN FRANCISCO","SAN FRANCISCO",-122.41250610351562,37.780479431152344
8837672,2019,2019-05-08,3801,2019-03-05,0743,1472,TENDE,2,5,7,3801,0,0,0,,0,3J52A,"OFARRELL ST","CYRIL MAGNIN ST",0.00,,Y,C,-,N,,,,,,,,,,N,4,0,1,2,A,-,21,22106,,N,H,C,A,B,H,-,A,A,0,,,Y,,Y,,A,01,0,0,1,0,0,0,0,0,1,"- ","- ",,,"SAN FRANCISCO","SAN FRANCISCO",-122.40894317626953,37.786308288574219
8845132,2019,2019-05-03,3801,2019-03-27,0643,2127,TRAFF,3,5,7,3801,0,0,0,,0,SOUTHE,"2ND ST","BRYANT ST",15.00,W,N,A,-,N,,,,,,,,,,Y,3,0,1,2,A,-,10,21950,A,N,G,B,B,A,H,-,C,A,0,Y,,,Y,Y,,F,27,0,1,0,0,1,0,0,0,0,"- ","- ",,,"SAN FRANCISCO","SAN FRANCISCO",-122.39366912841797,37.783107757568359
8845442,2019,2019-04-29,3801,2019-03-15,0706,2039,TARAV,5,5,7,3801,0,0,0,,0,002,"SUNSET BL","WAWONA ST",0.00,,Y,A,-,N,,,,,,,,,,N,4,0,1,2,A,-,10,21950,A,N,G,B,B,A,H,-,A,A,0,Y,,,,Y,,-,,0,0,1,0,1,0,0,0,0,"- ","- ",,,"SAN FRANCISCO","SAN FRANCISCO",-122.49413299560547,37.736629486083984
8845459,2019,2019-04-30,3801,2019-03-25,1458,4291,TENDE,1,5,7,3801,0,0,0,,0,3J44C,"GOLDEN GATE AV","LEAVENWORTH ST",0.00,,Y,C,-,N,,,,,,,,,,N,4,0,1,2,A,-,10,21950,A,F,G,B,B,B,G,-,A,A,0,Y,,,,Y,,A,01,0,0,1,0,1,0,0,0,0,"- ","- ",,,"SAN FRANCISCO","SAN FRANCISCO",-122.41385650634766,37.781871795654297
8845466,2019,2019-04-30,3801,2019-03-07,0836,1371,SOUTH,4,5,7,3801,0,0,0,,0,3B12B,"MARKET ST","OCTAVIA ST",0.00,,Y,A,-,N,,,,,,,,,,N,4,0,1,2,A,-,08,22101,C,N,D,G,A,A,H,-,A,A,0,,Y,,,Y,,A,01,0,0,1,0,0,0,1,0,0,"- ","- ",,,"SAN FRANCISCO","SAN FRANCISCO",-122.42359161376953,37.771778106689453
8845471,2019,2019-04-30,3801,2019-03-31,1410,1307,NORTH,7,5,7,3801,0,0,0,,0,3E14D,"GOLDEN GATE AV","FRANKLIN ST",0.00,,Y,A,-,N,,,,,,,,,,N,3,0,4,2,A,-,12,21453,A,N,D,C,A,A,H,-,A,A,0,,,,,Y,,A,01,0,1,3,0,0,0,0,0,0,"- ","- ",,,"SAN FRANCISCO","SAN FRANCISCO",-122.42209625244141,37.780818939208984
8845478,2019,2019-04-30,3801,2019-03-10,0558,1454,SOUTH,7,5,7,3801,0,0,0,,0,3B12A,"10TH ST","MISSION ST",0.00,,Y,C,-,N,,,,,,,,,,N,3,0,1,2,A,-,11,21954,A,N,G,B,D,B,H,-,C,A,0,Y,,,,Y,,N,60,0,1,0,0,1,0,0,0,0,"- ","- ",,,"SAN FRANCISCO","SAN FRANCISCO",-122.41590881347656,37.775279998779297
8845482,2019,2019-04-30,3801,2019-03-26,0958,1300,SOUTH,2,5,7,3801,0,0,0,,0,3B13B,"FOLSOM ST","LANGTON ST",47.00,E,N,A,-,N,,,,,,,,,,N,4,0,1,2,A,-,08,22107,,N,D,G,A,A,H,-,A,D,0,,Y,,,Y,,A,01,0,0,1,0,0,0,1,0,0,"- ","- ",,,"SAN FRANCISCO","SAN FRANCISCO",-122.40828704833984,37.776412963867188
8845483,2019,2019-04-30,3801,2019-03-27,2208,7,NORTH,3,5,7,3801,0,0,0,,0,3E16E,"GOUGH ST","BAY ST",0.00,,Y,A,-,N,,,,,,,,,,N,4,0,1,2,A,-,01,23152,A,N,C,C,A,A,H,-,C,D,0,,,,,Y,Y,A,01,0,0,1,0,0,0,0,0,0,"- ","- ",,,"SAN FRANCISCO","SAN FRANCISCO",-122.42839813232422,37.803749084472656
8845486,2019,2019-04-30,3801,2019-03-23,0822,4259,RICHM,6,5,7,3801,0,0,0,,0,3G13A,"CALIFORNIA ST","10TH AV",0.00,,Y,A,-,N,,,,,,,,,,Y,4,0,1,3,A,-,08,22100,B,N,A,C,A,A,H,-,A,A,0,,,Y,,Y,,A,01,0,0,1,0,0,0,0,0,1,"- ","- ",,,"SAN FRANCISCO","SAN FRANCISCO",-122.46884155273438,37.784618377685547
8845492,2019,2019-05-01,3801,2019-03-21,0930,1190,TARAV,4,5,7,3801,0,0,0,,0,,"SKYLINE BL","SLOAT BL",0.00,,Y,A,-,N,,,,,,,,,,N,3,0,1,2,A,-,21,22106,,N,D,G,A,A,H,-,A,A,0,,Y,,,Y,,L,04,0,1,0,0,0,0,1,0,0,"- ","- ",,,"SAN FRANCISCO","SAN FRANCISCO",-122.49677276611328,37.733711242675781
8845514,2019,2019-04-30,3801,2019-03-24,1303,2023,PARK,7,5,7,3801,0,0,0,,0,004,"FREDERICK ST","DOWNEY ST",20.00,E,N,A,-,N,,,,,,,,,,N,3,0,1,2,A,-,11,21954,A,N,G,B,D,A,H,-,A,D,0,Y,,,,Y,,N,60,0,1,0,0,1,0,0,0,0,"- ","- ",,,"SAN FRANCISCO","SAN FRANCISCO",-122.44711303710938,37.767120361328125
8845518,2019,2019-04-30,3801,2019-03-24,0156,1499,MISSI,7,5,7,3801,0,0,0,,0,3D14E,"CASTRO ST","MARKET ST",178.00,S,N,A,-,N,,,,,,,,,,N,4,0,1,2,A,-,03,22350,,F,G,B,E,A,H,-,C,A,0,Y,,,,Y,,A,01,0,0,1,0,1,0,0,0,0,"- ","- ",,,"SAN FRANCISCO","SAN FRANCISCO",-122.43511962890625,37.762153625488281
8845520,2019,2019-05-01,3801,2019-03-20,0415,1718,BAYVI,3,5,7,3801,0,0,0,,0,3C14E,"3RD ST","JAMESTOWN AV",367.00,S,N,C,-,N,,,,,,,,,,Y,4,0,1,1,A,-,03,22350,,N,H,A,A,B,H,-,C,D,0,,,,,Y,,A,01,0,0,1,0,0,0,0,0,0,"- ","- ",,,"SAN FRANCISCO","SAN FRANCISCO",-122.39715576171875,37.719318389892578
8845682,2019,2019-04-30,3801,2019-03-28,1653,1994,TRAFF,4,5,7,3801,0,0,0,,0,4B3G,"NELSON RISING LN","3RD ST",4.00,W,N,B,-,N,,,,,,,,,,N,4,0,1,2,A,-,17,21235,G,N,D,C,A,B,C,-,A,A,0,,,Y,,Y,,C,03,0,0,1,0,0,0,0,0,1,"- ","- ",,,"SAN FRANCISCO","SAN FRANCISCO",-122.38950347900391,37.769767761230469
8845685,2019,2019-05-02,3801,2019-03-19,1833,2008,MISSI,2,5,7,3801,0,0,0,,0,3D12D,"16TH ST","S VAN NESS AV",0.00,,Y,A,-,N,,,,,,,,,,N,3,0,1,2,A,-,06,21750,A,F,B,G,A,A,H,-,A,A,0,,Y,,,Y,,A,01,0,1,0,0,0,0,1,0,0,"- ","- ",,,"SAN FRANCISCO","SAN FRANCISCO",-122.41748809814453,37.765178680419922
8845702,2019,2019-05-07,3801,2019-03-18,2022,2352,NORTH,1,5,7,3801,0,0,0,,0,3E12D,"TURK ST","PIERCE ST",0.00,,Y,A,-,N,,,,,,,,,,Y,4,0,2,2,A,-,08,22100,B,N,B,-,A,A,H,-,C,A,0,,,,,Y,Y,A,07,0,0,2,0,0,0,0,0,0,"- ","- ",,,"SAN FRANCISCO","SAN FRANCISCO",-122.43543243408203,37.780078887939453
8845712,2019,2019-05-01,3801,2019-03-03,1125,1252,INGLE,7,5,7,3801,0,0,0,,0,3H13C,"BRAZIL AV","PARIS ST",0.00,,Y,C,-,N,,,,,,,,,,Y,4,0,1,2,A,-,09,21802,A,N,D,C,A,B,H,-,A,A,0,,,,,Y,,A,01,0,0,1,0,0,0,0,0,0,"- ","- ",,,"SAN FRANCISCO","SAN FRANCISCO",-122.43321228027344,37.723941802978516
8845713,2019,2019-05-02,3801,2019-03-29,0715,640,MISSI,5,5,7,3801,0,0,0,,0,3D14A,"CESAR CHAVEZ ST","POTRERO AV",0.00,,Y,A,-,N,,,,,,,,,,Y,4,0,1,2,A,-,03,22350,,N,C,C,A,A,H,-,A,A,0,,,,,Y,,A,01,0,0,1,0,0,0,0,0,0,"- ","- ",,,"SAN FRANCISCO","SAN FRANCISCO",-122.40550994873047,37.749168395996094
8845737,2019,2019-05-01,3801,2019-03-05,1057,1609,RICHM,2,5,7,3801,0,0,0,,0,002,"PRESIDIO ST","PINE ST",0.00,,Y,C,-,N,,,,,,,,,,Y,4,0,3,2,A,-,12,21453,A,N,D,C,A,B,H,-,A,A,0,,,,,Y,,A,01,0,0,3,0,0,0,0,0,0,"- ","- ",,,"SAN FRANCISCO","SAN FRANCISCO",-122.44660186767578,37.786289215087891
8845740,2019,2019-05-01,3801,2019-03-02,0023,926,CENTR,6,5,7,3801,0,0,0,,0,3A14E,"EMBARCADERO SOUTH","WASHINGTON ST",0.00,,Y,B,C,N,,,,,,,,,,Y,3,0,1,2,A,-,12,21453,A,M,C,C,A,B,H,-,C,A,0,,,,,Y,,A,01,0,1,0,0,0,0,0,0,0,"- ","- ",,,"SAN FRANCISCO","SAN FRANCISCO",-122.39556,37.796639999999996
8845749,2019,2019-05-01,3801,2019-03-19,1059,1520,TENDE,2,5,7,3801,0,0,0,,0,003,"LARKIN ST","MCALLISTER ST",0.00,,Y,A,-,N,,,,,,,,,,Y,3,0,1,2,A,-,00,21954,,F,H,G,A,A,H,-,A,A,0,,Y,,,Y,Y,A,01,0,1,0,0,0,0,1,0,0,"- ","- ",,,"SAN FRANCISCO","SAN FRANCISCO",-122.41693878173828,37.780498504638672
8845777,2019,2019-05-01,3801,2019-03-06,1920,970,SOUTH,3,5,7,3801,0,0,0,,0,0B3,"8TH ST","HOWARD ST",35.00,N,N,A,-,N,,,,,,,,,,N,4,0,2,2,C,-,18,,,N,C,C,A,A,H,-,C,A,0,,,,,Y,,-,"- ",0,0,2,0,0,0,0,0,0,"- ","- ",,,"SAN FRANCISCO","SAN FRANCISCO",-122.41167449951172,37.776298522949219
8845783,2019,2019-05-02,3801,2019-03-05,1920,744,NORTH,2,5,7,3801,0,0,0,,0,901,"OFARRELL ST","TAYLOR ST",0.00,,Y,-,-,N,,,,,,,,,,N,4,0,1,2,D,-,00,,,N,D,C,A,-,-,-,-,-,0,,,,,Y,,-,"- ",0,0,1,0,0,0,0,0,0,"- ","- ",,,"SAN FRANCISCO","SAN FRANCISCO",-122.41132354736328,37.786018371582031
8845789,2019,2019-05-01,3801,2019-03-02,1913,1351,INGLE,6,5,7,3801,0,0,0,,0,3H15D,"RUSSIA AV","MOSCOW AV",0.00,,Y,B,C,N,,,,,,,,,,N,4,0,1,2,A,-,11,21950,B,N,G,B,B,B,H,-,C,A,0,Y,,,,Y,,N,60,0,0,1,0,1,0,0,0,0,"- ","- ",,,"SAN FRANCISCO","SAN FRANCISCO",-122.42997741699219,37.7181396484375
8845799,2019,2019-05-02,3801,2019-03-19,1530,564,TARAV,2,5,7,3801,0,0,0,,0,3I11D,"BROTHERHOOD WY","LAKE MERCED BL",7.00,E,N,A,-,N,,,,,,,,,,N,4,0,5,5,A,-,04,21703,,N,C,C,A,A,H,-,A,D,0,,,,,Y,,A,07,0,0,5,0,0,0,0,0,0,"- ","- ",,,"SAN FRANCISCO","SAN FRANCISCO",-122.48530578613281,37.714641571044922
8845807,2019,2019-05-02,3801,2019-03-18,0025,265,INGLE,1,5,7,3801,0,0,0,,0,3H13E,"MISSION ST","GODEUS ST",23.00,N,N,A,-,N,,,,,,,,,,Y,4,0,1,3,A,-,03,22350,,N,C,E,A,A,-,-,C,A,0,,,Y,,Y,,A,01,0,0,1,0,0,0,0,0,0,"- ","- ",,,"SAN FRANCISCO","SAN FRANCISCO",-122.42167663574219,37.742885589599609
8845810,2019,2019-04-30,3801,2019-03-08,0815,156,BAYVI,5,5,7,3801,0,0,0,,0,BAYVIE,"SAN BRUNO AV","MANSELL AV",0.00,,Y,A,-,N,,,,,,,,,,N,4,0,2,2,A,-,12,22450,A,F,-,C,A,A,H,-,A,A,0,,,,,Y,,A,01,0,0,2,0,0,0,0,0,0,"- ","- ",,,"SAN FRANCISCO","SAN FRANCISCO",-122.401123046875,37.721641540527344
8845812,2019,2019-04-30,3801,2019-03-30,1155,400,INGLE,6,5,7,3801,0,0,0,,0,COH,"MISSION ST","CORTLAND AV",0.00,,Y,A,-,N,,,,,,,,,,N,3,0,1,2,A,-,03,22350,,N,B,E,A,A,H,-,A,A,0,,Y,,,Y,,L,04,0,1,0,0,0,0,1,0,0,"- ","- ",,,"SAN FRANCISCO","SAN FRANCISCO",-122.42283630371094,37.741008758544922
8845813,2019,2019-05-01,3801,2019-03-05,1630,1249,MISSI,2,5,7,3801,0,0,0,,0,3D11D,"BRYANT ST","20TH ST",205.00,N,N,C,-,N,,,,,,,,,,N,3,0,1,2,A,-,08,22107,,F,B,G,A,B,H,-,A,D,0,,Y,,,Y,,-,99,0,1,0,0,0,0,1,0,0,"- ","- ",,,"SAN FRANCISCO","SAN FRANCISCO",-122.40994262695312,37.759754180908203
8845818,2019,2019-04-30,3801,2019-03-08,1645,400,INGLE,5,5,7,3801,0,0,0,,0,3H11D,"TOMPKINS AV","ANDERSON ST",0.00,,Y,A,-,N,,,,,,,,,,Y,4,0,1,2,A,-,09,21801,A,N,C,C,A,A,H,-,A,A,0,,,,,Y,,A,07,0,0,1,0,0,0,0,0,0,"- ","- ",,,"SAN FRANCISCO","SAN FRANCISCO",-122.41532897949219,37.737178802490234
8845822,2019,2019-04-30,3801,2019-03-19,1435,1435,TRAFF,2,5,7,3801,0,0,0,,0,4B41,"HYDE ST","BAY ST",0.00,,Y,A,-,N,,,,,,,,,,Y,3,0,4,7,C,-,18,,,N,D,C,A,A,H,-,A,A,0,,,,,Y,,-,"- ",0,1,3,0,0,0,0,0,0,"- ","- ",,,"SAN FRANCISCO","SAN FRANCISCO",-122.42015838623047,37.804790496826172
8845823,2019,2019-05-02,3801,2019-03-08,1200,1066,MISSI,5,5,7,3801,0,0,0,,0,D11A,"VALENCIA ST","BROSNAN ST",0.00,,Y,A,-,N,,,,,,,,,,N,2,0,1,2,A,-,09,21803,A,N,H,-,A,A,H,-,A,D,0,,Y,,,Y,,A,07,1,0,0,0,0,0,1,0,0,"- ","- ",,,"SAN FRANCISCO","SAN FRANCISCO",-122.42224884033203,37.768768310546875
8845837,2019,2019-05-01,3801,2019-03-12,2039,2132,MISSI,2,5,7,3801,0,0,0,,0,3D60,"PORTOLA DR","BURNETT AV",0.00,,Y,A,-,N,,,,,,,,,,Y,4,0,1,2,A,-,09,21801,A,N,A,C,A,A,H,-,C,A,0,,,Y,,Y,,A,01,0,0,1,0,0,0,0,0,1,"- ","- ",,,"SAN FRANCISCO","SAN FRANCISCO",-122.44486999511719,37.747020721435547
8845838,2019,2019-05-01,3801,2019-03-17,0100,1871,BAYVI,7,5,7,3801,0,0,0,,0,0C5,"3RD ST","GILMAN AV",0.00,,Y,A,-,N,,,,,,,,,,Y,4,0,1,2,A,-,08,22107,,N,D,C,A,A,H,-,C,A,0,,,,,Y,,A,01,0,0,1,0,0,0,0,0,0,"- ","- ",,,"SAN FRANCISCO","SAN FRANCISCO",-122.39556884765625,37.722370147705078
8846920,2019,2019-08-26,3801,2019-04-04,1008,1371,SOUTH,4,5,7,3801,0,0,0,,0,3B14A,"MARKET ST","OCTAVIA ST",0.00,,Y,A,-,Y,SF,4,101,-,M,5.450,I,5,S,N,4,0,1,2,A,-,08,22101,D,N,D,G,A,A,H,-,A,A,0,,Y,,,Y,,A,01,0,0,1,0,0,0,1,0,0,"- ","- ",,,"SAN FRANCISCO","SAN FRANCISCO",-122.4234619140625,37.771865844726562
8849446,2019,2019-05-03,3801,2019-03-11,1740,209,NORTH,1,5,7,3801,0,0,0,,0,03E,"CLEARY CT","LAGUNA ST",43.00,E,N,A,-,N,,,,,,,,,,Y,2,0,1,1,A,-,03,22350,,N,E,I,A,A,H,-,A,D,0,,,,,Y,,A,01,1,0,0,0,0,0,0,0,0,"- ","- ",,,"SAN FRANCISCO","SAN FRANCISCO",-122.42763519287109,37.783927917480469
8849641,2019,2019-08-21,3801,2019-03-29,1053,1190,TARAV,5,5,7,3801,0,0,0,,0,3I15A,"19TH AV","KIRKHAM ST",180.00,N,N,A,-,Y,SF,4,1,-,-,3.670,H,-,N,Y,4,0,1,2,A,-,08,22107,,N,B,C,A,A,H,-,A,A,0,,,,,Y,,A,07,0,0,1,0,0,0,0,0,0,"- ","- ",,,"SAN FRANCISCO","SAN FRANCISCO",-122.47682952880859,37.760231018066406
8850717,2019,2019-04-30,3801,2019-02-23,0045,817,MISSI,6,5,7,3801,0,0,0,,0,3D15E,"SOUTH VAN NESS AV","13TH ST",0.00,,Y,A,-,N,,,,,,,,,,N,3,0,1,2,A,-,05,21650,1,N,A,G,A,A,H,-,C,A,0,,Y,,,Y,,L,04,0,1,0,0,0,0,1,0,0,"- ","- ",,,"SAN FRANCISCO","SAN FRANCISCO",-122.41777038574219,37.769718170166016