CASE_ID,ACCIDENT_YEAR,PROC_DATE,JURIS,COLLISION_DATE,COLLISION_TIME,OFFICER_ID,REPORTING_DISTRICT,DAY_OF_WEEK,CHP_SHIFT,POPULATION,CNTY_CITY_LOC,SPECIAL_COND,BEAT_TYPE,CHP_BEAT_TYPE,CITY_DIVISION_LAPD,CHP_BEAT_CLASS,BEAT_NUMBER,PRIMARY_RD,SECONDARY_RD,DISTANCE,DIRECTION,INTERSECTION,WEATHER_1,WEATHER_2,STATE_HWY_IND,CALTRANS_COUNTY,CALTRANS_DISTRICT,STATE_ROUTE,ROUTE_SUFFIX,POSTMILE_PREFIX,POSTMILE,LOCATION_TYPE,RAMP_INTERSECTION,SIDE_OF_HWY,TOW_AWAY,COLLISION_SEVERITY,NUMBER_KILLED,NUMBER_INJURED,PARTY_COUNT,PRIMARY_COLL_FACTOR,PCF_CODE_OF_VIOL,PCF_VIOL_CATEGORY,PCF_VIOLATION,PCF_VIOL_SUBSECTION,HIT_AND_RUN,TYPE_OF_COLLISION,MVIW,PED_ACTION,ROAD_SURFACE,ROAD_COND_1,ROAD_COND_2,LIGHTING,CONTROL_DEVICE,CHP_ROAD_TYPE,PEDESTRIAN_ACCIDENT,BICYCLE_ACCIDENT,MOTORCYCLE_ACCIDENT,TRUCK_ACCIDENT,NOT_PRIVATE_PROPERTY,ALCOHOL_INVOLVED,STWD_VEHTYPE_AT_FAULT,CHP_VEHTYPE_AT_FAULT,COUNT_SEVERE_INJ,COUNT_VISIBLE_INJ,COUNT_COMPLAINT_PAIN,COUNT_PED_KILLED,COUNT_PED_INJURED,COUNT_BICYCLIST_KILLED,COUNT_BICYCLIST_INJURED,COUNT_MC_KILLED,COUNT_MC_INJURED,PRIMARY_RAMP,SECONDARY_RAMP,LATITUDE,LONGITUDE,COUNTY,CITY,POINT_X,POINT_Y
8852985,2019,2019-04-30,3801,2019-03-11,1835,1308,TENDE,1,5,7,3801,0,0,0,,0,3J13D,MARKET,"CYRIL MAGNIN",0.00,,-,A,-,N,,,,,,,,,,N,2,0,1,2,A,-,09,21453,B,F,G,B,B,A,-,-,A,A,0,Y,,,,Y,Y,A,01,1,0,0,0,1,0,0,0,0,"- ","- ",,,"SAN FRANCISCO","SAN FRANCISCO",-122.40805816650391,37.784000396728516
8853029,2019,2019-05-01,3801,2019-03-31,1010,1385,INGLE,7,5,7,3801,0,0,0,,0,3H13A,"BRUNSWICK ST","OLIVER ST",395.00,N,N,A,-,N,,,,,,,,,,N,4,0,1,2,A,-,00,21954,,N,G,B,D,A,H,-,A,D,0,Y,,,,Y,,N,60,0,0,1,0,1,0,0,0,0,"- ","- ",,,"SAN FRANCISCO","SAN FRANCISCO",-122.44860076904297,37.708751678466797
8853049,2019,2019-05-02,3801,2019-03-10,1811,2132,MISSI,7,5,7,3801,0,0,0,,0,3D60,"MISSION ST","18TH ST",0.00,,Y,B,-,N,,,,,,,,,,Y,4,0,1,2,A,-,12,21453,A,N,D,C,A,B,H,-,A,A,0,,,,,Y,,A,01,0,0,1,0,0,0,0,0,0,"- ","- ",,,"SAN FRANCISCO","SAN FRANCISCO",-122.41937255859375,37.7618408203125
8853057,2019,2019-05-02,3801,2019-03-31,1720,32,,7,5,7,3801,0,0,0,,0,,"WASHINGTON ST","VAN NESS AV",102.00,E,N,A,-,N,,,,,,,,,,N,3,0,1,2,A,-,11,21954,A,N,G,B,D,A,H,-,A,D,0,Y,,,,Y,,N,60,0,1,0,0,1,0,0,0,0,"- ","- ",,,"SAN FRANCISCO","SAN FRANCISCO",-122.422607421875,37.793102264404297
8853155,2019,2019-04-30,3801,2019-03-13,1225,1950,BAYVI,3,5,7,3801,0,0,0,,0,3C15A,"PAUL AV","CARR ST",135.00,E,N,A,-,N,,,,,,,,,,N,4,0,1,2,A,-,04,21703,,N,C,C,A,A,H,-,A,A,0,,,,,Y,,A,01,0,0,1,0,0,0,0,0,0,"- ","- ",,,"SAN FRANCISCO","SAN FRANCISCO",-122.39617919921875,37.722515106201172
8857775,2019,2019-05-22,3801,2019-04-28,1406,652,PARK,7,5,7,3801,0,0,0,,0,004,"NOE ST","HENRY ST",0.00,,Y,A,-,N,,,,,,,,,,N,2,0,1,2,A,-,11,21954,A,N,G,B,D,A,H,-,A,D,0,Y,,,,Y,,N,60,1,0,0,0,1,0,0,0,0,"- ","- ",,,"SAN FRANCISCO","SAN FRANCISCO",-122.43332672119141,37.766670227050781
8857811,2019,2019-05-22,3801,2019-04-24,1206,317,SOUTH,3,5,7,3801,0,0,0,,0,3B13A,"8TH ST","NATOMA ST",0.00,,Y,A,-,N,,,,,,,,,,,4,0,1,2,A,-,12,21453,A,N,D,G,A,A,H,-,A,A,0,,Y,,,Y,,L,04,0,0,1,0,0,0,1,0,0,"- ","- ",,,"SAN FRANCISCO","SAN FRANCISCO",-122.41213226318359,37.776660919189453
8857812,2019,2019-06-11,3801,2019-04-20,0154,1148,MISSI,6,5,7,3801,0,0,0,,0,3D13E,"18TH ST","CASTRO ST",0.00,,Y,A,-,N,,,,,,,,,,N,3,0,2,3,A,-,03,22350,,F,G,B,D,-,H,-,D,D,0,Y,,,,Y,Y,-,,0,1,1,0,2,0,0,0,0,"- ","- ",,,"SAN FRANCISCO","SAN FRANCISCO",-122.43499755859375,37.760890960693359
8857836,2019,2019-05-21,3801,2019-04-19,0805,1102,MISSI,5,5,7,3801,0,0,0,,0,MISSIO,"LIBERTY ST","GUERRERO ST",232.00,E,N,A,-,N,,,,,,,,,,N,3,0,1,2,-,-,"- ",,,N,G,B,E,A,C,-,A,D,0,Y,,,,Y,Y,-,"- ",0,1,0,0,1,0,0,0,0,"- ","- ",,,"SAN FRANCISCO","SAN FRANCISCO",-122.42259979248047,37.75762939453125
8857872,2019,2019-05-22,3801,2019-04-28,1720,2268,INGLE,7,5,7,3801,0,0,0,,0,3H11D,"SAN JOSE AV","RANDALL ST",367.00,S,N,A,-,N,,,,,,,,,,Y,4,0,1,2,A,-,04,21703,,N,C,C,A,A,H,-,A,A,0,,,,,Y,,A,01,0,0,1,0,0,0,0,0,0,"- ","- ",,,"SAN FRANCISCO","SAN FRANCISCO",-122.42458343505859,37.738883972167969
8857887,2019,2019-05-22,3801,2019-04-02,2030,2452,RICHM,2,5,7,3801,0,0,0,,0,3G15E,"GEARY BL","16TH AV",0.00,,Y,C,-,N,,,,,,,,,,N,4,0,1,2,A,-,11,21954,A,N,G,B,D,B,H,-,C,D,0,Y,,,,Y,Y,N,60,0,0,1,0,1,0,0,0,0,"- ","- ",,,"SAN FRANCISCO","SAN FRANCISCO",-122.47511291503906,37.78057861328125
8857891,2019,2019-05-22,3801,2019-04-02,1845,1414,INGLE,2,5,7,3801,0,0,0,,0,3H11D,"CESAR CHAVEZ ST","VALENCIA ST",50.00,E,N,B,-,N,,,,,,,,,,N,4,0,1,2,A,-,17,22517,,N,B,G,A,A,H,-,A,A,0,,Y,,,Y,,A,01,0,0,1,0,0,0,1,0,0,"- ","- ",,,"SAN FRANCISCO","SAN FRANCISCO",-122.42007446289062,37.748123168945312
8857895,2019,2019-05-23,3801,2019-04-02,1826,738,NORTH,2,5,7,3801,0,0,0,,0,3E15D,"POLK ST","CHESTNUT ST",44.00,N,N,A,-,N,,,,,,,,,,N,4,0,1,2,A,-,17,22517,,N,H,G,A,A,H,-,A,A,0,,Y,,,Y,,A,01,0,0,1,0,0,0,1,0,0,"- ","- ",,,"SAN FRANCISCO","SAN FRANCISCO",-122.42310333251953,37.802608489990234
8857915,2019,2019-05-23,3801,2019-04-02,0705,416,BAYVI,2,5,7,3801,0,0,0,,0,0C2,"JEROLD AV","MILTON I ROSS LN",21.00,W,N,C,-,N,,,,,,,,,,N,4,0,1,2,A,-,05,21651,A,N,B,G,A,B,H,-,A,A,0,,Y,,,Y,,L,04,0,0,1,0,0,0,1,0,0,"- ","- ",,,"SAN FRANCISCO","SAN FRANCISCO",-122.39846801757812,37.743816375732422
8857967,2019,2019-05-21,3801,2019-04-27,1555,2239,INGLE,6,5,7,3801,0,0,0,,0,3H13C,"ALEMANY BL","COTTER ST",0.00,,Y,A,-,N,,,,,,,,,,Y,4,0,2,2,A,-,21,22106,,N,D,D,A,A,H,-,A,A,0,,,,,Y,,A,01,0,0,2,0,0,0,0,0,0,"- ","- ",,,"SAN FRANCISCO","SAN FRANCISCO",-122.43502044677734,37.728199005126953
8857971,2019,2019-05-21,3801,2019-04-27,0828,2279,BAYVI,6,5,7,3801,0,0,0,,0,0C2,PALOU,NEWHALL,2.00,S,N,A,-,N,,,,,,,,,,N,4,0,1,2,A,-,10,21950,A,N,G,B,D,A,H,-,A,D,0,Y,,,,Y,,A,01,0,0,1,0,1,0,0,0,0,"- ","- ",,,"SAN FRANCISCO","SAN FRANCISCO",-122.39277648925781,37.735027313232422
8858000,2019,2019-06-11,3801,2019-04-22,1810,1177,TENDE,1,5,7,3801,0,0,0,,0,3J13D,"MARKET ST","9TH ST",20.00,W,N,A,-,N,,,,,,,,,,N,4,0,1,2,A,-,21,22106,,F,C,G,A,A,H,-,A,-,0,,Y,,,Y,,A,01,0,0,1,0,0,0,1,0,0,"- ","- ",,,"SAN FRANCISCO","SAN FRANCISCO",-122.4163818359375,37.777462005615234
8858001,2019,2019-05-21,3801,2019-04-19,1912,2705,BAYVI,5,5,7,3801,0,0,0,,0,3C15D,"LANE ST","REVERE AV",0.00,,Y,E,-,N,,,,,,,,,,Y,3,0,1,4,A,-,12,22450,A,N,G,B,B,A,E,-,A,A,0,Y,,,,Y,,A,01,0,1,0,0,1,0,0,0,0,"- ","- ",,,"SAN FRANCISCO","SAN FRANCISCO",-122.39018249511719,37.731670379638672
8858011,2019,2019-05-24,3801,2019-04-16,2120,781,PARK,2,5,7,3801,0,0,0,,0,0F3,"MASONIC AV","HAIGHT ST",137.00,N,N,A,-,N,,,,,,,,,,Y,2,0,1,2,A,-,11,21955,,N,G,-,D,A,H,-,C,A,0,Y,,,,Y,,N,60,1,0,0,0,1,0,0,0,0,"- ","- ",,,"SAN FRANCISCO","SAN FRANCISCO",-122.4454345703125,37.770580291748047
8858013,2019,2019-05-21,3801,2019-04-16,0823,76,TRAFF,2,5,7,3801,0,0,0,,0,,"7TH ST","BERRY ST",7.00,S,N,A,-,N,,,,,,,,,,N,2,0,1,2,A,-,05,21460,A,N,A,G,A,A,-,-,A,-,0,,Y,,,Y,,L,04,1,0,0,0,0,0,1,0,0,"- ","- ",,,"SAN FRANCISCO","SAN FRANCISCO",-122.4000244140625,37.770465850830078
8858014,2019,2019-05-21,3801,2019-04-10,1350,242,NORTH,3,5,7,3801,0,0,0,,0,901,"RICHARDSON AV",FRANCISCO,45.00,S,N,B,-,N,,,,,,,,,,N,3,0,1,2,A,-,10,21950,A,N,G,B,B,A,H,-,A,A,0,Y,,,,Y,,A,01,0,1,0,0,1,0,0,0,0,"- ","- ",,,"SAN FRANCISCO","SAN FRANCISCO",-122.44699096679688,37.800277709960938
8858022,2019,2019-06-06,3801,2019-04-10,1030,2455,CENTR,3,5,7,3801,0,0,0,,0,3A4A,"VALENCIA ST","17TH ST",0.00,,Y,A,-,N,,,,,,,,,,N,4,0,1,2,C,-,18,,,N,E,G,A,-,-,-,A,-,0,,Y,,,Y,,-,"- ",0,0,1,0,0,0,1,0,0,"- ","- ",,,"SAN FRANCISCO","SAN FRANCISCO",-122.42173767089844,37.763298034667969
8858025,2019,2019-06-13,3801,2019-04-26,0900,1147,SOUTH,5,5,7,3801,0,0,0,,0,3B2A,"10TH ST","MISSION ST",15.00,N,N,A,-,N,,,,,,,,,,N,3,0,1,2,C,-,18,,,N,H,G,A,A,H,-,A,A,0,,Y,,,Y,,-,"- ",0,1,0,0,0,0,1,0,0,"- ","- ",,,"SAN FRANCISCO","SAN FRANCISCO",-122.41594696044922,37.775310516357422
8858026,2019,2019-05-21,3801,2019-04-10,0829,1300,SOUTH,3,5,7,3801,0,0,0,,0,3B14B,"MARKET ST","OCTAVIA ST",0.00,,Y,A,-,N,,,,,,,,,,N,3,0,1,2,A,-,08,22101,D,N,D,G,A,A,H,-,A,A,0,,Y,,,Y,,A,01,0,1,0,0,0,0,1,0,0,"- ","- ",,,"SAN FRANCISCO","SAN FRANCISCO",-122.42359161376953,37.771778106689453
8858027,2019,2019-05-21,3801,2019-04-13,0340,1364,NORTH,6,5,7,3801,0,0,0,,0,3E14E,"OAK ST","OCTAVIA ST",0.00,,Y,A,-,N,,,,,,,,,,Y,4,0,2,4,A,-,12,21453,A,F,D,C,A,A,H,-,C,A,0,,,,,Y,,A,01,0,0,2,0,0,0,0,0,0,"- ","- ",,,"SAN FRANCISCO","SAN FRANCISCO",-122.42430114746094,37.774799346923828
8858033,2019,2019-05-21,3801,2019-04-04,1718,637,SOUTH,4,5,7,3801,0,0,0,,0,3B12D,"5TH ST","BRYANT ST",129.00,S,N,A,-,N,,,,,,,,,,N,3,0,1,2,A,-,00,20001,A,F,G,B,F,A,H,-,A,D,0,Y,,,,Y,Y,D,22,0,1,0,0,1,0,0,0,0,"- ","- ",,,"SAN FRANCISCO","SAN FRANCISCO",-122.39997863769531,37.777549743652344
8858063,2019,2019-05-21,3801,2019-04-07,1730,2008,MISSI,7,5,7,3801,0,0,0,,0,3D13D,"MISSION ST","21ST ST",118.00,N,N,A,-,N,,,,,,,,,,N,3,0,2,4,A,-,04,21703,,F,C,C,A,A,H,-,A,D,0,,,,,Y,,A,01,0,2,0,0,0,0,0,0,0,"- ","- ",,,"SAN FRANCISCO","SAN FRANCISCO",-122.4189453125,37.757343292236328
8858073,2019,2019-07-17,3801,2019-04-07,0203,1240,MISSI,7,5,7,3801,0,0,0,,0,3D11E,"COLLINGWOOD ST","18TH ST",0.00,,Y,A,-,N,,,,,,,,,,Y,2,0,5,4,A,-,08,22100,A,F,G,B,E,A,H,-,C,A,0,Y,,,,Y,,A,01,1,0,4,0,1,0,0,0,0,"- ","- ",,,"SAN FRANCISCO","SAN FRANCISCO",-122.43609619140625,37.760818481445312
8858078,2019,2019-05-21,3801,2019-04-08,1620,2421,PARK,1,5,7,3801,0,0,0,,0,3F49A,"HAYES ST","BAKER ST",144.00,W,N,B,-,N,,,,,,,,,,N,2,0,1,2,A,-,09,21804,A,N,D,C,A,A,H,-,A,D,0,,,,,Y,,A,01,1,0,0,0,0,0,0,0,0,"- ","- ",,,"SAN FRANCISCO","SAN FRANCISCO",-122.44160461425781,37.774501800537109
8858142,2019,2019-05-23,3801,2019-04-05,1249,1147,SOUTH,5,5,7,3801,0,0,0,,0,3B12A,"FOLSOM ST","4TH ST",40.00,W,N,B,-,N,,,,,,,,,,N,4,0,1,2,A,-,08,22107,,N,B,C,A,B,H,-,A,D,0,,,Y,,Y,,A,01,0,0,1,0,0,0,0,0,1,"- ","- ",,,"SAN FRANCISCO","SAN FRANCISCO",-122.40126037597656,37.781963348388672
8858146,2019,2019-05-24,3801,2019-04-05,1935,1909,NORTH,5,5,7,3801,0,0,0,,0,,"OAK ST","SCOTT ST",75.00,W,N,A,-,N,,,,,,,,,,N,2,0,1,2,A,-,07,21658,A,N,D,G,A,A,H,-,B,D,0,,Y,,,Y,,A,01,1,0,0,0,0,0,1,0,0,"- ","- ",,,"SAN FRANCISCO","SAN FRANCISCO",-122.43602752685547,37.773300170898438
8862439,2019,2019-05-28,3801,2019-04-15,1653,2078,MISSI,1,5,7,3801,0,0,0,,0,3D5D,"MISSION ST","14TH ST",0.00,,Y,B,C,N,,,,,,,,,,N,4,0,1,2,A,-,05,21202,A,N,B,G,A,B,H,-,A,A,0,,Y,,,Y,,L,04,0,0,1,0,0,0,1,0,0,"- ","- ",,,"SAN FRANCISCO","SAN FRANCISCO",-122.41996765136719,37.768291473388672
8862466,2019,2019-05-28,3801,2019-04-20,1145,679,MISSI,6,5,7,3801,0,0,0,,0,3D60,"18TH ST","MISSION ST",50.00,E,N,A,-,N,,,,,,,,,,N,4,0,1,3,A,-,08,22107,,N,B,C,A,A,H,-,A,D,0,,,,,Y,,A,01,0,0,1,0,0,0,0,0,0,"- ","- ",,,"SAN FRANCISCO","SAN FRANCISCO",-122.41919708251953,37.761848449707031
8862478,2019,2019-05-22,3801,2019-04-13,2301,219,BAYVI,6,5,7,3801,0,0,0,,0,0C2,"SILVER AV","TOPEKA AV",0.00,,Y,A,-,N,,,,,,,,,,Y,4,0,1,2,A,-,06,21751,,N,D,C,A,A,H,-,C,A,0,,,,,Y,,A,01,0,0,1,0,0,0,0,0,0,"- ","- ",,,"SAN FRANCISCO","SAN FRANCISCO",-122.40096282958984,37.73529052734375
8863565,2019,2019-05-22,3801,2019-04-20,1133,1620,BAYVI,6,5,7,3801,0,0,0,,0,3C11A,"PALOU AV","BARNEVELD ST",390.00,E,N,A,-,N,,,,,,,,,,Y,3,0,1,2,A,-,11,21954,A,F,D,G,A,A,H,-,A,D,0,,Y,,,Y,,L,04,0,1,0,0,0,0,1,0,0,"- ","- ",,,"SAN FRANCISCO","SAN FRANCISCO",-122.40249633789062,37.7408447265625
8863720,2019,2019-05-23,3801,2019-04-10,0610,885,,3,5,7,3801,0,0,0,,0,01C,"PENNSYLVANIA AV","25TH ST",207.00,S,N,A,-,N,,,,,,,,,,N,4,0,1,2,A,-,09,21801,A,N,A,C,A,A,H,-,A,D,0,,,,,Y,,-,"- ",0,0,1,0,0,0,0,0,0,"- ","- ",,,"SAN FRANCISCO","SAN FRANCISCO",-122.39260101318359,37.751972198486328
8866888,2019,2019-05-30,3801,2019-04-13,0945,829,,6,5,7,3801,0,0,0,,0,3D60,"16TH ST","POTRERO AV",0.00,,Y,A,-,N,,,,,,,,,,Y,3,0,2,2,A,-,12,21453,A,N,D,C,A,-,A,H,A,A,0,,,,,Y,,A,01,0,1,1,0,0,0,0,0,0,"- ","- ",,,"SAN FRANCISCO","SAN FRANCISCO",-122.40756225585938,37.765769958496094
8866951,2019,2019-06-10,3801,2019-04-16,0730,4358,BAYVI,2,5,7,3801,0,0,0,,0,03C,"PALOU AV","RANKIN ST",120.00,W,N,A,-,N,,,,,,,,,,Y,4,0,2,2,A,-,09,21806,A,N,D,C,A,A,H,-,A,D,0,,,,,Y,,A,07,0,0,2,0,0,0,0,0,0,"- ","- ",,,"SAN FRANCISCO","SAN FRANCISCO",-122.39871978759766,37.738410949707031
8867480,2019,2019-06-24,3801,2019-04-25,0640,2127,,4,5,7,3801,0,0,0,,0,3G3,"GEARY BL","8TH AV",0.00,,Y,A,-,N,,,,,,,,,,Y,4,0,1,2,A,-,09,21801,A,N,D,C,A,A,H,-,A,A,0,,,,,Y,,A,01,0,0,1,0,0,0,0,0,0,"- ","- ",,,"SAN FRANCISCO","SAN FRANCISCO",-122.4664306640625,37.780979156494141
8874735,2019,2019-06-19,3801,2019-05-18,1212,2210,SOUTH,6,5,7,3801,0,0,0,,0,3B15A,"MARKET ST","LAGUNA ST",0.00,,Y,C,-,N,,,,,,,,,,Y,4,0,1,2,A,-,12,21453,A,N,D,C,A,B,H,-,A,A,0,,,Y,,Y,,A,01,0,0,1,0,0,0,0,0,1,"- ","- ",37.770679473876953,-122.42849731445312,"SAN FRANCISCO","SAN FRANCISCO",-122.42485809326172,37.770748138427734
8875398,2019,2019-10-17,3801,2019-05-17,1410,1917,TARAV,5,5,7,3801,0,0,0,,0,3I16A,"SAN JOSE AV","SAGAMORE ST",191.00,N,N,A,-,N,,,,,,,,,,Y,4,0,3,2,A,-,03,22350,,N,C,C,A,A,H,-,A,A,0,,,,,Y,,A,01,0,0,3,0,0,0,0,0,0,"- ","- ",,,"SAN FRANCISCO","SAN FRANCISCO",-122.45529174804688,37.711551666259766
8878169,2019,2019-06-20,3801,2019-05-14,2207,1371,SOUTH,2,5,7,3801,0,0,0,,0,3B12E,"CLEMENTINA ST","5TH ST",0.00,,Y,A,-,N,,,,,,,,,,N,4,0,1,2,A,-,09,21804,A,N,D,C,A,A,H,-,C,A,0,,,,,Y,,A,01,0,0,1,0,0,0,0,0,0,"- ","- ",,,"SAN FRANCISCO","SAN FRANCISCO",-122.40390777587891,37.780708312988281
8878269,2019,2019-06-20,3801,2019-05-21,1816,1378,SOUTH,2,5,7,3801,0,0,0,,0,3B14D,"EMBARCADERO ST SOUTH","BRYANT ST",0.00,,Y,B,-,N,,,,,,,,,,N,4,0,1,2,A,-,12,21453,A,N,D,G,A,-,H,-,B,A,0,,Y,,,Y,,L,04,0,0,1,0,0,0,1,0,0,"- ","- ",,,"SAN FRANCISCO","SAN FRANCISCO",-122.388009,37.787078999999999
8878414,2019,2019-06-19,3801,2019-05-12,1110,327,,7,5,7,3801,0,0,0,,0,3C13A,"HUDSON AV","ARDATH CT",0.00,,Y,A,-,N,,,,,,,,,,N,4,0,1,2,A,-,03,22350,,M,B,C,A,A,H,-,A,D,0,,,,,Y,,A,01,0,0,1,0,0,0,0,0,0,"- ","- ",,,"SAN FRANCISCO","SAN FRANCISCO",-122.38298034667969,37.734611511230469
8878485,2019,2019-06-19,3801,2019-05-24,2145,2292,INGLE,5,5,7,3801,0,0,0,,0,3H16E,"CRESCENT AV","FOLSOM ST",0.00,,Y,A,-,N,,,,,,,,,,N,4,0,1,2,A,-,12,22450,A,N,D,G,A,A,H,-,C,A,0,,Y,,,Y,Y,L,04,0,0,1,0,0,0,1,0,0,"- ","- ",,,"SAN FRANCISCO","SAN FRANCISCO",-122.41371917724609,37.734748840332031
8878494,2019,2019-06-26,3801,2019-05-03,2351,245,BAYVI,5,5,7,3801,0,0,0,,0,03C,"UNDERWOOD AV","KEITH ST",64.00,W,N,A,-,N,,,,,,,,,,Y,4,0,1,3,A,-,22,23123,A,N,C,E,A,A,H,-,C,D,0,,,Y,,Y,,A,01,0,0,1,0,0,0,0,0,0,"- ","- ",,,"SAN FRANCISCO","SAN FRANCISCO",-122.39018249511719,37.728832244873047
8878534,2019,2019-06-19,3801,2019-05-01,1815,1252,INGLE,3,5,7,3801,0,0,0,,0,,"23RD ST","MISSION ST",100.00,,N,A,-,N,,,,,,,,,,N,4,0,1,2,A,-,21,22106,,M,B,C,A,A,H,-,A,D,0,,,,,Y,,A,01,0,0,1,0,0,0,0,0,0,"- ","- ",,,"SAN FRANCISCO","SAN FRANCISCO",-122.41860198974609,37.753829956054688
8878557,2019,2019-06-19,3801,2019-05-12,2345,1376,CENTR,7,5,7,3801,0,0,0,,0,3A14E,"BROADWAY ST","GRANT AV",0.00,,Y,A,-,N,,,,,,,,,,Y,3,0,1,2,A,-,01,23152,A,N,C,C,A,A,H,-,C,A,0,,,,,Y,Y,A,01,0,1,0,0,0,0,0,0,0,"- ","- ",,,"SAN FRANCISCO","SAN FRANCISCO",-122.40699005126953,37.797859191894531
8878562,2019,2019-06-19,3801,2019-05-13,0945,2337,INGLE,1,5,7,3801,0,0,0,,0,3H11A,"APPLETON AV","HOLLY PARK CIR",50.00,W,N,A,-,N,,,,,,,,,,N,4,0,1,2,A,-,05,21650,,F,B,E,A,A,H,-,A,D,0,,,,,Y,,A,01,0,0,1,0,0,0,0,0,0,"- ","- ",,,"SAN FRANCISCO","SAN FRANCISCO",-122.42109680175781,37.737701416015625
8878567,2019,2019-06-20,3801,2019-05-14,1127,2749,RICHM,2,5,7,3801,0,0,0,,0,3G13A,"GEARY BL","28TH AV",0.00,,Y,A,-,N,,,,,,,,,,Y,4,0,1,2,A,-,12,21453,A,N,D,D,A,A,H,-,A,A,0,,,,,Y,,A,01,0,0,1,0,0,0,0,0,0,"- ","- ",,,"SAN FRANCISCO","SAN FRANCISCO",-122.48795318603516,37.780021667480469
8878581,2019,2019-06-19,3801,2019-05-23,1737,801,SOUTH,4,5,7,3801,0,0,0,,0,0B1,"BRYANT ST","THE EMBARCADERO",71.00,W,N,-,-,N,,,,,,,,,,N,4,0,1,1,A,-,03,22350,,N,H,-,A,A,A,-,A,A,0,,,Y,,Y,Y,C,03,0,0,1,0,0,0,0,0,1,"- ","- ",,,"SAN FRANCISCO","SAN FRANCISCO",-122.38825225830078,37.787094116210938
8878588,2019,2019-06-19,3801,2019-05-28,0242,555,MISSI,2,5,7,3801,0,0,0,,0,3D13E,"S VAN NESS AV","21ST ST",274.00,S,N,A,-,N,,,,,,,,,,Y,3,0,2,4,A,-,01,23153,A,N,C,C,A,A,H,-,C,D,0,,,,,Y,Y,A,01,0,1,1,0,0,0,0,0,0,"- ","- ",,,"SAN FRANCISCO","SAN FRANCISCO",-122.41667175292969,37.75640869140625
8878589,2019,2019-06-19,3801,2019-05-23,1300,912,CENTR,4,5,7,3801,0,0,0,,0,3A14C,"NEW MONTGOMERY ST","JESSIE ST",0.00,,Y,A,-,N,,,,,,,,,,N,3,0,1,2,A,-,21,22106,,N,G,B,-,A,-,-,A,D,0,Y,,,,Y,,A,01,0,1,0,0,1,0,0,0,0,"- ","- ",,,"SAN FRANCISCO","SAN FRANCISCO",-122.40099334716797,37.787868499755859
8878593,2019,2019-06-19,3801,2019-05-23,1149,203,MISSI,4,5,7,3801,0,0,0,,0,3D44C,"MISSION ST","24TH ST",255.00,S,N,A,-,N,,,,,,,,,,N,4,0,1,2,A,-,11,21954,A,N,G,B,E,-,H,-,A,D,0,Y,,,,Y,,N,60,0,0,1,0,1,0,0,0,0,"- ","- ",,,"SAN FRANCISCO","SAN FRANCISCO",-122.41841125488281,37.751564025878906
8878598,2019,2019-06-25,3801,2019-05-19,2030,2042,RICHM,7,5,7,3801,0,0,0,,0,3G00,"CROSSOVER DR","TRANSVERSE DR",0.00,,Y,C,-,N,,,,,,,,,,Y,4,0,1,3,A,-,03,22350,,F,C,C,A,B,H,-,B,D,0,,,,,Y,,-,"- ",0,0,1,0,0,0,0,0,0,"- ","- ",,,"SAN FRANCISCO","SAN FRANCISCO",-122.48177337646484,37.771881103515625
8878602,2019,2019-06-19,3801,2019-05-20,1918,4001,TARAV,1,5,7,3801,0,0,0,,0,3I13D,"LINCOLN WY","21ST AV",23.00,E,N,B,-,N,,,,,,,,,,Y,4,0,2,3,A,-,03,22350,,N,F,E,A,A,H,-,A,A,0,,,,,Y,,A,01,0,0,2,0,0,0,0,0,0,"- ","- ",,,"SAN FRANCISCO","SAN FRANCISCO",-122.47933959960938,37.765361785888672
8878631,2019,2019-06-20,3801,2019-05-02,2304,1240,MISSI,4,5,7,3801,0,0,0,,0,,"24TH ST","POTRERO AV",50.00,W,N,A,-,N,,,,,,,,,,N,4,0,1,2,A,-,03,22350,,F,C,C,A,A,H,-,C,A,0,,,,,Y,,A,01,0,0,1,0,0,0,0,0,0,"- ","- ",,,"SAN FRANCISCO","SAN FRANCISCO",-122.406494140625,37.752967834472656
8878639,2019,2019-06-20,3801,2019-05-13,1025,4223,INGLE,1,5,7,3801,0,0,0,,0,3H4A,"CHURCH ST","DAY ST",21.00,,N,A,-,N,,,,,,,,,,N,4,0,1,1,A,-,03,22350,,N,E,J,A,A,H,-,A,A,0,,,,,Y,,A,01,0,0,1,0,0,0,0,0,0,"- ","- ",,,"SAN FRANCISCO","SAN FRANCISCO",-122.42656707763672,37.742900848388672
8878644,2019,2019-06-19,3801,2019-05-17,0006,875,CENTR,5,5,7,3801,0,0,0,,0,3A13E,"MONTGOMERY ST","COMMERCIAL ST",37.00,N,N,B,C,N,,,,,,,,,,,3,0,1,2,A,-,11,21954,A,F,G,B,D,B,H,-,C,D,0,Y,,,,Y,,N,60,0,1,0,0,1,0,0,0,0,"- ","- ",,,"SAN FRANCISCO","SAN FRANCISCO",-122.40303802490234,37.794319152832031
8878650,2019,2019-06-19,3801,2019-05-10,1338,1263,BAYVI,5,5,7,3801,0,0,0,,0,,"BAYSHORE BL","BACON ST",0.00,N,N,A,-,N,,,,,,,,,,,4,0,1,2,A,-,04,21703,,N,C,C,A,A,H,-,A,A,0,,,,,Y,,A,01,0,0,1,0,0,0,0,0,0,"- ","- ",,,"SAN FRANCISCO","SAN FRANCISCO",-122.40219879150391,37.727951049804688