CASE_ID,ACCIDENT_YEAR,PROC_DATE,JURIS,COLLISION_DATE,COLLISION_TIME,OFFICER_ID,REPORTING_DISTRICT,DAY_OF_WEEK,CHP_SHIFT,POPULATION,CNTY_CITY_LOC,SPECIAL_COND,BEAT_TYPE,CHP_BEAT_TYPE,CITY_DIVISION_LAPD,CHP_BEAT_CLASS,BEAT_NUMBER,PRIMARY_RD,SECONDARY_RD,DISTANCE,DIRECTION,INTERSECTION,WEATHER_1,WEATHER_2,STATE_HWY_IND,CALTRANS_COUNTY,CALTRANS_DISTRICT,STATE_ROUTE,ROUTE_SUFFIX,POSTMILE_PREFIX,POSTMILE,LOCATION_TYPE,RAMP_INTERSECTION,SIDE_OF_HWY,TOW_AWAY,COLLISION_SEVERITY,NUMBER_KILLED,NUMBER_INJURED,PARTY_COUNT,PRIMARY_COLL_FACTOR,PCF_CODE_OF_VIOL,PCF_VIOL_CATEGORY,PCF_VIOLATION,PCF_VIOL_SUBSECTION,HIT_AND_RUN,TYPE_OF_COLLISION,MVIW,PED_ACTION,ROAD_SURFACE,ROAD_COND_1,ROAD_COND_2,LIGHTING,CONTROL_DEVICE,CHP_ROAD_TYPE,PEDESTRIAN_ACCIDENT,BICYCLE_ACCIDENT,MOTORCYCLE_ACCIDENT,TRUCK_ACCIDENT,NOT_PRIVATE_PROPERTY,ALCOHOL_INVOLVED,STWD_VEHTYPE_AT_FAULT,CHP_VEHTYPE_AT_FAULT,COUNT_SEVERE_INJ,COUNT_VISIBLE_INJ,COUNT_COMPLAINT_PAIN,COUNT_PED_KILLED,COUNT_PED_INJURED,COUNT_BICYCLIST_KILLED,COUNT_BICYCLIST_INJURED,COUNT_MC_KILLED,COUNT_MC_INJURED,PRIMARY_RAMP,SECONDARY_RAMP,LATITUDE,LONGITUDE,COUNTY,CITY,POINT_X,POINT_Y
8937038,2019,2019-10-15,3801,2019-08-16,0919,1833,SOUTH,5,5,7,3801,0,0,0,,0,0B2,"TOWNSEND ST","4TH ST",165.00,W,N,A,-,N,,,,,,,,,,N,4,0,1,2,A,-,09,21804,,N,D,G,A,A,H,-,A,D,0,,Y,,,Y,,L,04,0,0,1,0,0,0,1,0,0,"- ","- ",,,"SAN FRANCISCO","SAN FRANCISCO",-122.39539337158203,37.776786804199219
8937039,2019,2019-09-20,3801,2019-08-27,1436,1286,TARAV,2,5,7,3801,0,0,0,,0,3I1D,"JUDAH ST","33RD AV",0.00,,Y,A,-,N,,,,,,,,,,N,4,0,1,2,A,-,09,21801,A,N,B,C,A,A,H,-,A,A,0,,,,,Y,,A,01,0,0,1,0,0,0,0,0,0,"- ","- ",,,"SAN FRANCISCO","SAN FRANCISCO",-122.49198150634766,37.761020660400391
8937054,2019,2019-10-09,3801,2019-08-09,2152,2746,RICHM,5,5,7,3801,0,0,0,,0,3G4E,"GEARY BL","19TH AV",0.00,,Y,A,-,N,,,,,,,,,,Y,4,0,1,2,A,-,09,21801,A,N,D,C,A,A,H,-,C,A,0,,,,,Y,,A,01,0,0,1,0,0,0,0,0,0,"- ","- ",,,"SAN FRANCISCO","SAN FRANCISCO",-122.47833251953125,37.780429840087891
8937061,2019,2019-09-19,3801,2019-08-29,0900,1325,TENDE,4,5,7,3801,0,0,0,,0,3J11A,"MARKET ST","11TH ST",0.00,,Y,A,-,N,,,,,,,,,,N,3,0,1,1,-,-,"- ",,,N,E,-,A,A,-,-,A,D,0,,Y,,,Y,,-,"- ",0,1,0,0,0,0,1,0,0,"- ","- ",,,"SAN FRANCISCO","SAN FRANCISCO",-122.418701171875,37.775600433349609
8937062,2019,2019-09-19,3801,2019-08-09,0944,2749,RICHM,5,5,7,3801,0,0,0,,0,3G13A,"5TH AV","LAKE ST",680.00,N,N,A,-,N,,,,,,,,,,Y,4,0,1,1,A,-,03,22350,,N,A,I,A,A,H,-,A,D,0,,,,,Y,,A,01,0,0,1,0,0,0,0,0,0,"- ","- ",,,"SAN FRANCISCO","SAN FRANCISCO",-122.46372222900391,37.788585662841797
8937077,2019,2019-09-19,3801,2019-08-04,1830,162,INGLE,7,5,7,3801,0,0,0,,0,3H5A,"ALEMANY BL","GENEVA AV",75.00,S,N,A,-,N,,,,,,,,,,N,4,0,2,2,A,-,03,22350,,F,C,C,A,A,H,-,A,A,0,,,,,Y,Y,A,07,0,0,2,0,0,0,0,0,0,"- ","- ",,,"SAN FRANCISCO","SAN FRANCISCO",-122.44255065917969,37.717742919921875
8937094,2019,2019-09-19,3801,2019-08-25,0245,2744,SOUTH,7,5,7,3801,0,0,0,,0,3B1E,"MINNA ST","SHAW ALY",0.00,,Y,A,-,N,,,,,,,,,,,4,0,1,2,A,-,03,22350,,F,G,B,E,A,H,-,C,D,0,Y,,,,Y,Y,A,01,0,0,1,0,1,0,0,0,0,"- ","- ",,,"SAN FRANCISCO","SAN FRANCISCO",-122.39803314208984,37.788558959960938
8937102,2019,2019-09-19,3801,2019-08-25,0800,318,MISSI,7,5,7,3801,0,0,0,,0,004,"VALENCIA ST","25TH ST",200.00,S,N,A,-,N,,,,,,,,,,N,4,0,1,2,A,-,17,22517,,N,H,G,A,A,H,-,A,A,0,,Y,,,Y,Y,A,08,0,0,1,0,0,0,1,0,0,"- ","- ",,,"SAN FRANCISCO","SAN FRANCISCO",-122.42044830322266,37.749961853027344
8937105,2019,2019-09-19,3801,2019-08-07,0505,4103,CENTR,3,5,7,3801,0,0,0,,0,3A11E,"BUSH ST",HYDE,8.00,E,N,A,-,N,,,,,,,,,,Y,4,0,1,1,A,-,03,22350,,N,E,I,A,A,H,-,C,A,0,,,Y,,Y,,C,02,0,0,1,0,0,0,0,0,1,"- ","- ",,,"SAN FRANCISCO","SAN FRANCISCO",-122.41698455810547,37.78912353515625
8937110,2019,2019-09-19,3801,2019-08-25,1645,890,BAYVI,7,5,7,3801,0,0,0,,0,004,"GIRARD ST","BACON ST",0.00,,Y,A,-,N,,,,,,,,,,Y,4,0,1,3,A,-,12,22450,A,N,D,C,A,A,H,-,A,A,0,,,,,Y,Y,A,01,0,0,1,0,0,0,0,0,0,"- ","- ",,,"SAN FRANCISCO","SAN FRANCISCO",-122.40458679199219,37.727378845214844
8938970,2019,2020-01-28,3801,2019-08-30,1456,1994,TRAFF,5,5,7,3801,0,0,0,,0,4B3G,"SKYLINE BL","GREAT HWY",0.00,,Y,A,-,Y,SF,4,35,-,-,1.260,I,5,S,Y,4,0,3,3,A,-,12,22450,A,F,D,C,A,A,H,-,A,A,0,,,,,Y,,A,01,0,0,3,0,0,0,0,0,0,"- ","- ",,,"SAN FRANCISCO","SAN FRANCISCO",-122.50309753417969,37.725269317626953
8939218,2019,2019-12-11,3801,2019-11-02,0848,917,TRAFF,6,5,7,3801,0,0,0,,0,4B5E,"16TH ST","DE HARO ST",8.00,E,N,A,-,N,,,,,,,,,,Y,1,1,0,2,A,-,10,21950,A,N,G,B,B,A,H,-,A,A,0,Y,,,,Y,,A,01,0,0,0,1,0,0,0,0,0,"- ","- ",,,"SAN FRANCISCO","SAN FRANCISCO",-122.40166473388672,37.766151428222656
8939418,2019,2019-12-26,3801,2019-07-21,1408,1766,TRAFF,7,5,7,3801,0,0,0,,0,4B3C,"TAYLOR ST","OFARRELL ST",0.00,,Y,A,-,N,,,,,,,,,,Y,1,1,4,5,A,-,12,21453,A,N,D,C,-,A,H,-,A,A,0,Y,,,,Y,,A,01,1,1,2,1,1,0,0,0,0,"- ","- ",,,"SAN FRANCISCO","SAN FRANCISCO",-122.41132354736328,37.786018371582031
8939556,2019,2020-01-31,3801,2019-12-21,0107,443,TRAFF,6,5,7,3801,0,0,0,,0,4C1,"OCEAN AV","ASHTON AV",0.00,E,N,B,-,N,,,,,,,,,,Y,1,1,0,1,D,-,00,,,N,E,I,A,A,H,-,C,D,0,,,,,Y,,-,"- ",0,0,0,0,0,0,0,0,0,"- ","- ",,,"SAN FRANCISCO","SAN FRANCISCO",-122.46227264404297,37.72528076171875
8939820,2019,2019-10-25,3801,2019-09-17,1543,A23982,MISSI,2,5,7,3801,0,0,0,,0,5D15D,"MISSION ST","25TH ST",0.00,,Y,A,-,N,,,,,,,,,,N,4,0,1,2,A,-,10,21950,,N,D,B,B,A,H,-,A,A,0,Y,,,,Y,,A,01,0,0,1,0,1,0,0,0,0,"- ","- ",,,"SAN FRANCISCO","SAN FRANCISCO",-122.41829681396484,37.750659942626953
8940027,2019,2019-10-28,3801,2019-09-18,0750,1917,TARAV,3,5,7,3801,0,0,0,,0,3I16A,"LAKE MERCED BL","SUNSET BL",519.00,S,N,C,-,N,,,,,,,,,,N,3,0,1,2,A,-,17,22517,,N,F,G,A,B,C,-,A,D,0,,Y,,Y,Y,,F,21,0,1,0,0,0,0,1,0,0,"- ","- ",,,"SAN FRANCISCO","SAN FRANCISCO",-122.49525451660156,37.729160308837891
8940035,2019,2019-10-31,3801,2019-09-16,1140,906,BAYVI,1,5,7,3801,0,0,0,,0,3C11D,EMBARCADERO,"HARRISON ST",30.00,N,N,D,-,N,,,,,,,,,,N,3,0,1,2,A,-,08,22107,,M,E,J,A,A,H,-,A,D,0,,Y,,Y,Y,,F,26,0,1,0,0,0,0,1,0,0,"- ","- ",,,"SAN FRANCISCO","SAN FRANCISCO",-122.38846588134766,37.789726257324219
8940078,2019,2019-10-24,3801,2019-09-11,2200,1542,INGLE,3,5,7,3801,0,0,0,,0,3H11D,"18TH ST","S VAN NESS AV",0.00,,Y,F,-,N,,,,,,,,,,N,3,0,1,2,A,-,09,21801,A,F,A,C,A,-,G,-,C,A,0,,,,,Y,,D,22,0,1,0,0,0,0,0,0,0,"- ","- ",,,"SAN FRANCISCO","SAN FRANCISCO",-122.41719818115234,37.761951446533203
8952468,2019,2019-12-04,3801,2019-10-11,1547,4370,INGLE,5,5,7,3801,0,0,0,,0,3H13C,"SAN JOSE AV","RICHLAND AV",75.00,N,N,A,-,N,,,,,,,,,,Y,3,0,2,3,A,-,04,21703,,N,C,C,A,A,H,-,A,D,0,,,,Y,Y,,A,01,0,1,1,0,0,0,0,0,0,"- ","- ",,,"SAN FRANCISCO","SAN FRANCISCO",-122.42653656005859,37.736537933349609
8952472,2019,2019-12-18,3801,2019-10-16,1628,4277,BAYVI,3,5,7,3801,0,0,0,,0,3C13D,"CESAR CHAVEZ ST","CONNECTICUT ST",0.00,,Y,A,-,N,,,,,,,,,,Y,4,0,1,2,A,-,08,22107,,N,D,C,A,A,H,-,A,A,0,,,,,Y,,A,01,0,0,1,0,0,0,0,0,0,"- ","- ",,,"SAN FRANCISCO","SAN FRANCISCO",-122.39627075195312,37.749748229980469
8960276,2019,2019-11-08,3801,2019-09-27,2251,PARRA,SOUTH,5,5,7,3801,0,0,0,,0,3B11E,"3RD ST","JESSIE ST",0.00,,Y,A,-,N,,,,,,,,,,N,4,0,1,2,A,-,08,22107,,N,D,C,A,A,H,-,C,A,0,,,,,Y,,A,01,0,0,1,0,0,0,0,0,0,"- ","- ",,,"SAN FRANCISCO","SAN FRANCISCO",-122.40252685546875,37.786701202392578
8960598,2019,2019-12-20,3801,2019-10-03,1807,1534,TARAV,4,5,7,3801,0,0,0,,0,3I15D,"HOLLOWAY AV","VARELA AV",0.00,,Y,A,-,N,,,,,,,,,,N,3,0,1,2,A,-,06,21755,A,N,B,C,A,A,H,-,A,D,0,,,Y,,Y,,C,02,0,1,0,0,0,0,0,0,1,"- ","- ",,,"SAN FRANCISCO","SAN FRANCISCO",-122.47608184814453,37.720760345458984
8964587,2019,2019-11-18,3801,2019-09-04,2239,382,NORTH,3,5,7,3801,0,0,0,,0,NORTH,"VAN NESS AV","GEARY BL",0.00,,Y,A,-,N,,,,,,,,,,N,2,0,1,2,A,-,11,21456,B,N,G,B,B,A,D,-,C,A,0,Y,,,,Y,,N,60,1,0,0,0,1,0,0,0,0,"- ","- ",,,"SAN FRANCISCO","SAN FRANCISCO",-122.42146301269531,37.785678863525391
8969371,2019,2019-11-14,3801,2019-09-04,2131,2287,NORTH,3,5,7,3801,0,0,0,,0,3E60,"MARINA BL","BRODERICK ST",0.00,,Y,A,-,N,,,,,,,,,,Y,4,0,1,2,A,-,01,23152,B,N,C,C,A,A,H,-,C,D,0,,,,,Y,Y,A,01,0,0,1,0,0,0,0,0,0,"- ","- ",,,"SAN FRANCISCO","SAN FRANCISCO",-122.44566345214844,37.80535888671875
8969414,2019,2019-11-18,3801,2019-09-25,1421,4294,SOUTH,3,5,7,3801,0,0,0,,0,0B2,"4TH ST","HARRISON ST",0.00,,Y,A,-,N,,,,,,,,,,N,3,0,1,2,D,-,00,,,N,B,C,A,A,H,-,A,A,0,,,Y,,Y,,-,"- ",0,1,0,0,0,0,0,0,1,"- ","- ",,,"SAN FRANCISCO","SAN FRANCISCO",-122.39962768554688,37.780780792236328
8969467,2019,2020-01-14,3801,2019-10-22,0930,915,TENDE,2,5,7,3801,0,0,0,,0,3J12A,TAYLOR,"GOLDEN GATE AV",120.00,N,N,A,-,N,,,,,,,,,,N,3,0,1,2,A,-,11,21954,A,N,G,B,E,A,D,-,A,D,0,Y,,,,Y,,N,60,0,1,0,0,1,0,0,0,0,"- ","- ",,,"SAN FRANCISCO","SAN FRANCISCO",-122.41069030761719,37.782722473144531
8969503,2019,2020-01-07,3801,2019-10-07,0003,2713,TARAV,1,5,7,3801,0,0,0,,0,3I16E,"OCEAN AV","LEE AV",0.00,,Y,A,-,N,,,,,,,,,,Y,3,0,2,2,A,-,08,22107,,N,C,F,A,A,H,-,C,A,0,,,,,Y,,A,01,0,2,0,0,0,0,0,0,0,"- ","- ",,,"SAN FRANCISCO","SAN FRANCISCO",-122.4541015625,37.723491668701172
8969507,2019,2020-01-14,3801,2019-10-07,1320,1398,TRAFF,1,5,7,3801,0,0,0,,0,,"SANCHEZ ST","CLIPPER ST",0.00,,Y,A,-,N,,,,,,,,,,Y,4,0,1,9,A,-,12,22450,,F,D,C,A,A,H,-,A,A,0,,,,,Y,,I,11,0,0,1,0,0,0,0,0,0,"- ","- ",37.749099731445312,-122.42945098876953,"SAN FRANCISCO","SAN FRANCISCO",-122.42939758300781,37.749168395996094
8969511,2019,2019-12-04,3801,2019-10-08,0840,4208,BAYVI,2,5,7,3801,0,0,0,,0,3C4A,"QUINT ST","PALOU AV",0.00,,Y,A,-,N,,,,,,,,,,N,4,0,1,2,A,-,09,21800,C,N,B,C,A,A,H,-,B,A,0,,,,,Y,,A,01,0,0,1,0,0,0,0,0,0,"- ","- ",,,"SAN FRANCISCO","SAN FRANCISCO",-122.39650726318359,37.737209320068359
8969927,2019,2019-11-21,3801,2019-10-07,1440,1660,SOUTH,1,5,7,3801,0,0,0,,0,1440,"7TH ST","MISSION BAY DR",0.00,,Y,A,-,N,,,,,,,,,,N,4,0,1,2,A,-,04,21703,,N,C,C,A,A,H,-,A,A,0,,,,,Y,,A,01,0,0,1,0,0,0,0,0,0,"- ","- ",,,"SAN FRANCISCO","SAN FRANCISCO",-122.39868927001953,37.769420623779297
8969929,2019,2019-11-20,3801,2019-10-18,2236,1042,TENDE,5,5,7,3801,0,0,0,,0,3I16E,"FAXON AV","HOLLOWAY AV",0.00,,-,A,-,N,,,,,,,,,,N,2,0,1,1,A,-,03,22350,,N,H,A,A,A,H,-,C,A,0,,,Y,,Y,,C,02,1,0,0,0,0,0,0,0,1,"- ","- ",,,"SAN FRANCISCO","SAN FRANCISCO",-122.46025085449219,37.721820831298828
8969936,2019,2019-11-21,3801,2019-10-09,0350,1857,TENDE,3,5,7,3801,0,0,0,,0,3J13E,"LEAVENWORTH ST","EDDY ST",80.00,N,N,A,-,N,,,,,,,,,,N,4,0,1,2,A,-,11,21955,,F,G,B,D,A,H,-,C,D,0,Y,,,,Y,,N,60,0,0,1,0,1,0,0,0,0,"- ","- ",,,"SAN FRANCISCO","SAN FRANCISCO",-122.41428375244141,37.783946990966797
8969962,2019,2019-12-12,3801,2019-10-10,1555,2342,NORTH,4,5,7,3801,0,0,0,,0,3E6D,"POLK ST","SACRAMENTO ST",0.00,,Y,A,-,N,,,,,,,,,,N,4,0,1,2,A,-,11,21954,A,N,D,B,D,A,H,-,A,A,0,Y,,,,Y,,N,60,0,0,1,0,1,0,0,0,0,"- ","- ",,,"SAN FRANCISCO","SAN FRANCISCO",-122.42086791992188,37.791500091552734
8969975,2019,2019-11-21,3801,2019-10-08,0819,4095,MISSI,2,5,7,3801,0,0,0,,0,SOUTHE,"BRANNAN ST","DIVISION ST",119.00,N,N,A,-,N,,,,,,,,,,N,4,0,1,2,A,-,08,22107,,N,D,G,A,A,H,-,A,D,0,,Y,,,Y,,A,01,0,0,1,0,0,0,1,0,0,"- ","- ",,,"SAN FRANCISCO","SAN FRANCISCO",-122.40769958496094,37.769504547119141
8981217,2019,2020-01-06,3801,2019-11-22,0620,198,BAYVI,5,5,7,3801,0,0,0,,0,0C3,"CARROLL AV","PHELPS ST",10.00,E,N,A,-,N,,,,,,,,,,N,3,0,1,2,A,-,10,21950,A,N,G,B,B,A,H,-,B,D,0,Y,,,Y,Y,,F,55,0,1,0,0,1,0,0,0,0,"- ","- ",,,"SAN FRANCISCO","SAN FRANCISCO",-122.40083312988281,37.729175567626953
8981364,2019,2020-01-13,3801,2019-11-20,2143,2341,NORTH,3,5,7,3801,0,0,0,,0,3E12E,"POLK ST","BROADWAY ST",0.00,,Y,A,-,N,,,,,,,,,,N,4,0,1,2,A,-,00,22101,B,N,D,G,A,A,H,-,C,A,0,,Y,,,Y,,A,01,0,0,1,0,0,0,1,0,0,"- ","- ",,,"SAN FRANCISCO","SAN FRANCISCO",-122.42176055908203,37.795940399169922
8981365,2019,2020-01-09,3801,2019-11-19,2113,2292,INGLE,2,5,7,3801,0,0,0,,0,3H15E,"MISSION ST","CONCORD ST",34.00,N,N,A,-,N,,,,,,,,,,Y,4,0,2,2,A,-,08,22102,,N,D,C,A,A,H,-,C,D,0,,,,,Y,,A,07,0,0,2,0,0,0,0,0,0,"- ","- ",,,"SAN FRANCISCO","SAN FRANCISCO",-122.44326019287109,37.714042663574219
8981370,2019,2020-01-09,3801,2019-11-19,1725,2195,CENTA,2,5,7,3801,0,0,0,,0,001,"CALIFORNIA ST","LARKIN ST",20.00,E,N,A,-,N,,,,,,,,,,N,4,0,1,2,A,-,08,22107,,N,B,J,A,A,H,-,C,D,0,,,,,Y,,A,01,0,0,1,0,0,0,0,0,0,"- ","- ",,,"SAN FRANCISCO","SAN FRANCISCO",-122.41896820068359,37.790798187255859
8981378,2019,2020-01-09,3801,2019-11-06,1729,1194,SOUTH,3,5,7,3801,0,0,0,,0,,"7TH ST","NATOMA ST",0.00,,Y,A,-,N,,,,,,,,,,N,2,0,1,2,A,-,08,22100,A,N,D,G,A,A,H,-,C,D,0,,Y,,,Y,,A,01,1,0,0,0,0,0,1,0,0,"- ","- ",,,"SAN FRANCISCO","SAN FRANCISCO",-122.40989685058594,37.778400421142578
8981382,2019,2020-01-09,3801,2019-11-19,1734,302,NORTH,2,5,7,3801,0,0,0,,0,,"SCOTT ST","JACKSON ST",6.00,N,N,A,-,N,,,,,,,,,,N,2,0,1,2,A,-,10,21950,A,N,G,B,B,A,H,-,C,D,0,Y,,,,Y,,A,01,1,0,0,0,1,0,0,0,0,"- ","- ",,,"SAN FRANCISCO","SAN FRANCISCO",-122.43949127197266,37.791847229003906
8981421,2019,2020-01-09,3801,2019-11-14,1138,1251,SOUTH,4,5,7,3801,0,0,0,,0,3B107,"MISSION ST","NEW MONTGOMERY ST",0.00,,Y,A,-,N,,,,,,,,,,N,4,0,1,2,A,-,11,21453,D,N,H,-,B,A,H,-,A,A,0,Y,Y,,,Y,,N,60,0,0,1,0,1,0,0,0,0,"- ","- ",,,"SAN FRANCISCO","SAN FRANCISCO",-122.40049743652344,37.787448883056641
8981434,2019,2020-01-08,3801,2019-11-25,1115,2099,NORTH,1,5,7,3801,0,0,0,,0,3E12E,"GEARY ST","LARKIN ST",0.00,,Y,A,-,N,,,,,,,,,,N,4,0,1,2,A,-,03,22350,,F,C,C,A,A,H,-,C,D,0,,,,,Y,,A,01,0,0,1,0,0,0,0,0,0,"- ","- ",,,"SAN FRANCISCO","SAN FRANCISCO",-122.41811370849609,37.786109924316406
8981435,2019,2020-01-09,3801,2019-11-22,0740,2348,INGLE,5,5,7,3801,0,0,0,,0,3H15A,"ATHENS ST","NAPLES ST",0.00,,Y,A,-,N,,,,,,,,,,N,4,0,1,2,A,-,10,21950,A,N,G,B,D,A,H,-,A,A,0,Y,,,,Y,,A,01,0,0,1,0,1,0,0,0,0,"- ","- ",,,"SAN FRANCISCO","SAN FRANCISCO",-122.4375,37.712368011474609
8981445,2019,2020-01-13,3801,2019-11-01,2100,2495,MISIS,5,5,7,3801,0,0,0,,0,3D11E,"16TH ST","MISSION ST",0.00,,Y,A,-,N,,,,,,,,,,N,4,0,1,2,A,-,03,22350,A,N,D,G,A,A,H,-,C,A,0,,Y,,,Y,Y,A,01,0,0,1,0,0,0,1,0,0,"- ","- ",,,"SAN FRANCISCO","SAN FRANCISCO",-122.41967010498047,37.765048980712891
8981454,2019,2020-01-13,3801,2019-11-28,1545,2100,TARAV,4,5,7,3801,0,0,0,,0,3I15D,"SUNSET BL","OCEAN AV",0.00,,Y,A,-,N,,,,,,,,,,Y,3,0,3,4,A,-,12,21453,A,N,D,C,A,A,H,-,A,A,0,,,,,Y,,A,01,0,3,0,0,0,0,0,0,0,"- ","- ",,,"SAN FRANCISCO","SAN FRANCISCO",-122.49381256103516,37.731899261474609
8981455,2019,2020-01-14,3801,2019-11-07,0033,2148,NORTR,4,5,7,3801,0,0,0,,0,3E12E,"FELL ST","WEBSTER ST",0.00,,Y,A,-,N,,,,,,,,,,Y,4,0,5,2,A,-,12,21453,A,N,D,C,A,A,H,-,C,A,0,,,,,Y,,A,01,0,0,5,0,0,0,0,0,0,"- ","- ",,,"SAN FRANCISCO","SAN FRANCISCO",-122.42932891845703,37.775119781494141
8981458,2019,2020-01-13,3801,2019-11-28,1604,2262,BAYVI,4,5,7,3801,0,0,0,,0,3C2C,"AUGUSTA ST","BAYSHORE BL",2.00,E,N,A,-,N,,,,,,,,,,N,4,0,1,2,A,-,12,22450,A,F,G,B,B,A,H,-,A,A,0,Y,,,,Y,,-,,0,0,1,0,1,0,0,0,0,"- ","- ",,,"SAN FRANCISCO","SAN FRANCISCO",-122.40547180175781,37.734272003173828
8981467,2019,2020-01-14,3801,2019-11-30,1838,427,BAYVI,6,5,7,3801,0,0,0,,0,901,"BOYLSTON ST","SWEENY ST",40.00,N,N,C,-,N,,,,,,,,,,Y,2,0,1,6,A,-,03,22350,,F,A,C,A,B,H,-,C,D,0,,,,,Y,,A,01,1,0,0,0,0,0,0,0,0,"- ","- ",,,"SAN FRANCISCO","SAN FRANCISCO",-122.41095733642578,37.732147216796875
8981471,2019,2020-01-14,3801,2019-11-30,1501,839,TENDE,6,5,7,3801,0,0,0,,0,3J55C,"GOLDEN GATE AV","POLK ST",0.00,,Y,C,-,N,,,,,,,,,,Y,4,0,2,2,A,-,12,21453,A,N,D,C,A,B,H,-,A,A,0,,,,,Y,,A,01,0,0,2,0,0,0,0,0,0,"- ","- ",,,"SAN FRANCISCO","SAN FRANCISCO",-122.41880035400391,37.781230926513672
8981472,2019,2020-01-10,3801,2019-11-10,1215,1856,SOUTH,7,5,7,3801,0,0,0,,0,0B4,"9TH ST","MINNA ST",90.00,N,N,A,-,N,,,,,,,,,,N,4,0,1,2,A,-,09,21804,A,N,D,C,A,A,H,-,A,A,0,,,Y,,Y,,A,01,0,0,1,0,0,0,0,0,1,"- ","- ",,,"SAN FRANCISCO","SAN FRANCISCO",-122.41439056396484,37.775974273681641
8981484,2019,2020-01-10,3801,2019-11-10,1335,1804,MISSI,7,5,7,3801,0,0,0,,0,3D16A,"15TH ST","SAN BRUNO AV",0.00,,Y,A,-,N,,,,,,,,,,N,4,0,1,2,A,-,12,22450,A,N,D,J,A,A,H,-,A,A,0,,,,,Y,,M,95,0,0,1,0,0,0,0,0,0,"- ","- ",,,"SAN FRANCISCO","SAN FRANCISCO",-122.40572357177734,37.767208099365234
8981520,2019,2020-01-10,3801,2019-11-07,0820,1860,TARAV,4,5,7,3801,0,0,0,,0,3I15A,"OCEAN AV","KEYSTONE WY",0.00,,Y,A,-,N,,,,,,,,,,N,3,0,1,3,A,-,08,22107,,N,B,G,A,A,H,-,A,D,0,,Y,,,Y,,A,01,0,1,0,0,0,0,1,0,0,"- ","- ",,,"SAN FRANCISCO","SAN FRANCISCO",-122.46285247802734,37.725490570068359
8981531,2019,2020-01-14,3801,2019-11-06,1345,385,CENTR,3,5,7,3801,0,0,0,,0,3A31,"2ND ST","JESSIE ST",0.00,,Y,A,-,N,,,,,,,,,,N,4,0,1,2,A,-,11,21954,A,N,G,B,E,A,H,-,A,D,0,Y,,,,Y,,N,60,0,0,1,0,1,0,0,0,0,"- ","- ",,,"SAN FRANCISCO","SAN FRANCISCO",-122.40030670166016,37.788410186767578
8981532,2019,2020-01-11,3801,2019-11-04,1555,1344,MISIS,1,5,7,3801,0,0,0,,0,3D74,"23RD ST","GUERRERO ST",0.00,,Y,A,-,N,,,,,,,,,,Y,4,0,1,3,A,-,03,22350,,F,A,C,A,A,H,-,A,A,0,,,,,Y,,A,01,0,0,1,0,0,0,0,0,0,"- ","- ",,,"SAN FRANCISCO","SAN FRANCISCO",-122.42302703857422,37.753559112548828
8981536,2019,2020-01-11,3801,2019-10-04,1544,2100,TARAV,5,5,7,3801,0,0,0,,0,3I15D,"LAKE MERCED BL","SUNSET BL",77.00,S,N,A,-,N,,,,,,,,,,Y,4,0,2,2,A,-,21,22106,,N,C,D,A,A,H,-,A,D,0,,,,,Y,,A,01,0,0,2,0,0,0,0,0,0,"- ","- ",,,"SAN FRANCISCO","SAN FRANCISCO",-122.49379730224609,37.729530334472656
8981538,2019,2020-01-09,3801,2019-11-22,1500,670,INGLE,5,5,7,3801,0,0,0,,0,3H15C,SILVER,"MISSION ST",0.00,,Y,A,-,N,,,,,,,,,,N,4,0,1,2,A,-,11,21453,D,N,G,B,B,A,H,-,A,A,0,Y,,,,Y,,N,60,0,0,1,0,1,0,0,0,0,"- ","- ",,,"SAN FRANCISCO","SAN FRANCISCO",-122.43128204345703,37.728740692138672
8981539,2019,2020-01-14,3801,2019-11-26,1744,1148,TARAV,2,5,7,3801,0,0,0,,0,3I15D,"LAKE MERCED BL","MIDDLEFIELD DR",0.00,,Y,C,G,N,,,,,,,,,,Y,4,0,1,2,D,-,00,,,N,B,C,A,B,H,-,C,A,0,,,,,Y,,-,"- ",0,0,1,0,0,0,0,0,0,"- ","- ",,,"SAN FRANCISCO","SAN FRANCISCO",-122.48658752441406,37.729591369628906
8981545,2019,2020-01-10,3801,2019-11-22,2000,621,INGLE,5,5,7,3801,0,0,0,,0,3H13D,"SAN JOSE AV","TINGLEY ST",0.00,,Y,A,-,N,,,,,,,,,,Y,4,0,1,2,A,-,06,21750,,F,B,C,A,A,-,-,C,D,0,,,,,Y,,A,01,0,0,1,0,0,0,0,0,0,"- ","- ",,,"SAN FRANCISCO","SAN FRANCISCO",-122.43566131591797,37.730701446533203
8981585,2019,2020-01-10,3801,2019-11-18,1412,2148,NORTH,1,5,7,3801,0,0,0,,0,3E13A,"ALICE TOKLAS PL","VAN NESS AV",200.00,E,N,A,-,N,,,,,,,,,,N,4,0,1,2,A,-,09,21804,A,N,G,B,F,A,H,-,A,D,0,Y,,,,Y,,A,01,0,0,1,0,1,0,0,0,0,"- ","- ",,,"SAN FRANCISCO","SAN FRANCISCO",-122.42052459716797,37.785308837890625
8981604,2019,2020-01-14,3801,2019-11-15,1032,1371,MISSI,5,5,7,3801,0,0,0,,0,060,"16TH ST","16TH ST   2300",0.00,,Y,A,-,N,,,,,,,,,,Y,4,0,1,2,A,-,09,21804,A,N,D,C,A,A,H,-,A,D,0,,,Y,,Y,,A,01,0,0,1,0,0,0,0,0,1,"- ","- ",,,"SAN FRANCISCO","SAN FRANCISCO",-122.40917,37.765718999999997