CASE_ID,ACCIDENT_YEAR,PROC_DATE,JURIS,COLLISION_DATE,COLLISION_TIME,OFFICER_ID,REPORTING_DISTRICT,DAY_OF_WEEK,CHP_SHIFT,POPULATION,CNTY_CITY_LOC,SPECIAL_COND,BEAT_TYPE,CHP_BEAT_TYPE,CITY_DIVISION_LAPD,CHP_BEAT_CLASS,BEAT_NUMBER,PRIMARY_RD,SECONDARY_RD,DISTANCE,DIRECTION,INTERSECTION,WEATHER_1,WEATHER_2,STATE_HWY_IND,CALTRANS_COUNTY,CALTRANS_DISTRICT,STATE_ROUTE,ROUTE_SUFFIX,POSTMILE_PREFIX,POSTMILE,LOCATION_TYPE,RAMP_INTERSECTION,SIDE_OF_HWY,TOW_AWAY,COLLISION_SEVERITY,NUMBER_KILLED,NUMBER_INJURED,PARTY_COUNT,PRIMARY_COLL_FACTOR,PCF_CODE_OF_VIOL,PCF_VIOL_CATEGORY,PCF_VIOLATION,PCF_VIOL_SUBSECTION,HIT_AND_RUN,TYPE_OF_COLLISION,MVIW,PED_ACTION,ROAD_SURFACE,ROAD_COND_1,ROAD_COND_2,LIGHTING,CONTROL_DEVICE,CHP_ROAD_TYPE,PEDESTRIAN_ACCIDENT,BICYCLE_ACCIDENT,MOTORCYCLE_ACCIDENT,TRUCK_ACCIDENT,NOT_PRIVATE_PROPERTY,ALCOHOL_INVOLVED,STWD_VEHTYPE_AT_FAULT,CHP_VEHTYPE_AT_FAULT,COUNT_SEVERE_INJ,COUNT_VISIBLE_INJ,COUNT_COMPLAINT_PAIN,COUNT_PED_KILLED,COUNT_PED_INJURED,COUNT_BICYCLIST_KILLED,COUNT_BICYCLIST_INJURED,COUNT_MC_KILLED,COUNT_MC_INJURED,PRIMARY_RAMP,SECONDARY_RAMP,LATITUDE,LONGITUDE,COUNTY,CITY,POINT_X,POINT_Y
90017081,2015,2015-10-29,9335,2015-09-03,0216,018829,,4,3,7,3801,0,1,2,,2,013,"US-101 S/B","FAITH ST PED OVERCROSSING",500.00,N,N,B,-,Y,,,101,,,,,,S,Y,2,0,1,1,A,-,01,23152,A,N,E,I,A,A,H,-,D,D,0,,,,,Y,Y,A,01,1,0,0,0,0,0,0,0,0,"- ","- ",37.745130000000003,-122.40508,"SAN FRANCISCO","SAN FRANCISCO",-122.40515655999999,37.74516371
90017583,2015,2015-10-19,9335,2015-09-10,1630,020132,,4,2,7,3801,0,1,1,,2,024,"I-280 N/B TO KING STREET","5TH STREET",511.00,S,N,A,-,Y,,,280,,,,R,,N,N,3,0,1,2,A,-,08,22107,,M,C,C,A,A,H,-,A,D,0,,,Y,,Y,,C,02,0,1,0,0,0,0,0,0,1,"- ","- ",37.773350000000001,-122.39749,"SAN FRANCISCO","SAN FRANCISCO",-122.39749,37.773350000000001
90018519,2015,2015-10-19,9335,2015-09-11,0835,017806,,5,1,7,3801,0,1,2,,2,013,"US-101 S/B","I-280 S/B",1056.00,N,N,B,-,Y,,,,,,,,,,Y,4,0,1,2,A,-,03,22350,,N,C,C,A,A,H,-,A,D,0,,,,,Y,,A,01,0,0,1,0,0,0,0,0,0,"- ","- ",,,"SAN FRANCISCO","SAN FRANCISCO",,
90022749,2015,2015-10-19,9335,2015-09-05,2220,020888,,6,3,7,3801,0,1,2,,2,013,"US-101 S/B","CORTLAND AVE",230.00,S,N,A,-,Y,,,101,,,,,,S,Y,3,0,2,3,A,-,08,22107,,N,B,C,A,A,H,-,C,A,0,,,,,Y,Y,A,07,0,1,1,0,0,0,0,0,0,"- ","- ",37.738979999999998,-122.40819999999999,"SAN FRANCISCO","SAN FRANCISCO",-122.40818363,37.738981979999998
90022801,2015,2015-10-19,9335,2015-09-18,1325,020157,,5,1,7,3801,0,1,2,,2,013,"US-101 S/B","BACON ST.",140.00,S,N,A,-,Y,,,,,,,,,,Y,4,0,1,2,A,-,03,22350,,N,C,C,A,A,H,-,A,D,0,,,,,Y,,A,07,0,0,1,0,0,0,0,0,0,"- ","- ",37.433869999999999,-122.24101,"SAN FRANCISCO","SAN FRANCISCO",-122.40279022,37.727437350000002
90024096,2015,2015-10-19,9335,2015-09-21,0914,012827,,1,1,7,3801,0,1,2,,2,014,"US-101 S/B","18TH STREET POC",500.00,N,N,A,-,Y,,,,,,,,,,Y,3,0,1,1,A,-,03,22350,,N,F,A,A,A,H,-,A,D,0,,,Y,,Y,,C,02,0,1,0,0,0,0,0,0,1,"- ","- ",,,"SAN FRANCISCO","SAN FRANCISCO",,
90025810,2015,2015-10-19,9335,2015-09-23,0806,019799,,3,1,7,3801,0,1,1,,2,080,"I-80 W/B","4TH ST. ON RAMP",100.00,W,N,A,-,Y,,,,,,,,,,N,4,0,2,4,A,-,07,21658,,N,B,C,A,A,H,-,A,D,0,,,,,Y,,A,01,0,0,2,0,0,0,0,0,0,"- ","- ",,,"SAN FRANCISCO","SAN FRANCISCO",,
90026481,2015,2015-10-19,9335,2015-09-26,2022,020888,,6,2,7,3801,0,1,1,,1,081,"I-80 W/B","BEALE ST",50.00,W,N,A,-,Y,,,80,,,,,,W,N,4,0,3,2,A,-,03,22350,,N,C,C,A,A,H,-,C,D,0,,,,,Y,,A,01,0,0,3,0,0,0,0,0,0,"- ","- ",37.786470000000001,-122.39026,"SAN FRANCISCO","SAN FRANCISCO",-122.39024329999999,37.786450440000003
90026794,2015,2015-10-19,9335,2015-09-26,1050,020274,,6,1,7,3801,0,1,2,,2,013,"US-101 N/B","SILVER AVE",157.00,S,N,A,-,Y,,,,,,,,,,N,4,0,1,2,A,-,03,22350,,N,C,C,A,A,H,-,A,D,0,,,,,Y,,A,01,0,0,1,0,0,0,0,0,0,"- ","- ",37.435609999999997,-122.24178000000001,"SAN FRANCISCO","SAN FRANCISCO",-122.40494335,37.732274529999998
90026902,2015,2015-10-19,9335,2015-09-27,1750,020132,,7,2,7,3801,0,1,1,,1,081,"I-80 W/B","2ND STREET UNDER-CROSSING",528.00,E,N,A,-,Y,,,80,,,,,,W,N,4,0,1,2,A,-,03,22350,,M,C,C,A,A,H,-,A,D,0,,,,,Y,,-,99,0,0,1,0,0,0,0,0,0,"- ","- ",37.785490000000003,-122.39185999999999,"SAN FRANCISCO","SAN FRANCISCO",-122.39180918,37.785394080000003
90027903,2015,2015-10-19,9335,2015-09-29,1555,018379,,2,2,7,3801,0,1,1,,2,080,"I-80 W/B","9TH ST OFF RAMP",200.00,E,N,A,-,Y,,,,,,,,,,N,4,0,1,3,A,-,03,22350,,N,C,C,A,A,H,-,A,D,0,,,,,Y,,A,07,0,0,1,0,0,0,0,0,0,"- ","- ",,,"SAN FRANCISCO","SAN FRANCISCO",,
90030252,2015,2015-10-19,9335,2015-10-03,1605,019510,,6,2,7,3801,0,1,2,,2,014,"US-101 S/B","22ND STREET PEDESTRIAN O/C",550.00,N,N,A,-,Y,,,,,,,,,,Y,4,0,2,2,A,-,03,22350,,N,C,C,A,A,H,-,A,D,0,,,Y,,Y,,C,02,0,0,2,0,0,0,0,0,2,"- ","- ",37.452939999999998,-122.24182999999999,"SAN FRANCISCO","SAN FRANCISCO",,
90030478,2015,2015-10-19,9335,2015-09-29,0515,016118,,2,3,7,3801,0,1,1,,2,080,"U.S. 101 S/B","I-80 W/B",100.00,S,N,B,-,Y,,,,,,,,,,Y,4,0,1,2,A,-,07,21658,A,M,B,C,A,A,H,-,C,D,0,,,,,Y,,-,99,0,0,1,0,0,0,0,0,0,"- ","- ",,,"SAN FRANCISCO","SAN FRANCISCO",,
90030607,2015,2015-10-19,9335,2015-10-05,0830,017411,,1,1,7,3801,0,1,2,,2,013,"US-101 N/B","PAUL AVE",200.00,S,N,A,-,Y,,,101,,,,,,N,Y,4,0,1,3,A,-,03,22350,,N,C,C,A,A,H,-,A,D,0,,,,,Y,,D,22,0,0,1,0,0,0,0,0,0,"- ","- ",37.714100000000002,-122.39696000000001,"SAN FRANCISCO","SAN FRANCISCO",-122.39704949,37.714024080000002
90033184,2015,2015-10-19,9350,2015-10-11,1445,020979,,7,2,7,3801,0,1,2,,2,010,"US-101 S/B","LYON STREET",18.00,N,N,A,-,Y,,,101,,,,,,S,N,4,0,1,2,A,-,21,22106,,N,C,C,A,A,H,-,A,A,0,,,Y,,Y,,A,07,0,0,1,0,0,0,0,0,1,"- ","- ",37.801079999999999,-122.44831000000001,"SAN FRANCISCO","SAN FRANCISCO",-122.44828484999999,37.801116159999999
90035063,2015,2015-10-21,9335,2015-10-09,0018,020509,,5,3,7,3801,0,1,2,,2,015,"US-101 SOUTHBOUND","POTRERO AVE",685.00,S,N,A,-,Y,,,,,,,,,,Y,3,0,2,1,A,-,08,22107,,N,E,I,A,A,H,-,C,D,0,,,,,Y,Y,A,07,0,2,0,0,0,0,0,0,0,"- ","- ",37.474029999999999,-122.24204,"SAN FRANCISCO","SAN FRANCISCO",-122.4041,37.748449999999998
90038494,2015,2015-10-27,9335,2015-10-13,1600,017411,,2,2,7,3801,0,1,2,,2,013,"US-101 N/B","CESAR CHAVEZ ST.",200.00,S,N,A,-,Y,,,101,,,,,,N,Y,3,0,1,2,A,-,03,22350,,N,C,C,A,A,H,-,A,D,0,,,,,Y,,A,01,0,1,0,0,0,0,0,0,0,"- ","- ",37.74456,-122.40512,"SAN FRANCISCO","SAN FRANCISCO",-122.40519612999999,37.744594509999999
90042245,2015,2015-11-02,9335,2015-10-17,1455,020212,,6,2,7,3801,0,1,1,,1,081,"I-80 W/B","YERBA BUENA ISLAND TUNNEL",200.00,E,N,A,-,Y,,,,,,,,,,N,4,0,1,3,A,-,03,22350,,N,C,C,A,A,H,-,A,D,0,,,,,Y,,A,01,0,0,1,0,0,0,0,0,0,"- ","- ",37.809100000000001,-122.36360000000001,"SAN FRANCISCO","SAN FRANCISCO",,
90044010,2015,2015-11-04,9335,2015-10-21,0220,020084,,3,3,7,3801,0,1,2,,2,013,"US-101 S/B TO ALEMANY BLVD","PUTMAN STREET",7.00,N,N,A,-,Y,,,,,,,,,,Y,4,0,2,2,A,-,03,22350,,N,C,C,A,A,H,-,C,A,0,,,,,Y,,A,01,0,0,2,0,0,0,0,0,0,"- ","- ",37.734259999999999,-122.41097000000001,"SAN FRANCISCO","SAN FRANCISCO",,
90045444,2015,2015-11-05,9335,2015-10-25,1740,019510,,7,2,7,3801,0,1,1,,1,083,"I-80 E/B","CECTER ANCHORAGE",500.00,W,N,A,-,Y,,,,,,,,,,Y,4,0,1,2,A,-,07,21658,A,N,B,C,A,A,H,-,A,D,0,,,Y,,Y,,A,01,0,0,1,0,0,0,0,0,1,"- ","- ",37.474319999999999,-122.22506,"SAN FRANCISCO","SAN FRANCISCO",,
90047467,2015,2015-11-10,9335,2015-10-29,0840,017806,,4,1,7,3801,0,1,2,,2,013,"US-101 S/B","CESAR CHAVEZ ST",100.00,S,N,A,-,Y,,,,,,,,,,Y,4,0,1,2,A,-,03,22350,,N,C,C,A,A,H,-,A,D,0,,,,,Y,,D,22,0,0,1,0,0,0,0,0,0,"- ","- ",,,"SAN FRANCISCO","SAN FRANCISCO",-122.40390649,37.749114050000003
90049080,2015,2015-11-12,9335,2015-10-29,1022,021125,,4,1,7,3801,0,1,1,,2,022,"I-280 N/B","ALEMANY BLVD. U/C",73.00,S,N,A,-,Y,,,280,,,,,,N,Y,4,0,1,2,A,-,03,22350,,M,C,C,A,A,H,-,A,D,0,,,,,Y,,A,07,0,0,1,0,0,0,0,0,0,"- ","- ",37.710430000000002,-122.46120000000001,"SAN FRANCISCO","SAN FRANCISCO",-122.4611998,37.710408190000003
90049093,2015,2015-11-12,9335,2015-11-02,0220,020435,,1,3,7,3801,0,1,1,,1,083,"I-80 E/B","BEALE ST U/C",199.00,W,N,C,-,Y,,,80,,,,,,E,Y,3,0,1,1,A,-,08,22107,,N,E,I,A,B,H,-,C,D,0,,,,Y,Y,,G,25,0,1,0,0,0,0,0,0,0,"- ","- ",37.786259999999999,-122.39068,"SAN FRANCISCO","SAN FRANCISCO",-122.3906029,37.78614649
90052015,2015,2015-11-17,9335,2015-10-31,1515,020212,,6,2,7,3801,0,1,1,,2,022,"I-280 S/B","OCEAN AVE O/C",150.00,N,N,A,-,Y,,,,,,,,,,Y,4,0,4,2,A,-,07,21658,A,N,B,C,A,A,H,-,A,D,0,,,,,Y,,A,01,0,0,4,0,0,0,0,0,0,"- ","- ",37.724559999999997,-122.44843,"SAN FRANCISCO","SAN FRANCISCO",-122.44776347,37.723369599999998
90060376,2015,2015-11-27,9335,2015-11-17,1920,020084,,2,2,7,3801,0,1,1,,2,022,"I-280 N/B","PAULDING ST. O/C",100.00,N,N,A,-,Y,,,280,,,,,,N,Y,4,0,1,2,A,-,03,22350,,N,C,C,A,A,H,-,D,D,0,,,,,Y,,A,01,0,0,1,0,0,0,0,0,0,"- ","- ",37.728450000000002,-122.44267000000001,"SAN FRANCISCO","SAN FRANCISCO",-122.44274110000001,37.728599819999999
90063307,2015,2015-12-01,9350,2015-11-24,1400,014864,,2,2,7,3801,0,1,2,,1,120,"GOLDEN GATE BRIDGE E/SIDEWALK S/TOWER","TOLL PLAZA",0.00,,N,A,-,Y,,,,,,,,,,N,4,0,1,2,D,-,00,,,N,H,B,E,A,H,-,A,D,0,Y,Y,,,Y,,-,"- ",0,0,1,0,0,0,1,0,0,"- ","- ",37.810920000000003,-122.47739,"SAN FRANCISCO","SAN FRANCISCO",,
90063346,2015,2015-12-02,9335,2015-11-19,1755,013740,,4,2,7,3801,0,1,2,,2,013,"US 101 N/B","PAUL AVE. UNDER CROSSING",250.00,S,N,A,-,Y,,,,,,,,,,Y,4,0,1,3,A,-,03,22350,,N,C,C,A,A,H,-,C,D,0,,,,,Y,,A,01,0,0,1,0,0,0,0,0,0,"- ","- ",,,"SAN FRANCISCO","SAN FRANCISCO",,
90064356,2015,2015-12-03,9335,2015-11-18,1150,020068,,3,1,7,3801,0,1,1,,2,024,"I-280 S/B ON RAMP FROM PENNSYLVANIA AVE","CESAR CHAVEZ ST",450.00,N,N,A,-,Y,,,,,,,,,,Y,3,0,1,1,A,-,08,22107,,N,E,I,A,A,H,-,A,D,0,,,,,Y,,A,01,0,1,0,0,0,0,0,0,0,"- ","- ",37.454599999999999,-122.23309999999999,"SAN FRANCISCO","SAN FRANCISCO",,
90064996,2015,2015-12-03,9335,2015-10-19,2245,019767,,1,3,7,3801,0,1,2,,2,013,"US 101 S/B","BAYSHORE BLVD",300.00,N,N,A,-,Y,,,,,,,,,,N,1,1,0,6,A,-,11,21954,A,N,G,B,E,A,H,-,D,D,0,Y,,,,Y,Y,N,60,0,0,0,1,0,0,0,0,0,"- ","- ",37.716799999999999,-122.3991,"SAN FRANCISCO","SAN FRANCISCO",-122.40438,37.749121500000001
90067268,2015,2015-12-08,9335,2015-11-08,1104,021145,,7,1,7,3801,0,1,1,,1,081,"I-80 W/B","BEALE STREET UNDER-CROSSING",265.00,W,N,B,-,Y,,,,,,,,,,N,4,0,1,3,A,-,03,22350,,M,C,C,A,B,H,-,A,D,0,,,,,Y,,A,01,0,0,1,0,0,0,0,0,0,"- ","- ",37.478760000000001,-122.23286,"SAN FRANCISCO","SAN FRANCISCO",,
90067289,2015,2015-12-08,9335,2015-11-18,1735,013738,,3,2,7,3801,0,1,1,,2,080,"I-80 E/B","8TH STREET",200.00,E,N,A,-,Y,,,,,,,,,,Y,4,0,1,2,A,-,07,21658,A,N,B,C,A,A,H,-,C,D,0,,,,Y,Y,,F,55,0,0,1,0,0,0,0,0,0,"- ","- ",,,"SAN FRANCISCO","SAN FRANCISCO",-122.4061409,37.771541810000002
90067325,2015,2015-12-08,9335,2015-11-22,1920,020991,,7,2,7,3801,0,1,1,,1,081,"I-80 W/B","THE EMBARCADERO ST. U/C",4277.00,E,N,A,-,Y,,,80,,,,,,W,Y,4,0,1,2,A,-,03,22350,,N,C,C,A,A,H,-,C,D,0,,,,,Y,,A,08,0,0,1,0,0,0,0,0,0,"- ","- ",37.79833,-122.37848,"SAN FRANCISCO","SAN FRANCISCO",-122.37815952,37.797987599999999
90076602,2015,2015-12-17,9335,2015-12-02,1500,017411,,3,2,7,3801,0,1,2,,2,013,"US-101 N/B","3RD ST. O/C",500.00,N,N,A,-,Y,,,,,,,,,,Y,3,0,2,3,A,-,03,22350,,N,C,C,A,A,H,-,A,D,0,,,,,Y,,A,08,0,1,1,0,0,0,0,0,0,"- ","- ",,,"SAN FRANCISCO","SAN FRANCISCO",-122.39857000000001,37.716160000000002
90079524,2015,2015-12-21,9335,2015-12-08,1700,013738,,2,2,7,3801,0,1,1,,2,080,"I-80 E/B","STERLING STREET",100.00,W,N,A,-,Y,,,,,,,,,,N,4,0,1,3,A,-,03,22350,,M,C,C,A,A,H,-,C,D,0,,,,,Y,,-,99,0,0,1,0,0,0,0,0,0,"- ","- ",,,"SAN FRANCISCO","SAN FRANCISCO",,
90082032,2015,2015-12-24,9335,2015-12-13,0850,021125,,7,1,7,3801,0,1,2,,2,013,"US-101 S/B","ALANNA WAY UNDER-CROSSING",220.00,N,N,C,-,Y,,,101,,,,,,S,Y,4,0,1,2,A,-,07,21658,A,F,B,C,A,B,H,-,A,D,0,,,,,Y,,-,99,0,0,1,0,0,0,0,0,0,"- ","- ",37.709440000000001,-122.39533,"SAN FRANCISCO","SAN FRANCISCO",-122.3953698,37.709430789999999
90082079,2015,2015-12-24,9335,2015-12-14,2315,018845,,1,3,7,3801,0,1,2,,2,014,"US-101 S/B","15TH ST",56.00,S,N,A,-,Y,,,,,,,,,,Y,3,0,1,1,A,-,08,22107,,F,F,A,A,A,H,-,D,A,0,,,,,Y,,A,07,0,1,0,0,0,0,0,0,0,"- ","- ",34.461280000000002,-122.24196000000001,"SAN FRANCISCO","SAN FRANCISCO",-122.40543198,37.767066829999997
90082141,2015,2015-12-24,9335,2015-12-14,1450,021145,,1,2,7,3801,0,1,2,,2,013,"US-101 N/B","3RD ST OVERCROSSING",1214.00,N,N,A,-,Y,,,101,,,,,,N,Y,4,0,3,2,A,-,03,22350,,N,C,C,A,A,H,-,A,D,0,,,,,Y,,A,01,0,0,3,0,0,0,0,0,0,"- ","- ",37.719560000000001,-122.39961,"SAN FRANCISCO","SAN FRANCISCO",-122.39959081000001,37.71956496
90084108,2015,2015-12-29,9335,2015-12-15,1850,013738,,2,2,7,3801,0,1,2,,2,014,"US-101 S/B","25TH STREET",100.00,N,N,A,-,Y,,,,,,,,,,Y,4,0,1,2,A,-,04,21703,,N,C,C,A,A,H,-,C,D,0,,,,,Y,,A,01,0,0,1,0,0,0,0,0,0,"- ","- ",,,"SAN FRANCISCO","SAN FRANCISCO",,
90087621,2015,2016-01-04,9335,2015-12-21,0333,020509,,1,3,7,3801,0,1,1,,2,080,"I-80 EASTBOUND","7TH STREET OFF-RAMP",1426.00,W,N,C,-,Y,,,,,,,,,,Y,4,0,1,1,A,-,03,22350,,N,E,I,A,B,F,-,C,D,0,,,,,Y,,A,01,0,0,1,0,0,0,0,0,0,"- ","- ",37.461120000000001,-122.24189,"SAN FRANCISCO","SAN FRANCISCO",,
90088371,2015,2016-01-05,9335,2015-12-22,1145,019767,,2,1,7,3801,0,1,1,,2,022,"I-280 S/B FROM SAN JOSE AVE.","BADEN AVE",900.00,N,N,C,-,Y,,,280,,,,R,,S,N,4,0,1,2,A,-,03,22350,,N,C,C,A,B,H,-,A,D,0,,,,,Y,,A,01,0,0,1,0,0,0,0,0,0,"- ","- ",37.731299999999997,-122.4366,"SAN FRANCISCO","SAN FRANCISCO",-122.4366,37.731299999999997
90089568,2015,2016-01-06,9335,2015-12-23,1405,020068,,3,2,7,3801,0,1,1,,2,024,"I-280 N/B TO CESAR CHAVEZ","EVANS AVE",150.00,N,N,A,-,Y,,,,,,,,,,Y,3,0,1,1,A,-,03,22350,,N,E,I,A,A,H,-,A,D,0,,,,,Y,,A,01,0,1,0,0,0,0,0,0,0,"- ","- ",37.444600000000001,-122.2336,"SAN FRANCISCO","SAN FRANCISCO",-122.39375595999999,37.746497789999999
90090933,2015,2016-01-08,9335,2015-12-28,1920,020068,,1,2,7,3801,0,1,1,,2,080,"I-80 E/B","HARRIET ST",33.00,W,N,A,-,Y,,,80,,,,,,E,N,4,0,1,2,A,-,03,22350,,N,C,C,A,A,H,-,D,D,0,,,,,Y,,A,01,0,0,1,0,0,0,0,0,0,"- ","- ",37.776299999999999,-122.4042,"SAN FRANCISCO","SAN FRANCISCO",-122.40428261,37.776431610000003
90094347,2016,2016-01-13,9335,2016-01-05,0350,021145,,2,3,7,3801,0,1,1,,1,083,"I-80 E/B","THE EAST END OF THE TI TUNNEL",30.00,W,N,C,-,Y,,,80,,,,,,E,Y,4,0,1,1,A,-,08,22107,,N,E,I,A,B,H,-,C,D,0,,,,,Y,,A,01,0,0,1,0,0,0,0,0,0,"- ","- ",37.810130000000001,-122.36507,"SAN FRANCISCO","SAN FRANCISCO",-122.3651825,37.81023656
90095313,2016,2016-01-14,9335,2016-01-06,1306,018688,,3,1,7,3801,0,1,2,,2,014,"US-101 S/B","25TH ST PED OVERPASS",50.00,N,N,B,-,Y,,,,,,,,,,N,4,0,1,3,A,-,03,22350,,N,C,C,A,B,H,-,A,D,0,,,,,Y,,D,22,0,0,1,0,0,0,0,0,0,"- ","- ",,,"SAN FRANCISCO","SAN FRANCISCO",,
90096789,2016,2016-01-18,9335,2016-01-08,1410,020157,,5,2,7,3801,0,1,1,,2,023,"I-280 S/B","ST. MARY'S PARK FOOTBRIDGE",120.00,N,N,A,-,Y,,,280,,,,,,S,Y,3,0,1,2,A,-,07,21658,A,F,F,A,A,A,H,-,A,D,0,,,Y,,Y,,-,99,0,1,0,0,0,0,0,0,1,"- ","- ",37.731999999999999,-122.42,"SAN FRANCISCO","SAN FRANCISCO",-122.42000049000001,37.732007670000002
90099209,2016,2016-01-20,9335,2016-01-13,0855,012827,,3,1,7,3801,0,1,2,,2,014,"US-101 N/B","23RD STREET O/C",500.00,N,N,B,-,Y,,,,,,,,,,Y,4,0,1,3,A,-,03,22350,,N,C,C,A,A,H,-,A,D,0,,,,,Y,,A,07,0,0,1,0,0,0,0,0,0,"- ","- ",,,"SAN FRANCISCO","SAN FRANCISCO",-122.40311440000001,37.755866400000002
90101604,2016,2016-01-25,9335,2016-01-14,0835,020386,,4,1,7,3801,0,1,2,,2,014,"US-101 S/B","22ND ST",346.00,S,N,A,-,Y,,,101,,,,,,S,N,4,0,2,4,A,-,03,22350,,N,C,C,A,A,H,-,A,D,0,,,,,Y,Y,A,01,0,0,2,0,0,0,0,0,0,"- ","- ",37.756010000000003,-122.40344,"SAN FRANCISCO","SAN FRANCISCO",-122.40329689000001,37.756031499999999
90101932,2016,2016-02-11,9335,2016-01-15,1515,020132,,5,2,7,3801,0,1,2,,2,013,"US-101 S/B","PAUL AVENUE UNDER-CROSSING",810.00,N,N,A,-,Y,,,101,,,,,,S,Y,3,0,2,3,A,-,08,22107,,N,D,C,A,A,H,-,A,D,0,,,,,Y,,A,01,0,1,1,0,0,0,0,0,0,"- ","- ",37.725949999999997,-122.40222,"SAN FRANCISCO","SAN FRANCISCO",-122.40223880000001,37.725943039999997
90102919,2016,2016-01-26,9335,2016-01-19,1145,17604,,2,1,7,3801,0,1,2,,2,015,"US-101 S/B TO I-80 E/B","DIVISION ST",50.00,N,N,B,C,Y,,,101,,,,R,,S,Y,4,0,1,1,A,-,03,22350,,N,E,I,A,B,H,-,A,D,0,,,,,Y,,A,01,0,0,1,0,0,0,0,0,0,"- ","- ",37.769480000000001,-122.40552,"SAN FRANCISCO","SAN FRANCISCO",-122.40552,37.769480000000001
90106088,2015,2016-02-01,9335,2015-12-31,2315,020461,,4,3,7,3801,0,1,1,,1,081,"I-80 W/B","ARMY RD",900.00,E,N,A,-,Y,,,80,,,,,,W,Y,4,0,1,5,A,-,03,22350,,N,C,C,A,A,H,-,C,D,0,,,,,Y,,A,07,0,0,1,0,0,0,0,0,0,"- ","- ",37.816360000000003,-122.35704,"SAN FRANCISCO","SAN FRANCISCO",-122.35709985,37.81647701
90106099,2016,2016-02-01,9335,2016-01-16,0744,020108,,6,1,7,3801,0,1,1,,2,080,"I-80 E/B","DIVISION STREET",125.00,W,N,B,C,Y,,,80,,,,,,E,Y,4,0,1,1,A,-,08,22107,,N,E,I,A,B,H,-,A,D,0,,,,,Y,,A,01,0,0,1,0,0,0,0,0,0,"- ","- ",37.769500000000001,-122.40527,"SAN FRANCISCO","SAN FRANCISCO",-122.40519623,37.769507189999999
90111502,2016,2016-02-09,9335,2016-01-24,1520,020084,,7,2,7,3801,0,1,1,,2,022,"I-280 N/B","GENEVA AVE",220.00,S,N,A,-,Y,,,280,,,,,,N,Y,4,0,2,4,A,-,03,22350,,N,C,A,A,A,H,-,A,D,0,,,,,Y,,A,01,0,0,2,0,0,0,0,0,0,"- ","- ",37.72054,-122.4477,"SAN FRANCISCO","SAN FRANCISCO",-122.44815429000001,37.720591020000001
90111512,2016,2016-02-09,9335,2016-01-28,1050,020084,,4,1,7,3801,0,1,2,,2,013,"US-101 S/B","ALEMANY BLVD. U/C",30.00,N,N,B,-,Y,,,101,,,,,,S,Y,4,0,1,2,A,-,03,22350,,N,C,C,A,A,H,-,A,D,0,,,,,Y,,A,01,0,0,1,0,0,0,0,0,0,"- ","- ",37.737879999999997,-122.40807,"SAN FRANCISCO","SAN FRANCISCO",-122.40803433000001,37.737887219999998
90114724,2016,2016-02-15,9335,2016-01-31,1822,020068,,7,2,7,3801,0,1,2,,2,015,"US-101 SB TO US-101 SB","ALAMEDA ST",450.00,N,N,A,-,Y,,,101,,,,R,,S,N,3,0,1,2,A,-,07,21658,A,F,F,I,A,A,H,-,D,D,0,,,Y,,Y,,A,01,0,1,0,0,0,0,0,0,1,"- ","- ",37.768799999999999,-122.40819999999999,"SAN FRANCISCO","SAN FRANCISCO",-122.40819999999999,37.768799999999999
90114732,2016,2016-02-15,9335,2016-02-05,1556,018688,,5,2,7,3801,0,1,1,,1,083,"I-80 E/B","YERBA BUENA ISLAND TUNNEL",1056.00,E,N,A,-,Y,,,,,,,,,,N,4,0,3,2,A,-,03,22350,,N,C,C,A,A,H,-,A,D,0,,,,,Y,,D,22,0,0,3,0,0,0,0,0,0,"- ","- ",,,"SAN FRANCISCO","SAN FRANCISCO",,
90114887,2016,2016-02-15,9335,2016-02-13,1720,020068,,6,2,7,3801,0,1,2,,2,013,"US-101 N/B","BACON ST",537.00,S,N,A,-,Y,,,101,,,,,,N,Y,3,0,1,2,A,-,03,22350,,N,C,C,A,A,H,-,A,D,0,,,,,Y,,A,01,0,1,0,0,0,0,0,0,0,"- ","- ",37.726199999999999,-122.402,"SAN FRANCISCO","SAN FRANCISCO",-122.40202219,37.726191309999997
90115372,2016,2016-02-16,9335,2016-02-04,0055,018829,,4,3,7,3801,0,1,1,,1,081,"I-80 W/B","BEALE ST UNDERCROSSING",78.00,W,N,A,-,Y,,,80,,,,,,W,Y,4,0,1,2,A,-,08,22107,,M,E,I,A,A,H,-,C,D,0,,,,,Y,,A,08,0,0,1,0,0,0,0,0,0,"- ","- ",37.786439999999999,-122.39039,"SAN FRANCISCO","SAN FRANCISCO",-122.39033329,37.786373589999997