CASE_ID,ACCIDENT_YEAR,PROC_DATE,JURIS,COLLISION_DATE,COLLISION_TIME,OFFICER_ID,REPORTING_DISTRICT,DAY_OF_WEEK,CHP_SHIFT,POPULATION,CNTY_CITY_LOC,SPECIAL_COND,BEAT_TYPE,CHP_BEAT_TYPE,CITY_DIVISION_LAPD,CHP_BEAT_CLASS,BEAT_NUMBER,PRIMARY_RD,SECONDARY_RD,DISTANCE,DIRECTION,INTERSECTION,WEATHER_1,WEATHER_2,STATE_HWY_IND,CALTRANS_COUNTY,CALTRANS_DISTRICT,STATE_ROUTE,ROUTE_SUFFIX,POSTMILE_PREFIX,POSTMILE,LOCATION_TYPE,RAMP_INTERSECTION,SIDE_OF_HWY,TOW_AWAY,COLLISION_SEVERITY,NUMBER_KILLED,NUMBER_INJURED,PARTY_COUNT,PRIMARY_COLL_FACTOR,PCF_CODE_OF_VIOL,PCF_VIOL_CATEGORY,PCF_VIOLATION,PCF_VIOL_SUBSECTION,HIT_AND_RUN,TYPE_OF_COLLISION,MVIW,PED_ACTION,ROAD_SURFACE,ROAD_COND_1,ROAD_COND_2,LIGHTING,CONTROL_DEVICE,CHP_ROAD_TYPE,PEDESTRIAN_ACCIDENT,BICYCLE_ACCIDENT,MOTORCYCLE_ACCIDENT,TRUCK_ACCIDENT,NOT_PRIVATE_PROPERTY,ALCOHOL_INVOLVED,STWD_VEHTYPE_AT_FAULT,CHP_VEHTYPE_AT_FAULT,COUNT_SEVERE_INJ,COUNT_VISIBLE_INJ,COUNT_COMPLAINT_PAIN,COUNT_PED_KILLED,COUNT_PED_INJURED,COUNT_BICYCLIST_KILLED,COUNT_BICYCLIST_INJURED,COUNT_MC_KILLED,COUNT_MC_INJURED,PRIMARY_RAMP,SECONDARY_RAMP,LATITUDE,LONGITUDE,COUNTY,CITY,POINT_X,POINT_Y
91080941,2019,2019-09-23,9335,2019-09-20,2325,022348,,5,3,7,3801,0,1,2,,2,015,"US-101 S/B TO I-80 E/B","DIVISION STREET",50.00,S,N,A,-,Y,,,101,,,,R,,S,Y,3,0,1,1,A,-,01,23152,G,N,E,I,A,A,H,-,D,D,0,,,,,Y,Y,A,01,0,1,0,0,0,0,0,0,0,"- ","- ",37.769500732421875,-122.40553283691406,"SAN FRANCISCO","SAN FRANCISCO",-122.40553283691406,37.769500732421875
9108253,2020,2020-08-03,3801,2020-04-28,1732,2450,INGLE,2,5,7,3801,0,0,0,,0,3H11C,"VALENCIA ST","17TH ST",76.00,N,N,A,-,N,,,,,,,,,,N,3,0,1,2,A,-,08,22107,,N,B,G,A,A,H,-,A,D,0,,Y,,,Y,,A,01,0,1,0,0,0,0,1,0,0,"- ","- ",,,"SAN FRANCISCO","SAN FRANCISCO",-122.42176055908203,37.763507843017578
9108257,2020,2020-08-03,3801,2020-04-27,1952,1166,TARAV,1,5,7,3801,0,0,0,,0,3I13D,"OCEAN AV","FOREST VIEW DR",0.00,,Y,A,-,N,,,,,,,,,,N,3,0,1,2,A,-,03,22350,,N,G,B,B,A,H,-,A,A,0,Y,,,,Y,,A,01,0,1,0,0,1,0,0,0,0,"- ","- ",,,"SAN FRANCISCO","SAN FRANCISCO",-122.483642578125,37.73236083984375
9108276,2020,2020-08-03,3801,2020-04-09,0630,1622,SOUTH,4,5,7,3801,0,0,0,,0,4CAR,"12TH ST","MARKET ST",25.00,S,N,B,-,N,,,,,,,,,,N,3,0,1,2,A,-,11,21954,A,N,G,B,E,A,H,-,B,D,0,Y,,,,Y,,N,60,0,1,0,0,1,0,0,0,0,"- ","- ",,,"SAN FRANCISCO","SAN FRANCISCO",-122.42020416259766,37.774349212646484
9108278,2020,2020-08-13,3801,2020-04-08,1627,1750,,3,5,7,3801,0,0,0,,0,901,"SAN BRUNO AVE","OLMSTEAD ST",190.00,S,N,A,-,N,,,,,,,,,,N,4,0,2,4,A,-,05,21650,,N,A,C,A,A,H,-,A,D,0,,,,,Y,,A,01,0,0,2,0,0,0,0,0,0,"- ","- ",,,"SAN FRANCISCO","SAN FRANCISCO",-122.40142822265625,37.722347259521484
91083200,2019,2019-09-25,9335,2019-09-18,1900,021644,,3,2,7,3801,0,1,1,,2,023,"I-280 N/B","ST MARYS PEDESTRIAN O/C",528.00,N,N,A,-,Y,,,280,,,,,,N,Y,4,0,1,2,A,-,03,22350,,N,C,C,A,A,H,-,A,D,0,,,,,Y,,A,01,0,0,1,0,0,0,0,0,0,"- ","- ",37.731800079345703,-122.41876220703125,"SAN FRANCISCO","SAN FRANCISCO",-122.41876220703125,37.73187255859375
91086054,2019,2019-09-30,9335,2019-09-22,2030,022007,,7,2,7,3801,0,1,1,,2,080,"I-80 E/B","5TH STREET",30.00,W,N,A,-,Y,,,80,,,,,,E,N,4,0,2,2,A,-,03,22350,,N,C,C,A,A,H,-,D,D,0,,,,,Y,,A,01,0,0,2,0,0,0,0,0,0,"- ","- ",37.778160095214844,-122.40103912353516,"SAN FRANCISCO","SAN FRANCISCO",-122.40102386474609,37.778129577636719
91088222,2019,2019-10-01,9335,2019-09-11,1330,021328,,3,1,7,3801,0,1,1,,2,080,"I-80 E/B","5TH ST.",50.00,E,N,A,-,Y,,,80,,,,,,E,N,4,0,2,2,A,-,07,21658,A,N,C,C,A,A,H,-,A,D,0,,,,Y,Y,,A,01,0,0,2,0,0,0,0,0,0,"- ","- ",37.778400421142578,-122.40065002441406,"SAN FRANCISCO","SAN FRANCISCO",-122.40066528320312,37.778423309326172
91090503,2019,2019-10-04,9335,2019-10-03,0100,022326,,4,3,7,3801,0,1,2,,2,014,"US 101 NB","DIVISION STREET U/C",385.00,S,N,A,-,Y,,,,,,,,,,Y,3,0,2,2,A,-,03,22350,,N,C,C,A,A,H,-,A,D,0,,,,,Y,,A,07,0,1,1,0,0,0,0,0,0,"- ","- ",37.768508911132812,-122.40618133544922,"SAN FRANCISCO","SAN FRANCISCO",,
91091062,2019,2019-10-07,9335,2019-09-30,1600,022348,,1,2,7,3801,0,1,2,,2,014,"US 101 N/B","23RD STREET",260.00,N,N,A,-,Y,,,,,,,,,,Y,3,0,3,2,A,-,03,22350,,N,C,C,A,A,H,-,A,D,0,,,,,Y,,A,01,0,1,2,0,0,0,0,0,0,"- ","- ",37.756019592285156,-122.40315246582031,"SAN FRANCISCO","SAN FRANCISCO",-122.40303802490234,37.755210876464844
9109117,2020,2020-08-05,3801,2020-04-07,2034,2130,MISSI,2,5,7,3801,0,0,0,,0,3D15D,"16TH ST","HOFF ST",9.00,S,N,A,-,N,,,,,,,,,,N,4,0,1,2,A,-,03,22350,,F,G,B,D,A,H,-,C,D,0,Y,,,,Y,,-,,0,0,1,0,1,0,0,0,0,"- ","- ",,,"SAN FRANCISCO","SAN FRANCISCO",-122.42057037353516,37.764991760253906
91092579,2019,2019-10-08,9350,2019-10-03,1130,021075,,4,1,7,3801,0,1,3,,2,011,"SR-1 S/B","LAKE STREET",3432.00,N,N,A,-,Y,,,1,,,,,,S,Y,4,0,1,2,A,-,03,22350,,N,C,C,A,A,H,-,C,D,0,,,,,Y,,A,01,0,0,1,0,0,0,0,0,0,"- ","- ",37.794719696044922,-122.46967315673828,"SAN FRANCISCO","SAN FRANCISCO",-122.46961212158203,37.794719696044922
91096781,2019,2019-10-14,9335,2019-10-03,1235,014455,,4,1,7,3801,0,1,1,,1,083,"I-80 E/B","BEALE ST.",100.00,E,N,A,-,Y,,,80,,,,,,E,N,3,0,1,1,A,-,03,22350,,N,F,A,A,A,H,-,A,D,0,,,Y,,Y,,C,02,0,1,0,0,0,0,0,0,1,"- ","- ",37.786991119384766,-122.38993072509766,"SAN FRANCISCO","SAN FRANCISCO",-122.38980102539062,37.786849975585938
91097912,2019,2019-10-15,9335,2019-10-05,1310,022216,,6,1,7,3801,0,1,2,,2,013,"US 101 N/B","PAUL AVE",163.00,N,N,A,-,Y,,,,,,,,,,Y,4,0,6,3,A,-,03,22350,,N,C,C,A,A,H,-,A,D,0,,,,,Y,,A,01,0,0,6,0,0,0,0,0,0,"- ","- ",37.724300384521484,-122.40139770507812,"SAN FRANCISCO","SAN FRANCISCO",-122.40134429931641,37.724147796630859
91100634,2019,2019-10-18,9335,2019-10-09,0520,014455,,3,3,7,3801,0,1,1,,1,081,"I-80 W/B","TREASURE ISLAND TUNNEL EAST EDGE",500.00,E,N,A,-,Y,,,80,,,,,,W,N,4,0,1,2,A,-,03,22350,,N,C,C,A,A,H,-,B,D,0,,,,,Y,,A,01,0,0,1,0,0,0,0,0,0,"- ","- ",37.811241149902344,-122.364013671875,"SAN FRANCISCO","SAN FRANCISCO",-122.36409759521484,37.811328887939453
91106526,2019,2019-10-25,9335,2019-10-15,1303,020068,,2,1,7,3801,0,1,1,,2,080,"I-80 W/B","3RD ST",72.00,E,N,A,-,Y,,,80,,,,,,W,Y,4,0,1,2,A,-,03,22350,,N,C,C,A,A,H,-,A,D,0,,,,,Y,,A,07,0,0,1,0,0,0,0,0,0,"- ","- ",37.782299041748047,-122.39649963378906,"SAN FRANCISCO","SAN FRANCISCO",-122.39652252197266,37.782329559326172
91108585,2019,2019-10-29,9350,2019-10-22,1434,022433,,2,2,7,3801,0,1,2,,1,120,"US-101 N/B (GGB EAST SIDEWALK)","CONZLEMAN ROAD UNDERCROSSING",2640.00,S,N,A,-,Y,,,101,,,,,,N,N,3,0,2,2,B,-,22,,,N,C,G,A,A,H,-,A,D,0,,Y,,,Y,,L,04,0,2,0,0,0,0,2,0,0,"- ","- ",37.823680877685547,-122.47889709472656,"SAN FRANCISCO","SAN FRANCISCO",-122.47916412353516,37.823642730712891
9111047,2020,2020-10-30,3801,2020-05-13,1848,1024,TENDE,3,5,7,3801,0,0,0,,0,3J11D,"JONES ST","EDDY ST",0.00,,Y,A,-,N,,,,,,,,,,Y,3,0,1,1,A,-,07,21658,,N,H,I,A,A,-,-,A,-,0,,,,,Y,,A,01,0,1,0,0,0,0,0,0,0,"- ","- ",,,"SAN FRANCISCO","SAN FRANCISCO",-122.41259002685547,37.783939361572266
9111049,2020,2020-10-30,3801,2020-05-13,1647,2419,RICHM,3,5,7,3801,0,0,0,,0,0G2,"GEARY RD","COMMONWEALTH AV",0.00,,Y,A,-,N,,,,,,,,,,N,3,0,1,2,A,-,09,21804,A,N,B,C,A,A,H,-,A,A,0,,,Y,,Y,,A,07,0,1,0,0,0,0,0,0,1,"- ","- ",,,"SAN FRANCISCO","SAN FRANCISCO",-122.45554351806641,37.781490325927734
9111056,2020,2020-11-10,3801,2020-05-01,1951,4140,TENDE,5,5,7,3801,0,0,0,,0,3J11D,"TURK BL","LEAVENWORTH ST",0.00,,Y,A,-,N,,,,,,,,,,N,4,0,1,2,A,-,21,22106,,N,G,B,B,A,H,-,A,A,0,Y,,,,Y,,A,01,0,0,1,0,1,0,0,0,0,"- ","- ",,,"SAN FRANCISCO","SAN FRANCISCO",-122.41403961181641,37.782798767089844
9111069,2020,2020-11-02,3801,2020-05-04,1714,2161,TARAV,1,5,7,3801,0,0,0,,0,3I11D,"32ND AV","RIVERA ST",0.00,,Y,A,-,N,,,,,,,,,,N,3,0,1,2,A,-,12,22450,A,N,H,G,A,A,H,-,A,-,0,,Y,,,Y,,-,"- ",0,1,0,0,0,0,1,0,0,"- ","- ",,,"SAN FRANCISCO","SAN FRANCISCO",-122.4898681640625,37.746158599853516
9111073,2020,2020-11-02,3801,2020-05-31,1935,560,NORTH,7,5,7,3801,0,0,0,,0,3E13D,"EDDY ST","VAN NESS AV",0.00,,Y,A,-,N,,,,,,,,,,N,4,0,1,2,A,-,06,21750,,N,C,C,A,A,H,-,A,A,0,,,,,Y,Y,-,"- ",0,0,1,0,0,0,0,0,0,"- ","- ",,,"SAN FRANCISCO","SAN FRANCISCO",-122.4208984375,37.782871246337891
9111076,2020,2020-11-02,3801,2020-05-31,1632,887,SOUTH,7,5,7,3801,0,0,0,,0,3B14D,"MARKET ST","OCTAVIA ST",0.00,,Y,A,-,N,,,,,,,,,,N,3,0,1,2,A,-,08,22101,D,N,D,G,A,A,H,-,A,A,0,,Y,,,Y,,A,01,0,1,0,0,0,0,1,0,0,"- ","- ",,,"SAN FRANCISCO","SAN FRANCISCO",-122.42359161376953,37.771778106689453
9111078,2020,2020-11-02,3801,2020-05-30,1850,1609,RICHM,6,5,7,3801,0,0,0,,0,3G2A,"PINE ST","PRESIDIO ST",60.00,W,N,A,-,N,,,,,,,,,,N,3,0,1,2,A,-,11,21950,B,N,G,-,D,A,H,-,A,A,0,Y,,,,Y,,N,60,0,1,0,0,1,0,0,0,0,"- ","- ",,,"SAN FRANCISCO","SAN FRANCISCO",-122.44660186767578,37.786289215087891
9111111,2020,2020-11-02,3801,2020-05-17,1550,1933,CENTR,7,5,7,3801,0,0,0,,0,3A12C,"STOCKTON ST","WASHINGTON ST",173.00,N,N,A,-,N,,,,,,,,,,N,4,0,1,2,A,-,08,22107,,N,B,C,A,A,H,-,A,A,0,,,,,Y,,A,01,0,0,1,0,0,0,0,0,0,"- ","- ",,,"SAN FRANCISCO","SAN FRANCISCO",-122.40813446044922,37.795429229736328
91111259,2019,2019-11-04,9335,2019-10-22,2130,021284,,2,2,7,3801,0,1,2,,2,015,"US- 101 N/B TO MISSION ST","MISSION ST",499.00,S,N,A,-,Y,,,101,,,,R,,N,N,4,0,3,3,A,-,03,22350,,N,C,C,A,A,H,-,C,D,0,,,,,Y,,A,08,0,0,3,0,0,0,0,0,0,"- ","- ",37.770030975341797,-122.41815948486328,"SAN FRANCISCO","SAN FRANCISCO",-122.41815948486328,37.770030975341797
9111130,2020,2020-11-02,3801,2020-05-25,0956,2310,NORTH,1,5,7,3801,0,0,0,,0,3E15A,"LOMBARD ST","LOMBARD ST 1475",0.00,,Y,A,-,N,,,,,,,,,,N,3,0,1,2,A,-,11,21954,A,F,G,B,E,A,H,-,A,A,0,Y,,,,Y,,N,60,0,1,0,0,1,0,0,0,0,"- ","- ",,,"SAN FRANCISCO","SAN FRANCISCO",,
91113355,2019,2019-11-05,9335,2019-10-24,1115,022216,,4,1,7,3801,0,1,2,,2,013,"US-101 S/B","BACON ST",177.00,N,N,A,-,Y,,,101,,,,,,S,Y,4,0,1,2,A,-,07,21658,A,N,B,C,A,A,H,-,A,D,0,,,,Y,Y,,G,27,0,0,1,0,0,0,0,0,0,"- ","- ",37.728298187255859,-122.4031982421875,"SAN FRANCISCO","SAN FRANCISCO",-122.40319061279297,37.728302001953125
91113392,2019,2019-11-05,9350,2019-10-24,0630,019875,,4,1,7,3801,0,1,2,,1,120,"US-101 NB GGB EAST SIDEWALK","LINCOLN BLVD",1267.00,N,N,A,-,Y,,,101,,,,,,N,N,2,0,1,2,D,-,00,,,N,B,C,A,A,H,-,D,D,0,,Y,,,Y,,-,"- ",1,0,0,0,0,0,1,0,0,"- ","- ",37.809711456298828,-122.47725677490234,"SAN FRANCISCO","SAN FRANCISCO",-122.4774169921875,37.809684753417969
91113815,2019,2019-11-05,9335,2019-10-27,1540,022266,,7,2,7,3801,0,1,1,,2,022,"I-280 N/B","SAN JOSE AVE. OVER-CROSSING",1056.00,S,N,A,-,Y,,,280,,,,,,N,Y,4,0,2,3,A,-,03,22350,,N,C,C,A,A,H,-,A,D,0,,,,,Y,,A,01,0,0,2,0,0,0,0,0,0,"- ","- ",37.715740203857422,-122.44934844970703,"SAN FRANCISCO","SAN FRANCISCO",-122.44939422607422,37.715774536132812
91114135,2019,2019-11-05,9335,2019-10-25,0643,021916,,5,1,7,3801,0,1,1,,2,022,"I-280 N/B","PAULDING ST",26.00,S,N,A,-,Y,,,280,,,,,,N,Y,4,0,1,2,A,-,08,22107,,N,B,C,A,A,H,-,B,D,0,,,,,Y,,A,01,0,0,1,0,0,0,0,0,0,"- ","- ",37.728179931640625,-122.44361114501953,"SAN FRANCISCO","SAN FRANCISCO",-122.44359588623047,37.728157043457031
91115307,2019,2019-11-07,9335,2019-10-20,0205,022040,,7,3,7,3801,0,1,2,,2,013,"US-101 N/B","ALANA WAY",148.00,S,N,A,-,Y,,,101,,,,,,N,Y,3,0,1,1,A,-,01,23152,F,N,E,I,A,A,H,-,C,D,0,,,,,Y,,A,01,0,1,0,0,0,0,0,0,0,"- ","- ",37.708381652832031,-122.39473724365234,"SAN FRANCISCO","SAN FRANCISCO",-122.39485168457031,37.708354949951172
91115309,2019,2019-11-07,9335,2019-10-20,0207,022040,,7,3,7,3801,0,1,2,,2,013,"US-101 N/B","ALANA WAY",58.00,S,N,A,-,Y,,,101,,,,,,N,Y,3,0,1,2,A,-,03,22350,,F,B,C,A,A,H,-,C,D,0,,,,,Y,,A,01,0,1,0,0,0,0,0,0,0,"- ","- ",37.7086181640625,-122.39483642578125,"SAN FRANCISCO","SAN FRANCISCO",-122.39491271972656,37.708602905273438
91116885,2019,2019-11-11,9335,2019-10-09,2015,021390,,3,2,7,3801,0,1,2,,2,014,"US-101 N/B","18TH ST. PEDESTRIAN OVERCROSSING",520.00,N,N,A,-,Y,,,101,,,,,,N,N,3,0,1,3,A,-,03,22350,,F,C,C,A,A,H,-,C,D,0,,,Y,,Y,,C,02,0,1,0,0,0,0,0,0,1,"- ","- ",37.763481140136719,-122.40503692626953,"SAN FRANCISCO","SAN FRANCISCO",-122.40501403808594,37.763473510742188
91120701,2019,2019-11-14,9335,2019-11-08,0035,021284,,5,3,7,3801,0,1,1,,1,083,"I-80 E/B","EMBARCADERO ST U/C",330.00,W,N,A,-,Y,,,80,,,,,,E,N,4,0,1,2,A,-,03,22350,,N,C,C,A,A,D,-,C,D,0,,,,,Y,,A,07,0,0,1,0,0,0,0,0,0,"- ","- ",37.787021636962891,-122.39012908935547,"SAN FRANCISCO","SAN FRANCISCO",-122.389892578125,37.786762237548828
91121074,2019,2019-11-15,9335,2019-11-08,0850,022241,,5,1,7,3801,0,1,1,,2,023,"I-280 N/B","MISSION STREET OVERCROSSING",249.00,S,N,A,-,Y,,,280,,,,,,N,N,4,0,1,3,A,-,03,22350,,N,C,C,A,A,H,-,A,D,0,,,,,Y,,A,01,0,0,1,0,0,0,0,0,0,"- ","- ",37.732101440429688,-122.42919921875,"SAN FRANCISCO","SAN FRANCISCO",-122.42920684814453,37.7320556640625
91121304,2019,2019-11-15,9335,2019-10-20,1750,021886,,7,2,7,3801,0,1,1,,1,083,"I-80 E/B","NORTH GATE RD. O/C",620.00,W,N,A,-,Y,,,80,,,,,,E,Y,3,0,2,4,A,-,04,21703,,M,C,C,A,A,H,-,A,D,0,,,,,Y,,A,01,0,1,1,0,0,0,0,0,0,"- ","- ",37.81201171875,-122.36316680908203,"SAN FRANCISCO","SAN FRANCISCO",-122.36327362060547,37.812152862548828
91121815,2019,2019-11-18,9335,2019-11-02,0845,022241,,6,1,7,3801,0,1,1,,1,083,"I-80 E/B","TREASURE ISLAND RD",722.00,W,N,A,-,Y,,,80,,,,,,E,Y,3,0,1,2,A,-,08,22107,,M,E,I,A,A,H,-,A,D,0,,,,,Y,,-,99,0,1,0,0,0,0,0,0,0,"- ","- ",37.807418823242188,-122.36785125732422,"SAN FRANCISCO","SAN FRANCISCO",-122.36785125732422,37.807422637939453
91128139,2019,2019-11-25,9335,2019-11-18,1922,022416,,1,2,7,3801,0,1,1,,1,083,"I-80 E/B","BEALE STREET UNDERCROSSING",280.00,W,N,A,-,Y,,,80,,,,,,E,Y,4,0,1,3,A,-,03,22350,,N,C,C,A,A,H,-,D,D,0,,,Y,,Y,,C,02,0,0,1,0,0,0,0,0,1,"- ","- ",37.786090850830078,-122.39086151123047,"SAN FRANCISCO","SAN FRANCISCO",-122.39080810546875,37.7860107421875
91128908,2019,2019-11-25,9335,2019-11-15,1235,022032,,5,1,7,3801,0,1,1,,2,023,"I-280 S/B","ST MARYS PARK FOOTBRIDGE",1830.00,N,N,A,-,Y,,,280,,,,,,S,Y,4,0,1,2,A,-,07,21658,A,F,E,I,A,A,H,-,A,D,0,,,,,Y,,-,99,0,0,1,0,0,0,0,0,0,"- ","- ",37.732368469238281,-122.41436767578125,"SAN FRANCISCO","SAN FRANCISCO",-122.41439056396484,37.732437133789062
91131546,2019,2019-11-28,9335,2019-11-18,0802,022096,,1,1,7,3801,0,1,1,,2,024,"I-280 N/B","25TH ST",277.00,N,N,A,-,Y,,,280,,,,,,N,N,4,0,1,2,A,-,03,22350,,N,B,C,A,A,H,-,A,D,0,,,Y,,Y,,C,02,0,0,1,0,0,0,0,0,1,"- ","- ",37.753448486328125,-122.39140319824219,"SAN FRANCISCO","SAN FRANCISCO",-122.39137268066406,37.753456115722656
91132078,2019,2019-12-02,9335,2019-11-24,1445,022007,,7,2,7,3801,0,1,1,,1,081,"I-80 W/B","YERBA BUENA ISLAND TUNNEL",3713.00,E,N,A,-,Y,,,80,,,,,,W,N,3,0,1,2,A,-,07,21658,A,N,B,C,A,A,H,-,A,D,0,,,Y,,Y,,A,01,0,1,0,0,0,0,0,0,1,"- ","- ",37.817138671875,-122.35566711425781,"SAN FRANCISCO","SAN FRANCISCO",-122.35569763183594,37.817195892333984
91134197,2019,2019-12-03,9335,2019-11-26,2010,021700,,2,2,7,3801,0,1,1,,2,024,"I-280 S/B","16TH ST",70.00,S,N,C,-,Y,,,280,,,,,,S,Y,4,0,1,2,A,-,03,22350,,N,A,C,A,B,F,-,D,D,0,,,,,Y,,D,22,0,0,1,0,0,0,0,0,0,"- ","- ",37.766330718994141,-122.39469146728516,"SAN FRANCISCO","SAN FRANCISCO",-122.3946533203125,37.766372680664062
91135827,2019,2019-12-04,9335,2019-11-23,0745,022326,,6,1,7,3801,0,1,1,,1,083,"I-80 E/B","THE EMBARCADERO U/C",295.00,E,N,B,-,Y,,,80,,,,,,E,Y,2,0,1,3,A,-,07,21658,A,N,C,C,A,A,H,-,A,D,0,,,,Y,Y,,F,26,1,0,0,0,0,0,0,0,0,"- ","- ",37.789508819580078,-122.38730621337891,"SAN FRANCISCO","SAN FRANCISCO",-122.38710784912109,37.789279937744141
91140404,2019,2019-12-10,9335,2019-12-09,0705,020658,,1,1,7,3801,0,1,1,,1,083,"I-80 E/B TO TREASURE ISLAND ROAD","TREASURE ISLAND OFFRAMP PYSICAL GORE PT",75.00,E,N,B,E,Y,,,80,,,,R,,E,N,2,0,1,1,A,-,08,22107,,N,E,I,A,B,H,-,A,D,0,,,,,Y,,A,07,1,0,0,0,0,0,0,0,0,"- ","- ",37.808940887451172,-122.36683654785156,"SAN FRANCISCO","SAN FRANCISCO",-122.36683654785156,37.808940887451172
91143026,2019,2019-12-13,9335,2019-12-04,1600,021390,,3,2,7,3801,0,1,2,,2,015,"US-101 N/B TO 9TH ST.","BRYANT ST",430.00,S,N,B,-,Y,,,101,,,,R,,N,Y,4,0,2,4,A,-,03,22350,,N,C,C,A,A,H,-,A,D,0,,,,,Y,,A,01,0,0,2,0,0,0,0,0,0,"- ","- ",37.770050048828125,-122.40821075439453,"SAN FRANCISCO","SAN FRANCISCO",-122.40821075439453,37.770050048828125
91144557,2019,2019-12-16,9335,2019-12-04,1500,020991,,3,2,7,3801,1,4,S,,2,901,"BOSWORTH ST.","MISSION ST.",38.00,W,N,B,-,N,,,,,,,,,,N,4,0,1,1,C,-,18,,,N,H,A,A,A,D,-,A,D,0,,,,,Y,,-,"- ",0,0,1,0,0,0,0,0,0,"- ","- ",37.614841461181641,-122.42169189453125,"SAN FRANCISCO","SAN FRANCISCO",-122.42656707763672,37.733657836914062
91153958,2019,2019-12-27,9335,2019-12-21,2020,020991,,6,2,7,3801,0,1,1,,2,080,"I-80 W/B","8TH ST. U/C",111.00,W,N,B,-,Y,,,80,,,,,,W,Y,4,0,3,3,A,-,03,22350,,N,C,C,A,B,H,-,C,D,0,,,,,Y,,A,07,0,0,3,0,0,0,0,0,0,"- ","- ",37.771701812744141,-122.40638732910156,"SAN FRANCISCO","SAN FRANCISCO",-122.40644073486328,37.771675109863281
91159197,2019,2020-01-06,9335,2019-12-25,1350,020991,,3,1,7,3801,0,1,1,,2,023,"I-280 N/B","ALEMANY BLVD.",119.00,S,N,B,-,Y,,,280,,,,,,N,Y,4,0,3,2,A,-,08,22107,,N,B,C,A,B,H,-,A,D,0,,,,,Y,,A,01,0,0,3,0,0,0,0,0,0,"- ","- ",37.732128143310547,-122.41493225097656,"SAN FRANCISCO","SAN FRANCISCO",-122.41492462158203,37.732112884521484
91162301,2020,2020-01-09,9335,2020-01-02,1200,021916,,4,1,7,3801,0,1,1,,2,023,"I-280 N/B","ALEMANY BLVD",72.00,S,N,A,-,Y,,,280,,,,,,N,Y,4,0,1,3,A,-,07,21658,A,N,B,C,A,A,H,-,A,D,0,,,,,Y,,A,07,0,0,1,0,0,0,0,0,0,"- ","- ",37.732078552246094,-122.41490936279297,"SAN FRANCISCO","SAN FRANCISCO",-122.4149169921875,37.73211669921875
91163038,2020,2020-01-10,9335,2020-01-07,2002,018688,,2,2,7,3801,0,1,1,,1,081,"I-80 W/B","CECTER ANCHORAGE",528.00,W,N,B,-,Y,,,80,,,,,,W,Y,3,0,1,3,A,-,04,21703,,N,C,C,A,A,H,-,C,D,0,,,,,Y,,A,01,0,1,0,0,0,0,0,0,0,"- ","- ",37.796958923339844,-122.37940979003906,"SAN FRANCISCO","SAN FRANCISCO",-122.37934112548828,37.796882629394531
91166150,2020,2020-01-15,9335,2020-01-08,0905,020509,,3,1,7,3801,0,1,1,,1,081,"I-80 WESTBOUND","YERBA BUENA ISLAND TUNNEL",2745.00,W,N,A,-,Y,,,80,,,,,,W,Y,4,0,1,3,A,-,03,22350,,M,C,C,A,A,H,-,A,D,0,,,Y,,Y,,A,07,0,0,1,0,0,0,0,0,1,"- ","- ",37.803241729736328,-122.37252044677734,"SAN FRANCISCO","SAN FRANCISCO",-122.37247467041016,37.803192138671875
9116726,2020,2020-07-21,3801,2020-06-02,1808,2725,,2,5,7,3801,0,0,0,,0,3G12D,"SAN JOSE AV","COTTER ST",0.00,,Y,A,-,N,,,,,,,,,,N,4,0,1,2,A,-,09,21801,A,N,D,C,A,A,H,-,A,D,0,,,,,Y,,A,08,0,0,1,0,0,0,0,0,0,"- ","- ",,,"SAN FRANCISCO","SAN FRANCISCO",-122.43746185302734,37.730281829833984
9116735,2020,2020-07-21,3801,2020-06-22,1920,1398," ",1,5,7,3801,0,0,0,,0,,"EMBARCADERO SOUTH","TOWNSEND ST",698.00,N,N,A,-,N,,,,,,,,,,N,3,0,1,2,A,-,00,21056,,N,B,C,A,A,H,-,A,D,0,,,,,Y,,J,48,0,1,0,0,0,0,0,0,0,"- ","- ",,,"SAN FRANCISCO","SAN FRANCISCO",-122.38799285888672,37.78369140625