CASE_ID,ACCIDENT_YEAR,PROC_DATE,JURIS,COLLISION_DATE,COLLISION_TIME,OFFICER_ID,REPORTING_DISTRICT,DAY_OF_WEEK,CHP_SHIFT,POPULATION,CNTY_CITY_LOC,SPECIAL_COND,BEAT_TYPE,CHP_BEAT_TYPE,CITY_DIVISION_LAPD,CHP_BEAT_CLASS,BEAT_NUMBER,PRIMARY_RD,SECONDARY_RD,DISTANCE,DIRECTION,INTERSECTION,WEATHER_1,WEATHER_2,STATE_HWY_IND,CALTRANS_COUNTY,CALTRANS_DISTRICT,STATE_ROUTE,ROUTE_SUFFIX,POSTMILE_PREFIX,POSTMILE,LOCATION_TYPE,RAMP_INTERSECTION,SIDE_OF_HWY,TOW_AWAY,COLLISION_SEVERITY,NUMBER_KILLED,NUMBER_INJURED,PARTY_COUNT,PRIMARY_COLL_FACTOR,PCF_CODE_OF_VIOL,PCF_VIOL_CATEGORY,PCF_VIOLATION,PCF_VIOL_SUBSECTION,HIT_AND_RUN,TYPE_OF_COLLISION,MVIW,PED_ACTION,ROAD_SURFACE,ROAD_COND_1,ROAD_COND_2,LIGHTING,CONTROL_DEVICE,CHP_ROAD_TYPE,PEDESTRIAN_ACCIDENT,BICYCLE_ACCIDENT,MOTORCYCLE_ACCIDENT,TRUCK_ACCIDENT,NOT_PRIVATE_PROPERTY,ALCOHOL_INVOLVED,STWD_VEHTYPE_AT_FAULT,CHP_VEHTYPE_AT_FAULT,COUNT_SEVERE_INJ,COUNT_VISIBLE_INJ,COUNT_COMPLAINT_PAIN,COUNT_PED_KILLED,COUNT_PED_INJURED,COUNT_BICYCLIST_KILLED,COUNT_BICYCLIST_INJURED,COUNT_MC_KILLED,COUNT_MC_INJURED,PRIMARY_RAMP,SECONDARY_RAMP,LATITUDE,LONGITUDE,COUNTY,CITY,POINT_X,POINT_Y
9182429,2020,2020-12-05,3801,2020-10-24,1050,2441,INGLE,6,5,7,3801,0,0,0,,0,3H16A,"OCEAN AV","ALEMANY BL",0.00,,Y,A,-,N,,,,,,,,,,Y,4,0,1,2,A,-,12,21453,A,N,D,C,A,A,H,-,A,A,0,,,,,Y,,A,01,0,0,1,0,0,0,0,0,0,"- ","- ",,,"SAN FRANCISCO","SAN FRANCISCO",-122.43753814697266,37.723701477050781
9182434,2020,2020-12-05,3801,2020-10-23,0915,807,INGLE,5,5,7,3801,0,0,0,,0,3H41,"FOLSOM ST","STONEMAN ST",0.00,,Y,A,-,N,,,,,,,,,,N,4,0,1,2,A,-,06,21750,,N,B,C,A,A,H,-,A,D,0,,,,,Y,,-,"- ",0,0,1,0,0,0,0,0,0,"- ","- ",,,"SAN FRANCISCO","SAN FRANCISCO",-122.41338348388672,37.745159149169922
91824564,2022,2022-07-25,9335,2022-07-18,0228,022667,,1,3,7,3801,0,1,1,,1,083,"I-80 E/B","SPEAR ST U/C",3150.00,E,N,A,-,Y,SF,,80,,,6.450,H,,R,Y,4,0,1,2,A,-,03,22350,,N,C,C,A,A,H,-,C,D,0,,,,,Y,Y,A,01,0,0,1,0,0,0,0,0,0,"- ","- ",37.794658660888672,-122.38126373291016,"SAN FRANCISCO","SAN FRANCISCO",-122.38141632080078,37.794769287109375
9182622,2020,2020-11-23,3801,2020-07-31,1729,4028,SOUTH,5,5,7,3801,0,0,0,,0,3B14D,"11TH ST","HOWARD ST",0.00,,Y,A,-,N,,,,,,,,,,N,4,0,1,2,A,-,17,21235,G,N,-,C,A,A,H,-,A,A,0,,,,,Y,,-,,0,0,1,0,0,0,0,0,0,"- ","- ",,,"SAN FRANCISCO","SAN FRANCISCO",-122.41557312011719,37.773120880126953
91828929,2022,2022-07-29,9335,2022-07-16,1155,022795,,6,1,7,3801,0,1,2,,2,014,"US-101 NORTHBOUND","16TH STREET",280.00,S,N,A,-,Y,,,,,,,,,,Y,4,0,1,2,A,-,03,22350,,N,C,C,A,A,H,-,A,D,0,,,Y,,Y,,C,02,0,0,1,0,0,0,0,0,1,"- ","- ",37.749210357666016,-122.40492248535156,"SAN FRANCISCO","SAN FRANCISCO",-122.40484619140625,37.765167236328125
91830540,2022,2022-08-01,9335,2022-07-24,0220,022823,,7,3,7,3801,0,1,2,,2,015,"US-101 S/B","HARRISON ST.",356.00,S,N,A,-,Y,SF,,101,,R,4.789,H,,L,Y,4,0,1,3,A,-,03,22350,,N,C,C,A,A,H,-,C,D,0,,,,,Y,,A,01,0,0,1,0,0,0,0,0,0,"- ","- ",37.769481658935547,-122.41203308105469,"SAN FRANCISCO","SAN FRANCISCO",-122.41203308105469,37.769428253173828
91830985,2022,2022-08-02,9335,2022-07-23,1450,022860,,6,2,7,3801,0,1,2,,2,013,"US-101 N/B","FAITH STREET PEDESTRIAN OVERCROSSING",360.00,S,N,A,-,Y,SF,,101,,,2.543,H,,R,Y,3,0,3,3,A,-,03,22350,,N,C,C,A,A,H,-,A,D,0,,,Y,,Y,,C,02,0,2,1,0,0,0,0,0,2,"- ","- ",37.743091583251953,-122.40638732910156,"SAN FRANCISCO","SAN FRANCISCO",-122.40630340576172,37.7430419921875
91832308,2022,2022-08-03,9335,2022-07-14,1745,022823,,4,2,7,3801,0,1,1,,1,081,"I-80 W/B","YERBA BUENA ISLAND TUNNEL WEST EDGE",5350.00,W,N,A,-,Y,SF,,80,,,6.719,H,,L,N,4,0,2,3,A,-,03,22350,,M,C,C,A,A,H,-,A,D,0,,,,,Y,,A,01,0,0,2,0,0,0,0,0,0,"- ","- ",37.79766845703125,-122.37805938720703,"SAN FRANCISCO","SAN FRANCISCO",-122.378173828125,37.797744750976562
91833486,2022,2022-08-04,9335,2022-07-24,1445,022007,,7,2,7,3801,0,1,1,,1,081,"I-80 W/B","SAN FRANCISCO/ALAMEDA COUNTY LINE",148.00,W,N,A,-,Y,ALA,,80,,R,0.020,H,,L,N,4,0,1,2,A,-,03,22350,,N,C,C,A,A,H,-,A,D,0,,,,,Y,,A,01,0,0,1,0,0,0,0,0,0,"- ","- ",37.819190979003906,-122.34934234619141,"SAN FRANCISCO","SAN FRANCISCO",-122.34935760498047,37.819271087646484
91834988,2022,2022-08-08,9335,2022-07-30,0240,022525,,6,3,7,3801,0,1,2,,2,013,"US-101 S/B","ALEMANY BLVD.",25.00,S,N,B,-,Y,,,,,,,,,,Y,3,0,1,1,A,-,01,23152,A,N,E,J,A,B,H,-,C,D,0,,,,,Y,Y,A,01,0,1,0,0,0,0,0,0,0,"- ","- ",37.734600067138672,-122.41065216064453,"SAN FRANCISCO","SAN FRANCISCO",-122.40806579589844,37.737930297851562
91835069,2022,2022-08-08,9335,2022-07-30,2120,022196,,6,2,7,3801,0,1,1,,1,081,"I-80 WB","BEALE STREET",90.00,E,N,A,-,Y,SF,,80,,,5.748,H,,L,N,4,0,1,2,A,-,01,23152,A,N,C,C,A,A,H,-,C,A,0,,,,,Y,Y,A,07,0,0,1,0,0,0,0,0,0,"- ","- ",37.786991119384766,-122.38995361328125,"SAN FRANCISCO","SAN FRANCISCO",-122.38991546630859,37.786968231201172
91840220,2022,2022-08-15,9335,2022-08-06,1330,022860,,6,1,7,3801,0,1,1,,2,023,"I-280 N/B","CONGDON ST",370.00,N,N,A,-,Y,SF,,280,,R,3.300,H,,R,N,3,0,2,2,A,-,07,21658,A,N,B,C,A,A,H,-,A,D,0,,,,,Y,,A,07,0,1,1,0,0,0,0,0,0,"- ","- ",37.731338500976562,-122.42485046386719,"SAN FRANCISCO","SAN FRANCISCO",-122.42485046386719,37.731365203857422
9184085,2020,2020-12-04,3801,2020-10-02,1308,242,NORTH,5,5,7,3801,0,0,0,,0,3E13A,"STEINER ST","OFARRELL ST",133.00,S,N,A,-,N,,,,,,,,,,N,3,0,2,2,A,-,17,22517,,N,B,G,A,A,H,-,A,D,0,,Y,,,Y,,A,01,0,1,1,0,0,0,1,0,0,"- ","- ",,,"SAN FRANCISCO","SAN FRANCISCO",-122.43426513671875,37.782707214355469
9184090,2020,2020-12-03,3801,2020-10-03,2145,1451,NORTH,6,5,7,3801,0,0,0,,0,3E13E,"VAN NESS AV","EDDY ST",0.00,,Y,A,-,N,,,,,,,,,,N,2,0,1,2,A,-,11,21453,D,N,D,B,E,A,H,-,C,A,0,Y,,,,Y,,N,60,1,0,0,0,1,0,0,0,0,"- ","- ",,,"SAN FRANCISCO","SAN FRANCISCO",-122.4208984375,37.782871246337891
9184091,2020,2020-12-03,3801,2020-10-03,2155,4314,RICHM,6,5,7,3801,0,0,0,,0,0G2,"JACKSON ST","PRESIDIO AV",12.00,E,N,A,-,N,,,,,,,,,,N,3,0,1,2,A,-,10,21950,A,N,G,B,B,A,H,-,C,A,0,Y,,,,Y,,A,01,0,1,0,0,1,0,0,0,0,"- ","- ",,,"SAN FRANCISCO","SAN FRANCISCO",-122.44747161865234,37.790836334228516
9184142,2020,2020-12-11,3801,2020-10-20,1454,1875,TARAV,2,5,7,3801,0,0,0,,0,3I13D,"NORIEGA ST","31ST AV",263.00,E,N,A,-,N,,,,,,,,,,Y,4,0,2,3,A,-,03,22350,,N,G,B,F,A,H,-,A,D,0,Y,,,,Y,,A,08,0,0,2,0,2,0,0,0,0,"- ","- ",,,"SAN FRANCISCO","SAN FRANCISCO",-122.48841857910156,37.753711700439453
9184147,2020,2020-12-11,3801,2020-10-21,1821,1520,BAYVI,3,5,7,3801,0,0,0,,0,0C5,"REVERE AV","JENNINGS ST",0.00,,Y,A,-,N,,,,,,,,,,Y,4,0,2,3,A,-,12,22450,A,F,D,C,A,A,-,-,A,A,0,,,,,Y,,A,01,0,0,2,0,0,0,0,0,0,"- ","- ",,,"SAN FRANCISCO","SAN FRANCISCO",-122.38642883300781,37.729530334472656
9184153,2020,2020-12-11,3801,2020-10-03,0107,2234,TENDE,6,5,7,3801,0,0,0,,0,3J12E,"MARKET ST","5TH ST",58.00,W,N,A,-,N,,,,,,,,,,N,4,0,1,2,A,-,21,22106,,F,G,B,E,A,H,-,C,D,0,Y,,,,Y,,-,99,0,0,1,0,1,0,0,0,0,"- ","- ",,,"SAN FRANCISCO","SAN FRANCISCO",-122.408203125,37.783885955810547
9184180,2020,2020-12-07,3801,2020-10-16,0745,2065,NORTH,5,5,7,3801,0,0,0,,0,3E12A,"GEARY BL","FILLMORE ST",0.00,,Y,-,-,N,,,,,,,,,,Y,4,0,1,1,D,-,00,,,N,E,I,A,A,H,-,A,D,0,,,,,Y,,-,"- ",0,0,1,0,0,0,0,0,0,"- ","- ",,,"SAN FRANCISCO","SAN FRANCISCO",-122.43295288085938,37.784530639648438
9184185,2020,2020-12-10,3801,2020-10-02,0045,1193,SOUTH,5,5,7,3801,0,0,0,,0,3B16E,"TREASURE ISLAND RD","TREASURE ISLAND",1500.00,N,N,A,-,N,,,,,,,,,,Y,3,0,1,2,A,-,03,22350,,N,D,C,A,A,H,-,C,D,0,,,,,Y,,A,01,0,1,0,0,0,0,0,0,0,"- ","- ",,,"SAN FRANCISCO","SAN FRANCISCO",-122.37090301513672,37.813629150390625
9184186,2020,2020-12-10,3801,2020-10-01,2218,4279,INGLE,4,5,7,3801,0,0,0,,0,"5 CAR","MISSION ST","ALLISON ST",0.00,,Y,B,-,N,,,,,,,,,,N,4,0,2,2,A,-,09,21800,D,N,D,C,A,A,H,-,E,B,0,,,,,Y,,A,01,0,0,2,0,0,0,0,0,0,"- ","- ",,,"SAN FRANCISCO","SAN FRANCISCO",-122.44264984130859,37.714611053466797
9184191,2020,2020-12-14,3801,2020-10-28,1710,1377,INGLE,3,5,7,3801,0,0,0,,0,3H15C,"MISSION ST","REFERENCE POINT",197.00,N,N,A,-,N,,,,,,,,,,Y,3,0,1,2,A,-,09,21804,A,N,D,C,A,-,H,-,A,D,0,,,,,Y,,A,01,0,1,0,0,0,0,0,0,0,"- ","- ",,,"SAN FRANCISCO","SAN FRANCISCO",,
9184200,2020,2020-12-14,3801,2020-10-10,2311,4022,RICHM,6,5,7,3801,0,0,0,,0,3G13E,"SACRAMENTO ST","PRESIDIO AV",139.00,W,N,A,-,N,,,,,,,,,,Y,4,0,1,7,A,-,01,23153,G,N,B,C,A,A,H,-,C,A,0,,,Y,,Y,,C,06,0,0,1,0,0,0,0,0,0,"- ","- ",,,"SAN FRANCISCO","SAN FRANCISCO",-122.44744873046875,37.788120269775391
91844360,2022,2022-08-19,9335,2022-08-09,0848,022823,,2,1,7,3801,0,1,2,,2,013,"US-101 S/B","SILVER AVENUE",1466.00,S,N,A,-,Y,SF,,101,,,1.489,H,,L,Y,4,0,1,2,A,-,03,22350,,N,C,C,A,A,H,-,A,D,0,,,,,Y,,A,01,0,0,1,0,0,0,0,0,0,"- ","- ",37.72882080078125,-122.40339660644531,"SAN FRANCISCO","SAN FRANCISCO",-122.40341186523438,37.728816986083984
91847732,2022,2022-08-24,9335,2022-08-18,1852,022897,,4,2,7,3801,0,1,1,,2,021,"I-280 N/B","SCHOOL ST. OVERCROSSING",60.00,N,N,B,-,Y,SM,,280,,R,26.362,H,,R,Y,3,0,1,2,A,-,07,21658,A,N,B,C,A,A,H,-,A,D,0,,,,,Y,,A,01,0,1,0,0,0,0,0,0,0,"- ","- ",37.693588256835938,-122.47023773193359,"SAN FRANCISCO","SAN FRANCISCO",-122.47028350830078,37.693588256835938
91848376,2022,2022-08-25,9335,2022-08-15,1825,020991,,1,2,7,3801,0,1,1,,2,023,"I-280 N/B","MISSION ST. OVER CROSSING",535.00,S,N,A,-,Y,SF,,280,,R,2.998,H,,R,Y,4,0,4,3,A,-,07,21658,A,N,C,C,A,A,H,-,A,D,0,,,,,Y,,D,22,0,0,4,0,0,0,0,0,0,"- ","- ",37.732181549072266,-122.43022155761719,"SAN FRANCISCO","SAN FRANCISCO",-122.43022155761719,37.732170104980469
91848378,2022,2022-08-25,9335,2022-08-18,0038,021672,,4,3,7,3801,0,1,1,,2,080,"I-80 E/B","4TH STREET",1320.00,W,N,A,-,Y,SF,,80,,,4.789,H,,R,N,3,0,1,2,A,-,01,23152,A,N,C,C,A,A,H,-,C,D,0,,,,,Y,Y,A,01,0,1,0,0,0,0,0,0,0,"- ","- ",37.777919769287109,-122.40158843994141,"SAN FRANCISCO","SAN FRANCISCO",-122.40153503417969,37.777858734130859
9184865,2020,2020-12-15,3801,2020-10-28,2321,1402,OUTHE,3,5,7,3801,0,0,0,,0,3B15E,"BRYANT ST","BOARDMAN PL",0.00,,Y,A,-,N,,,,,,,,,,N,4,0,1,2,A,-,09,21804,A,N,B,C,A,-,H,-,C,A,0,,,,,Y,,A,01,0,0,1,0,0,0,0,0,0,"- ","- ",,,"SAN FRANCISCO","SAN FRANCISCO",-122.40361785888672,37.775169372558594
91850666,2022,2022-08-26,9335,2022-08-12,0305,022703,,5,3,7,3801,0,1,2,,2,014,"US-101 NORTHBOUND.","THE 23RD STREET OVERCROSSING",380.00,N,N,A,-,Y,SF,,101,,,3.434,H,,R,Y,2,0,1,2,A,-,03,22350,,F,B,C,A,A,H,-,D,D,0,,,,,Y,,A,01,1,0,0,0,0,0,0,0,0,"- ","- ",37.755580902099609,-122.40306091308594,"SAN FRANCISCO","SAN FRANCISCO",-122.40303802490234,37.755580902099609
91850865,2022,2022-08-26,9335,2022-08-20,1505,022860,,6,2,7,3801,0,1,2,,2,013,"US-101 S/B","BLANKEN AVE",400.00,N,N,A,-,Y,SF,,101,,,0.254,H,,L,N,3,0,2,2,A,-,03,22350,,N,C,C,A,A,H,-,A,D,0,,,Y,,Y,,C,02,0,2,0,0,0,0,0,0,2,"- ","- ",37.711978912353516,-122.39605712890625,"SAN FRANCISCO","SAN FRANCISCO",-122.39603424072266,37.711986541748047
91852052,2022,2022-08-29,9335,2022-08-23,1750,022897,,2,2,7,3801,0,1,2,,2,013,"US-101 N/B","BAYSHORE BLVD. OVERCROSSING",30.00,N,N,A,-,Y,SF,,101,,,0.581,H,,R,Y,4,0,1,2,A,-,08,22107,,N,B,C,A,A,H,-,A,D,0,,,,,Y,,A,01,0,0,1,0,0,0,0,0,0,"- ","- ",37.716251373291016,-122.39866638183594,"SAN FRANCISCO","SAN FRANCISCO",-122.39862823486328,37.716262817382812
91855565,2022,2022-09-01,9335,2022-08-28,0230,022703,,7,3,7,3801,0,1,2,,2,015,"US-101 SOUTHBOUND","ALAMEDA STREET",310.00,S,N,A,-,Y,SF,,101,,R,4.340,H,,L,Y,3,0,1,1,A,-,01,23152,A,N,E,I,A,A,H,-,C,D,0,,,,,Y,Y,A,01,0,1,0,0,0,0,0,0,0,"- ","- ",37.767578125,-122.40550231933594,"SAN FRANCISCO","SAN FRANCISCO",-122.40554809570312,37.767566680908203
91856795,2022,2022-09-05,9335,2022-08-30,0650,018804,,2,1,7,3801,0,1,1,,1,081,"I-80 W/B","SPEAR STREET",1014.00,E,N,A,-,Y,SF,,80,,,6.047,H,,L,N,3,0,1,2,A,-,03,22350,,N,C,C,A,A,H,-,A,D,0,,,Y,,Y,,C,02,0,1,0,0,0,0,0,0,1,"- ","- ",37.790210723876953,-122.38616943359375,"SAN FRANCISCO","SAN FRANCISCO",-122.38629150390625,37.790294647216797
9185787,2020,2021-02-05,3801,2020-11-22,1145,1892,TENDE,7,5,7,3801,0,0,0,,0,3J11C,"LARKIN ST","GROVE ST",47.00,N,N,A,-,N,,,,,,,,,,N,4,0,1,2,A,-,21,22106,,N,C,C,A,A,H,-,A,D,0,,,,,Y,,A,01,0,0,1,0,0,0,0,0,0,"- ","- ",,,"SAN FRANCISCO","SAN FRANCISCO",-122.41661071777344,37.778789520263672
91861391,2022,2022-09-12,9335,2022-08-31,0555,018053,,3,3,7,3801,0,1,1,,1,083,"I-80 E/B","EAST OF THE MAIN STREET EAST EDGE UNDER CROSSING",36.00,E,N,A,-,Y,SF,,80,,,5.802,H,,R,Y,4,0,2,4,A,-,03,22350,,N,C,C,A,A,H,-,C,D,0,,,,,Y,,A,01,0,0,2,0,0,0,0,0,0,"- ","- ",37.787559509277344,-122.38925170898438,"SAN FRANCISCO","SAN FRANCISCO",-122.38926696777344,37.787570953369141
91864187,2022,2022-09-14,9335,2022-09-03,0300,022241,,6,3,7,3801,0,1,1,,1,083,"I-80 E/B","THE EMBARCADERO UNDERCROSSING",3440.00,E,N,A,-,Y,SF,,80,,,6.565,H,,R,Y,3,0,1,3,A,-,03,22350,,N,C,C,A,A,H,-,C,D,0,,,,,Y,Y,A,01,0,1,0,0,0,0,0,0,0,"- ","- ",37.795978546142578,-122.37995147705078,"SAN FRANCISCO","SAN FRANCISCO",-122.38003540039062,37.796035766601562
91865698,2022,2022-09-15,9350,2022-09-10,0225,022614,,6,3,7,3801,0,1,3,,2,011,"US-101 NB TO TO SR-1 S/B","LINCOLN BLVD. U/C",303.00,N,N,A,-,Y,SF,,101,,R,9.333,H,,R,Y,3,0,2,2,A,-,05,21651,B,N,A,C,A,A,H,-,C,D,0,,,,,Y,,A,01,0,1,1,0,0,0,0,0,0,"- ","- ",37.803531646728516,-122.46974182128906,"SAN FRANCISCO","SAN FRANCISCO",-122.46987152099609,37.803306579589844
91869072,2022,2022-09-20,9335,2022-09-15,1646,022188,,4,2,7,3801,0,1,1,,2,080,"I-80 E/B","4TH STREET UNDERCROSSING",61.00,W,N,A,-,Y,SF,,80,,,4.988,H,,R,N,4,0,1,2,A,-,07,21658,A,N,B,C,A,A,H,-,A,D,0,,,Y,,Y,,A,01,0,0,1,0,0,0,0,0,1,"- ","- ",37.779861450195312,-122.39897155761719,"SAN FRANCISCO","SAN FRANCISCO",-122.39896392822266,37.779853820800781
91870875,2022,2022-09-22,9335,2022-09-16,2317,022703,,5,3,7,3801,0,1,1,,2,080,"I-80 EASTBOUND.","OF THE 7TH STREET UNDERCROSSING.",320.00,W,N,A,-,Y,SF,,80,,,4.417,H,,R,N,4,0,1,2,A,-,03,22350,,N,C,C,A,A,H,-,C,D,0,,,,,Y,,A,01,0,0,1,0,0,0,0,0,0,"- ","- ",37.774188995361328,-122.40627288818359,"SAN FRANCISCO","SAN FRANCISCO",-122.40626525878906,37.774188995361328
91870930,2022,2022-09-22,9330,2022-09-17,1835,022241,,6,2,7,3801,0,1,1,,2,034,"I-280 S/B","SR-92 EB TO I-280 SOUTHBOUND FLYOVER",900.00,N,N,A,-,Y,SM,,280,,,11.084,H,,L,N,4,0,4,2,A,-,01,23152,A,N,C,C,A,A,H,-,A,D,0,,,,,Y,Y,A,01,0,0,4,0,0,0,0,0,0,"- ","- ",37.509231567382812,-122.342529296875,"SAN FRANCISCO","SAN FRANCISCO",-122.34255218505859,37.509204864501953
91871834,2022,2022-09-23,9335,2022-09-17,1744,022920,,6,2,7,3801,0,1,1,,2,080,"I-80 W/B TO 5TH STREET","THE 4TH STREET UNDERCROSSING",265.00,E,N,B,-,Y,SF,,80,,,5.114,H,,L,N,4,0,2,3,A,-,03,22350,,N,C,C,A,A,H,-,A,D,0,,,,,Y,,A,01,0,0,2,0,0,0,0,0,0,"- ","- ",37.780799865722656,-122.39824676513672,"SAN FRANCISCO","SAN FRANCISCO",-122.39842224121094,37.780933380126953
91874853,2022,2022-09-27,9335,2022-09-21,1400,023082,,3,2,7,3801,0,1,2,,2,014,"US-101 NORTHBOUND","CESAR CHAVEZ STREET",620.00,S,N,A,-,Y,SF,,101,,,2.883,H,,R,Y,4,0,1,2,A,-,03,22350,,N,C,C,A,A,H,-,A,D,0,,,,,Y,,D,22,0,0,1,0,0,0,0,0,0,"- ","- ",37.747631072998047,-122.404296875,"SAN FRANCISCO","SAN FRANCISCO",-122.4041748046875,37.747604370117188
91875402,2022,2022-09-28,9335,2022-09-19,1355,023078,,1,1,7,3801,0,1,1,,2,024,"I- 280 NORTHBOUND","BRANNAN ST",305.00,S,N,A,-,Y,SF,,280,,T,7.496,H,,R,Y,4,0,1,2,A,-,03,22350,,N,C,C,A,A,H,-,A,D,0,,,,,Y,,D,22,0,0,1,0,0,0,0,0,0,"- ","- ",37.774421691894531,-122.40025329589844,"SAN FRANCISCO","SAN FRANCISCO",-122.40046691894531,37.774299621582031
91876843,2022,2022-09-29,9335,2022-09-24,1030,023063,,6,1,7,3801,0,1,2,,2,013,"US-101 NORTHBOUND","FAITH ST. PEDESTRIAN OVERCROSSING",760.00,N,N,A,-,Y,SF,,101,,,2.761,H,,R,N,3,0,2,2,A,-,03,22350,,N,C,C,A,A,H,-,A,D,0,,,,,Y,,A,07,0,1,1,0,0,0,0,0,0,"- ","- ",37.745880126953125,-122.40470886230469,"SAN FRANCISCO","SAN FRANCISCO",-122.40473937988281,37.745883941650391
91876866,2022,2022-09-29,9335,2022-09-25,0250,022667,,7,3,7,3801,0,1,1,,2,080,"I-80 E/B","8TH ST U/C",230.00,W,N,A,-,Y,SF,,80,,,4.217,H,,R,Y,3,0,2,1,A,-,08,22107,,N,E,8,A,A,H,-,C,D,0,,,,,Y,Y,A,01,0,1,1,0,0,0,0,0,0,"- ","- ",37.771381378173828,-122.40592956542969,"SAN FRANCISCO","SAN FRANCISCO",-122.40601348876953,37.771343231201172
91876868,2022,2022-09-29,9335,2022-09-25,0643,019631,,7,1,7,3801,0,1,1,,2,080,"I80 E/B TO 5TH STREET","5TH ST",230.00,E,N,A,-,Y,SF,,80,,,4.872,H,,L,N,3,0,1,2,A,-,08,22107,,N,E,I,F,A,H,-,B,D,0,Y,,,,Y,,A,01,0,1,0,0,1,0,0,0,0,"- ","- ",37.778980255126953,-122.40087127685547,"SAN FRANCISCO","SAN FRANCISCO",-122.40085601806641,37.778964996337891
91878712,2022,2022-09-30,9335,2022-09-23,2140,022667,,5,2,7,3801,0,1,2,,2,015,"US-101 S/B TO I-80 E/B","DIVISION ST U/C",150.00,N,N,A,-,Y,SF,,80,,L,4.041,H,,R,Y,4,0,4,2,A,-,03,22350,,N,C,2,A,A,H,-,C,A,0,,,,,Y,,A,07,0,0,4,0,0,0,0,0,0,"- ","- ",37.769229888916016,-122.40563201904297,"SAN FRANCISCO","SAN FRANCISCO",-122.40565490722656,37.769248962402344
9188426,2020,2020-12-04,3801,2020-10-13,1746,2161,TARAV,2,5,7,3801,0,0,0,,0,3I15D,"19TH AV","EUCALYPTUS DR",0.00,,Y,A,-,Y,SF,4,1,-,-,1.640,H,-,S,Y,4,0,1,3,A,-,04,21703,,N,C,C,A,A,H,-,A,A,0,,,,,Y,,A,07,0,0,1,0,0,0,0,0,0,"- ","- ",,,"SAN FRANCISCO","SAN FRANCISCO",-122.47493743896484,37.730815887451172
91884331,2022,2022-10-06,9335,2022-09-23,2215,022802,,5,3,7,3801,0,1,2,,2,014,"US-101 S/B","THE 23RD ST O/C",160.00,N,N,A,-,Y,SF,,101,,,3.398,H,,L,Y,4,0,1,4,A,-,03,22350,,N,C,C,A,A,H,-,C,D,0,,,,,Y,,A,01,0,0,1,0,0,0,0,0,0,"- ","- ",37.755001068115234,-122.40325927734375,"SAN FRANCISCO","SAN FRANCISCO",-122.40319061279297,37.7550048828125
91884956,2022,2022-10-07,9335,2022-09-30,1650,023065,,5,2,7,3801,0,1,2,,2,014,"US-101 SOUTHBOUND","23RD STREET OVERCROSSING",245.00,S,N,A,-,Y,SF,,101,,,3.314,H,,L,N,3,0,3,3,A,-,03,22350,,N,C,C,A,A,H,-,A,D,0,,,,,Y,,A,01,0,1,2,0,0,0,0,0,0,"- ","- ",37.753768920898438,-122.40303039550781,"SAN FRANCISCO","SAN FRANCISCO",-122.403076171875,37.753768920898438
91885378,2022,2022-10-07,9335,2022-08-17,1730,022241,,3,2,7,3801,0,1,2,,2,013,"US-101 N/B","FAITH STREET OVERCROSSING",18.00,S,N,A,-,Y,SF,,101,,,2.611,H,,R,N,3,0,1,2,A,-,03,22350,,F,C,C,A,A,H,-,A,D,0,,,Y,,Y,,C,02,0,1,0,0,0,0,0,0,1,"- ","- ",37.743831634521484,-122.4056396484375,"SAN FRANCISCO","SAN FRANCISCO",-122.40567016601562,37.743843078613281
91886049,2022,2022-10-10,9335,2022-10-01,2255,022703,,6,3,7,3801,0,1,2,,2,015,"US-101 SOUTHBOUND TO I-80 EASTBOUND","DIVISION STREET.",60.00,N,N,A,-,Y,SF,,80,,L,4.070,H,,R,Y,3,0,1,1,A,-,08,22107,,N,E,I,A,A,H,-,C,A,0,,,Y,,Y,,C,02,0,1,0,0,0,0,0,0,1,"- ","- ",37.769508361816406,-122.40543365478516,"SAN FRANCISCO","SAN FRANCISCO",-122.40548706054688,37.769527435302734