CASE_ID,ACCIDENT_YEAR,PROC_DATE,JURIS,COLLISION_DATE,COLLISION_TIME,OFFICER_ID,REPORTING_DISTRICT,DAY_OF_WEEK,CHP_SHIFT,POPULATION,CNTY_CITY_LOC,SPECIAL_COND,BEAT_TYPE,CHP_BEAT_TYPE,CITY_DIVISION_LAPD,CHP_BEAT_CLASS,BEAT_NUMBER,PRIMARY_RD,SECONDARY_RD,DISTANCE,DIRECTION,INTERSECTION,WEATHER_1,WEATHER_2,STATE_HWY_IND,CALTRANS_COUNTY,CALTRANS_DISTRICT,STATE_ROUTE,ROUTE_SUFFIX,POSTMILE_PREFIX,POSTMILE,LOCATION_TYPE,RAMP_INTERSECTION,SIDE_OF_HWY,TOW_AWAY,COLLISION_SEVERITY,NUMBER_KILLED,NUMBER_INJURED,PARTY_COUNT,PRIMARY_COLL_FACTOR,PCF_CODE_OF_VIOL,PCF_VIOL_CATEGORY,PCF_VIOLATION,PCF_VIOL_SUBSECTION,HIT_AND_RUN,TYPE_OF_COLLISION,MVIW,PED_ACTION,ROAD_SURFACE,ROAD_COND_1,ROAD_COND_2,LIGHTING,CONTROL_DEVICE,CHP_ROAD_TYPE,PEDESTRIAN_ACCIDENT,BICYCLE_ACCIDENT,MOTORCYCLE_ACCIDENT,TRUCK_ACCIDENT,NOT_PRIVATE_PROPERTY,ALCOHOL_INVOLVED,STWD_VEHTYPE_AT_FAULT,CHP_VEHTYPE_AT_FAULT,COUNT_SEVERE_INJ,COUNT_VISIBLE_INJ,COUNT_COMPLAINT_PAIN,COUNT_PED_KILLED,COUNT_PED_INJURED,COUNT_BICYCLIST_KILLED,COUNT_BICYCLIST_INJURED,COUNT_MC_KILLED,COUNT_MC_INJURED,PRIMARY_RAMP,SECONDARY_RAMP,LATITUDE,LONGITUDE,COUNTY,CITY,POINT_X,POINT_Y
9349576,2021,2021-12-22,3801,2021-09-22,0013,2398,NORTH,3,5,7,3801,0,0,0,,0,06E,"LOMBARD ST","FRANKLIN ST",0.00,,Y,A,-,N,,,,,,,,,,Y,3,0,2,2,A,-,12,21453,A,N,D,C,A,A,H,-,C,A,0,,,Y,,Y,,-,"- ",0,1,1,0,0,0,0,0,2,"- ","- ",,,"SAN FRANCISCO","SAN FRANCISCO",-122.42620086669922,37.801105499267578
9349579,2021,2021-10-27,3801,2021-09-13,2135,1823,SOUTH,1,5,7,3801,0,0,0,,0,001,"HARRISON ST","FREMONT ST",0.00,,Y,A,-,N,,,,,,,,,,N,3,0,1,2,A,-,10,21950,A,N,D,B,B,A,H,-,C,A,0,Y,,,,Y,,A,01,0,1,0,0,1,0,0,0,0,"- ","- ",,,"SAN FRANCISCO","SAN FRANCISCO",-122.39205932617188,37.786788940429688
9349589,2021,2021-10-26,3801,2021-09-23,1545,4046,INGLE,4,5,7,3801,0,0,0,,0,3H15D,"CRESCENT AV","ARNOLD AV",12.00,W,N,A,-,N,,,,,,,,,,Y,3,0,3,2,A,-,09,21801,A,N,D,C,A,A,H,-,A,D,0,,,,,Y,,A,01,0,3,0,0,0,0,0,0,0,"- ","- ",,,"SAN FRANCISCO","SAN FRANCISCO",-122.41967010498047,37.735042572021484
9349605,2021,2021-10-26,3801,2021-09-10,0805,2730,SOUTH,5,5,7,3801,0,0,0,,0,3B14A,"OTIS ST","13TH ST",0.00,,Y,B,-,N,,,,,,,,,,Y,4,0,1,2,A,-,21,22106,,N,D,C,A,A,H,-,A,A,0,,,,,Y,,A,01,0,0,1,0,0,0,0,0,0,"- ","- ",,,"SAN FRANCISCO","SAN FRANCISCO",-122.4200439453125,37.770118713378906
9349608,2021,2021-12-23,3801,2021-09-09,2043,427,BAYVI,4,5,7,3801,0,0,0,,0,3C13D,"NEWCOMB AV","LA SALLE AV",0.00,,Y,A,-,N,,,,,,,,,,Y,4,0,3,2,A,-,03,22350,,N,F,C,A,A,H,-,C,D,0,,,,,Y,,-,"- ",0,0,3,0,0,0,0,0,0,"- ","- ",,,"SAN FRANCISCO","SAN FRANCISCO",-122.38511657714844,37.733074188232422
9349614,2021,2021-10-26,3801,2021-09-01,1508,1524,INGLE,3,5,7,3801,0,0,0,,0,3H15C,"BOSWORTH ST","LIPPARD AV",0.00,,Y,A,-,N,,,,,,,,,,N,3,0,1,2,A,-,12,22450,A,N,D,G,A,A,H,-,A,A,0,,Y,,,Y,,L,04,0,1,0,0,0,0,1,0,0,"- ","- ",,,"SAN FRANCISCO","SAN FRANCISCO",-122.43581390380859,37.73388671875
9349617,2021,2021-12-23,3801,2021-09-01,2252,2427,SOUTH,3,5,7,3801,0,0,0,,0,3B62,"THE EMBARCADERO","BRYANT ST",468.00,S,N,A,G,N,,,,,,,,,,N,3,0,2,2,A,-,06,21750,A,N,B,C,A,A,H,-,C,A,0,,,Y,,Y,,-,"- ",0,1,1,0,0,0,0,0,2,"- ","- ",,,"SAN FRANCISCO","SAN FRANCISCO",-122.38811492919922,37.785808563232422
9349620,2021,2021-10-25,3801,2021-09-01,1705,2044,SOUTH,3,5,7,3801,0,0,0,,0,3B11D,"MISSION ST","3RD ST",0.00,,Y,A,G,N,,,,,,,,,,Y,4,0,1,2,A,-,08,22101,D,N,D,C,A,A,H,-,A,A,0,,,Y,,Y,,C,06,0,0,1,0,0,0,0,0,1,"- ","- ",,,"SAN FRANCISCO","SAN FRANCISCO",-122.40200042724609,37.786266326904297
9349769,2021,2021-10-23,3801,2021-09-25,1402,1837,,6,5,7,3801,0,0,0,,0,901,"PAUL AV","BAYSHORE BL",0.00,,Y,A,-,N,,,,,,,,,,Y,4,0,2,2,A,-,12,21453,A,F,D,C,A,A,H,-,A,A,0,,,,,Y,,A,01,0,0,2,0,0,0,0,0,0,"- ","- ",,,"SAN FRANCISCO","SAN FRANCISCO",-122.40079498291016,37.723606109619141
9350358,2021,2021-10-25,3801,2021-09-19,1630,952,CENTR,7,5,7,3801,0,0,0,,0,901,"THE EMBARCADERO","WASHINGTON ST",270.00,,N,A,-,N,,,,,,,,,,N,4,0,1,2,A,-,03,22350,,N,C,C,A,A,H,-,A,D,0,,,,,Y,,A,01,0,0,1,0,0,0,0,0,0,"- ","- ",,,"SAN FRANCISCO","SAN FRANCISCO",-122.39556121826172,37.796642303466797
9350737,2021,2021-10-30,3801,2021-09-04,1822,2725,RICHM,6,5,7,3801,0,0,0,,0,,"CALIFORNIA ST","PRESIDIO AV",0.00,,Y,A,-,N,,,,,,,,,,Y,4,0,1,2,A,-,12,21453,A,N,D,C,A,A,H,-,A,A,0,,,,,Y,,A,01,0,0,1,0,0,0,0,0,0,"- ","- ",,,"SAN FRANCISCO","SAN FRANCISCO",-122.44678497314453,37.787254333496094
9361156,2021,2021-12-08,3801,2021-10-22,0857,2485,CENTR,5,5,7,3801,0,0,0,,0,"5 CAR","PINE ST","SANSOME ST",153.00,W,N,B,-,N,,,,,,,,,,N,4,0,1,2,A,-,08,22107,,N,B,E,A,B,H,-,A,D,0,,,,,Y,,D,22,0,0,1,0,0,0,0,0,0,"- ","- ",,,"SAN FRANCISCO","SAN FRANCISCO",-122.40144348144531,37.792037963867188
9361165,2021,2021-12-03,3801,2021-10-13,1545,2102,BAYVI,3,5,7,3801,0,0,0,,0,3C12D,"BAYSHORE BL","BAYSHORE BL 491",0.00,,-,A,-,N,,,,,,,,,,N,4,0,1,2,A,-,08,22107,,N,C,G,A,A,H,-,A,D,0,,Y,,,Y,,D,22,0,0,1,0,0,0,1,0,0,"- ","- ",,,"SAN FRANCISCO","SAN FRANCISCO",-122.40431213378906,37.745937347412109
9362547,2021,2021-11-30,3801,2021-10-24,2357,2140,MISSI,7,5,7,3801,0,0,0,,0,3D11E,"VALENCIA ST","DUBOCE AV",0.00,S,N,C,-,N,,,,,,,,,,N,4,0,1,2,A,-,10,21950,A,N,G,B,B,B,H,-,C,A,0,Y,,,,Y,,A,01,0,0,1,0,1,0,0,0,0,"- ","- ",,,"SAN FRANCISCO","SAN FRANCISCO",-122.42236328125,37.769866943359375
9362552,2021,2021-11-30,3801,2021-10-12,1620,397,BATVI,2,5,7,3801,0,0,0,,0,3C2,"OAKDALE AV","PHELPS ST",0.00,,Y,A,-,N,,,,,,,,,,N,4,0,1,2,A,-,12,22450,A,F,D,G,A,-,H,-,-,D,0,,Y,,,Y,,A,01,0,0,1,0,0,0,1,0,0,"- ","- ",,,"SAN FRANCISCO","SAN FRANCISCO",-122.39408874511719,37.736721038818359
9362697,2021,2021-12-03,3801,2021-10-09,2050,2730,SOUTH,6,5,7,3801,0,0,0,,0,3B14D,"FOLSOM ST","MABINI ST",0.00,,Y,A,-,N,,,,,,,,,,N,4,0,1,2,A,-,17,21209,A,N,D,C,A,A,H,-,C,A,0,,,Y,,Y,,C,03,0,0,1,0,0,0,0,0,1,"- ","- ",,,"SAN FRANCISCO","SAN FRANCISCO",-122.40039825439453,37.782638549804688
9362713,2021,2021-12-03,3801,2021-10-05,1420,2449,MISSI,2,5,7,3801,0,0,0,,0,3D13C,"DUBOCE AV","VALENCIA ST",0.00,,Y,A,-,N,,,,,,,,,,N,4,0,1,3,A,-,07,21658,A,N,B,C,A,-,H,-,A,A,0,,,,Y,Y,,A,01,0,0,1,0,0,0,0,0,0,"- ","- ",,,"SAN FRANCISCO","SAN FRANCISCO",-122.42236328125,37.769866943359375
9362806,2021,2021-11-30,3801,2021-10-01,0750,4279,INGLE,5,5,7,3801,0,0,0,,0,1CAR,"MISSION ST","30TH ST",6.00,N,N,A,-,N,,,,,,,,,,N,2,0,1,2,A,-,10,21950,A,N,G,B,B,A,H,-,A,A,0,Y,,,,Y,,A,01,1,0,0,0,1,0,0,0,0,"- ","- ",,,"SAN FRANCISCO","SAN FRANCISCO",-122.42195129394531,37.742404937744141
9362816,2021,2021-11-30,3801,2021-10-18,2040,4187,NORTH,1,5,7,3801,0,0,0,,0,3E15D,"VAN NESS AV","EDDY ST",0.00,,Y,A,-,N,,,,,,,,,,N,2,0,1,2,A,-,17,21235,G,F,A,B,B,A,H,-,C,A,0,Y,,,,Y,,M,94,1,0,0,0,1,0,0,0,0,"- ","- ",,,"SAN FRANCISCO","SAN FRANCISCO",-122.42076110839844,37.782890319824219
9362820,2021,2021-11-30,3801,2021-10-20,0807,1944,INGLE,3,5,7,3801,0,0,0,,0,004,"ALEMANY BL","TINGLEY ST",0.00,,Y,B,-,N,,,,,,,,,,N,3,0,1,3,A,-,12,22450,,N,D,C,A,A,H,-,B,A,0,,,,,Y,,A,01,0,1,0,0,0,0,0,0,0,"- ","- ",,,"SAN FRANCISCO","SAN FRANCISCO",-122.43402099609375,37.729358673095703
9362829,2021,2021-12-01,3801,2021-10-10,1548,143,CENTR,7,5,7,3801,0,0,0,,0,03A,"MONTGOMERY ST","CHESTNUT ST",14.00,N,N,A,-,N,,,,,,,,,,N,3,0,2,2,A,-,03,22350,,F,A,C,A,A,H,-,A,A,0,,,Y,,Y,,-,"- ",0,1,1,0,0,0,0,0,2,"- ","- ",,,"SAN FRANCISCO","SAN FRANCISCO",-122.40516662597656,37.804817199707031
9362834,2021,2021-12-01,3801,2021-10-02,2122,2706,TARAV,6,5,7,3801,0,0,0,,0,3I16E,"OCEAN AV","JULES AV",0.00,,Y,A,-,N,,,,,,,,,,N,4,0,3,2,A,-,08,22100,B,N,B,C,A,A,H,-,C,A,0,,,,,Y,,A,01,0,0,3,0,0,0,0,0,0,"- ","- ",,,"SAN FRANCISCO","SAN FRANCISCO",-122.46123504638672,37.724948883056641
9362837,2021,2021-12-17,3801,2021-10-02,2019,556,SOUTH,6,5,7,3801,0,0,0,,0,003,"6TH ST","HARRISON ST",0.00,,Y,A,-,N,,,,,,,,,,Y,3,0,1,3,A,-,09,21801,A,N,A,C,A,A,H,-,C,A,0,,,Y,,Y,,A,01,0,1,0,0,0,0,0,0,1,"- ","- ",,,"SAN FRANCISCO","SAN FRANCISCO",-122.40408325195312,37.777309417724609
9362838,2021,2021-12-17,3801,2021-10-02,1800,1307,MISSI,6,5,7,3801,0,0,0,,0,3D15D,"16TH ST","VALENCIA ST",120.00,W,N,A,-,N,,,,,,,,,,N,4,0,2,2,A,-,03,22350,,F,C,C,A,A,H,-,C,A,0,,,,,Y,,A,07,0,0,2,0,0,0,0,0,0,"- ","- ",,,"SAN FRANCISCO","SAN FRANCISCO",-122.42230224609375,37.764884948730469
9362840,2021,2021-12-01,3801,2021-10-02,1350,986,TARAV,6,5,7,3801,0,0,0,,0,3I15B,"43RD AV","ULLOA ST",0.00,,Y,A,-,N,,,,,,,,,,N,3,0,2,2,A,-,09,21802,A,N,D,C,A,A,H,-,A,A,0,,,,,Y,,A,07,0,1,1,0,0,0,0,0,0,"- ","- ",,,"SAN FRANCISCO","SAN FRANCISCO",-122.50128173828125,37.740058898925781
9362848,2021,2021-12-01,3801,2021-10-09,1338,2312,BAYVI,6,5,7,3801,0,0,0,,0,903,"UNNAMED ST","AMADOR ST",0.00,,Y,A,-,N,,,,,,,,,,Y,2,0,1,1,C,-,18,,,N,E,J,A,A,H,-,A,D,0,,,,,Y,,-,"- ",1,0,0,0,0,0,0,0,0,"- ","- ",,,"SAN FRANCISCO","SAN FRANCISCO",,
9362849,2021,2021-12-01,3801,2021-10-01,1630,383,TARAV,5,5,7,3801,0,0,0,,0,3I15D,"SLOAT BL","CLEARFIELD DR",320.00,E,N,A,-,N,,,,,,,,,,Y,3,0,2,2,A,-,12,21453,A,N,D,C,A,A,H,-,A,A,0,,,,,Y,,A,01,0,2,0,0,0,0,0,0,0,"- ","- ",,,"SAN FRANCISCO","SAN FRANCISCO",-122.49045562744141,37.733970642089844
9362855,2021,2021-12-01,3801,2021-10-07,2341,1024,TENDE,4,5,7,3801,0,0,0,,0,2J13E,"ELM ST",POLK,0.00,,Y,A,-,N,,,,,,,,,,N,4,0,1,2,A,-,07,21658,,N,C,G,A,A,H,-,C,A,0,,Y,,,Y,,A,01,0,0,1,0,0,0,1,0,0,"- ","- ",,,"SAN FRANCISCO","SAN FRANCISCO",-122.41890716552734,37.781703948974609
9362856,2021,2021-12-01,3801,2021-10-07,1700,2705,BAYVI,4,5,7,3801,0,0,0,,0,3C11D,"19TH ST","ILLINOIS ST",0.00,,Y,A,-,N,,,,,,,,,,N,4,0,1,2,A,-,09,21801,A,N,D,C,A,A,H,-,A,A,0,,,,,Y,,A,01,0,0,1,0,0,0,0,0,0,"- ","- ",,,"SAN FRANCISCO","SAN FRANCISCO",-122.38770294189453,37.761829376220703
9362864,2021,2021-12-09,3801,2021-10-06,1701,1286,SOUTH,3,5,7,3801,0,0,0,,0,3B4,"MARKET ST","VAN NESS AV",0.00,,Y,A,-,N,,,,,,,,,,N,2,0,1,1,A,-,03,22350,,N,E,I,A,A,H,-,A,A,0,,,,,Y,,M,94,1,0,0,0,0,0,0,0,0,"- ","- ",,,"SAN FRANCISCO","SAN FRANCISCO",-122.41925811767578,37.775169372558594
9362868,2021,2021-12-15,3801,2021-10-10,0944,1396,SOUTH,7,5,7,3801,0,0,0,,0,3B14A,"OTIS ST","SOUTH VAN NESS AV",0.00,,Y,A,-,N,,,,,,,,,,Y,4,0,1,2,A,-,08,22100,A,N,D,C,A,A,H,-,A,A,0,,,Y,,Y,,A,01,0,0,1,0,0,0,0,0,1,"- ","- ",,,"SAN FRANCISCO","SAN FRANCISCO",-122.41863250732422,37.773109436035156
9362875,2021,2021-12-09,3801,2021-10-09,0123,1402,SOUTH,6,5,7,3801,0,0,0,,0,3B13E,"MISSION ST","8TH ST",0.00,,Y,A,-,N,,,,,,,,,,N,2,0,1,2,A,-,12,21453,,N,D,G,A,A,H,-,C,A,0,,Y,,,Y,,L,04,1,0,0,0,0,0,1,0,0,"- ","- ",,,"SAN FRANCISCO","SAN FRANCISCO",-122.41315460205078,37.7774658203125
9363622,2021,2021-12-01,3801,2021-10-17,1530,2725,RICHM,7,5,7,3801,0,0,0,,0,,"CLEMENT ST","7TH AV",0.00,,Y,A,-,N,,,,,,,,,,N,4,0,1,2,A,-,10,21950,A,F,D,B,B,A,H,-,A,A,0,Y,,,,Y,,A,01,0,0,1,0,1,0,0,0,0,"- ","- ",,,"SAN FRANCISCO","SAN FRANCISCO",-122.46546936035156,37.782890319824219
9363702,2021,2021-12-07,3801,2021-10-17,1236,328,CENTR,7,5,7,3801,0,0,0,,0,3A44C,"CLAY ST","KEARNEY ST",44.00,E,N,A,-,N,,,,,,,,,,N,3,0,1,2,A,-,05,21650,,N,A,J,A,A,H,-,A,A,0,,,,,Y,,M,94,0,1,0,0,0,0,0,0,0,"- ","- ",,,"SAN FRANCISCO","SAN FRANCISCO",-122.40463256835938,37.794471740722656
9363943,2021,2021-11-30,3801,2021-09-29,1930,4314,RICHM,3,5,7,3801,0,0,0,,0,0I1,"9TH AV","KIRKHAM ST",5.00,N,N,-,-,N,,,,,,,,,,N,2,0,1,2,A,-,10,21950,A,N,-,-,-,-,-,-,-,-,0,Y,,,,Y,,A,01,1,0,0,0,1,0,0,0,0,"- ","- ",,,"SAN FRANCISCO","SAN FRANCISCO",-122.46607208251953,37.76031494140625
9365417,2021,2021-12-01,3801,2021-10-04,1800,952,CENTR,1,5,7,3801,0,0,0,,0,901,"THE EMBARCADERO","DON CHEE WY",416.00,N,N,A,-,N,,,,,,,,,,N,3,0,1,2,A,-,17,22517,,N,G,G,A,A,H,-,A,D,0,,Y,,,Y,,A,01,0,1,0,0,0,0,1,0,0,"- ","- ",,,"SAN FRANCISCO","SAN FRANCISCO",-122.39431762695312,37.795001983642578
9365514,2021,2021-12-28,3801,2021-10-05,0859,156,BAYVI,2,5,7,3801,0,0,0,,0,3C60,"CONNECTICUT ST","CESAR CHAVEZ ST",0.00,,Y,A,-,N,,,,,,,,,,Y,4,0,3,3,A,-,09,21801,A,N,D,A,A,A,H,-,A,D,0,,,,Y,Y,,F,26,0,0,3,0,0,0,0,0,0,"- ","- ",,,"SAN FRANCISCO","SAN FRANCISCO",-122.39627075195312,37.749752044677734
9365783,2021,2021-12-13,3801,2021-10-29,2015,2102,BAYVI,5,5,7,3801,0,0,0,,0,3C13D,"KIRKWOOD AV","KIRKWOOD AV 1566",0.00,,Y,A,-,N,,,,,,,,,,N,4,0,2,2,D,-,00,,,F,D,C,A,A,H,-,C,D,0,,,,,Y,,-,"- ",0,0,2,0,0,0,0,0,0,"- ","- ",,,"SAN FRANCISCO","SAN FRANCISCO",,
9365786,2021,2021-12-13,3801,2021-10-31,1426,796,NORTH,7,5,7,3801,0,0,0,,0,,"FRANKLIN ST","GOLDEN GATE AV",0.00,,Y,A,-,N,,,,,,,,,,N,4,0,1,2,A,-,10,21950,A,N,G,B,B,A,H,-,A,A,0,Y,,,,Y,,A,01,0,0,1,0,1,0,0,0,0,"- ","- ",,,"SAN FRANCISCO","SAN FRANCISCO",-122.42209625244141,37.78082275390625
9365789,2021,2021-12-13,3801,2021-10-30,1438,1832,TENDE,6,5,7,3801,0,0,0,,0,,"JESSIE ST","6TH ST",0.00,,Y,A,-,N,,,,,,,,,,N,3,0,2,3,A,-,03,22350,,F,G,B,F,B,-,-,A,A,0,Y,,,,Y,Y,A,01,0,1,1,0,2,0,0,0,0,"- ","- ",,,"SAN FRANCISCO","SAN FRANCISCO",-122.40921020507812,37.781398773193359
9365794,2021,2021-12-23,3801,2021-10-29,1545,719,CENTR,5,5,7,3801,0,0,0,,0,3A15C,"1ST ST","MARKET ST",0.00,,Y,A,-,N,,,,,,,,,,N,4,0,1,2,A,-,12,21453,A,N,D,C,A,A,H,-,A,A,0,,,Y,,Y,,C,02,0,0,1,0,0,0,0,0,1,"- ","- ",,,"SAN FRANCISCO","SAN FRANCISCO",-122.39913940429688,37.791053771972656
9365801,2021,2021-12-06,3801,2021-10-08,1147,244,NORTH,5,5,7,3801,0,0,0,,0,3E5A,"FRANKLIN ST","BUSH ST",0.00,,N,A,-,N,,,,,,,,,,N,4,0,1,2,A,-,10,21950,A,N,G,B,B,A,H,-,A,A,0,Y,,,,Y,,A,01,0,0,1,0,1,0,0,0,0,"- ","- ",,,"SAN FRANCISCO","SAN FRANCISCO",-122.42357635498047,37.788280487060547
9365911,2021,2021-12-29,3801,2021-10-08,0812,1938,NORTH,5,5,7,3801,0,0,0,,0,3E13A,"TURK ST","VAN NESS AV",0.00,,Y,A,-,N,,,,,,,,,,Y,4,0,1,2,A,-,10,21950,A,N,G,B,B,A,H,-,A,A,0,Y,,,,Y,,A,01,0,0,1,0,1,0,0,0,0,"- ","- ",,,"SAN FRANCISCO","SAN FRANCISCO",-122.42057800292969,37.781936645507812
9365920,2021,2021-12-06,3801,2021-10-29,1054,2183,TENDE,5,5,7,3801,0,0,0,,0,3J66,"5TH ST","STEVENSON ST",0.00,,Y,A,-,N,,,,,,,,,,Y,4,0,2,3,A,-,09,21801,A,N,D,C,A,A,H,-,A,D,0,,,,,Y,,A,01,0,0,2,0,0,0,0,0,0,"- ","- ",,,"SAN FRANCISCO","SAN FRANCISCO",-122.40746307373047,37.783512115478516
9366723,2021,2021-12-24,3801,2021-11-28,0153,1414,MISSI,7,5,7,3801,0,0,0,,0,3D11E,"SOUTH VAN NESS AV","14TH ST",0.00,,Y,A,-,N,,,,,,,,,,N,4,0,1,2,A,-,12,21453,A,F,G,B,B,A,H,-,C,A,0,Y,,,,Y,Y,-,,0,0,1,0,1,0,0,0,0,"- ","- ",,,"SAN FRANCISCO","SAN FRANCISCO",-122.41780090332031,37.768417358398438
9366726,2021,2021-12-24,3801,2021-11-24,0221,1571,MISSI,3,5,7,3801,0,0,0,,0,3D11D,"GUERRERO ST","25TH ST",65.00,S,N,A,-,N,,,,,,,,,,Y,4,0,3,2,A,-,03,22350,,F,C,E,A,A,-,-,C,A,0,,,,,Y,,A,01,0,0,3,0,0,0,0,0,0,"- ","- ",,,"SAN FRANCISCO","SAN FRANCISCO",-122.42270660400391,37.750213623046875
9366734,2021,2021-12-24,3801,2021-11-19,2010,1364,NORTH,5,5,7,3801,0,0,0,,0,3E11A,"PAGE ST","WEBSTER ST",0.00,,Y,A,-,N,,,,,,,,,,N,2,0,1,2,A,-,12,22450,A,N,G,B,B,A,H,-,C,D,0,Y,,,,Y,,A,01,1,0,0,0,1,0,0,0,0,"- ","- ",,,"SAN FRANCISCO","SAN FRANCISCO",-122.42897033691406,37.773250579833984
9366735,2021,2021-12-24,3801,2021-11-22,1903,2008,MISSI,1,5,7,3801,0,0,0,,0,3D15D,"SOUTH VAN NESS AV","20TH ST",166.00,N,N,A,-,N,,,,,,,,,,Y,3,0,2,2,A,-,05,21460,A,N,A,C,A,A,H,-,C,D,0,,,,,Y,,A,01,0,1,1,0,0,0,0,0,0,"- ","- ",,,"SAN FRANCISCO","SAN FRANCISCO",-122.41694641113281,37.75921630859375
9366737,2021,2021-12-24,3801,2021-11-22,1345,1501,INGLE,1,5,7,3801,0,0,0,,0,3H11A,"MISSION ST","GODEUS ST",0.00,,Y,A,-,N,,,,,,,,,,N,4,0,2,2,A,-,08,22107,,N,-,C,A,A,H,-,A,D,0,,,,,Y,,A,01,0,0,2,0,0,0,0,0,0,"- ","- ",,,"SAN FRANCISCO","SAN FRANCISCO",-122.42170715332031,37.742832183837891
9367132,2021,2021-12-03,3801,2021-10-20,1855,4314,RICHM,3,5,7,3801,0,0,0,,0,0G3,"MARTIN LUTHER KING JR DR","CROSSOVER DR",63.00,W,N,B,C,Y,SF,4,1,-,-,4.090,I,6,S,N,3,0,1,2,A,-,11,21954,A,N,G,B,D,B,H,-,C,A,0,Y,,,,Y,Y,N,60,0,1,0,0,1,0,0,0,0,"- ","- ",,,"SAN FRANCISCO","SAN FRANCISCO",-122.47744750976562,37.7659912109375
9369311,2021,2022-06-25,3801,2021-11-14,1314,2750,PARK,7,5,7,3801,0,0,0,,0,0F2,"TWIN PEAKS BL","PANORAMA DR",0.00,,Y,A,-,N,,,,,,,,,,N,3,0,1,2,A,-,03,22350,,N,D,G,A,A,H,-,A,D,0,,Y,,,Y,Y,L,04,0,1,0,0,0,0,1,0,0,"- ","- ",,,"SAN FRANCISCO","SAN FRANCISCO",-122.44951629638672,37.746631622314453
9371308,2021,2022-03-22,3801,2021-11-09,0840,4331,SOUTH,2,5,7,3801,0,0,0,,0,3B1A,"EMBARCADERO SOUTH","BRYANT ST",0.00,,Y,B,F,N,,,,,,,,,,N,4,0,1,2,A,-,03,22350,,N,D,G,A,B,H,-,A,-,0,,Y,,,Y,,L,04,0,0,1,0,0,0,1,0,0,"- ","- ",,,"SAN FRANCISCO","SAN FRANCISCO",-122.38801574707031,37.787094116210938
9372322,2021,2021-12-13,3801,2021-10-13,1621,2431,RICHM,3,5,7,3801,0,0,0,,0,3G15D,"GEARY BL","10TH AV",0.00,,Y,A,-,N,,,,,,,,,,Y,4,0,2,2,A,-,03,22350,,N,C,C,A,A,H,-,A,A,0,,,,,Y,,A,01,0,0,2,0,0,0,0,0,0,"- ","- ",,,"SAN FRANCISCO","SAN FRANCISCO",-122.46858215332031,37.780891418457031
9372323,2021,2021-12-13,3801,2021-10-13,1615,504,NORTH,3,5,7,3801,0,0,0,,0,,"GOUGH ST","FELL ST",0.00,,Y,A,-,N,,,,,,,,,,N,4,0,1,2,A,-,10,21950,,F,G,B,B,A,H,-,A,A,0,Y,,,,Y,,-,,0,0,1,0,1,0,0,0,0,"- ","- ",,,"SAN FRANCISCO","SAN FRANCISCO",-122.42277526855469,37.775943756103516
9372334,2021,2021-12-14,3801,2021-10-14,1327,1118,SOUTH,4,5,7,3801,0,0,0,,0,3B14A,"MISSION ST","11TH ST",98.00,E,N,A,-,N,,,,,,,,,,Y,4,0,2,2,A,-,04,21703,,N,C,C,A,A,H,-,A,D,0,,,,,Y,,A,01,0,0,2,0,0,0,0,0,0,"- ","- ",,,"SAN FRANCISCO","SAN FRANCISCO",-122.41686248779297,37.774520874023438
9372345,2021,2021-12-03,3801,2021-10-30,1300,1119,SOUTH,6,5,7,3801,0,0,0,,0,3B4,"GOUGH ST","MCCOPPIN ST",0.00,,Y,A,-,N,,,,,,,,,,N,4,0,1,2,A,-,17,21235,G,N,D,J,A,A,H,-,A,A,0,,,,,Y,,M,94,0,0,1,0,0,0,0,0,0,"- ","- ",,,"SAN FRANCISCO","SAN FRANCISCO",-122.42033386230469,37.771774291992188
9372346,2021,2021-12-03,3801,2021-10-30,1310,1339,NORTH,6,5,7,3801,0,0,0,,0,3E11A,"POLK ST","EDDY ST",0.00,,Y,A,-,N,,,,,,,,,,Y,4,0,2,2,A,-,09,21801,A,N,A,C,A,A,H,-,A,A,0,,,Y,,Y,,A,01,0,0,2,0,0,0,0,0,1,"- ","- ",,,"SAN FRANCISCO","SAN FRANCISCO",-122.41918182373047,37.7830810546875
9372361,2021,2021-12-03,3801,2021-10-22,1115,677,SOUTH,5,5,7,3801,0,0,0,,0,3B13,"MARKET ST","GOUGH ST",0.00,,Y,A,-,N,,,,,,,,,,Y,4,0,1,2,A,-,12,21453,A,N,D,C,A,A,H,-,A,A,0,,,,,Y,,A,01,0,0,1,0,0,0,0,0,0,"- ","- ",,,"SAN FRANCISCO","SAN FRANCISCO",-122.42221069335938,37.772872924804688
9372368,2021,2021-12-07,3801,2021-11-09,1756,2704,SOUTH,2,5,7,3801,0,0,0,,0,0B5,"17TH ST","MISSISSIPPI ST",0.00,,Y,A,-,N,,,,,,,,,,N,4,0,1,2,A,-,12,22450,A,N,D,G,A,A,H,-,A,A,0,,Y,,,Y,Y,L,04,0,0,1,0,0,0,1,0,0,"- ","- ",,,"SAN FRANCISCO","SAN FRANCISCO",-122.39485168457031,37.765243530273438
9372395,2021,2021-12-09,3801,2021-10-21,0600,4279,INGLE,4,5,7,3801,0,0,0,,0,,"ALEMANY BL","CONGDON ST",0.00,,Y,C,-,N,,,,,,,,,,N,4,0,1,2,A,-,12,21453,A,F,D,C,A,B,H,-,C,A,0,,,,,Y,,A,01,0,0,1,0,0,0,0,0,0,"- ","- ",,,"SAN FRANCISCO","SAN FRANCISCO",-122.42619323730469,37.731166839599609