CASE_ID,ACCIDENT_YEAR,PROC_DATE,JURIS,COLLISION_DATE,COLLISION_TIME,OFFICER_ID,REPORTING_DISTRICT,DAY_OF_WEEK,CHP_SHIFT,POPULATION,CNTY_CITY_LOC,SPECIAL_COND,BEAT_TYPE,CHP_BEAT_TYPE,CITY_DIVISION_LAPD,CHP_BEAT_CLASS,BEAT_NUMBER,PRIMARY_RD,SECONDARY_RD,DISTANCE,DIRECTION,INTERSECTION,WEATHER_1,WEATHER_2,STATE_HWY_IND,CALTRANS_COUNTY,CALTRANS_DISTRICT,STATE_ROUTE,ROUTE_SUFFIX,POSTMILE_PREFIX,POSTMILE,LOCATION_TYPE,RAMP_INTERSECTION,SIDE_OF_HWY,TOW_AWAY,COLLISION_SEVERITY,NUMBER_KILLED,NUMBER_INJURED,PARTY_COUNT,PRIMARY_COLL_FACTOR,PCF_CODE_OF_VIOL,PCF_VIOL_CATEGORY,PCF_VIOLATION,PCF_VIOL_SUBSECTION,HIT_AND_RUN,TYPE_OF_COLLISION,MVIW,PED_ACTION,ROAD_SURFACE,ROAD_COND_1,ROAD_COND_2,LIGHTING,CONTROL_DEVICE,CHP_ROAD_TYPE,PEDESTRIAN_ACCIDENT,BICYCLE_ACCIDENT,MOTORCYCLE_ACCIDENT,TRUCK_ACCIDENT,NOT_PRIVATE_PROPERTY,ALCOHOL_INVOLVED,STWD_VEHTYPE_AT_FAULT,CHP_VEHTYPE_AT_FAULT,COUNT_SEVERE_INJ,COUNT_VISIBLE_INJ,COUNT_COMPLAINT_PAIN,COUNT_PED_KILLED,COUNT_PED_INJURED,COUNT_BICYCLIST_KILLED,COUNT_BICYCLIST_INJURED,COUNT_MC_KILLED,COUNT_MC_INJURED,PRIMARY_RAMP,SECONDARY_RAMP,LATITUDE,LONGITUDE,COUNTY,CITY,POINT_X,POINT_Y
9446876,2022,2022-06-16,3801,2022-05-14,1217,4117,TARAV,6,5,7,3801,0,0,0,,0,3I13A,"LAKEMERCED BL","MIDDLEFIELD DR",0.00,,Y,A,-,N,,,,,,,,,,Y,4,0,2,3,A,-,04,21703,,N,-,C,A,A,H,-,A,D,0,,,,,Y,,A,01,0,0,2,0,0,0,0,0,0,"- ","- ",,,"SAN FRANCISCO","SAN FRANCISCO",-122.48658752441406,37.729591369628906
9446896,2022,2022-05-19,3801,2022-04-15,0545,2728,TENDE,5,5,7,3801,0,0,0,,0,908,"TAYLOR RD","EDDY ST",0.00,,Y,A,-,N,,,,,,,,,,Y,4,0,1,2,A,-,12,21457,A,N,D,C,A,A,H,-,C,A,0,,,,,Y,,A,01,0,0,1,0,0,0,0,0,0,"- ","- ",,,"SAN FRANCISCO","SAN FRANCISCO",-122.41094970703125,37.784160614013672
9446900,2022,2022-05-19,3801,2022-04-08,1014,001460,SOUTH,5,5,7,3801,0,0,0,,0,3B5A,"2ND ST","CLEMENTINA ST",0.00,,Y,A,-,N,,,,,,,,,,N,3,0,1,2,A,-,07,21658,A,N,D,G,A,A,H,-,A,D,0,,Y,,,Y,,A,01,0,1,0,0,0,0,1,0,0,"- ","- ",,,"SAN FRANCISCO","SAN FRANCISCO",-122.39724731445312,37.785995483398438
94471865,2024,2024-11-15,9335,2024-11-11,"800 ",018371,,1,1,7,3801,0,1,1,,1,083,"INTERSTATE 80","1ST ST",100.00,E,N,B,-,Y,SF,,80," "," ",5.596,H,,R,N,4,0,1,2,A,-,08,22107,,F,B,C,A,A,H,-,A,D,0,,,Y,,Y,,-,99,0,0,1,0,0,0,0,0,1,"- ","- ",37.785469055175781,-122.39193725585938,"SAN FRANCISCO","SAN FRANCISCO",-122.39185333251953,37.785369873046875
94472133,2024,2024-11-18,9335,2024-11-12,"32  ",023979,,2,3,7,3801,0,1,1,,2,080,"I-80 W/B","6TH ST UNDERCROSSING",90.00,W,N,A,-,Y,SF,,80," "," ",4.646,H,,L,N,4,0,1,2,A,-,03,22350,,F,C,C,A,A,H,-,C,D,0,,,,,Y,,-,99,0,0,1,0,0,0,0,0,0,"- ","- ",37.776809692382812,-122.40402221679688,"SAN FRANCISCO","SAN FRANCISCO",-122.40399932861328,37.776786804199219
94472168,2024,2024-11-18,9335,2024-11-16,"0   ",023979,,6,3,7,3801,0,1,1,,2,080,"I-80 EB","7TH ST",915.00,W,N,A,-,Y,SF,,80," "," ",4.302,H,,R,N,4,0,1,2,A,-,03,22350,,M,C,C,A,A,H,-,C,D,0,,,,,Y,,-,99,0,0,1,0,0,0,0,0,0,"- ","- ",37.772468566894531,-122.40648651123047,"SAN FRANCISCO","SAN FRANCISCO",-122.40653228759766,37.772464752197266
94473037,2024,2024-11-18,9335,2024-11-15,"849 ",023474,,5,1,7,3801,0,1,1,,2,080,"I-80 W/B","4TH ST",710.00,E,N,A,-,Y,SF,,80," "," ",5.196,H,,L,N,4,0,1,2,A,-,07,21658,A,N,B,C,A,A,H,-,A,D,0,,,Y,,Y,,A,01,0,0,1,0,0,0,0,0,1,"- ","- ",37.781650543212891,-122.39727020263672,"SAN FRANCISCO","SAN FRANCISCO",-122.39735412597656,37.781719207763672
94479272,2024,2024-11-21,9335,2024-11-20,1210,024042,,3,1,7,3801,0,1,1,,1,081,"I-80 W/B","THE EMBARCADERO STREET UNDERCROSSING",825.00,E,N,B,C,Y,SF,,80," "," ",6.086,H,,L,N,4,0,1,3,A,-,04,21703,,N,C,C,A,B,H,-,A,D,0,,,,,Y,,D,22,0,0,1,0,0,0,0,0,0,"- ","- ",37.790821075439453,-122.38596343994141,"SAN FRANCISCO","SAN FRANCISCO",-122.38582611083984,37.790725708007812
94487823,2024,2024-12-02,9335,2024-11-22,1306,023378,,5,1,7,3801,0,1,1,,2,022,"I-280 N/B","THE FARALLONES STREET PEDESTRIAN OVERCROSSNG",81.00,N,N,C,-,Y,SF,,280," ",R,1.080,H,,R,N,4,0,1,1,A,-,08,22107,,N,E,I,A,B,H,-,A,D,0,,,,,Y,,D,22,0,0,1,0,0,0,0,0,0,"- ","- ",37.713790893554688,-122.45157623291016,"SAN FRANCISCO","SAN FRANCISCO",-122.45157623291016,37.713787078857422
94490611,2024,2024-12-03,9350,2024-11-26,"915 ",022020,,2,1,7,3801,0,1,3,,2,011,"SR-1 N/B TO US-101 N/B","LINCOLN BOULEVARD U/C",1426.00,S,N,B,-,Y,,,,,,,,,,N,4,0,1,1,A,-,03,22350,,N,E,I,A,B,H,-,A,D,0,,,,,Y,,A,01,0,0,1,0,0,0,0,0,0,"- ","- ",37.804069519042969,-122.47013092041016,"SAN FRANCISCO","SAN FRANCISCO",-122.47074127197266,37.804222106933594
94490961,2024,2024-12-03,9335,2024-11-27,1840,024080,,3,2,7,3801,0,1,2,,2,014,"US-101 NB","17TH STREET",30.00,S,N,A,-,Y,SF,,101," "," ",4.127,H,,R,N,4,0,1,2,A,-,01,23152,A,N,C,C,A,A,H,-,C,D,0,,,,,Y,Y,A,07,0,0,1,0,0,0,0,0,0,"- ","- ",37.764541625976562,-122.40486145019531,"SAN FRANCISCO","SAN FRANCISCO",-122.40489196777344,37.764537811279297
94499370,2024,2025-01-13,9335,2024-12-07,1830,023378,,6,2,7,3801,0,1,2,,2,014,"US-101 N/B","FAITH STREET PEDESTRIAN OVERCROSSING",575.00,N,N,A,-,Y,SF,,101," "," ",2.725,H,,R,N,4,0,1,2,A,-,07,21658,A,N,B,C,A,D,H,-,C,D,0,,,,,Y,,A,01,0,0,1,0,0,0,0,0,0,"- ","- ",37.745361328125,-122.40484619140625,"SAN FRANCISCO","SAN FRANCISCO",-122.4049072265625,37.745372772216797
94515692,2024,2024-12-24,9335,2024-12-14,1710,023367,,6,2,7,3801,0,1,2,,2,014,"US-101 N/B","23RD STREET OVER-CROSSING",250.00,S,N,A,-,Y,SF,,101," "," ",3.314,H,,R,Y,4,0,1,2,A,-,03,22350,,N,C,C,A,A,H,-,C,D,0,,,,,Y,,A,01,0,0,1,0,0,0,0,0,0,"- ","- ",37.753761291503906,-122.40296173095703,"SAN FRANCISCO","SAN FRANCISCO",-122.40287017822266,37.753765106201172
94526055,2024,2025-01-06,9335,2024-12-23,1930,023595,,1,2,7,3801,0,1,2,,2,013,"US-101 N/B","FAITH STREET PEDESTRIAN OVERCROSSING",60.00,S,N,B,-,Y,SF,,101," "," ",2.602,H,,R,N,4,0,2,3,A,-,03,22350,,N,C,C,A,A,H,-,D,D,0,,,,Y,Y,,A,01,0,0,2,0,0,0,0,0,0,"- ","- ",37.743751525878906,-122.40576934814453,"SAN FRANCISCO","SAN FRANCISCO",-122.40574645996094,37.743740081787109
9453136,2022,2022-07-13,3801,2022-04-28,0819,2713,TARAV,4,5,7,3801,0,0,0,,0,5CAR,"JUNIPERO SERRA BL","19TH AV",0.00,,Y,A,-,Y,SF,4,1,-,R,0.680,I,5,N,N,4,0,1,2,A,-,08,22107,,N,D,C,A,A,H,-,A,A,0,,,,,Y,,A,01,0,0,1,0,0,0,0,0,0,"- ","- ",,,"SAN FRANCISCO","SAN FRANCISCO",-122.47254943847656,37.717258453369141
9453164,2022,2022-06-22,3801,2022-05-10,1250,2494,MISSI,2,5,7,3801,0,0,0,,0,3D45C,"15TH ST","MISSION ST",37.00,E,N,A,-,N,,,,,,,,,,N,3,0,1,2,A,-,06,21760,B,F,B,G,A,A,H,-,A,D,0,,Y,,Y,Y,,F,26,0,1,0,0,0,0,1,0,0,"- ","- ",,,"SAN FRANCISCO","SAN FRANCISCO",-122.41969299316406,37.766681671142578
94536334,2025,2025-01-14,9335,2025-01-07,"930 ",022703,,2,1,7,3801,0,1,2,,2,013,"US-101 SOUTHBOUND","THE FAITH STREET PEDESTRIAN OVERCROSSING",720.00,N,N,A,-,Y,SF,,101," "," ",2.751,H,,L,N,3,0,1,2,A,-,04,21703,,N,C,C,A,A,H,-,A,D,0,,,,,Y,,D,22,0,1,0,0,0,0,0,0,0,"- ","- ",37.745811462402344,-122.40489196777344,"SAN FRANCISCO","SAN FRANCISCO",-122.40493011474609,37.745815277099609
9453837,2022,2022-07-22,3801,2022-04-20,1523,2455,CENTR,3,5,7,3801,0,0,0,,0,3A13D,"NORTH POINT","NORTH POINT 965",0.00,,-,A,-,N,,,,,,,,,,Y,4,0,2,2,A,-,03,22350,,N,C,C,A,A,H,-,A,D,0,,,,,Y,,A,08,0,0,2,0,0,0,0,0,0,"- ","- ",,,"SAN FRANCISCO","SAN FRANCISCO",-121.51058959960938,38.243637084960938
9453838,2022,2022-07-19,3801,2022-06-09,0738,1418,TARAV,4,5,7,3801,0,0,0,,0,0I1,"19TH AV","NORIEGA ST",5.00,N,N,A,-,N,,,,,,,,,,Y,3,0,2,2,C,-,18,,,N,C,C,A,A,H,-,A,D,0,,,,,Y,,-,"- ",0,1,1,0,0,0,0,0,0,"- ","- ",,,"SAN FRANCISCO","SAN FRANCISCO",-122.4764404296875,37.754234313964844
9453911,2022,2022-07-26,3801,2022-06-23,0930,A20952,INGLE,4,5,7,3801,0,0,0,,0,,"ALEMANY BL","RT 280",0.00,,Y,B,-,Y,SF,4,280,-,R,3.448,R,4,S,N,3,0,1,2,D,-,00,,,N,B,-,A,A,H,-,A,D,0,,,,,Y,,-,"- ",0,1,0,0,0,0,0,0,0,"- ",SO,,,"SAN FRANCISCO","SAN FRANCISCO",-122.42207336425781,37.731731414794922
9453922,2022,2022-07-14,3801,2022-06-27,1106,1693,BAYVI,1,5,7,3801,0,0,0,,0,901,"ILLINOIS ST","25TH ST",377.00,S,N,A,-,N,,,,,,,,,,Y,3,0,1,2,A,-,08,22102,,N,D,C,A,A,H,-,A,D,0,,,,,Y,,A,07,0,1,0,0,0,0,0,0,0,"- ","- ",37.751800537109375,-122.38677978515625,"SAN FRANCISCO","SAN FRANCISCO",-122.38676452636719,37.751865386962891
9453925,2022,2022-07-14,3801,2022-06-13,0552,283,MISSI,1,5,7,3801,0,0,0,,0,0D6,"S VAN NESS AV","16TH ST",149.00,S,N,A,-,N,,,,,,,,,,Y,3,0,1,2,A,-,03,22350,,N,C,E,A,A,H,-,B,A,0,,,,,Y,,A,01,0,1,0,0,0,0,0,0,0,"- ","- ",,,"SAN FRANCISCO","SAN FRANCISCO",-122.41745758056641,37.7647705078125
9453929,2022,2022-07-14,3801,2022-06-10,1442,2017,MISSI,5,5,7,3801,0,0,0,,0,,"S VAN NESS AV","18TH ST",42.00,S,N,A,-,N,,,,,,,,,,N,4,0,1,2,A,-,04,21703,,F,C,C,A,A,H,-,A,A,0,,,,,Y,,A,01,0,0,1,0,0,0,0,0,0,"- ","- ",,,"SAN FRANCISCO","SAN FRANCISCO",-122.41719055175781,37.761833190917969
9453933,2022,2022-07-14,3801,2022-06-17,1110,2453,MISSI,5,5,7,3801,0,0,0,,0,3D4A,"S VAN NESS AV","15TH ST",120.00,N,N,A,-,N,,,,,,,,,,Y,3,0,1,2,A,-,06,21750,A,N,D,C,A,A,H,-,A,D,0,,,Y,,Y,,C,02,0,1,0,0,0,0,0,0,1,"- ","- ",,,"SAN FRANCISCO","SAN FRANCISCO",-122.41767120361328,37.767127990722656
9453937,2022,2022-07-14,3801,2022-06-25,0135,1336,NORTH,6,5,7,3801,0,0,0,,0,0E1,"OCTAVIA ST","HAIGHT ST",0.00,,Y,A,-,N,,,,,,,,,,Y,4,0,2,2,A,-,08,22101,D,N,D,C,A,A,H,-,C,A,0,,,,,Y,,A,01,0,0,2,0,0,0,0,0,0,"- ","- ",,,"SAN FRANCISCO","SAN FRANCISCO",-122.42392730712891,37.772964477539062
9453942,2022,2022-07-15,3801,2022-06-22,0902,2161,MISSI,3,5,7,3801,0,0,0,,0,3D13A,"VALENCIA ST","18TH ST",49.00,S,N,A,-,N,,,,,,,,,,N,3,0,1,2,A,-,09,21801,,N,D,G,A,A,H,-,A,D,0,,Y,,,Y,,A,01,0,1,0,0,0,0,1,0,0,"- ","- ",,,"SAN FRANCISCO","SAN FRANCISCO",-122.42154693603516,37.761577606201172
9453952,2022,2022-07-14,3801,2022-06-19,0655,2372,INGLE,7,5,7,3801,0,0,0,,0,3H15A,GENEVA,ALEMANY,0.00,,Y,A,-,N,,,,,,,,,,Y,4,0,2,2,A,-,12,21453,A,F,D,C,A,A,H,-,A,A,0,,,,,Y,,A,01,0,0,2,0,0,0,0,0,0,"- ","- ",,,"SAN FRANCISCO","SAN FRANCISCO",-122.43374633789062,37.713130950927734
9453958,2022,2022-07-14,3801,2022-06-22,0835,1273,CENTR,3,5,7,3801,0,0,0,,0,3A2A,"KEARNY ST","PINE ST",250.00,S,N,A,-,N,,,,,,,,,,N,4,0,1,3,A,-,08,22107,,N,B,C,A,A,H,-,A,A,0,,,,,Y,Y,A,01,0,0,1,0,0,0,0,0,0,"- ","- ",,,"SAN FRANCISCO","SAN FRANCISCO",-122.40407562255859,37.791011810302734
9453959,2022,2022-07-14,3801,2022-06-17,2040,2107,NORTH,5,5,7,3801,0,0,0,,0,,"LOMBARD ST","STEINER ST",0.00,,Y,A,-,N,,,,,,,,,,,4,0,1,2,A,-,17,21451,A,N,D,C,A,A,H,-,C,A,0,,,,,Y,,A,01,0,0,1,0,0,0,0,0,0,"- ","- ",,,"SAN FRANCISCO","SAN FRANCISCO",-122.43769073486328,37.799640655517578
9453967,2022,2022-07-14,3801,2022-06-21,0707,1061,SOUTH,2,5,7,3801,0,0,0,,0,3B12A,"5TH ST","CLARA ST",0.00,,Y,A,-,N,,,,,,,,,,Y,4,0,1,2,A,-,09,21801,A,N,D,C,A,A,H,-,A,D,0,,,Y,,Y,,A,01,0,0,1,0,0,0,0,0,1,"- ","- ",,,"SAN FRANCISCO","SAN FRANCISCO",-122.40238189697266,37.779453277587891
9453984,2022,2022-10-28,3801,2022-06-11,2200,933,CENTR,6,5,7,3801,0,0,0,,0,0A5,"EMBARCADERO SOUTH","EMBARCADERO SOUTH 1",0.00,,N,A,-,N,,,,,,,,,,N,3,0,1,1,A,-,00,21230,,N,-,J,A,A,H,-,C,D,0,,,Y,,Y,,C,03,0,1,0,0,0,0,0,0,1,"- ","- ",,,"SAN FRANCISCO","SAN FRANCISCO",-122.38925933837891,37.780281066894531
9453997,2022,2022-07-18,3801,2022-06-09,1830,101,INGLE,4,5,7,3801,0,0,0,,0,3H16D,"BAYSHORE BL","SUNNYDALE AV",0.00,,Y,A,-,N,,,,,,,,,,Y,4,0,1,2,A,-,12,21453,A,F,D,C,A,A,H,-,A,A,0,,,,,Y,,-,,0,0,1,0,0,0,0,0,0,"- ","- ",,,"SAN FRANCISCO","SAN FRANCISCO",-122.40522766113281,37.708900451660156
9454008,2022,2022-07-14,3801,2022-06-13,1620,4358,BAYVI,1,5,7,3801,0,0,0,,0,901,"REVERE AV",POR,40.00,E,N,A,-,N,,,,,,,,,,Y,4,0,1,2,A,-,09,21801,A,N,D,C,A,A,H,-,A,A,0,,,,,Y,,A,01,0,0,1,0,0,0,0,0,0,"- ","- ",,,"SAN FRANCISCO","SAN FRANCISCO",,
9454009,2022,2022-07-21,3801,2022-06-12,1856,1511,BAYVI,7,5,7,3801,0,0,0,,0,,"FELTON ST","BOWDOIN ST",0.00,,Y,A,-,N,,,,,,,,,,Y,3,0,4,4,A,-,09,21802,A,N,D,E,-,A,H,-,A,A,0,Y,,,,Y,,A,01,0,4,0,0,1,0,0,0,0,"- ","- ",,,"SAN FRANCISCO","SAN FRANCISCO",-122.41151428222656,37.728233337402344
9454012,2022,2022-07-14,3801,2022-06-01,1623,2379,INGLE,3,5,7,3801,0,0,0,,0,3H15D,"SAN JOSE AV","29TH ST",0.00,,Y,A,-,N,,,,,,,,,,N,3,0,1,2,A,-,06,21755,A,N,B,C,A,A,H,-,A,D,0,,,Y,,Y,,C,02,0,1,0,0,0,0,0,0,1,"- ","- ",,,"SAN FRANCISCO","SAN FRANCISCO",-122.42275238037109,37.743930816650391
9454015,2022,2022-07-14,3801,2022-06-03,0154,483,MISSI,5,5,7,3801,0,0,0,,0,001,"18TH ST","VALENCIA ST",90.00,W,N,A,-,N,,,,,,,,,,N,3,0,1,1,D,-,00,,,N,H,A,A,A,H,-,C,D,0,,,Y,,Y,Y,-,"- ",0,1,0,0,0,0,0,0,1,"- ","- ",,,"SAN FRANCISCO","SAN FRANCISCO",-122.42186737060547,37.761692047119141
9454019,2022,2022-07-14,3801,2022-06-04,2118,203,MISSI,6,5,7,3801,0,0,0,,0,,"BRYANT ST","21ST ST",179.00,N,N,A,-,N,,,,,,,,,,Y,3,0,1,1,A,-,03,22350,,N,H,A,A,A,H,-,C,D,0,,,Y,,Y,,C,03,0,1,0,0,0,0,0,0,1,"- ","- ",,,"SAN FRANCISCO","SAN FRANCISCO",-122.40964508056641,37.758079528808594
9454021,2022,2022-07-15,3801,2022-06-05,2131,2167,NORTH,7,5,7,3801,0,0,0,,0,3E13D,"FRANKLIN ST","EDDY ST",0.00,,Y,A,-,N,,,,,,,,,,N,2,0,1,3,A,-,10,21950,C,F,G,B,E,A,H,-,C,A,0,Y,,,,Y,,-,,1,0,0,0,1,0,0,0,0,"- ","- ",,,"SAN FRANCISCO","SAN FRANCISCO",-122.42243957519531,37.782665252685547
9454022,2022,2022-07-15,3801,2022-06-06,1725,1371,NORTH,1,5,7,3801,0,0,0,,0,001,"WEBSTER ST","LINDEN ST",62.00,S,N,A,-,N,,,,,,,,,,N,4,0,1,2,A,-,04,21703,,N,C,D,A,A,H,-,A,A,0,,,,,Y,,A,01,0,0,1,0,0,0,0,0,0,"- ","- ",,,"SAN FRANCISCO","SAN FRANCISCO",-122.42939758300781,37.775413513183594
9454025,2022,2022-07-19,3801,2022-06-11,1328,1279,BAYVI,6,5,7,3801,0,0,0,,0,3C75,"KIRKWOOD AV","MENDELL ST",0.00,,Y,A,-,N,,,,,,,,,,Y,4,0,3,3,A,-,12,22450,A,N,D,C,A,A,-,-,A,A,0,,,,,Y,,-,"- ",0,0,3,0,0,0,0,0,0,"- ","- ",,,"SAN FRANCISCO","SAN FRANCISCO",-122.38806915283203,37.737117767333984
9454026,2022,2022-07-15,3801,2022-06-06,1356,2401,BAYVI,1,5,7,3801,0,0,0,,0,3C13D,"INDUSTRIAL ST","BOUTWELL ST",0.00,,Y,A,-,N,,,,,,,,,,Y,3,0,1,2,A,-,12,22450,A,N,D,C,A,A,H,-,A,-,0,,,,,Y,,A,01,0,1,0,0,0,0,0,0,0,"- ","- ",,,"SAN FRANCISCO","SAN FRANCISCO",-122.40565490722656,37.738376617431641
9454028,2022,2022-07-15,3801,2022-06-09,0450,2469,BAYVI,4,5,7,3801,0,0,0,,0,,"9TH ST","FOLSOM ST",0.00,,Y,A,-,N,,,,,,,,,,N,2,0,1,2,A,-,04,21703,,F,C,C,A,A,H,-,C,A,0,,,,,Y,,A,07,1,0,0,0,0,0,0,0,0,"- ","- ",,,"SAN FRANCISCO","SAN FRANCISCO",-122.41161346435547,37.773773193359375
9454030,2022,2022-07-15,3801,2022-06-04,1538,681,SOUTH,6,5,7,3801,0,0,0,,0,3B15D,"KING ST","5TH ST",0.00,,Y,B,-,N,,,,,,,,,,Y,4,0,1,2,A,-,03,22350,,N,C,C,A,A,H,-,A,A,0,,,,,Y,,A,01,0,0,1,0,0,0,0,0,0,"- ","- ",,,"SAN FRANCISCO","SAN FRANCISCO",-122.39634704589844,37.774654388427734
9454035,2022,2022-07-15,3801,2022-06-01,1623,2141,TARAV,3,5,7,3801,0,0,0,,0,3I11D,"LINCOLN WY","9TH AV",63.00,W,N,A,-,N,,,,,,,,,,N,4,0,1,2,A,-,04,21703,,N,C,C,A,A,H,-,A,A,0,,,,,Y,Y,A,01,0,0,1,0,0,0,0,0,0,"- ","- ",,,"SAN FRANCISCO","SAN FRANCISCO",-122.46665954589844,37.765922546386719
9454051,2022,2022-08-09,3801,2022-06-03,1722,LO2359,TARAV,5,5,7,3801,0,0,0,,0,0I6,"JUNIPERO SERRA BL","ALEMANY BL",226.00,S,N,A,-,N,,,,,,,,,,Y,4,0,5,2,A,-,03,22350,,F,D,C,A,A,H,-,A,D,0,,,,,Y,,A,01,0,0,5,0,0,0,0,0,0,"- ","- ",,,"SAN FRANCISCO","SAN FRANCISCO",-122.47073364257812,37.709918975830078
9454057,2022,2022-07-15,3801,2022-05-31,1651,309,TARAV,2,5,7,3801,0,0,0,,0,3I13D,"BROTHERHOOD WY","LAKE MERCED BL",0.00,,Y,A,-,N,,,,,,,,,,N,4,0,1,2,A,-,04,21703,,N,C,-,A,A,H,-,A,A,0,,,,,Y,,A,01,0,0,1,0,0,0,0,0,0,"- ","- ",,,"SAN FRANCISCO","SAN FRANCISCO",-122.48523712158203,37.714717864990234
9454164,2022,2022-07-19,3801,2022-04-19,1300,4267,TARAV,2,5,7,3801,0,0,0,,0,3I16A,"ALEMANY BL","SAINT CHARLES AV",0.00,,Y,A,-,N,,,,,,,,,,N,3,0,1,2,A,-,09,21802,,N,D,J,A,A,H,-,A,A,0,,Y,,,Y,,A,01,0,1,0,0,0,0,1,0,0,"- ","- ",,,"SAN FRANCISCO","SAN FRANCISCO",-122.46935272216797,37.710700988769531
9454183,2022,2022-07-12,3801,2022-05-29,2254,4027,MISSI,7,5,7,3801,0,0,0,,0,3D6E,"13TH ST","SOUTH VAN NESS AV",0.00,,Y,A,-,N,,,,,,,,,,Y,4,0,1,2,A,-,09,21800,D,N,D,C,A,A,H,-,D,B,0,,,,,Y,,A,01,0,0,1,0,0,0,0,0,0,"- ","- ",,,"SAN FRANCISCO","SAN FRANCISCO",-122.41777801513672,37.7696533203125
9454184,2022,2022-07-11,3801,2022-05-29,1016,2162,SOUTH,7,5,7,3801,0,0,0,,0,3B4A,"MISSION ST","9TH ST",0.00,,Y,A,-,N,,,,,,,,,,N,3,0,1,2,A,-,03,22350,,F,D,J,A,A,H,-,A,A,0,,Y,,,Y,,L,04,0,1,0,0,0,0,0,0,0,"- ","- ",,,"SAN FRANCISCO","SAN FRANCISCO",-122.41471862792969,37.776241302490234
9454186,2022,2022-07-25,3801,2022-05-28,2045,307,INGLE,6,5,7,3801,0,0,0,,0,3H15D,"OCEAN AV","ALEMANY BL",0.00,,Y,A,-,N,,,,,,,,,,Y,4,0,1,2,A,-,09,21801,A,N,-,-,A,A,H,-,C,-,0,,,,,Y,,-,,0,0,1,0,0,0,0,0,0,"- ","- ",,,"SAN FRANCISCO","SAN FRANCISCO",-122.43753814697266,37.723697662353516
9454191,2022,2022-07-11,3801,2022-05-31,1737,798,NORTH,2,5,7,3801,0,0,0,,0,3E14D,"OAK ST","BUCHANAN ST",226.00,E,N,A,-,N,,,,,,,,,,Y,4,0,1,1,A,-,03,22350,,N,F,I,A,A,H,-,A,B,0,,,,,Y,,A,01,0,0,1,0,0,0,0,0,0,"- ","- ",,,"SAN FRANCISCO","SAN FRANCISCO",-122.42676544189453,37.774490356445312
9454193,2022,2022-07-12,3801,2022-05-31,1612,1860,TRAVA,2,5,7,3801,0,0,0,,0,,"19TH AV","BUCKINGHAM WY",337.00,S,N,A,-,N,,,,,,,,,,Y,4,0,1,4,A,-,04,21703,,N,C,C,A,A,H,-,A,D,0,,,,,Y,,A,07,0,0,1,0,0,0,0,0,0,"- ","- ",,,"SAN FRANCISCO","SAN FRANCISCO",-122.47514343261719,37.724784851074219
9454199,2022,2022-07-11,3801,2022-05-30,0048,2249,PARK,1,5,7,3801,0,0,0,,0,3F13E,"LINCOLN WAY","4TH AV",0.00,,Y,A,-,N,,,,,,,,,,Y,3,0,3,2,A,-,07,21658,,F,B,C,A,A,H,-,C,D,0,,,,,Y,,A,01,0,1,2,0,0,0,0,0,0,"- ","- ",,,"SAN FRANCISCO","SAN FRANCISCO",-122.46107482910156,37.766159057617188
94553732,2025,2025-01-29,9350,2025-01-19,1200,024037,,7,1,7,3801,0,1,3,,2,011,"SR-1 N/B","LAKE ST.",2300.00,N,N,B,-,Y,SF,,1," "," ",6.316,H,,R,Y,4,0,2,3,A,-,03,22350,,N,C,C,A,A,H,-,A,D,0,,,,,Y,,A,01,0,0,2,0,0,0,0,0,0,"- ","- ",37.792320251464844,-122.46955871582031,"SAN FRANCISCO","SAN FRANCISCO",-122.46953582763672,37.792320251464844
9456442,2022,2022-06-21,3801,2022-05-29,2030,382,NORTH,7,5,7,3801,0,0,0,,0,3E16E,"LOMBARD ST","VAN NESS AV",125.00,W,N,A,-,Y,SF,4,101,-,-,6.740,H,-,S,N,4,0,2,2,A,-,04,21703,,N,C,C,A,A,H,-,B,A,0,,,,,Y,,A,01,0,0,2,0,0,0,0,0,0,"- ","- ",,,"SAN FRANCISCO","SAN FRANCISCO",-122.42516326904297,37.801219940185547
94566517,2025,2025-02-05,9350,2025-02-02,1525,022468,,7,2,7,3801,0,1,3,,2,011,"SR-1 N/B TO US-101 N/B","LINCOLN BLVD",403.00,N,N,C,-,Y,,,,,,,,,,Y,3,0,1,1,A,-,03,22350,,N,E,I,A,B,H,-,A,D,0,,,,,Y,,A,07,0,1,0,0,0,0,0,0,0,"- ","- ",37.803981781005859,-122.47026062011719,"SAN FRANCISCO","SAN FRANCISCO",-122.47458648681641,37.806499481201172
94579704,2025,2025-02-14,9335,2025-02-04,1625,024109,,2,2,7,3801,0,1,1,,2,024,"I-280 N/B","REVERE AVE",840.00,S,N,C,-,Y,SF,,280," ",R,4.522,H,,R,N,4,0,1,2,A,-,03,22350,,N,C,C,A,B,H,-,A,D,0,,,,,Y,,A,07,0,0,1,0,0,0,0,0,0,"- ","- ",37.736518859863281,-122.40371704101562,"SAN FRANCISCO","SAN FRANCISCO",-122.40371704101562,37.736518859863281