CASE_ID,ACCIDENT_YEAR,PROC_DATE,JURIS,COLLISION_DATE,COLLISION_TIME,OFFICER_ID,REPORTING_DISTRICT,DAY_OF_WEEK,CHP_SHIFT,POPULATION,CNTY_CITY_LOC,SPECIAL_COND,BEAT_TYPE,CHP_BEAT_TYPE,CITY_DIVISION_LAPD,CHP_BEAT_CLASS,BEAT_NUMBER,PRIMARY_RD,SECONDARY_RD,DISTANCE,DIRECTION,INTERSECTION,WEATHER_1,WEATHER_2,STATE_HWY_IND,CALTRANS_COUNTY,CALTRANS_DISTRICT,STATE_ROUTE,ROUTE_SUFFIX,POSTMILE_PREFIX,POSTMILE,LOCATION_TYPE,RAMP_INTERSECTION,SIDE_OF_HWY,TOW_AWAY,COLLISION_SEVERITY,NUMBER_KILLED,NUMBER_INJURED,PARTY_COUNT,PRIMARY_COLL_FACTOR,PCF_CODE_OF_VIOL,PCF_VIOL_CATEGORY,PCF_VIOLATION,PCF_VIOL_SUBSECTION,HIT_AND_RUN,TYPE_OF_COLLISION,MVIW,PED_ACTION,ROAD_SURFACE,ROAD_COND_1,ROAD_COND_2,LIGHTING,CONTROL_DEVICE,CHP_ROAD_TYPE,PEDESTRIAN_ACCIDENT,BICYCLE_ACCIDENT,MOTORCYCLE_ACCIDENT,TRUCK_ACCIDENT,NOT_PRIVATE_PROPERTY,ALCOHOL_INVOLVED,STWD_VEHTYPE_AT_FAULT,CHP_VEHTYPE_AT_FAULT,COUNT_SEVERE_INJ,COUNT_VISIBLE_INJ,COUNT_COMPLAINT_PAIN,COUNT_PED_KILLED,COUNT_PED_INJURED,COUNT_BICYCLIST_KILLED,COUNT_BICYCLIST_INJURED,COUNT_MC_KILLED,COUNT_MC_INJURED,PRIMARY_RAMP,SECONDARY_RAMP,LATITUDE,LONGITUDE,COUNTY,CITY,POINT_X,POINT_Y
9469524,2023,2023-10-02,3801,2023-08-11,1512,1620,RICHM,5,5,7,3801,0,0,0,,0,,"GEARY BL","12TH AV",0.00,,Y,A,-,N,,,,,,,,,,Y,3,0,2,2,A,-,09,21801,,N,D,D,A,A,H,-,A,A,0,,,,,Y,,A,01,0,1,1,0,0,0,0,0,0,"- ","- ",,,"SAN FRANCISCO","SAN FRANCISCO",-122.470703125,37.780792236328125
9469535,2023,2023-10-02,3801,2023-08-25,1520,1215,MISSI,5,5,7,3801,0,0,0,,0,001,"VALENCIA ST","SYCAMORE ST",0.00,,Y,A,-,N,,,,,,,,,,N,3,0,1,2,A,-,08,22107,,N,D,G,A,A,H,-,A,D,0,,Y,,,Y,,A,01,0,1,0,0,0,0,1,0,0,"- ","- ",,,"SAN FRANCISCO","SAN FRANCISCO",-122.42164611816406,37.762550354003906
9469536,2023,2023-10-02,3801,2023-08-25,1536,2379,CENTR,5,5,7,3801,0,0,0,,0,3A12D,"PINE ST","KEARNY ST",0.00,,Y,A,-,N,,,,,,,,,,N,3,0,1,2,A,-,10,21950,A,N,A,B,B,A,H,-,A,A,0,Y,,,,Y,,A,07,0,1,0,0,1,0,0,0,0,"- ","- ",,,"SAN FRANCISCO","SAN FRANCISCO",-122.40421295166016,37.791694641113281
9469540,2023,2023-10-02,3801,2023-08-24,1353,1496,TARAV,4,5,7,3801,0,0,0,,0,0I5,"BROTHERHOOD WY","LAKE MERCED BL",850.00,E,N,A,-,N,,,,,,,,,,Y,4,0,1,2,A,-,03,22350,,N,C,C,A,A,H,-,A,D,0,,,,,Y,,A,01,0,0,1,0,0,0,0,0,0,"- ","- ",,,"SAN FRANCISCO","SAN FRANCISCO",-122.48232269287109,37.714534759521484
94695897,2025,2025-05-21,9335,2025-05-15,"420 ",024322,,4,3,7,3801,0,1,1,,1,081,"I-80 W/B","MAIN STREET",5280.00,E,N,A,-,Y,SF,,80," "," ",6.788,H,,L,Y,3,0,1,1,A,-,08,22107,,N,F,A,A,A,H,-,B,D,0,,,,,Y,,A,07,0,1,0,0,0,0,0,0,0,"- ","- ",37.798660278320312,-122.37753295898438,"SAN FRANCISCO","SAN FRANCISCO",-122.37732696533203,37.798519134521484
9469620,2023,2023-09-14,3801,2023-08-18,1322,2315,MISSI,5,5,7,3801,0,0,0,,0,3D15A,"17TH ST","MISSION ST",0.00,,Y,A,-,N,,,,,,,,,,Y,4,0,2,3,A,-,09,21801,,N,D,C,A,A,H,-,A,D,0,,,,,Y,,A,07,0,0,2,0,0,0,0,0,0,"- ","- ",,,"SAN FRANCISCO","SAN FRANCISCO",-122.41950225830078,37.763423919677734
94696384,2025,2025-05-22,9335,2025-05-17,"28  ",024050,,6,3,7,3801,0,1,1,,2,024,"I-280 S/B","BERRY ST",315.00,S,N,B,-,Y,SF,,280," ",T,7.245,H,,L,N,4,0,1,2,A,-,03,22350,,M,C,C,A,A,H,-,C,D,0,,,,,Y,,-,99,0,0,1,0,0,0,0,0,0,"- ","- ",37.771148681640625,-122.39794921875,"SAN FRANCISCO","SAN FRANCISCO",-122.39817810058594,37.771141052246094
94696387,2025,2025-05-22,9335,2025-05-14,2350,024297,,3,3,7,3801,0,1,2,,2,013,"US-101 SOUTHBOUND","23RD ST",780.00,N,N,A,-,Y,SF,,101," "," ",3.551,H,,L,Y,4,0,1,2,A,-,07,21658,A,M,C,C,A,A,H,-,C,D,0,,,,,Y,,A,01,0,0,1,0,0,0,0,0,0,"- ","- ",37.757221221923828,-122.40395355224609,"SAN FRANCISCO","SAN FRANCISCO",-122.40390014648438,37.757255554199219
9470025,2023,2023-12-13,3801,2023-04-26,"615 ",1796,RICHM,3,5,7,3801,0,0,0,,0,3G14A,"24TH AV","BALBOA ST",0.00,,Y,B,E,N,,,,,,,,,,Y,4,0,1,2,A,-,09,21802,A,N,D,C,A,A,H,-,A,-,0,,,,,Y,,A,07,0,0,1,0,0,0,0,0,0,"- ","- ",,,"SAN FRANCISCO","SAN FRANCISCO",-122.48342132568359,37.776355743408203
94707074,2025,2025-05-30,9335,2025-05-22,2010,023378,,4,2,7,3801,0,1,1,,2,022,"I-280 N/B","THE HAVELOCK STREET PEDESTRIAN OVERCROSSING",100.00,S,N,A,-,Y,SF,,280," ",R,2.020,H,,R,Y,4,0,1,2,A,-,07,21658,A,N,B,C,A,A,H,-,C,D,0,,,,,Y,,A,01,0,0,1,0,0,0,0,0,0,"- ","- ",37.726268768310547,-122.44587707519531,"SAN FRANCISCO","SAN FRANCISCO",-122.44584655761719,37.726249694824219
94709539,2025,2025-06-02,9335,2025-05-28,1855,021390,,3,2,7,3801,0,1,1,,2,080,"I-80 W/B","6TH STREET",230.00,W,N,A,-,Y,SF,,80," "," ",4.616,H,,L,N,4,0,1,3,A,-,03,22350,,N,C,C,A,A,H,-,A,D,0,,,,,Y,,A,07,0,0,1,0,0,0,0,0,0,"- ","- ",37.7764892578125,-122.40440368652344,"SAN FRANCISCO","SAN FRANCISCO",-122.40444183349609,37.776531219482422
94709780,2025,2025-06-02,9335,2025-05-30,1544,023464,,5,2,7,3801,0,1,1,,1,081,"I-80 W/B","SAN FRANCISCO OAKLAND BAY BRIDGE CENTER ANCHORAGE",128.00,W,N,A,-,Y,SF,,80," "," ",6.737,H,,L,Y,4,0,2,2,A,-,03,22350,,N,C,C,A,A,H,-,A,D,0,,,,,Y,,D,22,0,0,2,0,0,0,0,0,0,"- ","- ",37.798069000244141,-122.37812805175781,"SAN FRANCISCO","SAN FRANCISCO",-122.37795257568359,37.797946929931641
9471347,2023,2023-11-04,3801,2023-09-05,1539,104,TRAFF,2,5,7,3801,0,0,0,,0,104,"FOLSOM ST","HALLAM ST",32.00,E,N,A,-,N,,,,,,,,,,N,4,0,3,2,A,-,17,22517,,N,B,C,A,A,H,-,A,D,0,,,,,Y,,A,01,0,0,3,0,0,0,0,0,0,"- ","- ",,,"SAN FRANCISCO","SAN FRANCISCO",-122.40878295898438,37.776012420654297
94714376,2025,2025-06-05,9335,2025-04-18,1600,024467,,5,2,7,3801,0,1,1,,1,081,"I-80 WESTBOUND","TREASURE ISLAND ROAD",2376.00,W,N,A,-,Y,SF,,80," "," ",7.270,H,,L,N,4,0,1,2,A,-,03,22350,,M,C,C,A,A,H,-,A,D,0,,,,,Y,,-,99,0,0,1,0,0,0,0,0,0,"- ","- ",37.803970336914062,-122.37165832519531,"SAN FRANCISCO","SAN FRANCISCO",-122.37154388427734,37.803890228271484
94715292,2025,2025-06-06,9335,2025-06-03,1820,024322,,2,2,7,3801,0,1,1,,2,080,"I-80 E/B","2ND STREET",886.00,E,N,A,-,Y,SF,,80," "," ",5.585,H,,R,N,4,0,1,3,A,-,07,21658,A,N,B,C,A,A,H,-,A,D,0,,,Y,,Y,,A,01,0,0,1,0,0,0,0,0,1,"- ","- ",37.785381317138672,-122.39212036132812,"SAN FRANCISCO","SAN FRANCISCO",-122.39203643798828,37.785274505615234
94719484,2025,2025-06-10,9335,2025-05-29,1702,023845,,4,2,7,3801,0,1,1,,1,081,"I-80 WESTBOUND","CECTER ANCHORAGE",122.00,E,N,A,-,Y,SF,,80," "," ",6.783,H,,L,N,4,0,1,2,A,-,03,22350,,N,C,C,A,A,H,-,A,D,0,,,,,Y,,A,08,0,0,1,0,0,0,0,0,0,"- ","- ",37.798580169677734,-122.3775634765625,"SAN FRANCISCO","SAN FRANCISCO",-122.37738800048828,37.7984619140625
9472003,2022,2022-07-19,3801,2022-06-06,1005,1003,INGLE,1,5,7,3801,0,0,0,,0,3CAR,"MISSION ST","SILVER AV",0.00,,Y,A,-,N,,,,,,,,,,N,3,0,1,2,A,-,10,21950,A,N,G,B,B,A,H,-,A,A,0,Y,,,,Y,Y,A,07,0,1,0,0,1,0,0,0,0,"- ","- ",,,"SAN FRANCISCO","SAN FRANCISCO",-122.43128204345703,37.728736877441406
9472009,2022,2022-07-19,3801,2022-06-08,1722,319,CENTR,3,5,7,3801,0,0,0,,0,3A12D,"NEW MONTGOMERY ST","STEVENSON ST",44.00,W,N,A,-,N,,,,,,,,,,N,3,0,1,3,A,-,03,22350,A,N,H,B,D,A,H,-,A,D,0,Y,,,,Y,,A,01,0,1,0,0,1,0,0,0,0,"- ","- ",,,"SAN FRANCISCO","SAN FRANCISCO",-122.40161895751953,37.788383483886719
9472010,2022,2022-07-19,3801,2022-06-09,1625,2342,NORTH,4,5,7,3801,0,0,0,,0,3E14D,"LAGUNA ST","PAGE ST",0.00,,Y,A,-,N,,,,,,,,,,N,3,0,1,2,A,-,10,21950,A,N,D,B,B,A,H,-,A,D,0,Y,,,,Y,,A,01,0,1,0,0,1,0,0,0,0,"- ","- ",,,"SAN FRANCISCO","SAN FRANCISCO",-122.42569732666016,37.773658752441406
9472030,2022,2022-07-13,3801,2022-06-16,1038,2196,MISSI,4,5,7,3801,0,0,0,,0,3D2A,"CHURCH ST","HILL ST",41.00,S,N,A,-,N,,,,,,,,,,N,2,0,1,1,A,-,03,22350,,N,A,I,A,A,H,-,A,D,0,,Y,,,Y,,L,04,1,0,0,0,0,0,1,0,0,"- ","- ",,,"SAN FRANCISCO","SAN FRANCISCO",-122.42781066894531,37.755577087402344
9472119,2022,2022-08-15,3801,2022-06-06,2337,400,SOUTH,1,5,7,3801,0,0,0,,0,,"BRANNAN ST","DIVISION ST",0.00,,Y,A,-,N,,,,,,,,,,N,4,0,1,2,A,-,03,22350,,F,E,J,-,A,D,-,C,A,0,Y,,,,Y,,A,01,0,0,1,0,1,0,0,0,0,"- ","- ",,,"SAN FRANCISCO","SAN FRANCISCO",-122.40788269042969,37.769218444824219
9472120,2022,2022-07-14,3801,2022-06-12,2157,1466,SOUTH,7,5,7,3801,0,0,0,,0,0B2,"HARRISON ST","06TH ST",0.00,,Y,A,-,N,,,,,,,,,,N,3,0,1,2,A,-,12,21453,A,M,G,B,-,A,H,-,C,-,0,Y,,,,Y,,A,01,0,1,0,0,1,0,0,0,0,"- ","- ",,,"SAN FRANCISCO","SAN FRANCISCO",,
9472215,2022,2022-07-21,3801,2022-05-15,0915,179,NORTH,7,5,7,3801,0,0,0,,0,3E12A,"GEARY BL","DIVISADERO ST",0.00,,Y,A,-,N,,,,,,,,,,Y,4,0,3,2,D,-,00,,,N,D,C,A,A,H,-,A,A,0,,,,,Y,,-,"- ",0,0,3,0,0,0,0,0,0,"- ","- ",,,"SAN FRANCISCO","SAN FRANCISCO",-122.43947601318359,37.783359527587891
9472265,2022,2022-07-20,3801,2022-03-16,1520,4314,RICHM,3,5,7,3801,0,0,0,,0,0G3,"8TH AV","CLEMENT ST",166.00,S,N,A,-,N,,,,,,,,,,Y,3,0,3,3,A,-,21,22106,,N,D,C,E,A,H,-,A,D,0,Y,,,,Y,,A,01,0,1,2,0,1,0,0,0,0,"- ","- ",,,"SAN FRANCISCO","SAN FRANCISCO",-122.46652984619141,37.782386779785156
9472274,2022,2022-07-20,3801,2022-03-17,1050,1513,RICHM,4,5,7,3801,0,0,0,,0,3G11A,"CHAIN OF LAKES E","CHAIN OF LAKES",0.00,,Y,A,-,N,,,,,,,,,,N,4,0,1,2,A,-,09,21800,A,N,D,G,A,-,G,-,A,D,0,,Y,,,Y,,L,04,0,0,1,0,0,0,1,0,0,"- ","- ",,,"SAN FRANCISCO","SAN FRANCISCO",,
94734867,2025,2025-06-23,9335,2025-02-04,"910 ",024124,,2,1,7,3801,0,1,1,,2,023,"I-280 N/B","ALEMANY BLVD",60.00,S,N,B,C,Y,SF,,280," ",R,3.844,H,,R,N,4,0,1,2,A,-,03,22350,,M,C,C,A,B,H,-,A,D,0,,,,Y,Y,,F,55,0,0,1,0,0,0,0,0,0,"- ","- ",37.732051849365234,-122.41500854492188,"SAN FRANCISCO","SAN FRANCISCO",-122.41502380371094,37.732086181640625
94738240,2024,2025-06-25,9335,2024-12-21,"245 ",023366,,6,3,7,3801,0,1,2,,2,013,"US-101 S/B","SILVER AVE",1020.00,N,N,A,-,Y,SF,,101," "," ",1.968,H,,L,Y,1,1,1,2,A,-,00,21960,A,N,H,G,A,A,H,-,C,D,0,,Y,,,Y,,L,04,0,0,1,0,0,1,0,0,0,"- ","- ",37.735240936279297,-122.40689086914062,"SAN FRANCISCO","SAN FRANCISCO",-122.40687561035156,37.735244750976562
94739027,2025,2025-06-25,9350,2025-06-18,1720,022395,,3,2,7,3801,0,1,2,,1,120,"US-101 S/B (GGB WEST BIKE PATH)","LINCOLN BLVD. UNDERCROSSING",3960.00,N,N,A,-,N,,,,,,,,,,N,3,0,2,2,A,-,08,22107,,N,E,I,A,A,H,-,A,D,0,,Y,,,Y,,L,04,0,1,1,0,0,0,2,0,0,"- ","- ",37.816379547119141,-122.478271484375,"SAN FRANCISCO","SAN FRANCISCO",-122.47480773925781,37.806438446044922
94756309,2025,2025-07-10,9335,2025-02-05,2315,023044,,3,3,7,3801,0,1,2,,2,015,"US-101 SOUTHBOUND TO I-80 EASTBOUND","DIVISION STREET",93.00,N,N,B,-,Y,SF,,80," ",L,4.060,H,,R,Y,1,1,0,1,A,-,03,22350,,N,E,I,A,A,H,-,C,D,0,,,Y,,Y,,C,02,0,0,0,0,0,0,0,1,0,"- ","- ",37.7694091796875,-122.40548706054688,"SAN FRANCISCO","SAN FRANCISCO",-122.40553283691406,37.769420623779297
94766823,2025,2025-07-17,9335,2025-07-12,1815,024322,,6,2,7,3801,0,1,2,,2,014,"US-101 N/B","18TH STREET OVERCROSSING",165.00,S,N,A,-,Y,SF,,101," "," ",3.924,H,,R,N,4,0,1,3,A,-,03,22350,,M,C,C,A,A,H,-,A,D,0,,,,,Y,,-,"- ",0,0,1,0,0,0,0,0,0,"- ","- ",37.761680603027344,-122.40592193603516,"SAN FRANCISCO","SAN FRANCISCO",-122.40591430664062,37.761676788330078
94768056,2025,2025-07-18,9335,2025-07-08,"605 ",024598,,2,1,7,3801,0,1,2,,2,014,"US-101 N/B","18TH STREET PEDESTRIAN OVERCROSSING",35.00,N,N,B,-,Y,SF,,101," "," ",3.966,H,,R,N,3,0,3,3,A,-,07,21658,A,N,B,C,A,A,H,-,B,D,0,,,,,Y,,A,01,0,3,0,0,0,0,0,0,0,"- ","- ",37.762210845947266,-122.40556335449219,"SAN FRANCISCO","SAN FRANCISCO",-122.40559387207031,37.762222290039062
94771220,2025,2025-07-22,9335,2025-07-09,1905,024586,,3,2,7,3801,0,1,2,,2,013,"US 101 SOUTHBOUND","PAUL AVENUE UNDERCROSSING",195.00,N,N,A,-,Y,SF,,101," "," ",1.171,H,,L,Y,3,0,1,3,A,-,03,22350,,F,C,C,A,A,H,-,A,D,0,,,Y,,Y,,C,02,0,1,0,0,0,0,0,0,1,"- ","- ",37.724411010742188,-122.40161895751953,"SAN FRANCISCO","SAN FRANCISCO",-122.40164184570312,37.724403381347656
94779955,2025,2025-07-28,9335,2025-07-17,1240,023603,,4,1,7,3801,0,1,1,,2,023,"I-280 S/B","18TH STREET OVERCROSSING",390.00,N,N,A,-,Y,SF,,280," ",R,6.680,H,,L,N,4,0,1,2,A,-,04,21703,,N,C,C,A,A,H,-,A,D,0,,,,,Y,,A,01,0,0,1,0,0,0,0,0,0,"- ","- ",37.763969421386719,-122.39305114746094,"SAN FRANCISCO","SAN FRANCISCO",-122.3929443359375,37.763988494873047
9478135,2022,2022-08-09,3801,2022-07-12,1438,1707,NORTH,2,5,7,3801,0,0,0,,0,3E13C,"POLK ST","MYRTLE ST",0.00,,Y,A,-,N,,,,,,,,,,N,4,0,1,2,A,-,09,21801,A,N,D,J,A,A,H,-,A,A,0,,,,,Y,,D,22,0,0,1,0,0,0,0,0,0,"- ","- ",,,"SAN FRANCISCO","SAN FRANCISCO",-122.41963958740234,37.785427093505859
94785223,2025,2025-08-01,9335,2025-07-20,"520 ",024116,,7,3,7,3801,0,1,1,,2,080,"I-80 E/B","7TH STREET",568.00,W,N,A,-,Y,SF,,80," "," ",4.370,H,,R,Y,4,0,1,1,A,-,08,22107,,N,E,J,A,A,H,-,B,D,0,,,,,Y,Y,A,01,0,0,1,0,0,0,0,0,0,"- ","- ",37.773479461669922,-122.40646362304688,"SAN FRANCISCO","SAN FRANCISCO",-122.40653228759766,37.773487091064453
94785225,2025,2025-08-01,9335,2025-07-22,"853 ",024449,,2,1,7,3801,0,1,2,,2,013,"US-101 SOUTHBOUND TO I-280 SOUTHBOUND","ALEMANY BOULEVARD UNDERCROSSING",244.00,N,N,B,-,Y,SF,,101," "," ",2.185,H,,L,Y,4,0,1,2,A,-,07,21658,A,N,B,C,A,A,H,-,A,D,0,,,,,Y,,A,07,0,0,1,0,0,0,0,0,0,"- ","- ",37.738300323486328,-122.40823364257812,"SAN FRANCISCO","SAN FRANCISCO",-122.40811157226562,37.738311767578125
9478917,2022,2022-09-08,3801,2022-04-07,1518,2134,TENDE,4,5,7,3801,0,0,0,,0,3J11D,"7TH ST","MARKET ST",0.00,,N,A,-,N,,,,,,,,,,N,4,0,1,3,A,-,17,22517,,N,H,G,A,A,H,-,A,A,0,,Y,,,Y,,-,,0,0,1,0,0,0,1,0,0,"- ","- ",,,"SAN FRANCISCO","SAN FRANCISCO",-122.41251373291016,37.780479431152344
9478956,2022,2022-08-10,3801,2022-07-17,1054,1210,TARAV,7,5,7,3801,0,0,0,,0,0I5,"JUNIPERO SERRA BL","WINSTON DR",0.00,,Y,A,-,N,,,,,,,,,,Y,3,0,1,1,B,-,22,,,N,F,I,A,A,H,-,A,D,0,,,,,Y,,A,07,0,1,0,0,0,0,0,0,0,"- ","- ",,,"SAN FRANCISCO","SAN FRANCISCO",-122.47236633300781,37.726837158203125
9478960,2022,2022-08-10,3801,2022-07-12,0931,1857,RICHM,2,5,7,3801,0,0,0,,0,3G12A,"SACRAMENTO ST","LAUREL ST",0.00,,Y,B,-,N,,,,,,,,,,N,3,0,1,2,A,-,10,21950,A,N,B,B,B,B,H,-,-,A,0,Y,,,,Y,,A,01,0,1,0,0,1,0,0,0,0,"- ","- ",,,"SAN FRANCISCO","SAN FRANCISCO",-122.45032501220703,37.787742614746094
9478962,2022,2022-08-10,3801,2022-07-09,1557,796,NORTH,6,5,7,3801,0,0,0,,0,3E15D,"WEBSTER ST","UNION ST",5.00,N,N,A,-,N,,,,,,,,,,N,3,0,1,2,A,-,10,21950,A,N,G,B,B,A,H,-,A,A,0,Y,,,,Y,,A,01,0,1,0,0,1,0,0,0,0,"- ","- ",,,"SAN FRANCISCO","SAN FRANCISCO",-122.43384552001953,37.797313690185547
9478974,2022,2022-08-10,3801,2022-07-11,1715,1389,BAYVI,1,5,7,3801,0,0,0,,0,3C12D,"BAY SHORE BL","JERROLD AV",0.00,,Y,B,-,N,,,,,,,,,,Y,3,0,1,1,A,-,03,22350,,N,F,J,A,A,B,-,A,D,0,,,Y,,Y,,C,02,0,1,0,0,0,0,0,0,1,"- ","- ",,,"SAN FRANCISCO","SAN FRANCISCO",-122.40361785888672,37.747386932373047
9479362,2022,2022-08-18,3801,2022-07-01,2317,1402,SOUTH,5,5,7,3801,0,0,0,,0,3B12E,"HOWARD ST","3RD ST",0.00,,Y,A,-,N,,,,,,,,,,Y,4,0,1,2,A,-,04,21703,,F,C,C,A,A,H,-,C,A,0,,,,,Y,,-,99,0,0,1,0,0,0,0,0,0,"- ","- ",,,"SAN FRANCISCO","SAN FRANCISCO",-122.40049743652344,37.785007476806641
9479364,2022,2022-08-18,3801,2022-07-01,0750,504,NORTH,5,5,7,3801,0,0,0,,0,3E15A,"LOMBARD ST","DIVISADERO ST",0.00,,Y,A,-,N,,,,,,,,,,N,4,0,1,2,A,-,04,21703,,N,-,C,A,A,H,-,A,A,0,,,,,Y,,-,,0,0,1,0,0,0,0,0,0,"- ","- ",,,"SAN FRANCISCO","SAN FRANCISCO",-122.44264984130859,37.79901123046875
94804700,2025,2025-08-15,9335,2025-08-07,1405,024042,,4,2,7,3801,0,1,2,,2,015,"US-101 N/B TO MISSION STREET","MISSION STREET",255.00,S,N,A,-,Y,SF,,101," ",M,5.177,H,,R,N,3,0,1,2,A,-,03,22350,,N,C,C,A,A,H,-,A,D,0,,,,,Y,,A,07,0,1,0,0,0,0,0,0,0,"- ","- ",37.770149230957031,-122.41895294189453,"SAN FRANCISCO","SAN FRANCISCO",-122.41897583007812,37.770046234130859
94804722,2025,2025-08-15,9335,2025-08-05,1740,024586,,2,2,7,3801,0,1,1,,2,080,"I-80 WESTBOUND","8TH STREET UNDERCROSSING",250.00,W,N,A,-,Y,SF,,80," "," ",4.202,H,,L,N,3,0,1,2,A,-,08,22107,,N,H,A,A,A,H,-,A,D,0,,,Y,,Y,,C,02,0,1,0,0,0,0,0,0,1,"- ","- ",37.771198272705078,-122.40617370605469,"SAN FRANCISCO","SAN FRANCISCO",-122.40620422363281,37.771190643310547
9481255,2022,2022-08-08,3801,2022-07-25,1807,1182,INGLE,1,5,7,3801,0,0,0,,0,3H13D,"MISSION ST","APPLETON AV",0.00,,Y,B,-,N,,,,,,,,,,Y,4,0,1,2,A,-,05,21460,A,N,A,C,A,A,H,-,A,A,0,,,,Y,Y,,A,01,0,0,1,0,0,0,0,0,0,"- ","- ",,,"SAN FRANCISCO","SAN FRANCISCO",-122.4239501953125,37.738872528076172
9481465,2022,2022-08-08,3801,2022-07-23,1715,4361,MISSI,6,5,7,3801,0,0,0,,0,3D00,"GUERRERO ST","19TH ST",0.00,,Y,F,-,N,,,,,,,,,,N,3,0,1,2,A,-,17,21235,G,N,A,B,F,A,G,-,A,-,0,Y,,,,Y,,M,94,0,1,0,0,1,0,0,0,0,"- ","- ",,,"SAN FRANCISCO","SAN FRANCISCO",-122.42362976074219,37.759975433349609
9481466,2022,2022-08-08,3801,2022-07-27,1934,LI,BAYVI,3,5,7,3801,0,0,0,,0,3C11D,"23RD ST","DAKOTA ST",0.00,,Y,A,-,N,,,,,,,,,,Y,3,0,1,1,A,-,03,22350,,N,F,I,A,A,H,-,A,D,0,,,,,Y,,A,01,0,1,0,0,0,0,0,0,0,"- ","- ",,,"SAN FRANCISCO","SAN FRANCISCO",-122.39665222167969,37.754722595214844
9481472,2022,2022-08-22,3801,2022-07-25,1037,796,NORTH,1,5,7,3801,0,0,0,,0,3E11A,"FILBERT ST","LAGUNA ST",0.00,,Y,A,-,N,,,,,,,,,,N,3,0,1,2,A,-,09,21800,A,N,H,C,A,A,H,-,A,A,0,,,,,Y,,M,94,0,1,0,0,0,0,0,0,0,"- ","- ",,,"SAN FRANCISCO","SAN FRANCISCO",-122.43073272705078,37.798641204833984
9481490,2022,2022-08-08,3801,2022-07-08,1215,1614,MISSI,5,5,7,3801,0,0,0,,0,MISSIO,"16TH ST","ALBION ST",0.00,,Y,A,-,N,,,,,,,,,,N,4,0,1,2,A,-,09,21801,A,N,A,C,A,A,H,-,A,D,0,,,Y,,Y,,A,01,0,0,1,0,0,0,0,0,1,"- ","- ",,,"SAN FRANCISCO","SAN FRANCISCO",-122.423095703125,37.764835357666016
9481492,2022,2022-08-08,3801,2022-07-09,1846,4023,MISSI,6,5,7,3801,0,0,0,,0,,"DOLORES ST","19TH ST",0.00,,Y,B,-,N,,,,,,,,,,,3,0,1,2,A,-,03,22350,,N,B,G,A,A,G,-,A,D,0,,Y,,,Y,,L,04,0,1,0,0,0,0,1,0,0,"- ","- ",,,"SAN FRANCISCO","SAN FRANCISCO",-122.42600250244141,37.759849548339844
9481493,2022,2022-08-08,3801,2022-07-15,2305,2425,MISSI,5,5,7,3801,0,0,0,,0,3D16D,"POTRERO AV","20TH ST",0.00,,Y,A,-,N,,,,,,,,,,Y,2,0,4,2,A,-,12,21453,A,N,A,C,A,A,H,-,C,A,0,,,,,Y,,A,01,4,0,0,0,0,0,0,0,0,"- ","- ",,,"SAN FRANCISCO","SAN FRANCISCO",-122.40694427490234,37.759372711181641
9481504,2022,2022-08-10,3801,2022-07-01,1327,1825,SOUTH,5,5,7,3801,0,0,0,,0,3B47,"5TH ST","CLEMENTINA ST",0.00,,Y,A,-,N,,,,,,,,,,Y,3,0,1,2,A,-,09,21800,A,F,D,C,A,A,H,-,A,D,0,,,,,Y,,A,01,0,1,0,0,0,0,0,0,0,"- ","- ",,,"SAN FRANCISCO","SAN FRANCISCO",-122.40390777587891,37.780712127685547
9481506,2022,2022-08-10,3801,2022-07-20,2134,740,MISSI,3,5,7,3801,0,0,0,,0,0D4,"CESAR CHAVEZ ST","SHOTWELL ST",0.00,,Y,A,-,N,,,,,,,,,,Y,4,0,1,2,A,-,12,21453,A,F,D,C,A,A,H,-,C,A,0,,,,,Y,,A,01,0,0,1,0,0,0,0,0,0,"- ","- ",,,"SAN FRANCISCO","SAN FRANCISCO",-122.41490936279297,37.7481689453125
9481510,2022,2022-08-10,3801,2022-07-23,0944,1316,RICHM,6,5,7,3801,0,0,0,,0,3G13A,"4TH AV","CLEMENT ST",109.00,S,N,B,C,N,,,,,,,,,,N,2,0,1,2,A,-,11,21950,B,N,G,B,D,B,H,-,A,D,0,Y,,,,Y,,N,60,1,0,0,0,1,0,0,0,0,"- ","- ",,,"SAN FRANCISCO","SAN FRANCISCO",-122.46225738525391,37.782741546630859
9481515,2022,2022-08-10,3801,2022-07-20,1255,986,TARAV,3,5,7,3801,0,0,0,,0,3I14B,"WEST PORTAL AV","VICENTE ST",0.00,,Y,A,-,N,,,,,,,,,,N,4,0,1,2,D,-,00,,,N,D,C,A,A,H,-,A,A,0,,,,,Y,,-,"- ",0,0,1,0,0,0,0,0,0,"- ","- ",,,"SAN FRANCISCO","SAN FRANCISCO",-122.46701812744141,37.739734649658203