CASE_ID,ACCIDENT_YEAR,PROC_DATE,JURIS,COLLISION_DATE,COLLISION_TIME,OFFICER_ID,REPORTING_DISTRICT,DAY_OF_WEEK,CHP_SHIFT,POPULATION,CNTY_CITY_LOC,SPECIAL_COND,BEAT_TYPE,CHP_BEAT_TYPE,CITY_DIVISION_LAPD,CHP_BEAT_CLASS,BEAT_NUMBER,PRIMARY_RD,SECONDARY_RD,DISTANCE,DIRECTION,INTERSECTION,WEATHER_1,WEATHER_2,STATE_HWY_IND,CALTRANS_COUNTY,CALTRANS_DISTRICT,STATE_ROUTE,ROUTE_SUFFIX,POSTMILE_PREFIX,POSTMILE,LOCATION_TYPE,RAMP_INTERSECTION,SIDE_OF_HWY,TOW_AWAY,COLLISION_SEVERITY,NUMBER_KILLED,NUMBER_INJURED,PARTY_COUNT,PRIMARY_COLL_FACTOR,PCF_CODE_OF_VIOL,PCF_VIOL_CATEGORY,PCF_VIOLATION,PCF_VIOL_SUBSECTION,HIT_AND_RUN,TYPE_OF_COLLISION,MVIW,PED_ACTION,ROAD_SURFACE,ROAD_COND_1,ROAD_COND_2,LIGHTING,CONTROL_DEVICE,CHP_ROAD_TYPE,PEDESTRIAN_ACCIDENT,BICYCLE_ACCIDENT,MOTORCYCLE_ACCIDENT,TRUCK_ACCIDENT,NOT_PRIVATE_PROPERTY,ALCOHOL_INVOLVED,STWD_VEHTYPE_AT_FAULT,CHP_VEHTYPE_AT_FAULT,COUNT_SEVERE_INJ,COUNT_VISIBLE_INJ,COUNT_COMPLAINT_PAIN,COUNT_PED_KILLED,COUNT_PED_INJURED,COUNT_BICYCLIST_KILLED,COUNT_BICYCLIST_INJURED,COUNT_MC_KILLED,COUNT_MC_INJURED,PRIMARY_RAMP,SECONDARY_RAMP,LATITUDE,LONGITUDE,COUNTY,CITY,POINT_X,POINT_Y
9481883,2022,2022-08-08,3801,2022-05-29,0627,624,NORTH,7,5,7,3801,0,0,0,,0,002,"STEINER ST","TURK ST",0.00,,Y,A,-,N,,,,,,,,,,Y,3,0,2,2,A,-,12,21453,A,N,D,C,A,A,-,-,A,A,0,,,Y,,Y,,C,02,0,2,0,0,0,0,0,0,1,"- ","- ",,,"SAN FRANCISCO","SAN FRANCISCO",-122.43376922607422,37.780300140380859
9481887,2022,2022-08-08,3801,2022-04-05,1250,4286,RICHM,2,5,7,3801,0,0,0,,0,0G2,"CLAY ST","MAPLE ST",0.00,,Y,A,-,N,,,,,,,,,,N,3,0,1,2,A,-,09,21802,A,N,D,G,A,A,H,-,A,D,0,,Y,,,Y,,L,04,0,1,0,0,0,0,1,0,0,"- ","- ",,,"SAN FRANCISCO","SAN FRANCISCO",-122.45542907714844,37.788013458251953
9481897,2022,2022-10-05,3801,2022-03-15,2045,4314,RICHM,2,5,7,3801,0,0,0,,0,0G2,"GEARY BL","STANYAN ST",0.00,,N,B,-,N,,,,,,,,,,N,4,0,1,2,A,-,04,21703,,N,C,C,A,A,H,-,C,A,0,,,Y,,Y,,A,01,0,0,1,0,0,0,0,0,1,"- ","- ",,,"SAN FRANCISCO","SAN FRANCISCO",-122.45630645751953,37.781440734863281
94824805,2025,2025-09-01,9335,2025-08-31,1240,024449,,7,1,7,3801,0,1,2,,2,015,"US-101 NORTHBOUD","SOUTH VAN NESS AVENUE",351.00,S,N,A,-,Y,SF,,101," ",R,5.035,H,,R,N,3,0,1,2,A,-,07,21658,A,N,B,C,A,A,H,-,A,D,0,,,Y,,Y,,A,01,0,1,0,0,0,0,0,0,1,"- ","- ",37.769779205322266,-122.41641998291016,"SAN FRANCISCO","SAN FRANCISCO",-122.41642761230469,37.769729614257812
9483461,2022,2022-08-26,3801,2022-07-16,0234,2722,CENTR,6,5,7,3801,0,0,0,,0,3A13E,"COLUMBUS AV","POWELL ST",0.00,,Y,B,-,N,,,,,,,,,,Y,4,0,2,2,A,-,07,21658,A,N,C,E,A,B,H,-,C,A,0,,,,,Y,,A,01,0,0,2,0,0,0,0,0,0,"- ","- ",,,"SAN FRANCISCO","SAN FRANCISCO",-122.41094207763672,37.800838470458984
9483470,2022,2022-08-26,3801,2022-07-14,2146,1252,RICHM,4,5,7,3801,0,0,0,,0,0G4,"BALBOA ST","22ND AV",0.00,,Y,A,-,N,,,,,,,,,,N,4,0,1,2,A,-,09,21802,A,N,D,D,A,A,H,-,C,D,0,,,,,Y,,A,01,0,0,1,0,0,0,0,0,0,"- ","- ",,,"SAN FRANCISCO","SAN FRANCISCO",-122.48126220703125,37.776454925537109
9483558,2022,2022-08-08,3801,2022-06-29,1120,1609,RICHM,3,5,7,3801,0,0,0,,0,3G13C,"GEARY BL","PALM AV",115.00,E,N,B,-,N,,,,,,,,,,N,4,0,1,2,A,-,03,22350,,F,G,B,F,A,H,-,A,D,0,Y,,,,Y,,-,,0,0,1,0,1,0,0,0,0,"- ","- ",,,"SAN FRANCISCO","SAN FRANCISCO",-122.45735168457031,37.781394958496094
9483565,2022,2022-08-08,3801,2022-07-10,0539,1316,RICHM,7,5,7,3801,0,0,0,,0,3G13A,"PARK PRESIDIO BYPASS","CROSSOVER DR",0.00,,Y,A,B,N,,,,,,,,,,Y,4,0,1,2,A,-,08,22107,,F,B,C,A,A,H,-,B,A,0,,,,,Y,,-,,0,0,1,0,0,0,0,0,0,"- ","- ",,,"SAN FRANCISCO","SAN FRANCISCO",-122.47945404052734,37.771183013916016
9483584,2022,2022-08-05,3801,2022-07-17,1853,2379,INGLE,7,5,7,3801,0,0,0,,0,3H13D,"LONDON ST","BRAZIL AV",0.00,,Y,A,-,N,,,,,,,,,,N,4,0,1,2,A,-,07,21658,,F,B,C,A,A,H,-,A,D,0,,,,,Y,,A,01,0,0,1,0,0,0,0,0,0,"- ","- ",,,"SAN FRANCISCO","SAN FRANCISCO",-122.43402099609375,37.724319458007812
9483591,2022,2022-08-05,3801,2022-07-21,0213,1967,NORTH,4,5,7,3801,0,0,0,,0,3E14E,"HAIGHT ST","DIVISADERO ST",0.00,,Y,C,-,N,,,,,,,,,,Y,3,0,1,2,A,-,12,21453,A,F,D,C,A,B,H,-,C,A,0,,,,,Y,,A,01,0,1,0,0,0,0,0,0,0,"- ","- ",,,"SAN FRANCISCO","SAN FRANCISCO",-122.43704223632812,37.771270751953125
9483600,2022,2022-08-05,3801,2022-07-05,1502,2493,PARK,2,5,7,3801,0,0,0,,0,3F13A,"7TH AV","LAWTON ST",0.00,,-,A,-,N,,,,,,,,,,N,2,0,1,2,A,-,17,22517,,N,B,G,A,A,H,-,A,D,0,,Y,,,Y,,A,01,1,0,0,0,0,0,1,0,0,"- ","- ",,,"SAN FRANCISCO","SAN FRANCISCO",-122.46382904052734,37.758537292480469
94862881,2025,2025-09-29,9335,2025-09-24,1705,021390,,3,2,7,3801,0,1,2,,2,013,"US-101 S/B","CORTLAND AVENUE",370.00,S,N,B,-,Y,SF,,101," "," ",2.203,H,,L,Y,3,0,3,5,A,-,21,22106,,N,H,C,A,A,H,-,A,D,0,,,,,Y,,A,01,0,1,2,0,0,0,0,0,0,"- ","- ",37.738571166992188,-122.40812683105469,"SAN FRANCISCO","SAN FRANCISCO",-122.40814971923828,37.738567352294922
94869877,2025,2025-10-02,9335,2025-09-22,2230,024598,,1,3,7,3801,0,1,2,,2,013,"US-101 NORTHBOUND","BAYSHORE BOULEVARD",598.00,S,N,A,-,Y,SF,,101," "," ",2.792,H,,R,N,3,0,2,2,A,-,08,22107,,N,E,8,A,A,H,-,D,D,0,,,,,Y,,A,01,0,2,0,0,0,0,0,0,0,"- ","- ",37.746311187744141,-122.40453338623047,"SAN FRANCISCO","SAN FRANCISCO",-122.40459442138672,37.746322631835938
94890962,2025,2025-10-17,9335,2025-10-08,1413,024050,,3,2,7,3801,0,1,2,,2,011,"US-101 S/B","SAN BRUNO AVE",1000.00,S,N,A,-,Y,SM,,101," "," ",19.720,H,,R,N,4,0,1,2,A,-,03,22350,,N,C,C,A,A,H,-,A,D,0,,,,,Y,,A,07,0,0,1,0,0,0,0,0,0,"- ","- ",37.6219482421875,-122.40010070800781,"SAN FRANCISCO","SAN FRANCISCO",-122.40012359619141,37.621944427490234
94900131,2025,2025-10-24,9335,2025-10-13,1715,022048,,1,2,7,3801,0,1,2,,2,014,"US-101 S/B","23RD STREET",1000.00,N,N,B,C,Y,SF,,101," "," ",3.539,H,,L,N,4,0,2,2,A,-,03,22350,,N,C,C,A,B,H,-,A,D,0,,,,,Y,,A,07,0,0,2,0,0,0,0,0,0,"- ","- ",37.757110595703125,-122.40377807617188,"SAN FRANCISCO","SAN FRANCISCO",-122.40376281738281,37.757114410400391
94901080,2025,2025-10-24,9335,2025-04-20,"308 ",024112,,7,3,7,3801,0,1,2,,2,013,"U.S.-101 SOUTHBOUND","PAUL AVENUE UNDERCROSSING",178.00,S,N,A,-,Y,SF,,101," "," ",1.090,H,,L,Y,1,1,0,2,A,-,03,22350,,N,C,C,A,A,H,-,C,D,0,,,,,Y,,A,01,0,0,0,0,0,0,0,0,0,"- ","- ",37.723300933837891,-122.40110778808594,"SAN FRANCISCO","SAN FRANCISCO",-122.40117645263672,37.723285675048828
94903608,2025,2025-10-27,9335,2025-10-11,"129 ",024116,,6,3,7,3801,0,1,2,,2,013,"US-101 S/B","SILVER AVENUE OVERCROSSING",115.00,N,N,A,-,Y,SF,,101," "," ",1.801,H,,L,N,4,0,2,2,A,-,03,22350,,N,C,C,A,A,H,-,D,D,0,,,,,Y,,J,48,0,0,2,0,0,0,0,0,0,"- ","- ",37.73297119140625,-122.40557098388672,"SAN FRANCISCO","SAN FRANCISCO",-122.40553283691406,37.732982635498047
94907239,2025,2025-10-29,9335,2025-08-11,1458,022860,,1,2,7,3801,0,1,2,,2,014,"US-101 N/B","16TH  STREET",200.00,S,N,A,-,Y,SF,,101," "," ",4.180,H,,R,N,4,0,1,2,A,-,03,22350,,M,C,C,A,A,H,-,A,D,0,,,,,Y,,A,01,0,0,1,0,0,0,0,0,0,"- ","- ",37.765300750732422,-122.40495300292969,"SAN FRANCISCO","SAN FRANCISCO",-122.40493774414062,37.765300750732422
94911983,2025,2025-11-05,9335,2025-10-01,"710 ",024467,,3,1,7,3801,0,1,2,,2,013,"US-101 SOUTHBOUND","FAITH STREET PEDESTRIAN OVERCROSSING",515.00,N,N,A,-,Y,SF,,101," "," ",2.713,H,,L,Y,4,0,2,3,A,-,03,22350,,M,C,C,A,A,H,-,A,D,0,,,,,Y,,A,07,0,0,2,0,0,0,0,0,0,"- ","- ",37.745269775390625,-122.40505218505859,"SAN FRANCISCO","SAN FRANCISCO",-122.40510559082031,37.745285034179688
94916167,2025,2025-11-07,9335,2025-10-23,"845 ",023118,,4,1,7,3801,0,1,2,,2,014,"US-101 S/B","23RD STREET",265.00,S,N,A,-,Y,SF,,101," "," ",3.310,H,,L,N,4,0,1,2,A,-,03,22350,,N,C,C,A,A,H,-,A,D,0,,,,,Y,,A,01,0,0,1,0,0,0,0,0,0,"- ","- ",37.753711700439453,-122.40303039550781,"SAN FRANCISCO","SAN FRANCISCO",-122.40306854248047,37.753707885742188
94920078,2025,2025-11-11,9335,2025-10-19,"239 ",024116,,7,3,7,3801,0,1,1,,1,083,"I-80 E/B FROM 1ST STREET","HARRISON STREET",310.00,S,N,A,-,Y,SF,,80," "," ",5.577,H,,R,Y,2,0,3,1,A,-,01,23152,G,N,E,I,A,A,H,-,C,D,0,,,,,Y,Y,A,01,1,1,1,0,0,0,0,0,0,"- ","- ",37.785358428955078,-122.39227294921875,"SAN FRANCISCO","SAN FRANCISCO",-122.39215087890625,37.78521728515625
94928566,2025,2025-11-13,9335,2025-10-31,1505,024050,,5,2,7,3801,0,1,1,,2,022,"I-280 N/B","SAN JOSE AVENUE OVERCROSSING",27.00,S,N,A,-,Y,SF,,280," ",R,1.448,H,,R,Y,4,0,1,3,A,-,03,22350,,N,C,C,A,A,H,-,A,D,0,,,,,Y,,A,01,0,0,1,0,0,0,0,0,0,"- ","- ",37.718410491943359,-122.44830322265625,"SAN FRANCISCO","SAN FRANCISCO",-122.44841003417969,37.718418121337891
94931357,2025,2025-11-14,9335,2025-11-03,1600,020999,,1,2,7,3801,0,1,1,,1,083,"I-80 E/B","TREASURE ISLAND ROAD",700.00,W,N,A,-,Y,SF,,80," "," ",7.588,H,,R,N,4,0,1,3,A,-,03,22350,,M,C,C,A,A,H,-,A,D,0,,,,,Y,,-,99,0,0,1,0,0,0,0,0,0,"- ","- ",37.807621002197266,-122.36797332763672,"SAN FRANCISCO","SAN FRANCISCO",-122.36772918701172,37.807456970214844
94934606,2025,2025-11-18,9335,2025-10-26,"140 ",024277,,7,3,7,3801,0,1,1,,1,083,"I-80 E/B","TREASURE ISLAND ROAD",1901.00,W,N,A,-,Y,SF,,80," "," ",7.362,H,,R,Y,2,0,1,2,A,-,01,23152,A,N,C,C,A,A,H,-,C,D,0,,,,,Y,Y,A,01,1,0,0,0,0,0,0,0,0,"- ","- ",37.805068969726562,-122.37065887451172,"SAN FRANCISCO","SAN FRANCISCO",-122.37043762207031,37.804920196533203
94943208,2025,2025-11-24,9335,2025-11-13,"544 ",024823,,4,3,7,3801,0,1,1,,1,083,"I-80 E/B","BEALE STREET",561.00,W,N,B,C,Y,SF,,80," "," ",5.612,H,,R,Y,4,0,1,3,A,-,03,22350,,N,C,2,A,B,H,-,D,D,0,,,,,Y,,D,22,0,0,1,0,0,0,0,0,0,"- ","- ",37.785610198974609,-122.3917236328125,"SAN FRANCISCO","SAN FRANCISCO",-122.39162445068359,37.785491943359375
94946157,2025,2026-01-12,9335,2025-11-01,"335 ",023860,,6,3,7,3801,0,1,1,,1,083,"I-80 E/B","NORTHGATE ROAD",3168.00,E,N,A,-,Y,SF,,80," ",R,8.709,H,,R,Y,3,0,7,2,A,-,01,23152,A,N,C,C,A,A,H,-,C,D,0,,,,,Y,Y,A,01,0,7,0,0,0,0,0,0,0,"- ","- ",37.81829833984375,-122.35244750976562,"SAN FRANCISCO","SAN FRANCISCO",-122.35240936279297,37.8182373046875
94955814,2025,2025-12-03,9350,2025-11-24,"950 ",023069,,1,1,7,3801,0,1,2,,1,120,"US-101 S/B","LINCOLN BLVD U/C",475.00,N,N,A,-,Y,,,,,,,,,,Y,4,0,1,1,A,-,08,22107,,N,E,I,A,D,H,-,A,A,0,,,,,Y,,A,07,0,0,1,0,0,0,0,0,0,"- ","- ",37.807258605957031,-122.4757080078125,"SAN FRANCISCO","SAN FRANCISCO",-122.47480773925781,37.806438446044922
94960181,2025,2025-12-08,9335,2025-11-17,"915 ",024535,,1,1,7,3801,0,1,2,,2,014,"US-101 N/B","23RD STREET",2270.00,N,N,A,-,Y,SF,,101," "," ",3.821,H,,R,N,3,0,1,3,A,-,03,22350,,N,C,C,A,B,H,-,A,D,0,,,Y,Y,Y,,C,02,0,1,0,0,0,0,0,0,1,"- ","- ",37.760288238525391,-122.40625762939453,"SAN FRANCISCO","SAN FRANCISCO",-122.40630340576172,37.760288238525391
94968603,2025,2025-12-11,9335,2025-12-01,1615,023558,,1,2,7,3801,0,1,1,,2,080,"I-80 W/B","7TH STREET UNDERCROSSING",150.00,E,N,A,-,Y,SF,,80," "," ",4.528,H,,L,N,4,0,3,4,A,-,08,22107,,N,B,I,A,A,H,-,A,D,0,,,,,Y,,A,01,0,0,3,0,0,0,0,0,0,"- ","- ",37.775760650634766,-122.40577697753906,"SAN FRANCISCO","SAN FRANCISCO",-122.40569305419922,37.77569580078125
94970469,2025,2025-12-15,9335,2025-11-08,"121 ",024128,,6,3,7,3801,0,1,2,,2,014,"US-101 N/B","22ND STREET PEDESTRIAN OVERCROSSING",57.00,S,N,A,-,Y,SF,,101," "," ",3.510,H,,R,Y,3,0,2,2,A,-,08,22107,,N,B,2,A,A,H,-,C,D,0,,,,,Y,,A,07,0,2,0,0,0,0,0,0,0,"- ","- ",37.756721496582031,-122.40338134765625,"SAN FRANCISCO","SAN FRANCISCO",-122.40331268310547,37.756740570068359
94976743,2025,2025-12-18,9335,2025-10-31,"506 ",024297,,5,3,7,3801,0,1,2,,2,013,"US-101 SOUTHBOUND","3RD STREET OVERCROSSING",455.00,S,N,A,-,Y,SF,,101," "," ",0.457,H,,L,Y,1,1,0,2,A,-,11,21954,A,N,G,B,E,A,H,-,E,D,0,Y,,,,Y,,N,60,0,0,0,1,0,0,0,0,0,"- ","- ",37.714458465576172,-122.39779663085938,"SAN FRANCISCO","SAN FRANCISCO",-122.39772033691406,37.714500427246094
94978273,2025,2025-12-18,9335,2025-12-07,1335,024878,,7,1,7,3801,0,1,2,,2,013,"US-101 S/B TO SILVER AVENUE","SILVER AVENUE OVERCROSSING",409.00,S,N,A,-,Y,SF,,101," "," ",1.687,H,,L,N,4,0,1,2,C,-,18,,,N,C,C,A,A,H,-,A,A,0,,,,,Y,,-,"- ",0,0,1,0,0,0,0,0,0,"- ","- ",37.731430053710938,-122.40484619140625,"SAN FRANCISCO","SAN FRANCISCO",-122.40464782714844,37.731487274169922
94982837,2025,2025-12-23,9335,2025-12-01,"215 ",024179,,1,3,7,3801,0,1,1,,2,022,"I-280 SOUTHBOUND","SICKLES AVENUE UNDERCROSSING",915.00,S,N,B,-,Y,SF,,280," ",R,0.608,H,,L,Y,2,0,2,2,A,-,08,22107,,N,E,8,A,A,H,-,D,D,0,,,,,Y,Y,A,07,1,1,0,0,0,0,0,0,0,"- ","- ",37.710678100585938,-122.45883178710938,"SAN FRANCISCO","SAN FRANCISCO",-122.45883178710938,37.710609436035156
94997949,2025,2026-01-05,9335,2025-12-22,1724,021588,,1,2,7,3801,0,1,2,,2,013,"US-101 S/B","SOUTH VAN NESS AVENUE",20.00,N,N,B,-,Y,SF,,101," ",R,5.116,H,,L,Y,4,0,1,3,A,-,03,22350,,M,C,C,A,B,H,-,C,D,0,,,,,Y,,A,01,0,0,1,0,0,0,0,0,0,"- ","- ",37.769748687744141,-122.41795349121094,"SAN FRANCISCO","SAN FRANCISCO",-122.41793823242188,37.769783020019531
95018174,2025,2026-01-19,9335,2025-12-24,2340,024128,,3,3,7,3801,0,1,1,,2,023,"I-280 S/B","SAINT MARY'S PARK FOOTBRIDGE",902.00,N,N,B,C,Y,SF,,280," ",R,3.699,H,,L,Y,4,0,1,1,A,-,01,23152,A,N,E,I,A,B,H,-,C,D,0,,,,,Y,Y,D,22,0,0,1,0,0,0,0,0,0,"- ","- ",37.732101440429688,-122.41755676269531,"SAN FRANCISCO","SAN FRANCISCO",-122.41756439208984,37.732021331787109
9502404,2022,2022-12-13,3801,2022-06-10,1425,2089,TENDE,5,5,7,3801,0,0,0,,0,COJ2CA,"MARKET ST","4TH ST",0.00,,Y,A,-,N,,,,,,,,,,N,3,0,1,2,A,-,08,22101,D,N,F,C,A,A,H,-,A,A,0,,Y,,,Y,,L,04,0,1,0,0,0,0,1,0,0,"- ","- ",,,"SAN FRANCISCO","SAN FRANCISCO",-122.40589141845703,37.785697937011719
9502641,2022,2022-10-31,3801,2022-05-04,0800,4313,RICHM,3,5,7,3801,0,0,0,,0,0G3,"GEARY BL","3RD AV",0.00,,Y,A,-,N,,,,,,,,,,Y,4,0,1,2,A,-,17,21655,,N,D,C,A,A,H,-,A,A,0,,,,,Y,,A,01,0,0,1,0,0,0,0,0,0,"- ","- ",,,"SAN FRANCISCO","SAN FRANCISCO",-122.46106719970703,37.781227111816406
9502644,2022,2022-10-05,3801,2022-05-05,0938,2402,TARAV,4,5,7,3801,0,0,0,,0,3I13A,"SUNSET BL","JUDAH ST",0.00,,Y,B,-,N,,,,,,,,,,N,4,0,2,3,A,-,03,22350,,N,D,C,A,A,H,-,A,A,0,,,,,Y,,A,01,0,0,2,0,0,0,0,0,0,"- ","- ",,,"SAN FRANCISCO","SAN FRANCISCO",-122.49583435058594,37.760860443115234
9502647,2022,2022-10-05,3801,2022-05-25,2303,2463,SOUTH,3,5,7,3801,0,0,0,,0,3B11E,"THE EMBACADERO","FOLSOM ST",225.00,S,N,A,-,N,,,,,,,,,,N,3,0,1,2,A,-,00,21408,A,N,D,C,A,A,H,-,C,D,0,,,Y,,Y,,A,01,0,1,0,0,0,0,0,0,1,"- ","- ",,,"SAN FRANCISCO","SAN FRANCISCO",-122.38961029052734,37.790321350097656
9502973,2022,2022-09-29,3801,2022-08-22,1557,654,PARK,1,5,7,3801,0,0,0,,0,3F13D,"HAYES ST","COLE ST",0.00,,Y,A,-,N,,,,,,,,,,N,3,0,1,2,D,-,00,,,N,D,C,A,A,H,-,A,A,0,,,Y,,Y,,-,"- ",0,1,0,0,0,0,0,0,1,"- ","- ",,,"SAN FRANCISCO","SAN FRANCISCO",-122.45095825195312,37.773334503173828
9503055,2022,2022-09-21,3801,2022-08-19,0929,1118,SOUTH,5,5,7,3801,0,0,0,,0,3B14A,"BRANNAN ST","6TH ST",296.00,E,N,A,-,N,,,,,,,,,,Y,2,0,6,2,A,-,08,22102,,N,D,C,A,A,H,-,A,D,0,,,,,Y,,A,01,1,0,5,0,0,0,0,0,0,"- ","- ",,,"SAN FRANCISCO","SAN FRANCISCO",-122.40026092529297,37.775424957275391
9503060,2022,2022-11-03,3801,2022-08-18,0840,1057,NORTH,4,5,7,3801,0,0,0,,0,3E13A,"FULTON ST","FILLMORE ST",0.00,,Y,A,-,N,,,,,,,,,,N,4,0,1,1,A,-,03,22350,,N,-,A,A,A,H,-,A,A,0,,Y,,,Y,,L,04,0,0,1,0,0,0,1,0,0,"- ","- ",,,"SAN FRANCISCO","SAN FRANCISCO",-122.43155670166016,37.777690887451172
9503077,2022,2022-09-22,3801,2022-08-23,2100,101,INGLE,2,5,7,3801,0,0,0,,0,3H15E,"MISSION ST","POPE ST",0.00,,-,A,-,N,,,,,,,,,,Y,3,0,1,2,A,-,03,22350,,F,B,E,A,A,H,-,C,D,0,,,,,Y,Y,-,,0,1,0,0,0,0,0,0,0,"- ","- ",,,"SAN FRANCISCO","SAN FRANCISCO",-122.44183349609375,37.715427398681641
9503080,2022,2022-10-10,3801,2022-08-23,1644,893,INGLE,2,5,7,3801,0,0,0,,0,3H15D,"TRUMBULL ST","CONGDON ST",0.00,,Y,A,-,N,,,,,,,,,,Y,3,0,2,2,A,-,09,21802,A,N,D,C,A,A,H,-,A,A,0,,,,,Y,,A,01,0,2,0,0,0,0,0,0,0,"- ","- ",,,"SAN FRANCISCO","SAN FRANCISCO",-122.42615509033203,37.730899810791016
9503098,2022,2022-09-21,3801,2022-08-05,1750,4274,RICHM,5,5,7,3801,0,0,0,,0,3G13C,"MARTIN LUTHER KING JR DR","CROSSOVER DR",108.00,E,N,A,-,N,,,,,,,,,,N,3,0,1,2,D,-,00,,,N,B,G,A,A,H,-,A,D,0,,,,,Y,,-,"- ",0,1,0,0,0,0,0,0,0,"- ","- ",,,"SAN FRANCISCO","SAN FRANCISCO",-122.47701263427734,37.766101837158203
9503105,2022,2022-11-03,3801,2022-08-09,1755,1644,TENDE,2,5,7,3801,0,0,0,,0,3J12D,"6TH ST","6TH ST 88",0.00,,N,A,-,N,,,,,,,,,,N,3,0,1,2,D,-,00,,,N,B,C,A,A,H,-,A,A,0,,,Y,,Y,,-,"- ",0,1,0,0,0,0,0,0,1,"- ","- ",,,"SAN FRANCISCO","SAN FRANCISCO",-122.408911,37.781123999999998
9503107,2022,2022-09-21,3801,2022-08-14,1455,2491,SOUTH,7,5,7,3801,0,0,0,,0,3B14D,"3RD ST","BRYANT ST",0.00,,Y,A,-,N,,,,,,,,,,N,4,0,1,2,A,-,08,22107,,N,B,C,A,A,H,-,A,A,0,,,,,Y,,A,07,0,0,1,0,0,0,0,0,0,"- ","- ",,,"SAN FRANCISCO","SAN FRANCISCO",-122.39585113525391,37.781307220458984
9503112,2022,2022-10-11,3801,2022-08-11,2120,1350,BAYVI,4,5,7,3801,0,0,0,,0,3C13E,"AMADOR ST","ILLINOIS ST",0.00,,Y,A,-,N,,,,,,,,,,N,4,0,1,2,A,-,12,21453,A,N,D,-,A,A,H,-,C,A,0,,Y,,,Y,,-,"- ",0,0,1,0,0,0,1,0,0,"- ","- ",,,"SAN FRANCISCO","SAN FRANCISCO",-122.38603973388672,37.745765686035156
9503125,2022,2022-09-21,3801,2022-07-30,0129,1574,INGLE,6,5,7,3801,0,0,0,,0,3H15E,"SAN JOSE AV","SENECA AV",0.00,,Y,A,-,N,,,,,,,,,,,3,0,1,1,A,-,03,22350,,M,E,I,A,B,H,-,C,A,0,,,,,Y,,A,01,0,1,0,0,0,0,0,0,0,"- ","- ",,,"SAN FRANCISCO","SAN FRANCISCO",-122.44585418701172,37.721637725830078
9503152,2022,2022-09-19,3801,2022-07-28,1455,301,INGLE,4,5,7,3801,0,0,0,,0,3H13C,"GENEVA AV","SAN JOSE AV",265.00,W,N,B,-,N,,,,,,,,,,Y,4,0,2,2,C,-,18,,,N,A,C,A,A,H,-,A,A,0,,,,,Y,Y,-,"- ",0,0,2,0,0,0,0,0,0,"- ","- ",,,"SAN FRANCISCO","SAN FRANCISCO",-122.44744873046875,37.721061706542969
9503153,2022,2022-09-19,3801,2022-07-28,1609,2342,NORTH,4,5,7,3801,0,0,0,,0,3E14D,"PINE ST","VAN NESS AV",0.00,,Y,A,-,N,,,,,,,,,,Y,4,0,1,2,A,-,08,22107,,N,B,C,A,A,H,-,A,D,0,,,,,Y,,A,01,0,0,1,0,0,0,0,0,0,"- ","- ",,,"SAN FRANCISCO","SAN FRANCISCO",-122.42209625244141,37.789417266845703
9503162,2022,2022-09-20,3801,2022-07-29,2050,359,TARAV,5,5,7,3801,0,0,0,,0,312D,"MORAGA ST","33RD AV",0.00,,Y,E,-,N,,,,,,,,,,Y,4,0,1,2,A,-,09,21800,A,N,D,C,A,B,H,-,C,A,0,,,,,Y,,A,01,0,0,1,0,0,0,0,0,0,"- ","- ",,,"SAN FRANCISCO","SAN FRANCISCO",-122.49160766601562,37.755451202392578
9503164,2022,2022-09-29,3801,2022-07-27,2040,426,NORTH,3,5,7,3801,0,0,0,,0,,"GOUGH ST","GEARY BL",0.00,,Y,A,-,N,,,,,,,,,,N,4,0,1,2,A,-,08,22107,,F,B,C,A,A,H,-,C,A,0,,,,,Y,,A,01,0,0,1,0,0,0,0,0,0,"- ","- ",,,"SAN FRANCISCO","SAN FRANCISCO",-122.42469024658203,37.785411834716797
9503166,2022,2022-09-28,3801,2022-07-11,1252,2405,TENDE,1,5,7,3801,0,0,0,,0,,"ELLIS ST","POWELL ST",35.00,,N,A,-,N,,,,,,,,,,N,4,0,2,2,A,-,04,21703,,N,C,C,A,A,-,-,A,D,0,,,,,Y,,-,"- ",0,0,2,0,0,0,0,0,0,"- ","- ",,,"SAN FRANCISCO","SAN FRANCISCO",-122.40782928466797,37.785499572753906