CASE_ID,ACCIDENT_YEAR,PROC_DATE,JURIS,COLLISION_DATE,COLLISION_TIME,OFFICER_ID,REPORTING_DISTRICT,DAY_OF_WEEK,CHP_SHIFT,POPULATION,CNTY_CITY_LOC,SPECIAL_COND,BEAT_TYPE,CHP_BEAT_TYPE,CITY_DIVISION_LAPD,CHP_BEAT_CLASS,BEAT_NUMBER,PRIMARY_RD,SECONDARY_RD,DISTANCE,DIRECTION,INTERSECTION,WEATHER_1,WEATHER_2,STATE_HWY_IND,CALTRANS_COUNTY,CALTRANS_DISTRICT,STATE_ROUTE,ROUTE_SUFFIX,POSTMILE_PREFIX,POSTMILE,LOCATION_TYPE,RAMP_INTERSECTION,SIDE_OF_HWY,TOW_AWAY,COLLISION_SEVERITY,NUMBER_KILLED,NUMBER_INJURED,PARTY_COUNT,PRIMARY_COLL_FACTOR,PCF_CODE_OF_VIOL,PCF_VIOL_CATEGORY,PCF_VIOLATION,PCF_VIOL_SUBSECTION,HIT_AND_RUN,TYPE_OF_COLLISION,MVIW,PED_ACTION,ROAD_SURFACE,ROAD_COND_1,ROAD_COND_2,LIGHTING,CONTROL_DEVICE,CHP_ROAD_TYPE,PEDESTRIAN_ACCIDENT,BICYCLE_ACCIDENT,MOTORCYCLE_ACCIDENT,TRUCK_ACCIDENT,NOT_PRIVATE_PROPERTY,ALCOHOL_INVOLVED,STWD_VEHTYPE_AT_FAULT,CHP_VEHTYPE_AT_FAULT,COUNT_SEVERE_INJ,COUNT_VISIBLE_INJ,COUNT_COMPLAINT_PAIN,COUNT_PED_KILLED,COUNT_PED_INJURED,COUNT_BICYCLIST_KILLED,COUNT_BICYCLIST_INJURED,COUNT_MC_KILLED,COUNT_MC_INJURED,PRIMARY_RAMP,SECONDARY_RAMP,LATITUDE,LONGITUDE,COUNTY,CITY,POINT_X,POINT_Y
9522324,2022,2022-12-20,3801,2022-11-19,1305,2401,MISSI,6,5,7,3801,0,0,0,,0,3D15A,"S VAN NESS AV","16TH ST",0.00,,Y,A,-,N,,,,,,,,,,Y,4,0,1,2,A,-,09,21804,,N,D,C,A,A,H,-,A,A,0,,,,,Y,,A,01,0,0,1,0,0,0,0,0,0,"- ","- ",,,"SAN FRANCISCO","SAN FRANCISCO",-122.41748809814453,37.765178680419922
9522325,2022,2022-12-20,3801,2022-11-18,1030,1477,MISSI,5,5,7,3801,0,0,0,,0,3D13A,"20TH ST","HARRISON ST",0.00,,Y,A,-,N,,,,,,,,,,Y,4,0,2,2,A,-,12,22450,A,N,D,C,A,A,H,-,A,A,0,,,,,Y,,A,01,0,0,2,0,0,0,0,0,0,"- ","- ",,,"SAN FRANCISCO","SAN FRANCISCO",-122.41255187988281,37.759033203125
9522327,2022,2023-01-06,3801,2022-11-10,1732,830,MISSI,4,5,7,3801,0,0,0,,0,3D16C,"S VAN NESS AV","13TH ST",50.00,S,N,A,-,Y,SF,4,101,-,T,4.430,H,-,S,N,2,0,1,2,A,-,08,22107,,F,B,C,A,A,-,-,C,A,0,,,Y,,Y,,-,99,1,0,0,0,0,0,0,0,1,"- ","- ",,,"SAN FRANCISCO","SAN FRANCISCO",-122.41790008544922,37.769432067871094
9522328,2022,2022-12-19,3801,2022-11-19,1806,1166,INGLE,6,5,7,3801,0,0,0,,0,3H16D,"SUNNYDALE AV","HAHN ST",0.00,,Y,A,-,N,,,,,,,,,,N,4,0,1,2,A,-,12,22450,A,F,G,B,B,A,H,-,C,D,0,Y,,,,Y,,A,07,0,0,1,0,1,0,0,0,0,"- ","- ",,,"SAN FRANCISCO","SAN FRANCISCO",-122.41603088378906,37.711925506591797
9522337,2022,2022-12-20,3801,2022-10-08,1915,577,TARAV,6,5,7,3801,0,0,0,,0,0I6,"GENEVA AV","HOWTH ST",0.00,,Y,C,-,N,,,,,,,,,,Y,3,0,2,2,A,-,09,21801,A,N,D,C,A,B,H,-,C,A,0,,,,,Y,,A,01,0,1,1,0,0,0,0,0,0,"- ","- ",,,"SAN FRANCISCO","SAN FRANCISCO",-122.45011901855469,37.722076416015625
9522344,2022,2022-12-29,3801,2022-11-15,1433,2493,PARK,2,5,7,3801,0,0,0,,0,3F13A,"1380 FELL ST","BAKER ST",0.00,E,N,A,-,N,,,,,,,,,,N,3,0,1,2,A,-,08,22107,,N,H,A,A,A,H,-,A,D,0,,,,,Y,,A,01,0,1,0,0,0,0,0,0,0,"- ","- ",,,"SAN FRANCISCO","SAN FRANCISCO",-122.44093322753906,37.77362060546875
9522351,2022,2022-12-19,3801,2022-11-15,1509,1897,INGLE,2,5,7,3801,0,0,0,,0,3H117,"MISSION ST","NORTON ST",0.00,,Y,A,-,N,,,,,,,,,,N,4,0,1,2,A,-,10,21950,C,N,G,B,B,A,H,-,A,A,0,Y,,,,Y,,A,01,0,0,1,0,1,0,0,0,0,"- ","- ",37.724590301513672,-122.43492889404297,"SAN FRANCISCO","SAN FRANCISCO",-122.43489837646484,37.724597930908203
9522359,2022,2022-12-19,3801,2022-11-04,2212,246,TARAV,5,5,7,3801,0,0,0,,0,6CAR,"ALEMANY BL","SAN JOSE BL",0.00,,Y,A,-,N,,,,,,,,,,Y,4,0,1,1,A,-,03,22350,,N,E,I,A,A,H,-,C,A,0,,,,,Y,,A,01,0,0,1,0,0,0,0,0,0,"- ","- ",,,"SAN FRANCISCO","SAN FRANCISCO",-122.45709991455078,37.710071563720703
9522370,2022,2022-12-28,3801,2022-11-24,0000,1660,SOUTH,4,5,7,3801,0,0,0,,0,3B12E,"MISSION ST","WASHBURN ST",0.00,,Y,A,-,N,,,,,,,,,,N,4,0,1,2,A,-,11,21954,A,N,G,B,D,B,H,-,C,A,0,Y,,,,Y,,N,60,0,0,1,0,1,0,0,0,0,"- ","- ",,,"SAN FRANCISCO","SAN FRANCISCO",-122.41513824462891,37.775890350341797
9522397,2022,2022-12-12,3801,2022-10-30,1314,1680,MISSI,7,5,7,3801,0,0,0,,0,3D12C,"MARKET ST","PORTOLA DR",0.00,,Y,A,-,N,,,,,,,,,,Y,3,0,2,2,A,-,09,21801,A,N,A,C,A,A,H,-,A,A,0,,,,,Y,,A,01,0,1,1,0,0,0,0,0,0,"- ","- ",,,"SAN FRANCISCO","SAN FRANCISCO",-122.44338226318359,37.750057220458984
9522398,2022,2022-12-12,3801,2022-10-30,1232,327,MISSI,7,5,7,3801,0,0,0,,0,3D12C,"16TH ST","VALENCIA ST",101.00,W,N,A,-,N,,,,,,,,,,N,4,0,1,2,A,-,03,22350,,N,H,-,A,A,H,-,A,D,0,,,Y,,Y,,C,02,0,0,1,0,0,0,0,0,1,"- ","- ",,,"SAN FRANCISCO","SAN FRANCISCO",-122.4222412109375,37.764888763427734
9522562,2022,2022-12-22,3801,2022-11-01,0110,2461,MISSI,2,5,7,3801,0,0,0,,0,3D11E,"MARKET ST","DIAMOND ST",15.00,W,N,B,-,N,,,,,,,,,,Y,4,0,1,1,A,-,03,22350,,N,E,I,A,B,H,-,C,A,0,,,,,Y,,A,01,0,0,1,0,0,0,0,0,0,"- ","- ",,,"SAN FRANCISCO","SAN FRANCISCO",-122.43734741210938,37.761890411376953
9522567,2022,2022-12-22,3801,2022-08-25,2314,1833,NORTH,4,5,7,3801,0,0,0,,0,3E12E,"WEBSTER ST","FULTON ST",0.00,,Y,A,-,N,,,,,,,,,,N,2,0,1,1,A,-,03,22350,,N,F,A,A,A,A,-,C,A,0,,Y,,,Y,,L,04,1,0,0,0,0,0,1,0,0,"- ","- ",,,"SAN FRANCISCO","SAN FRANCISCO",-122.42990875244141,37.777912139892578
9531000,2022,2023-01-10,3801,2022-11-20,1432,2400,BAYVI,7,5,7,3801,0,0,0,,0,4CAR,"WOOLSEY ST","SAN BRUNO AVE",6.00,W,N,A,-,N,,,,,,,,,,N,3,0,1,2,A,-,10,21950,A,N,G,B,B,A,H,-,A,A,0,Y,,,,Y,,D,22,0,1,0,0,1,0,0,0,0,"- ","- ",,,"SAN FRANCISCO","SAN FRANCISCO",-122.40262603759766,37.725234985351562
9531027,2022,2022-12-21,3801,2022-11-03,1935,887,,4,5,7,3801,0,0,0,,0,3E15E,"FILLMORE ST","EDDY ST",0.00,,Y,A,-,N,,,,,,,,,,Y,4,0,1,2,A,-,12,21453,A,F,D,D,A,A,-,-,C,A,0,,,,,Y,,D,23,0,0,1,0,0,0,0,0,0,"- ","- ",,,"SAN FRANCISCO","SAN FRANCISCO",-122.43231964111328,37.781425476074219
9531183,2022,2022-12-13,3801,2022-09-12,0011,2457,SOUTH,1,5,7,3801,0,0,0,,0,3B13E,"MISSION ST","1ST ST",0.00,,Y,A,-,N,,,,,,,,,,Y,4,0,1,2,A,-,12,21453,A,N,D,C,A,A,H,-,C,A,0,,,Y,,Y,,C,02,0,0,1,0,0,0,0,0,1,"- ","- ",,,"SAN FRANCISCO","SAN FRANCISCO",-122.39756774902344,37.789775848388672
9531190,2022,2022-12-22,3801,2022-11-26,0036,1574,INGLE,6,5,7,3801,0,0,0,,0,3H15E,"SAN JOSE AV","BADEN ST",0.00,,Y,A,-,N,,,,,,,,,,N,3,0,1,2,A,-,08,22107,,N,E,E,A,A,H,-,C,D,0,,Y,,,Y,Y,L,04,0,1,0,0,0,0,1,0,0,"- ","- ",,,"SAN FRANCISCO","SAN FRANCISCO",-122.43900299072266,37.729621887207031
9531196,2022,2022-12-22,3801,2022-11-05,1841,2355,TARAV,6,5,7,3801,0,0,0,,0,0I3,"32ND AV","JUDAH ST",0.00,,Y,F,-,N,,,,,,,,,,Y,4,0,1,3,A,-,09,21800,A,N,D,C,A,B,H,-,C,A,0,,,,,Y,,A,01,0,0,1,0,0,0,0,0,0,"- ","- ",,,"SAN FRANCISCO","SAN FRANCISCO",-122.49092102050781,37.761085510253906
9531199,2022,2022-12-22,3801,2022-11-02,1013,1826,CENTR,3,5,7,3801,0,0,0,,0,03C,"NORTH POINT ST","JONES ST",135.00,E,N,A,-,N,,,,,,,,,,N,4,0,1,2,A,-,17,21209,,N,B,G,A,A,H,-,A,D,0,,Y,,,Y,,-,,0,0,1,0,0,0,1,0,0,"- ","- ",,,"SAN FRANCISCO","SAN FRANCISCO",-122.41664123535156,37.806209564208984
9531233,2022,2022-12-20,3801,2022-11-25,1623,654,PARK,5,5,7,3801,0,0,0,,0,3F13D,"HAIGHT ST","BAKER ST",0.00,,Y,A,-,N,,,,,,,,,,N,4,0,2,2,A,-,09,21801,A,N,D,C,A,A,H,-,A,A,0,,,,,Y,,A,01,0,0,2,0,0,0,0,0,0,"- ","- ",,,"SAN FRANCISCO","SAN FRANCISCO",-122.44032287597656,37.770847320556641
9531343,2022,2022-12-29,3801,2022-11-09,1558,4047,MISSI,3,5,7,3801,0,0,0,,0,3D16D,"DIVISION ST","BRANNAN ST",0.00,,Y,A,-,N,,,,,,,,,,Y,4,0,1,2,-,-,"- ",,,N,D,C,A,A,H,-,A,A,0,,,,,Y,,-,"- ",0,0,1,0,0,0,0,0,0,"- ","- ",,,"SAN FRANCISCO","SAN FRANCISCO",-122.40788269042969,37.769218444824219
9531350,2022,2022-12-19,3801,2022-11-15,1548,4212,PARK,2,5,7,3801,0,0,0,,0,3F12D,"PARNASSUS AV","4TH AV",0.00,,Y,A,-,N,,,,,,,,,,N,3,0,1,2,A,-,10,21950,A,N,G,B,B,A,H,-,A,D,0,Y,,,,Y,,A,01,0,1,0,0,1,0,0,0,0,"- ","- ",,,"SAN FRANCISCO","SAN FRANCISCO",-122.46089935302734,37.762649536132812
9531444,2022,2022-11-14,3801,2022-10-29,2002,875,CENTR,6,5,7,3801,0,0,0,,0,3A12D,"SUTTER ST","POWELL ST",5.00,S,N,A,-,N,,,,,,,,,,N,3,0,1,2,A,-,08,22107,,N,B,C,A,A,H,-,C,A,0,,,Y,,Y,,C,03,0,1,0,0,0,0,0,0,1,"- ","- ",,,"SAN FRANCISCO","SAN FRANCISCO",-122.40863037109375,37.789226531982422
9531551,2022,2022-11-07,3801,2022-08-08,1552,1427,TENDE,1,5,7,3801,0,0,0,,0,3J11D,"8TH ST","STEVENSON ALLEY",15.00,E,N,A,-,N,,,,,,,,,,N,4,0,1,2,A,-,11,21950,B,N,A,B,D,A,H,-,A,D,0,Y,,,,Y,,N,60,0,0,1,0,1,0,0,0,0,"- ","- ",,,"SAN FRANCISCO","SAN FRANCISCO",-122.41411590576172,37.778221130371094
9531558,2022,2022-11-15,3801,2022-06-20,0927,4277,BAYVI,1,5,7,3801,0,0,0,,0,3C00,"25TH ST","MINNESOTA ST",0.00,,Y,A,-,N,,,,,,,,,,N,4,0,1,2,A,-,12,22450,A,N,D,C,A,A,H,-,A,A,0,,,,,Y,,A,01,0,0,1,0,0,0,0,0,0,"- ","- ",,,"SAN FRANCISCO","SAN FRANCISCO",-122.38973999023438,37.752731323242188
9531875,2022,2022-11-16,3801,2022-06-24,0900,1273,CENTR,5,5,7,3801,0,0,0,,0,3A11A,"TAYLOR ST","POST ST",0.00,,Y,A,-,N,,,,,,,,,,N,4,0,1,2,A,-,10,21950,A,N,G,B,B,A,H,-,A,A,0,Y,,,,Y,,A,01,0,0,1,0,1,0,0,0,0,"- ","- ",,,"SAN FRANCISCO","SAN FRANCISCO",-122.41169738769531,37.787860870361328
9531895,2022,2022-11-21,3801,2022-09-27,1710,790,RICHM,2,5,7,3801,0,0,0,,0,004,"CLEMENT ST","29TH AV",0.00,,Y,A,-,N,,,,,,,,,,N,4,0,1,2,A,-,10,21950,,N,G,B,B,-,H,-,A,A,0,Y,,,,Y,,A,07,0,0,1,0,1,0,0,0,0,"- ","- ",,,"SAN FRANCISCO","SAN FRANCISCO",-122.48914337158203,37.781810760498047
9531969,2022,2022-11-30,3801,2022-10-03,0949,2202,INGLE,1,5,7,3801,0,0,0,,0,3H14A,"MISSION ST","PERSIA AV",0.00,,Y,A,-,N,,,,,,,,,,N,3,0,1,2,A,-,11,21453,D,N,G,B,B,A,H,-,A,A,0,Y,,,Y,Y,,N,60,0,1,0,0,1,0,0,0,0,"- ","- ",,,"SAN FRANCISCO","SAN FRANCISCO",-122.43596649169922,37.723140716552734
9532108,2022,2022-11-15,3801,2022-05-17,0104,2303,PARK,2,5,7,3801,0,0,0,,0,1CAR,"LINCOLN WY","3RD AV",0.00,,Y,A,-,N,,,,,,,,,,Y,2,0,1,1,A,-,03,22350,,N,A,I,A,A,H,-,C,D,0,,,,,Y,,A,01,1,0,0,0,0,0,0,0,0,"- ","- ",,,"SAN FRANCISCO","SAN FRANCISCO",-122.45993041992188,37.766170501708984
9535001,2022,2023-01-17,3801,2022-11-12,1033,1653,INGLE,6,5,7,3801,0,0,0,,0,3H15A,"GENEVA AV","PRAGUE ST",0.00,,Y,A,-,N,,,,,,,,,,Y,3,0,2,2,A,-,12,21453,A,N,A,C,A,A,H,-,A,A,0,,,,,Y,,A,01,0,1,1,0,0,0,0,0,0,"- ","- ",,,"SAN FRANCISCO","SAN FRANCISCO",-122.43196105957031,37.712779998779297
9543084,2022,2023-02-08,3801,2022-12-27,1310,1917,TARAV,2,5,7,3801,0,0,0,,0,3I16A,"OCEAN AV","PLYMOUTH AV",25.00,E,N,C,-,N,,,,,,,,,,N,4,0,1,2,A,-,03,22350,,N,C,C,A,B,H,-,A,A,0,,,,,Y,,A,01,0,0,1,0,0,0,0,0,0,"- ","- ",,,"SAN FRANCISCO","SAN FRANCISCO",-122.45645904541016,37.723960876464844
9543086,2022,2023-02-08,3801,2022-12-29,1654,2342,NORTH,4,5,7,3801,0,0,0,,0,3E4D,"POLK ST","MCALLISTER ST",0.00,,Y,C,-,N,,,,,,,,,,N,4,0,1,2,A,-,10,21950,A,N,D,B,B,B,H,-,C,D,0,Y,,,,Y,,A,01,0,0,1,0,1,0,0,0,0,"- ","- ",,,"SAN FRANCISCO","SAN FRANCISCO",-122.41860198974609,37.7802734375
9543093,2022,2023-02-07,3801,2022-12-14,2355,A23187,CENTR,3,5,7,3801,0,0,0,,0,3A11E,"POST ST","LEAVENWORTH ST",0.00,,Y,A,-,N,,,,,,,,,,Y,4,0,2,2,A,-,12,21453,A,F,D,C,A,A,H,-,C,A,0,,,,,Y,,A,01,0,0,2,0,0,0,0,0,0,"- ","- ",,,"SAN FRANCISCO","SAN FRANCISCO",-122.41499328613281,37.787452697753906
9543101,2022,2023-02-07,3801,2022-12-17,1613,1183,MISSI,6,5,7,3801,0,0,0,,0,3D114,"18TH ST","S VAN NESS AV",0.00,,Y,A,-,N,,,,,,,,,,N,4,0,1,2,A,-,10,21950,A,F,G,B,B,A,H,-,A,A,0,Y,,,,Y,,A,01,0,0,1,0,1,0,0,0,0,"- ","- ",,,"SAN FRANCISCO","SAN FRANCISCO",-122.41719818115234,37.761947631835938
9543116,2022,2023-02-07,3801,2022-12-28,2122,1104,CENTR,3,5,7,3801,0,0,0,,0,3A11E,"LARKIN ST","SUTTER ST",0.00,,Y,B,-,N,,,,,,,,,,N,4,0,1,2,D,-,00,,,N,D,B,B,A,H,-,C,A,0,Y,,,,Y,,-,"- ",0,0,1,0,1,0,0,0,0,"- ","- ",,,"SAN FRANCISCO","SAN FRANCISCO",-122.41846466064453,37.787967681884766
9543147,2022,2023-02-08,3801,2022-12-10,2040,1527,NORTH,6,5,7,3801,0,0,0,,0,0E5,"FILBERT ST","GOUGH ST",0.00,,Y,C,-,N,,,,,,,,,,N,4,0,2,3,A,-,10,21950,A,N,G,B,B,B,H,-,C,A,0,Y,,,,Y,Y,A,01,0,0,2,0,2,0,0,0,0,"- ","- ",,,"SAN FRANCISCO","SAN FRANCISCO",-122.42745971679688,37.799072265625
9543151,2022,2023-02-08,3801,2022-12-09,2000,2268,INGLE,5,5,7,3801,0,0,0,,0,3H14C,"SUTTER ST","SUTTER ST 840",0.00,,N,C,-,N,,,,,,,,,,N,3,0,1,2,A,-,08,22107,,F,B,C,A,B,H,-,C,D,0,,,Y,,Y,,A,01,0,1,0,0,0,0,0,0,1,"- ","- ",,,"SAN FRANCISCO","SAN FRANCISCO",-116.98536682128906,34.421840667724609
9543156,2022,2023-02-08,3801,2022-12-13,2500,746,INGLE,2,5,7,3801,0,0,0,,0,3H61,"MISSION ST","GENEVA AV",0.00,,Y,A,-,N,,,,,,,,,,Y,3,0,2,2,A,-,09,21801,,N,-,C,A,A,H,-,C,A,0,,,Y,,Y,,A,07,0,1,1,0,0,0,0,0,2,"- ","- ",,,"SAN FRANCISCO","SAN FRANCISCO",-122.44100189208984,37.716388702392578
9543163,2022,2023-02-02,3801,2022-12-03,0007,1857,NORTH,6,5,7,3801,0,0,0,,0,3E12E,"LAGUNA ST","OAK ST",0.00,,Y,A,-,N,,,,,,,,,,Y,3,0,2,3,A,-,12,21453,A,N,D,C,A,A,H,-,C,A,0,,,,,Y,,-,"- ",0,1,1,0,0,0,0,0,0,"- ","- ",,,"SAN FRANCISCO","SAN FRANCISCO",-122.42588043212891,37.774600982666016
9543177,2022,2023-02-02,3801,2022-12-11,2003,260,SOUTH,7,5,7,3801,0,0,0,,0,3B13D,"BRYANT ST","9TH ST",0.00,,Y,B,C,N,,,,,,,,,,N,4,0,1,2,A,-,08,22100,B,N,D,C,A,B,H,-,C,A,0,,,,,Y,,A,07,0,0,1,0,0,0,0,0,0,"- ","- ",,,"SAN FRANCISCO","SAN FRANCISCO",-122.40853118896484,37.771289825439453
9543197,2022,2023-02-04,3801,2022-12-05,0618,54,TARAV,1,5,7,3801,0,0,0,,0,3I15A,"JUNIPERO SIERRA BL","WOODACRE DR",0.00,,Y,C,-,N,,,,,,,,,,Y,4,0,1,1,A,-,03,22350,,N,E,I,A,B,H,-,C,A,0,,,,,Y,,A,01,0,0,1,0,0,0,0,0,0,"- ","- ",,,"SAN FRANCISCO","SAN FRANCISCO",-122.47203826904297,37.733787536621094
9543221,2022,2023-02-16,3801,2022-12-16,1729,375,INGLE,5,5,7,3801,0,0,0,,0,3801,"CAYUGA AV","VALERTON CT",107.00,S,N,A,-,N,,,,,,,,,,N,4,0,1,2,A,-,07,21658,A,N,B,E,A,A,H,-,D,D,0,,,,,Y,,A,01,0,0,1,0,0,0,0,0,0,"- ","- ",,,"SAN FRANCISCO","SAN FRANCISCO",-122.43952178955078,37.722465515136719
9543222,2022,2023-02-16,3801,2022-12-19,0330,2167,INGLE,1,5,7,3801,0,0,0,,0,3H16E,"SAN JOSE AV","GENEVA AV",0.00,,Y,A,-,N,,,,,,,,,,N,4,0,1,2,A,-,12,21453,A,F,D,G,A,A,H,-,C,A,0,,Y,,,Y,,A,01,0,0,1,0,0,0,1,0,0,"- ","- ",,,"SAN FRANCISCO","SAN FRANCISCO",-122.44663238525391,37.720729827880859
9543227,2022,2023-02-21,3801,2022-12-18,0834,1605,NORTH,7,5,7,3801,0,0,0,,0,3E5A,"AVILA ST","CAPRA ST",0.00,,Y,A,-,N,,,,,,,,,,N,3,0,1,2,A,-,22,23123,,N,D,C,A,A,H,-,A,A,0,,,,,Y,,M,94,0,1,0,0,0,0,0,0,0,"- ","- ",,,"SAN FRANCISCO","SAN FRANCISCO",-122.44078063964844,37.802608489990234
9543229,2022,2023-02-16,3801,2022-12-19,1209,1342,NORTH,1,5,7,3801,0,0,0,,0,3E14A,"STEINER ST","POST ST",0.00,,Y,A,-,N,,,,,,,,,,Y,4,0,1,2,A,-,12,21453,A,N,D,C,A,A,H,-,A,A,0,,,,,Y,,-,"- ",0,0,1,0,0,0,0,0,0,"- ","- ",,,"SAN FRANCISCO","SAN FRANCISCO",-122.43472290039062,37.784942626953125
9543234,2022,2023-02-16,3801,2022-12-20,0850,00054,TARAV,2,5,7,3801,0,0,0,,0,3I16A,"RANDOLPH ST","VERNON ST",6.00,E,N,A,-,N,,,,,,,,,,N,2,0,1,2,A,-,10,21950,A,N,G,B,D,A,H,-,A,A,0,Y,,,,Y,,A,01,1,0,0,0,1,0,0,0,0,"- ","- ",,,"SAN FRANCISCO","SAN FRANCISCO",-122.46798706054688,37.714271545410156
9543243,2022,2023-02-07,3801,2022-12-04,0137,1548,SOUTH,7,5,7,3801,0,0,0,,0,3B13E,"GOUGH ST","MARKET ST",0.00,,Y,C,-,N,,,,,,,,,,Y,4,0,1,2,A,-,12,21453,A,F,D,-,A,B,H,-,C,A,0,,,,,Y,,A,01,0,0,1,0,0,0,0,0,0,"- ","- ",,,"SAN FRANCISCO","SAN FRANCISCO",-122.42221069335938,37.772872924804688
9543245,2022,2023-02-07,3801,2022-12-03,2238,2722,CENTR,6,5,7,3801,0,0,0,,0,3A2E,"PINE ST","TAYLOR ST",0.00,,Y,C,-,N,,,,,,,,,,N,4,0,1,2,A,-,08,22107,,N,G,B,B,B,H,-,C,A,0,Y,,,,Y,,A,01,0,0,1,0,1,0,0,0,0,"- ","- ",,,"SAN FRANCISCO","SAN FRANCISCO",-122.41224670410156,37.790657043457031
9543258,2022,2023-02-06,3801,2022-12-07,1205,1540,TARAV,3,5,7,3801,0,0,0,,0,3I11A,"TARAVAL ST","18TH AV",75.00,W,N,A,-,N,,,,,,,,,,Y,4,0,1,1,A,-,08,22107,,N,-,I,A,A,H,-,A,D,0,,,,,Y,,A,01,0,0,1,0,0,0,0,0,0,"- ","- ",,,"SAN FRANCISCO","SAN FRANCISCO",-122.47488403320312,37.743141174316406
9543259,2022,2023-02-06,3801,2022-12-12,0950,563,TARAV,1,5,7,3801,0,0,0,,0,002,"20TH AV","ORTEGA ST",0.00,,Y,A,-,N,,,,,,,,,,Y,4,0,1,2,A,-,12,22450,A,N,D,C,A,A,H,-,A,A,0,,,,,Y,,A,01,0,0,1,0,0,0,0,0,0,"- ","- ",,,"SAN FRANCISCO","SAN FRANCISCO",-122.4774169921875,37.752300262451172
9543263,2022,2023-02-01,3801,2022-11-22,1149,4259,RICHM,2,5,7,3801,0,0,0,,0,3G13A,"4TH AV","GEARY BL",0.00,,Y,-,-,N,,,,,,,,,,N,4,0,1,2,A,-,05,21651,B,N,A,C,A,A,H,-,A,A,0,,,,,Y,,M,93,0,0,1,0,0,0,0,0,0,"- ","- ",,,"SAN FRANCISCO","SAN FRANCISCO",-122.46215057373047,37.78118896484375
9543266,2022,2023-01-18,3801,2022-11-08,1600,1214,CENTR,2,5,7,3801,0,0,0,,0,3A42C,"UNION ST","STOCKTON ST",0.00,,Y,A,-,N,,,,,,,,,,N,4,0,1,2,A,-,10,21950,A,N,A,B,B,A,H,-,A,A,0,Y,,,,Y,,A,01,0,0,1,0,1,0,0,0,0,"- ","- ",,,"SAN FRANCISCO","SAN FRANCISCO",-122.40917205810547,37.800430297851562
9543277,2022,2023-01-24,3801,2022-11-24,1831,1480,MISSI,4,5,7,3801,0,0,0,,0,3D15E,"GUERRERO ST","14TH ST",0.00,,Y,A,-,N,,,,,,,,,,N,2,0,1,2,A,-,12,21453,A,N,D,G,A,A,H,-,C,A,0,,Y,,,Y,,L,04,1,0,0,0,0,0,1,0,0,"- ","- ",,,"SAN FRANCISCO","SAN FRANCISCO",-122.42440795898438,37.768024444580078
9543361,2022,2023-01-31,3801,2022-11-29,1539,2433,SOUTH,2,5,7,3801,0,0,0,,0,3B4D,"MISSION ST","MISSION ST 1235",0.00,,N,A,-,N,,,,,,,,,,N,4,0,1,2,A,-,11,21955,,N,G,B,D,A,H,-,A,A,0,Y,,,,Y,,N,60,0,0,1,0,1,0,0,0,0,"- ","- ",,,"SAN FRANCISCO","SAN FRANCISCO",-122.41979217529297,37.7705078125
9543374,2022,2023-01-18,3801,2022-11-09,1421,2293,NORTH,3,5,7,3801,0,0,0,,0,3E11A,"FELL ST","WEBSTER ST",108.00,E,N,A,-,N,,,,,,,,,,N,4,0,2,2,A,-,08,22107,A,N,-,-,A,-,H,-,-,-,0,,,,,Y,,I,10,0,0,2,0,0,0,0,0,0,"- ","- ",,,"SAN FRANCISCO","SAN FRANCISCO",-122.42896270751953,37.775169372558594
9543378,2022,2023-01-24,3801,2022-11-18,1517,379,TRAFF,5,5,7,3801,0,0,0,,0,4B3H,"RT 35","OLYMPIC COUNTRY CLUB RD",0.00,,Y,A,-,Y,SF,4,35,-,-,0.120,I,5,N,Y,4,0,2,3,A,-,09,21801,A,N,D,C,A,A,H,-,A,D,0,,,,,Y,,A,08,0,0,2,0,0,0,0,0,0,"- ","- ",,,"SAN FRANCISCO","SAN FRANCISCO",-122.49796295166016,37.709941864013672
9543522,2022,2023-02-03,3801,2022-12-15,0846,ALLEN,BAYVI,4,5,7,3801,0,0,0,,0,3C12A,"ARLETA AV","SAN BRUNO AV",0.00,,Y,A,-,N,,,,,,,,,,N,4,0,1,2,A,-,03,22350,,F,C,C,A,A,H,-,A,A,0,,,,,Y,,A,01,0,0,1,0,0,0,0,0,0,"- ","- ",,,"SAN FRANCISCO","SAN FRANCISCO",-122.40269470214844,37.712356567382812
9543539,2022,2023-01-11,3801,2022-12-18,0212,2457,SOUTH,7,5,7,3801,0,0,0,,0,3B11E,"FOLSOM ST","HALLAM ST",0.00,,Y,A,-,N,,,,,,,,,,Y,3,0,4,5,A,-,01,23153,A,N,G,B,E,A,H,-,C,D,0,Y,,,,Y,Y,A,07,0,3,1,0,4,0,0,0,0,"- ","- ",,,"SAN FRANCISCO","SAN FRANCISCO",-122.40885925292969,37.775951385498047
9543540,2022,2023-01-17,3801,2022-12-17,1205,2724,SOUTH,6,5,7,3801,0,0,0,,0,3B13A,"MISSION ST","11TH ST",13.00,S,N,A,-,N,,,,,,,,,,Y,4,0,1,2,A,-,03,22350,,N,B,C,A,A,H,-,A,A,0,,,,,Y,,M,94,0,0,1,0,0,0,0,0,0,"- ","- ",,,"SAN FRANCISCO","SAN FRANCISCO",-122.41712951660156,37.774303436279297
9543554,2022,2023-01-26,3801,2022-11-29,1733,1263,BAYVI,2,5,7,3801,0,0,0,,0,0C3,"3RD ST","OAKDALE AV",0.00,,Y,A,-,N,,,,,,,,,,Y,3,0,1,2,A,-,17,21461,A,N,D,C,A,A,H,-,C,A,0,,,,,Y,,A,01,0,1,0,0,0,0,0,0,0,"- ","- ",,,"SAN FRANCISCO","SAN FRANCISCO",-122.39076995849609,37.734832763671875