CASE_ID,ACCIDENT_YEAR,PROC_DATE,JURIS,COLLISION_DATE,COLLISION_TIME,OFFICER_ID,REPORTING_DISTRICT,DAY_OF_WEEK,CHP_SHIFT,POPULATION,CNTY_CITY_LOC,SPECIAL_COND,BEAT_TYPE,CHP_BEAT_TYPE,CITY_DIVISION_LAPD,CHP_BEAT_CLASS,BEAT_NUMBER,PRIMARY_RD,SECONDARY_RD,DISTANCE,DIRECTION,INTERSECTION,WEATHER_1,WEATHER_2,STATE_HWY_IND,CALTRANS_COUNTY,CALTRANS_DISTRICT,STATE_ROUTE,ROUTE_SUFFIX,POSTMILE_PREFIX,POSTMILE,LOCATION_TYPE,RAMP_INTERSECTION,SIDE_OF_HWY,TOW_AWAY,COLLISION_SEVERITY,NUMBER_KILLED,NUMBER_INJURED,PARTY_COUNT,PRIMARY_COLL_FACTOR,PCF_CODE_OF_VIOL,PCF_VIOL_CATEGORY,PCF_VIOLATION,PCF_VIOL_SUBSECTION,HIT_AND_RUN,TYPE_OF_COLLISION,MVIW,PED_ACTION,ROAD_SURFACE,ROAD_COND_1,ROAD_COND_2,LIGHTING,CONTROL_DEVICE,CHP_ROAD_TYPE,PEDESTRIAN_ACCIDENT,BICYCLE_ACCIDENT,MOTORCYCLE_ACCIDENT,TRUCK_ACCIDENT,NOT_PRIVATE_PROPERTY,ALCOHOL_INVOLVED,STWD_VEHTYPE_AT_FAULT,CHP_VEHTYPE_AT_FAULT,COUNT_SEVERE_INJ,COUNT_VISIBLE_INJ,COUNT_COMPLAINT_PAIN,COUNT_PED_KILLED,COUNT_PED_INJURED,COUNT_BICYCLIST_KILLED,COUNT_BICYCLIST_INJURED,COUNT_MC_KILLED,COUNT_MC_INJURED,PRIMARY_RAMP,SECONDARY_RAMP,LATITUDE,LONGITUDE,COUNTY,CITY,POINT_X,POINT_Y
9769431,2025,2025-02-11,3801,2025-01-13,"804 ",2747,TARAV,1,5,7,3801,0,0,0,,0,004,"SAN BENITO WY","OCEAN AV",0.00,,Y,A,-,N,,,,,,,,,,Y,4,0,1,2,A,-,09,21804,A,N,D,C,A,A,H,-,A,A,0,,,,,Y,,A,01,0,0,1,0,0,0,0,0,0,"- ","- ",,,"SAN FRANCISCO","SAN FRANCISCO",-122.46810150146484,37.728973388671875
9771562,2024,2025-01-23,3801,2024-12-26,1700,1198,MISSI,4,5,7,3801,0,0,0,,0,,"16TH ST","FOLSOM ST",0.00,,Y,C,-,N,,,,,,,,,,Y,3,0,1,2,A,-,00,21451,,F,A,C,A,B,H,-,C,A,0,,,Y,,Y,,A,01,0,1,0,0,0,0,0,0,1,"- ","- ",,,"SAN FRANCISCO","SAN FRANCISCO",-122.41529846191406,37.765312194824219
9771563,2024,2025-01-23,3801,2024-12-06,1744,1933,TARAV,5,5,7,3801,0,0,0,,0,3I15D,"SKYLINE BL","LAKE MERCED BL",0.00,,Y,A,-,N,,,,,,,,,,Y,3,0,3,2,A,-,09,21801,A,N,A,C,A,A,H,-,C,D,0,,,,,Y,,A,01,0,2,1,0,0,0,0,0,0,"- ","- ",,,"SAN FRANCISCO","SAN FRANCISCO",-122.49894714355469,37.731536865234375
9771568,2024,2025-01-23,3801,2024-12-07,"903 ",2144,TARAV,6,5,7,3801,0,0,0,,0,3I13A,"GREAT HWY","ORTEGA ST",0.00,,Y,A,-,N,,,,,,,,,,N,4,0,1,2,A,-,09,21804,A,N,D,G,A,A,H,-,A,A,0,,Y,,,Y,,-,,0,0,1,0,0,0,1,0,0,"- ","- ",,,"SAN FRANCISCO","SAN FRANCISCO",-122.50820922851562,37.750957489013672
9776721,2025,2025-02-18,3801,2025-01-07,1852,798,NORTH,2,5,7,3801,0,0,0,,0,3E12D,"STEINER ST","GEARY ST",25.00,N,N,A,-,N,,,,,,,,,,N,4,0,1,2,A,-,17,22517,,N,B,J,A,A,H,-,C,A,0,,,,,Y,,A,01,0,0,1,0,0,0,0,0,0,"- ","- ",,,"SAN FRANCISCO","SAN FRANCISCO",-122.43459320068359,37.784389495849609
9776729,2025,2025-02-07,3801,2025-01-14,1818,1075,TARAV,2,5,7,3801,0,0,0,,0,315D,"19TH AV","JUNIPERO SERRA BL",0.00,,Y,A,-,N,,,,,,,,,,N,2,0,1,2,A,-,11,21453,D,N,G,B,B,A,H,-,C,A,0,Y,,,,Y,,N,60,1,0,0,0,1,0,0,0,0,"- ","- ",,,"SAN FRANCISCO","SAN FRANCISCO",-122.47271728515625,37.717182159423828
9776730,2025,2025-02-07,3801,2025-01-14,"914 ",2008,MISSI,2,5,7,3801,0,0,0,,0,3D13A,"19TH ST","CAPP ST",70.00,W,N,A,-,N,,,,,,,,,,N,3,0,1,2,C,-,18,,,N,G,B,F,A,H,-,A,B,0,Y,,,,Y,,-,"- ",0,1,0,0,1,0,0,0,0,"- ","- ",,,"SAN FRANCISCO","SAN FRANCISCO",-122.41835021972656,37.760272979736328
9776731,2025,2025-02-14,3801,2025-01-13,1026,4001,MISSI,1,5,7,3801,0,0,0,,0,3D11A,"POTRERO AV","19TH ST",39.00,N,N,A,-,N,,,,,,,,,,N,4,0,3,2,A,-,03,22350,,F,C,C,A,A,H,-,A,A,0,,,,,Y,,A,01,0,0,3,0,0,0,0,0,0,"- ","- ",,,"SAN FRANCISCO","SAN FRANCISCO",-122.40709686279297,37.760776519775391
9776733,2025,2025-02-07,3801,2025-01-17,"209 ",1024,TENDE,5,5,7,3801,0,0,0,,0,3J13E,"EDDY ST","LEAVENWORTH ST",50.00,W,N,A,-,N,,,,,,,,,,N,4,0,1,2,A,-,00,21954,,F,G,B,E,A,H,-,C,A,0,Y,,,,Y,,N,60,0,0,1,0,1,0,0,0,0,"- ","- ",,,"SAN FRANCISCO","SAN FRANCISCO",-122.41441345214844,37.783706665039062
9776744,2025,2025-02-11,3801,2025-01-14,2154,539,NORTH,2,5,7,3801,0,0,0,,0,1CAR,"OCTAVIA ST","HAIGHT ST",0.00,,Y,A,-,N,,,,,,,,,,Y,4,0,2,2,A,-,08,22107,,N,B,C,A,A,H,-,C,-,0,,,,,Y,,A,01,0,0,2,0,0,0,0,0,0,"- ","- ",,,"SAN FRANCISCO","SAN FRANCISCO",-122.42392730712891,37.772964477539062
9776746,2025,2025-02-11,3801,2025-01-13,2118,1803,RICHM,1,5,7,3801,0,0,0,,0,3G15E,"POINT LOBOS AV","POINT LOBOS AV 1067",0.00,,N,A,-,N,,,,,,,,,,Y,2,0,3,2,A,-,05,21460,,N,A,C,A,A,H,-,C,A,0,,,,,Y,,A,01,1,0,2,0,0,0,0,0,0,"- ","- ",,,"SAN FRANCISCO","SAN FRANCISCO",,
9776754,2025,2025-02-11,3801,2025-01-01,1749,1857,SOUTH,3,5,7,3801,0,0,0,,0,3B61,"KING ST","3RD ST",30.00,E,N,A,-,N,,,,,,,,,,Y,4,0,3,2,A,-,01,23153,,F,B,C,A,A,H,-,C,A,0,,,,,Y,Y,A,01,0,0,3,0,0,0,0,0,0,"- ","- ",,,"SAN FRANCISCO","SAN FRANCISCO",-122.39187622070312,37.77825927734375
9776757,2025,2025-02-11,3801,2025-01-06,1028,2707,TARAV,1,5,7,3801,0,0,0,,0,1CAR,"9TH AV","MORAGA ST",0.00,,Y,A,-,N,,,,,,,,,,N,3,0,1,2,A,-,11,21954,A,N,A,B,B,A,H,-,A,A,0,Y,,,,Y,,A,01,0,1,0,0,1,0,0,0,0,"- ","- ",,,"SAN FRANCISCO","SAN FRANCISCO",-122.46578979492188,37.756565093994141
9776760,2025,2025-02-11,3801,2025-01-01,"30  ",230,TENDE,3,5,7,3801,0,0,0,,0,3J14D,"THE EMBARCADERO","FERRY PLAZA",100.00,N,N,A,-,N,,,,,,,,,,N,2,0,1,2,A,-,08,22107,,N,B,C,A,A,H,-,C,A,0,,,Y,,Y,,A,01,1,0,0,0,0,0,0,0,1,"- ","- ",,,"SAN FRANCISCO","SAN FRANCISCO",-122.39324951171875,37.794612884521484
9776763,2025,2025-02-11,3801,2025-01-07,"614 ",2039,TARAV,2,5,7,3801,0,0,0,,0,005,"WINSTON DR","20TH AV",0.00,,Y,A,-,N,,,,,,,,,,Y,4,0,1,2,A,-,09,21801,A,N,A,C,A,A,H,-,C,A,0,,,,,Y,,A,01,0,0,1,0,0,0,0,0,0,"- ","- ",,,"SAN FRANCISCO","SAN FRANCISCO",-122.47597503662109,37.730087280273438
9776766,2025,2025-02-11,3801,2025-01-07,1627,1741,TARAV,2,5,7,3801,0,0,0,,0,901,"9TH AV","IRVING ST",0.00,,Y,A,-,N,,,,,,,,,,N,4,0,1,2,A,-,09,21801,A,N,D,C,A,A,H,-,A,A,0,,,,,Y,,A,01,0,0,1,0,0,0,0,0,0,"- ","- ",,,"SAN FRANCISCO","SAN FRANCISCO",-122.46632385253906,37.764034271240234
9776784,2025,2025-02-07,3801,2025-01-01,"142 ",979,TENDE,3,5,7,3801,0,0,0,,0,3J12E,"HYDE ST",FULTON,0.00,,Y,A,-,N,,,,,,,,,,Y,4,0,1,3,A,-,08,22107,,N,C,C,A,A,H,-,A,A,0,,,,,Y,,A,01,0,0,1,0,0,0,0,0,0,"- ","- ",,,"SAN FRANCISCO","SAN FRANCISCO",-122.41513061523438,37.779811859130859
9776788,2025,2025-02-07,3801,2025-01-02,"950 ",1540,TARAV,4,5,7,3801,0,0,0,,0,3116A,"ALEMANY BL","ARCH ST",26.00,E,N,A,-,N,,,,,,,,,,N,3,0,1,2,A,-,10,21950,A,N,-,B,B,A,H,-,A,A,0,Y,,,,Y,,A,01,0,1,0,0,1,0,0,0,0,"- ","- ",,,"SAN FRANCISCO","SAN FRANCISCO",-122.46696472167969,37.711627960205078
9776791,2025,2025-02-07,3801,2025-01-01,"430 ",1871,INGLE,3,5,7,3801,0,0,0,,0,901,"GENEVA AV","SAN JOSE AV",0.00,,Y,A,-,N,,,,,,,,,,Y,4,0,1,2,A,-,12,21453,A,F,D,C,A,A,H,-,C,A,0,,,,,Y,,A,07,0,0,1,0,0,0,0,0,0,"- ","- ",,,"SAN FRANCISCO","SAN FRANCISCO",-122.44663238525391,37.720729827880859
9776888,2024,2025-02-12,3801,2024-12-26,2340,2140,MISSI,4,5,7,3801,0,0,0,,0,3D11E,"MARKET ST","15TH ST",0.00,,Y,C,-,N,,,,,,,,,,N,2,0,1,2,A,-,11,21453,D,N,G,B,B,B,H,-,C,A,0,Y,,,,Y,,N,60,1,0,0,0,1,0,0,0,0,"- ","- ",,,"SAN FRANCISCO","SAN FRANCISCO",-122.43100738525391,37.765979766845703
9776891,2024,2025-02-13,3801,2024-12-12,1306,2091,NORTH,4,5,7,3801,0,0,0,,0,3E11A,"LAGUNA ST","HAYES ST",0.00,,Y,A,-,N,,,,,,,,,,N,4,0,1,2,A,-,12,22450,,N,D,C,A,A,H,-,A,A,0,,,,,Y,,M,94,0,0,1,0,0,0,0,0,0,"- ","- ",,,"SAN FRANCISCO","SAN FRANCISCO",-122.42626190185547,37.776473999023438
9776901,2024,2025-02-11,3801,2024-12-27,2210,1857,SOUTH,5,5,7,3801,0,0,0,,0,901,"GUERRERO ST","18TH ST",0.00,,Y,B,C,N,,,,,,,,,,Y,3,0,5,2,D,-,00,,,N,D,D,A,B,H,-,C,A,0,,,,,Y,,-,"- ",0,2,3,0,0,0,0,0,0,"- ","- ",,,"SAN FRANCISCO","SAN FRANCISCO",-122.42379760742188,37.761577606201172
9776924,2024,2025-02-11,3801,2024-12-17,1730,A25839,MISSI,2,5,7,3801,0,0,0,,0,006,"16TH ST","ALABAMA ST",0.00,,Y,A,-,N,,,,,,,,,,Y,4,0,2,2,A,-,09,21804,A,N,D,C,A,A,H,-,C,A,0,,,,,Y,Y,A,01,0,0,2,0,0,0,0,0,0,"- ","- ",,,"SAN FRANCISCO","SAN FRANCISCO",-122.41239929199219,37.765495300292969
9776931,2024,2025-02-11,3801,2024-12-28,1309,1333,TARAV,6,5,7,3801,0,0,0,,0,3190,"19TH AV","EUCALYPTUS DR",13.00,S,N,C,-,N,,,,,,,,,,Y,3,0,1,2,A,-,07,21658,A,N,B,C,A,B,H,-,A,A,0,,,,,Y,,A,01,0,1,0,0,0,0,0,0,0,"- ","- ",,,"SAN FRANCISCO","SAN FRANCISCO",-122.47486877441406,37.731044769287109
9776937,2024,2025-02-12,3801,2024-12-26,2044,226,BAYVI,4,5,7,3801,0,0,0,,0,3C13D,"EVANS AV","MIDDLE POINT RD",0.00,,Y,C,-,N,,,,,,,,,,N,4,0,1,2,A,-,12,22450,A,N,D,C,A,B,H,-,C,A,0,,,,,Y,,A,01,0,0,1,0,0,0,0,0,0,"- ","- ",,,"SAN FRANCISCO","SAN FRANCISCO",-122.37911987304688,37.737693786621094
9776947,2024,2025-02-18,3801,2024-12-31,1341,1689,SOUTH,2,5,7,3801,0,0,0,,0,3B13A,"SHERMAN ST","CLEVELAND ST",0.00,,Y,A,-,N,,,,,,,,,,N,3,0,1,2,A,-,11,21950,B,F,G,B,-,A,H,-,C,D,0,Y,,,,Y,Y,A,01,0,1,0,0,1,0,0,0,0,"- ","- ",,,"SAN FRANCISCO","SAN FRANCISCO",-122.40646362304688,37.776958465576172
9776949,2024,2025-02-12,3801,2024-12-30,2014,1288,NORTH,1,5,7,3801,0,0,0,,0,3E13D,"GEARY BL","DIVISADERO ST",8.00,W,N,A,-,N,,,,,,,,,,N,4,0,1,2,A,-,10,21950,A,N,G,B,B,A,H,-,C,A,0,Y,,,,Y,,A,01,0,0,1,0,1,0,0,0,0,"- ","- ",,,"SAN FRANCISCO","SAN FRANCISCO",-122.43950653076172,37.783355712890625
9776974,2024,2025-02-13,3801,2024-12-21,1720,917,TRAFF,6,5,7,3801,0,0,0,,0,4B2E,"EDDY ST","VAN NESS AV",0.00,,Y,A,-,N,,,,,,,,,,N,4,0,1,2,A,-,10,21950,A,F,G,B,B,A,H,-,C,A,0,Y,,,,Y,,A,01,0,0,1,0,1,0,0,0,0,"- ","- ",,,"SAN FRANCISCO","SAN FRANCISCO",-122.42076110839844,37.782890319824219
9777991,2025,2025-03-12,3801,2025-01-01,"219 ",1466,SOUTH,3,5,7,3801,0,0,0,,0,04B,"9TH ST","MARKET ST",0.00,,Y,A,-,N,,,,,,,,,,N,4,0,2,2,A,-,03,22350,,N,C,C,A,A,H,-,C,A,0,,,,,Y,,A,01,0,0,2,0,0,0,0,0,0,"- ","- ",,,"SAN FRANCISCO","SAN FRANCISCO",-122.41632843017578,37.777500152587891
9777997,2025,2025-03-12,3801,2025-01-31,1904,2240,NORTH,5,5,7,3801,0,0,0,,0,3E15D,"OCTAVIA ST","GREENWICH ST",0.00,,Y,C,-,N,,,,,,,,,,N,2,0,1,2,A,-,09,21804,A,N,G,B,B,B,H,-,C,D,0,Y,,Y,,Y,,-,"- ",1,0,0,0,1,0,0,0,0,"- ","- ",,,"SAN FRANCISCO","SAN FRANCISCO",-122.42926788330078,37.799800872802734
9778351,2023,2025-01-22,3801,2023-07-03,1600,1741,SOUTH,1,5,7,3801,0,0,0,,0,901,"8TH ST","HARRISON ST",0.00,,Y,F,-,N,,,,,,,,,,N,4,0,1,2,A,-,03,22350,,F,C,C,A,A,G,-,A,D,0,,,,,Y,,-,99,0,0,1,0,0,0,0,0,0,"- ","- ",,,"SAN FRANCISCO","SAN FRANCISCO",-122.40853118896484,37.773754119873047
9779218,2025,2025-02-18,3801,2025-01-10,2345,1496,INGLE,5,5,7,3801,0,0,0,,0,3H15E,"CONCORD ST","BRUNSWICK ST",70.00,W,N,A,-,N,,,,,,,,,,Y,4,0,1,17,A,-,01,23152,,F,C,C,A,A,H,-,C,D,0,,,,,Y,Y,A,07,0,0,1,0,0,0,0,0,0,"- ","- ",,,"SAN FRANCISCO","SAN FRANCISCO",-122.44223022460938,37.711105346679688
9779225,2025,2025-02-12,3801,2025-01-14,"119 ",1480,MISSI,2,5,7,3801,0,0,0,,0,3D91,"HARRISON ST","17TH ST",0.00,,Y,A,-,N,,,,,,,,,,Y,2,0,2,2,A,-,12,21453,A,F,D,C,A,A,H,-,C,A,0,,,,,Y,,D,22,1,1,0,0,0,0,0,0,0,"- ","- ",,,"SAN FRANCISCO","SAN FRANCISCO",-122.41303253173828,37.764091491699219
9779232,2024,2025-02-19,3801,2024-12-14,1237,2707,TARAV,6,5,7,3801,0,0,0,,0,4CAR,"PICO AVE","URBANO DR",0.00,,Y,B,C,N,,,,,,,,,,N,4,0,1,2,A,-,08,22107,,N,G,B,D,B,H,-,A,D,0,Y,,,,Y,,D,22,0,0,1,0,1,0,0,0,0,"- ","- ",,,"SAN FRANCISCO","SAN FRANCISCO",-122.46318817138672,37.724273681640625
9779236,2025,2025-02-20,3801,2025-01-02,1405,1513,RICHM,4,5,7,3801,0,0,0,,0,3G13A,"7TH AV","CLEMENT ST",0.00,,Y,A,-,N,,,,,,,,,,N,3,0,1,2,A,-,10,21950,,N,B,B,B,-,H,-,A,A,0,Y,,,,Y,,H,14,0,1,0,0,1,0,0,0,0,"- ","- ",,,"SAN FRANCISCO","SAN FRANCISCO",-122.46546936035156,37.782890319824219
9779268,2024,2025-02-10,3801,2024-11-03,1155,1825,SOUTH,7,5,7,3801,0,0,0,,0,3B15A,"LARKIN ST","SUTTER ST",0.00,,Y,-,-,N,,,,,,,,,,N,3,0,1,2,A,-,10,21950,A,F,D,B,B,A,G,-,A,A,0,Y,,,,Y,,A,01,0,1,0,0,1,0,0,0,0,"- ","- ",,,"SAN FRANCISCO","SAN FRANCISCO",-122.41846466064453,37.787967681884766
9779269,2024,2025-02-10,3801,2024-11-21,"910 ",830,MISSI,4,5,7,3801,0,0,0,,0,3D15A,"JULIAN ST","14TH ST",0.00,,Y,C,-,N,,,,,,,,,,N,4,0,1,2,A,-,03,22350,,N,C,G,A,B,H,-,A,D,0,,Y,,,Y,,L,04,0,0,1,0,0,0,1,0,0,"- ","- ",,,"SAN FRANCISCO","SAN FRANCISCO",-122.42121124267578,37.768211364746094
9779311,2024,2025-02-11,3801,2024-08-12,2044,2437,BAYVI,1,5,7,3801,0,0,0,,0,3C15E,"SILVER AVE","AMHERST ST",40.00,W,N,A,-,N,,,,,,,,,,Y,4,0,1,2,A,-,03,22350,,F,A,C,A,A,H,-,C,D,0,,,,,Y,,A,01,0,0,1,0,0,0,0,0,0,"- ","- ",,,"SAN FRANCISCO","SAN FRANCISCO",-122.41731262207031,37.728862762451172
9779328,2024,2025-02-20,3801,2024-12-31,"30  ",469,MISSI,2,5,7,3801,0,0,0,,0,3D12D,"20TH ST",DIAMOND,33.00,E,N,A,-,N,,,,,,,,,,Y,4,0,1,3,A,-,03,22350,,N,C,E,A,A,H,-,C,D,0,,,,,Y,,A,01,0,0,1,0,0,0,0,0,0,"- ","- ",,,"SAN FRANCISCO","SAN FRANCISCO",-122.43677520751953,37.757564544677734
9780162,2025,2025-03-19,3801,2025-02-20,2147,4341,BAYVI,4,5,7,3801,0,0,0,,0,901,"CESAR CHAVEZ ST","BRYANT ST",109.00,W,N,A,-,N,,,,,,,,,,N,4,0,1,2,A,-,05,21651,A,F,D,C,A,A,H,-,C,A,0,,,,,Y,,D,22,0,0,1,0,0,0,0,0,0,"- ","- ",,,"SAN FRANCISCO","SAN FRANCISCO",-122.40909576416016,37.748409271240234
9780175,2025,2025-03-18,3801,2025-01-31,"256 ",1952,CENTR,5,5,7,3801,0,0,0,,0,3A12E,"CLAY ST","DRUMM ST",373.00,E,N,A,-,N,,,,,,,,,,Y,3,0,1,1,A,-,03,22350,,N,H,J,A,A,H,-,C,D,0,,,,,Y,,I,11,0,1,0,0,0,0,0,0,0,"- ","- ",,,"SAN FRANCISCO","SAN FRANCISCO",-122.39585113525391,37.795600891113281
9780183,2025,2025-03-19,3801,2025-02-13,1549,1622,MISSI,4,5,7,3801,0,0,0,,0,3D75,"MISSION ST","16TH ST",70.00,N,N,B,C,N,,,,,,,,,,N,4,0,1,2,A,-,03,22350,,N,G,B,G,B,H,-,A,A,0,Y,,,,Y,,I,20,0,0,1,0,1,0,0,0,0,"- ","- ",,,"SAN FRANCISCO","SAN FRANCISCO",-122.41968536376953,37.765243530273438
9780274,2025,2025-03-13,3801,2025-02-05,1805,1994,TRAFF,3,5,7,3801,0,0,0,,0,4B3C,"6TH ST","NATOMA ST",4.00,N,N,A,-,N,,,,,,,,,,N,3,0,1,2,A,-,10,21950,A,N,G,B,B,A,H,-,C,A,0,Y,,,,Y,,A,01,0,1,0,0,1,0,0,0,0,"- ","- ",,,"SAN FRANCISCO","SAN FRANCISCO",-122.40767669677734,37.780189514160156
9780276,2025,2025-03-13,3801,2025-02-04,1534,1940,SOUTH,2,5,7,3801,0,0,0,,0,3B13D,"FOLSOM ST","7TH ST",0.00,,Y,C,-,N,,,,,,,,,,Y,4,0,1,2,A,-,12,21453,A,N,D,D,A,B,-,-,A,A,0,,,,,Y,Y,A,01,0,0,1,0,0,0,0,0,0,"- ","- ",,,"SAN FRANCISCO","SAN FRANCISCO",-122.40784454345703,37.776771545410156
9780284,2025,2025-03-13,3801,2025-02-14,2129,1252,RICHM,5,5,7,3801,0,0,0,,0,0G3,"PARK PRESIDIO BL","GEARY BL",11.00,N,N,A,-,N,,,,,,,,,,N,2,0,1,2,A,-,11,21453,D,N,G,-,B,A,H,-,C,A,0,Y,,,,Y,Y,N,60,1,0,0,0,1,0,0,0,0,"- ","- ",,,"SAN FRANCISCO","SAN FRANCISCO",-122.47234344482422,37.780750274658203
9780300,2025,2025-03-13,3801,2025-02-23,1405,1185,TENDE,7,5,7,3801,0,0,0,,0,3J15D,"OFARRELL ST","TAYLOR ST",0.00,,Y,A,-,N,,,,,,,,,,N,4,0,1,2,A,-,10,21950,A,N,B,B,B,A,-,-,A,A,0,Y,,,,Y,,A,01,0,0,1,0,1,0,0,0,0,"- ","- ",,,"SAN FRANCISCO","SAN FRANCISCO",-122.41132354736328,37.786022186279297
9780305,2025,2025-03-19,3801,2025-02-14,"827 ",2402,TARAV,5,5,7,3801,0,0,0,,0,3ILLA,"BROTHERHOOD WY","LAKE MERCED BL",670.00,E,N,B,-,N,,,,,,,,,,Y,4,0,2,3,A,-,03,22350,,N,C,C,A,A,H,-,A,A,0,,,,,Y,,A,01,0,0,2,0,0,0,0,0,0,"- ","- ",,,"SAN FRANCISCO","SAN FRANCISCO",-122.48294830322266,37.714557647705078
9780312,2025,2025-03-11,3801,2025-02-16,1451,643,TARAV,7,5,7,3801,0,0,0,,0,3CAR,"SLOAT BL","43RD AV",0.00,,N,A,-,N,,,,,,,,,,Y,4,0,2,2,A,-,09,21801,,N,D,C,A,A,H,-,A,D,0,,,,,Y,,A,01,0,0,2,0,0,0,0,0,0,"- ","- ",,,"SAN FRANCISCO","SAN FRANCISCO",-122.50112152099609,37.735118865966797
9780314,2025,2025-03-17,3801,2025-02-15,2057,1810,MISSI,6,5,7,3801,0,0,0,,0,3D13D,"FLORIDA ST","19TH ST",0.00,,Y,A,-,N,,,,,,,,,,N,4,0,1,2,A,-,12,22450,A,N,D,C,A,A,H,-,C,A,0,,,,,Y,Y,A,01,0,0,1,0,0,0,0,0,0,"- ","- ",,,"SAN FRANCISCO","SAN FRANCISCO",-122.41092681884766,37.76043701171875
9780316,2025,2025-03-11,3801,2025-02-15,1946,207,CENTR,6,5,7,3801,0,0,0,,0,3A11D,"MASON ST","POST ST",166.00,N,N,A,-,N,,,,,,,,,,N,3,0,1,3,A,-,17,22517,,N,B,G,A,A,H,-,C,D,0,,Y,,,Y,,-,,0,1,0,0,0,0,1,0,0,"- ","- ",,,"SAN FRANCISCO","SAN FRANCISCO",-122.41011810302734,37.788501739501953
9780319,2025,2025-03-11,3801,2025-02-12,1858,1246,NORTH,3,5,7,3801,0,0,0,,0,3E13D,"POLK ST","OFARRELL ST",0.00,,Y,C,-,N,,,,,,,,,,Y,3,0,1,2,A,-,10,21950,A,N,G,B,B,B,H,-,C,A,0,Y,,,,Y,,A,01,0,1,0,0,1,0,0,0,0,"- ","- ",,,"SAN FRANCISCO","SAN FRANCISCO",-122.41954803466797,37.784969329833984
9780328,2025,2025-03-11,3801,2025-02-26,1834,2141,TARAV,3,5,7,3801,0,0,0,,0,3I16D,"ALEMANY BL","ST CHARLES AV",0.00,,Y,A,-,N,,,,,,,,,,N,4,0,1,2,A,-,09,21804,A,N,D,-,A,A,H,-,C,D,0,,,,,Y,,A,01,0,0,1,0,0,0,0,0,0,"- ","- ",,,"SAN FRANCISCO","SAN FRANCISCO",-122.46935272216797,37.710700988769531
9780332,2025,2025-03-11,3801,2025-02-21,1815,1680,MISSI,5,5,7,3801,0,0,0,,0,3D13D,"MISSION ST","20TH ST",238.00,S,N,A,-,N,,,,,,,,,,Y,4,0,1,2,A,-,05,21460,A,M,G,B,D,A,H,-,B,D,0,Y,,,,Y,,A,01,0,0,1,0,1,0,0,0,0,"- ","- ",,,"SAN FRANCISCO","SAN FRANCISCO",-122.41899108886719,37.757976531982422
9780334,2025,2025-03-20,3801,2025-02-21,"740 ",4132,MISSI,5,5,7,3801,0,0,0,,0,5CAR,"POTRERO AV","16TH ST",0.00,,Y,A,-,N,,,,,,,,,,N,4,0,1,2,D,-,00,,,F,D,G,A,A,H,-,A,A,0,,Y,,,Y,,-,"- ",0,0,1,0,0,0,1,0,0,"- ","- ",,,"SAN FRANCISCO","SAN FRANCISCO",-122.40756225585938,37.765773773193359
9780341,2025,2025-03-11,3801,2025-02-19,2145,2731,CENTR,3,5,7,3801,0,0,0,,0,3111E,"PIER 3 THE EMBARCADERO","WASHINGTON ST",411.00,N,N,A,-,N,,,,,,,,,,N,4,0,1,2,A,-,05,21651,B,F,A,C,A,A,H,-,C,D,0,,Y,Y,,Y,,C,03,0,0,1,0,0,0,1,0,0,"- ","- ",,,"SAN FRANCISCO","SAN FRANCISCO",-122.39636993408203,37.797569274902344
9780343,2025,2025-03-11,3801,2025-02-19,1304,2196,MISSI,3,5,7,3801,0,0,0,,0,3D15C,"MISSION ST","23RD ST",90.00,N,N,B,C,N,,,,,,,,,,N,4,0,1,2,A,-,03,22350,,N,A,B,E,B,H,-,A,D,0,Y,,,,Y,,A,01,0,0,1,0,1,0,0,0,0,"- ","- ",,,"SAN FRANCISCO","SAN FRANCISCO",-122.41861724853516,37.754077911376953
9780346,2025,2025-03-12,3801,2025-02-18,1521,1927,INGLE,2,5,7,3801,0,0,0,,0,0H5,"MISSION ST","FARRAGUT AV",0.00,,Y,A,-,N,,,,,,,,,,Y,3,0,2,2,A,-,09,21801,A,N,C,C,A,A,H,-,A,A,0,,,,,Y,,A,01,0,2,0,0,0,0,0,0,0,"- ","- ",,,"SAN FRANCISCO","SAN FRANCISCO",-122.44939422607422,37.709938049316406
9780354,2025,2025-03-12,3801,2025-02-24,"855 ",1819,NORTH,1,5,7,3801,0,0,0,,0,,"DIVISADERO ST","FELL ST",55.00,N,N,A,-,N,,,,,,,,,,N,4,0,1,2,A,-,17,22517,,N,B,C,A,A,H,-,A,D,0,,,,,Y,,A,08,0,0,1,0,0,0,0,0,0,"- ","- ",,,"SAN FRANCISCO","SAN FRANCISCO",-122.43762969970703,37.774208068847656
9780359,2025,2025-03-12,3801,2025-02-12,1428,1337,NORTH,3,5,7,3801,0,0,0,,0,0E6,"FRANKLIN ST","CALIFORNIA ST",23.00,N,N,A,-,N,,,,,,,,,,N,4,0,1,2,A,-,03,22350,,N,C,C,A,A,H,-,A,A,0,,,Y,,Y,,C,03,0,0,1,0,0,0,0,0,1,"- ","- ",,,"SAN FRANCISCO","SAN FRANCISCO",-122.42398071289062,37.79022216796875
9780361,2025,2025-03-11,3801,2025-02-26,1925,2705,BAYVI,3,5,7,3801,0,0,0,,0,901,"UNDERWOOD AV","INGALLS ST",173.00,W,N,A,-,N,,,,,,,,,,N,4,0,1,2,A,-,17,21663,,F,G,B,F,A,H,-,C,D,0,Y,,,,Y,,-,99,0,0,1,0,1,0,0,0,0,"- ","- ",,,"SAN FRANCISCO","SAN FRANCISCO",-122.38674163818359,37.726894378662109