CASE_ID,ACCIDENT_YEAR,PROC_DATE,JURIS,COLLISION_DATE,COLLISION_TIME,OFFICER_ID,REPORTING_DISTRICT,DAY_OF_WEEK,CHP_SHIFT,POPULATION,CNTY_CITY_LOC,SPECIAL_COND,BEAT_TYPE,CHP_BEAT_TYPE,CITY_DIVISION_LAPD,CHP_BEAT_CLASS,BEAT_NUMBER,PRIMARY_RD,SECONDARY_RD,DISTANCE,DIRECTION,INTERSECTION,WEATHER_1,WEATHER_2,STATE_HWY_IND,CALTRANS_COUNTY,CALTRANS_DISTRICT,STATE_ROUTE,ROUTE_SUFFIX,POSTMILE_PREFIX,POSTMILE,LOCATION_TYPE,RAMP_INTERSECTION,SIDE_OF_HWY,TOW_AWAY,COLLISION_SEVERITY,NUMBER_KILLED,NUMBER_INJURED,PARTY_COUNT,PRIMARY_COLL_FACTOR,PCF_CODE_OF_VIOL,PCF_VIOL_CATEGORY,PCF_VIOLATION,PCF_VIOL_SUBSECTION,HIT_AND_RUN,TYPE_OF_COLLISION,MVIW,PED_ACTION,ROAD_SURFACE,ROAD_COND_1,ROAD_COND_2,LIGHTING,CONTROL_DEVICE,CHP_ROAD_TYPE,PEDESTRIAN_ACCIDENT,BICYCLE_ACCIDENT,MOTORCYCLE_ACCIDENT,TRUCK_ACCIDENT,NOT_PRIVATE_PROPERTY,ALCOHOL_INVOLVED,STWD_VEHTYPE_AT_FAULT,CHP_VEHTYPE_AT_FAULT,COUNT_SEVERE_INJ,COUNT_VISIBLE_INJ,COUNT_COMPLAINT_PAIN,COUNT_PED_KILLED,COUNT_PED_INJURED,COUNT_BICYCLIST_KILLED,COUNT_BICYCLIST_INJURED,COUNT_MC_KILLED,COUNT_MC_INJURED,PRIMARY_RAMP,SECONDARY_RAMP,LATITUDE,LONGITUDE,COUNTY,CITY,POINT_X,POINT_Y
9780368,2025,2025-03-11,3801,2025-02-04,"710 ",1906,PARK,2,5,7,3801,0,0,0,,0,3F4,"OAK ST","BRODERICK ST",4.00,E,N,C,-,N,,,,,,,,,,N,4,0,1,2,A,-,10,21950,,N,G,B,B,B,-,-,C,A,0,Y,,,,Y,,A,01,0,0,1,0,1,0,0,0,0,"- ","- ",,,"SAN FRANCISCO","SAN FRANCISCO",-122.43906402587891,37.772911071777344
9780372,2025,2025-03-12,3801,2025-02-01,1343,1926,NORTH,6,5,7,3801,0,0,0,,0,3E12A,"EDDY ST","SCOTT ST",0.00,,Y,C,-,N,,,,,,,,,,N,4,0,1,2,A,-,11,21954,A,N,D,B,B,D,H,-,A,A,0,Y,,,,Y,,N,60,0,0,1,0,1,0,0,0,0,"- ","- ",,,"SAN FRANCISCO","SAN FRANCISCO",-122.43726348876953,37.780803680419922
9780375,2025,2025-03-12,3801,2025-02-05,1512,359,SOUTH,3,5,7,3801,0,0,0,,0,3B61,"16TH ST","ARKANSAS ST",0.00,,Y,A,-,N,,,,,,,,,,N,3,0,1,2,A,-,09,21802,A,N,D,C,A,A,H,-,A,A,0,,,Y,,Y,,A,01,0,1,0,0,0,0,0,0,1,"- ","- ",,,"SAN FRANCISCO","SAN FRANCISCO",-122.39879608154297,37.766323089599609
9780440,2025,2025-03-12,3801,2025-02-23,"26  ",2722,CENTR,7,5,7,3801,0,0,0,,0,3A1E,"LARKIN ST","CALIFORNIA ST",136.00,S,N,A,-,N,,,,,,,,,,Y,4,0,1,2,A,-,08,22107,,N,C,E,A,A,H,-,C,A,0,,,,,Y,,A,01,0,0,1,0,0,0,0,0,0,"- ","- ",,,"SAN FRANCISCO","SAN FRANCISCO",-122.41897583007812,37.790420532226562
9780485,2025,2025-03-13,3801,2025-01-21,1030,4798,NORTH,2,5,7,3801,0,0,0,,0,3E00,"LAGUNA ST","FULTON ST",0.00,,Y,A,-,N,,,,,,,,,,N,2,0,1,2,A,-,10,21950,,M,G,B,B,A,H,-,A,A,0,Y,,,,Y,,A,01,1,0,0,0,1,0,0,0,0,"- ","- ",,,"SAN FRANCISCO","SAN FRANCISCO",-122.42664337158203,37.778327941894531
9780487,2025,2025-03-13,3801,2025-01-07,1730,1194,TENDE,2,5,7,3801,0,0,0,,0,0J5,"HYDE ST","ELLIS ST",100.00,N,N,A,-,N,,,,,,,,,,N,4,0,1,2,A,-,03,22350,,F,C,C,A,A,H,-,B,A,0,,,,,Y,,A,01,0,0,1,0,0,0,0,0,0,"- ","- ",,,"SAN FRANCISCO","SAN FRANCISCO",-122.41611480712891,37.784721374511719
9780488,2025,2025-03-13,3801,2025-01-20,1710,1147,TENDE,1,5,7,3801,0,0,0,,0,3J13D,"HYDE ST","ELLIS ST",93.00,S,N,A,-,N,,,,,,,,,,,2,0,1,1,A,-,"- ",,,N,E,A,A,A,B,-,A,D,0,,,,,Y,,M,94,1,0,0,0,0,0,0,0,0,"- ","- ",,,"SAN FRANCISCO","SAN FRANCISCO",-122.416015625,37.784198760986328
9780497,2025,2025-03-13,3801,2025-01-20,2316,1226,SOUTH,1,5,7,3801,0,0,0,,0,1500,"EDDY ST","HYDE ST",0.00,,Y,-,-,N,,,,,,,,,,,2,0,1,2,A,-,12,21453,A,N,D,G,A,-,-,-,C,-,0,,Y,,,Y,,A,01,1,0,0,0,0,0,1,0,0,"- ","- ",,,"SAN FRANCISCO","SAN FRANCISCO",-122.41588592529297,37.783512115478516
9780500,2025,2025-03-13,3801,2025-01-28,1516,2499,TARAV,2,5,7,3801,0,0,0,,0,3I11D,"W PORTAL AVE","W PORTAL AVE 385",0.00,,N,A,-,N,,,,,,,,,,N,4,0,1,2,D,-,00,,,N,B,C,A,A,H,-,A,D,0,,,,,Y,,-,"- ",0,0,1,0,0,0,0,0,0,"- ","- ",,,"SAN FRANCISCO","SAN FRANCISCO",,
9780525,2025,2025-03-17,3801,2025-02-01,2109,2714,MISSI,6,5,7,3801,0,0,0,,0,3D13E,"MISSION ST","14TH ST",119.00,N,N,C,-,N,,,,,,,,,,N,4,0,1,3,D,-,00,,,N,C,C,A,B,H,-,C,A,0,,,Y,,Y,,-,"- ",0,0,1,0,0,0,0,0,1,"- ","- ",,,"SAN FRANCISCO","SAN FRANCISCO",-122.41999816894531,37.76861572265625
9780532,2025,2025-03-17,3801,2025-02-01,"245 ",2711,MISSI,6,5,7,3801,0,0,0,,0,3D14E,"24TH ST","LUCKY ST",0.00,,Y,A,-,N,,,,,,,,,,N,4,0,1,2,A,-,05,21651,A,N,D,C,A,A,H,-,C,D,0,,,,,Y,,A,01,0,0,1,0,0,0,0,0,0,"- ","- ",,,"SAN FRANCISCO","SAN FRANCISCO",-122.41352844238281,37.752544403076172
9780538,2025,2025-03-19,3801,2025-02-09,1107,4275,TARAV,7,5,7,3801,0,0,0,,0,3I3A,"34TH AV","MORAGA ST",219.00,N,N,-,-,N,,,,,,,,,,Y,4,0,2,3,A,-,09,21801,,N,-,-,A,-,-,-,-,-,0,,,,,Y,,A,01,0,0,2,0,0,0,0,0,0,"- ","- ",,,"SAN FRANCISCO","SAN FRANCISCO",-122.49271392822266,37.755992889404297
9780631,2025,2025-03-14,3801,2025-01-25,1535,4046,INGLE,6,5,7,3801,0,0,0,,0,3H11D,"CHURCH ST","27TH ST",0.00,,Y,B,C,N,,,,,,,,,,N,4,0,1,2,A,-,10,21950,A,N,A,B,B,B,H,-,A,A,0,Y,,,,Y,,A,01,0,0,1,0,1,0,0,0,0,"- ","- ",,,"SAN FRANCISCO","SAN FRANCISCO",-122.42697143554688,37.746898651123047
9780632,2025,2025-03-14,3801,2025-01-31,"826 ",2262,BAYVI,5,5,7,3801,0,0,0,,0,2CAR,BAYSHORE,"FLOWER ST",0.00,,Y,C,-,N,,,,,,,,,,N,4,0,1,2,A,-,08,22107,,N,D,G,A,B,H,-,A,A,0,,Y,,,Y,,A,01,0,0,1,0,0,0,1,0,0,"- ","- ",,,"SAN FRANCISCO","SAN FRANCISCO",-122.40565490722656,37.742500305175781
9780635,2025,2025-03-14,3801,2025-01-29,1858,1157,BAYVI,3,5,7,3801,0,0,0,,0,3C4D,"BACON ST","SAN BRUNO AV",19.00,N,N,A,-,N,,,,,,,,,,N,3,0,1,2,A,-,08,22107,,N,G,B,B,A,H,-,C,A,0,Y,,,,Y,,A,01,0,1,0,0,1,0,0,0,0,"- ","- ",,,"SAN FRANCISCO","SAN FRANCISCO",-122.40354919433594,37.727653503417969
9780637,2025,2025-03-14,3801,2025-01-31,1820,2141,TARAV,5,5,7,3801,0,0,0,,0,3I16D,"WINSTON DR","BUCKINGHAM WY",0.00,,Y,A,-,N,,,,,,,,,,N,3,0,1,2,A,-,10,21950,A,N,G,B,B,B,H,-,C,D,0,Y,,,,Y,,A,01,0,1,0,0,1,0,0,0,0,"- ","- ",,,"SAN FRANCISCO","SAN FRANCISCO",-122.47597503662109,37.730087280273438
9780776,2024,2025-04-03,3801,2024-12-23,1915,A25839,MISSI,1,5,7,3801,0,0,0,,0,006,"S VAN NESS AV","15TH ST",0.00,,Y,A,-,N,,,,,,,,,,N,4,0,1,2,A,-,10,21950,A,N,A,B,B,A,H,-,C,A,0,Y,,,,Y,,A,07,0,0,1,0,1,0,0,0,0,"- ","- ",,,"SAN FRANCISCO","SAN FRANCISCO",-122.41764068603516,37.766799926757812
9786254,2024,2025-06-10,3801,2024-11-25,"121 ",917,TRAFF,1,5,7,3801,0,0,0,,0,4B2E,"JULES AV","GRAFTON AV",0.00,,Y,A,-,N,,,,,,,,,,Y,1,2,3,5,A,-,01,23152,A,N,D,C,A,A,H,-,C,A,0,,,,,Y,Y,A,01,1,1,1,0,0,0,0,0,0,"- ","- ",,,"SAN FRANCISCO","SAN FRANCISCO",-122.46124267578125,37.719997406005859
9786422,2024,2025-07-18,3801,2024-11-29,1347,4178,TRAFF,5,5,7,3801,0,0,0,,0,4B3A,"MISSION ST","PERSIA AV",0.00,,Y,A,-,N,,,,,,,,,,Y,1,1,0,2,A,-,12,21453,A,N,D,C,A,A,H,-,A,A,0,,,Y,,Y,,A,07,0,0,0,0,0,0,0,1,0,"- ","- ",,,"SAN FRANCISCO","SAN FRANCISCO",-122.43596649169922,37.723140716552734
9788785,2025,2025-05-13,3801,2025-04-17,2229,1447,PARK,4,5,7,3801,0,0,0,,0,003,"STANYAN ST","OAK ST",0.00,,Y,A,-,N,,,,,,,,,,Y,4,0,2,2,A,-,09,21801,A,N,D,C,A,A,H,-,C,A,0,,,,,Y,,A,01,0,0,2,0,0,0,0,0,0,"- ","- ",,,"SAN FRANCISCO","SAN FRANCISCO",-122.45395660400391,37.771354675292969
9788797,2025,2025-05-13,3801,2025-04-05,1946,1641,CENTR,6,5,7,3801,0,0,0,,0,3E15D,"UNION ST","VARENNES ST",0.00,,Y,A,-,N,,,,,,,,,,N,2,0,1,2,A,-,04,21703,,N,B,C,A,A,H,-,B,D,0,,,Y,,Y,,C,02,1,0,0,0,0,0,0,0,1,"- ","- ",,,"SAN FRANCISCO","SAN FRANCISCO",-122.40682220458984,37.800739288330078
9788798,2025,2025-05-13,3801,2025-04-04,1817,1641,NORTH,5,5,7,3801,0,0,0,,0,3E15D,"WEBSTER ST","UNION ST",0.00,,Y,A,-,N,,,,,,,,,,N,3,0,1,2,A,-,10,21950,A,N,G,B,B,A,H,-,A,A,0,Y,,,,Y,,A,01,0,1,0,0,1,0,0,0,0,"- ","- ",,,"SAN FRANCISCO","SAN FRANCISCO",-122.433837890625,37.797298431396484
9788807,2025,2025-05-14,3801,2025-04-08,2315,196,CENTR,2,5,7,3801,0,0,0,,0,3A12E,"STOCKTON ST","CLAY ST",90.00,S,N,A,-,N,,,,,,,,,,N,3,0,1,2,A,-,09,21804,A,N,B,J,A,A,H,-,C,D,0,,,,,Y,,A,01,0,1,0,0,0,0,0,0,0,"- ","- ",,,"SAN FRANCISCO","SAN FRANCISCO",-122.40780639648438,37.7938232421875
9788823,2025,2025-05-12,3801,2025-04-19,1725,2467,BAYVI,6,5,7,3801,0,0,0,,0,3C12D,"BAYSHORE BL","CORTLAND AV",0.00,,Y,A,-,N,,,,,,,,,,Y,3,0,2,2,A,-,12,21453,A,N,D,C,A,A,H,-,A,A,0,,,,,Y,,A,01,0,1,1,0,0,0,0,0,0,"- ","- ",,,"SAN FRANCISCO","SAN FRANCISCO",-122.40699005126953,37.739582061767578
9788827,2025,2025-05-16,3801,2025-04-20,1920,2450,MISSI,7,5,7,3801,0,0,0,,0,3D105,"FOLSOM ST","17TH ST",20.00,N,N,A,-,N,,,,,,,,,,N,3,0,2,2,A,-,03,22350,,N,F,A,E,A,H,-,A,D,0,Y,,,,Y,,-,"- ",0,1,1,0,2,0,0,0,0,"- ","- ",,,"SAN FRANCISCO","SAN FRANCISCO",-122.41515350341797,37.763744354248047
9788831,2025,2025-05-12,3801,2025-04-18,1033,1723,TENDE,5,5,7,3801,0,0,0,,0,,"OFARRELL ST","POLK ST",11.00,E,N,A,-,N,,,,,,,,,,N,4,0,1,2,A,-,10,21950,A,F,G,B,B,A,H,-,A,A,0,Y,,,,Y,,N,60,0,0,1,0,1,0,0,0,0,"- ","- ",,,"SAN FRANCISCO","SAN FRANCISCO",-122.41950988769531,37.78497314453125
9788838,2025,2025-05-12,3801,2025-04-12,1015,1501,INGLE,6,5,7,3801,0,0,0,,0,3H12A,"FOLSOM ST","PRECITA AV",23.00,N,N,A,-,N,,,,,,,,,,N,3,0,1,1,A,-,03,22350,,N,-,-,A,-,G,-,A,A,0,,Y,,,Y,,L,04,0,1,0,0,0,0,1,0,0,"- ","- ",,,"SAN FRANCISCO","SAN FRANCISCO",-122.41358947753906,37.74725341796875
9788840,2025,2025-05-27,3801,2025-04-22,"253 ",1594,SOUTH,2,5,7,3801,0,0,0,,0,3B14E,"MARKET ST","OCTAVIA BL",0.00,,Y,A,-,N,,,,,,,,,,Y,4,0,2,2,A,-,08,22101,D,N,A,C,A,A,H,-,C,A,0,,,,,Y,,A,01,0,0,2,0,0,0,0,0,0,"- ","- ",,,"SAN FRANCISCO","SAN FRANCISCO",-122.42359161376953,37.771774291992188
9788845,2025,2025-05-14,3801,2025-04-06,1607,1857,SOUTH,7,5,7,3801,0,0,0,,0,3B12D,"HOWARD ST","2ND ST",0.00,,Y,A,-,N,,,,,,,,,,Y,3,0,3,2,A,-,08,22100,B,N,B,C,A,A,H,-,A,A,0,,,Y,,Y,,A,01,0,3,0,0,0,0,0,0,1,"- ","- ",,,"SAN FRANCISCO","SAN FRANCISCO",-122.39824676513672,37.786788940429688
9788857,2025,2025-05-15,3801,2025-04-23,1750,2028,SOUTH,3,5,7,3801,0,0,0,,0,3B13D,"BRANNAN ST","HARRIET ST",0.00,,Y,A,-,N,,,,,,,,,,Y,4,0,1,2,A,-,09,21804,A,N,D,-,A,A,H,-,A,A,0,,,,,Y,,A,01,0,0,1,0,0,0,0,0,0,"- ","- ",,,"SAN FRANCISCO","SAN FRANCISCO",-122.40151214599609,37.774402618408203
9788862,2025,2025-05-12,3801,2025-04-28,"700 ",392,MISSI,1,5,7,3801,0,0,0,,0,0D2,"MARKET ST","GRAND VIEW AV",113.00,S,N,A,-,N,,,,,,,,,,Y,3,0,1,3,A,-,03,22350,,N,B,E,A,A,H,-,A,D,0,,,,,Y,,A,01,0,1,0,0,0,0,0,0,0,"- ","- ",,,"SAN FRANCISCO","SAN FRANCISCO",-122.44179534912109,37.756580352783203
9788874,2025,2025-05-12,3801,2025-04-13,"923 ",1598,RICHM,7,5,7,3801,0,0,0,,0,003,"CABRILLO ST","9TH AV",0.00,,Y,A,-,N,,,,,,,,,,N,2,0,1,2,A,-,08,22107,,N,B,G,A,A,H,-,A,D,0,,Y,,,Y,,A,01,1,0,0,0,0,0,1,0,0,"- ","- ",,,"SAN FRANCISCO","SAN FRANCISCO",-122.46708679199219,37.775222778320312
9788877,2025,2025-05-15,3801,2025-04-16,1705,1057,SOUTH,3,5,7,3801,0,0,0,,0,15000,"4TH ST","HARRISON ST",0.00,,Y,A,-,N,,,,,,,,,,N,4,0,1,3,A,-,08,22107,,F,G,B,D,A,H,-,A,B,0,Y,,,,Y,,A,01,0,0,1,0,1,0,0,0,0,"- ","- ",,,"SAN FRANCISCO","SAN FRANCISCO",-122.39962768554688,37.780776977539062
9788880,2025,2025-05-12,3801,2025-04-14,"706 ",1926,NORTH,1,5,7,3801,0,0,0,,0,3E12A,"OAK ST","STEINER ST",0.00,,Y,A,-,N,,,,,,,,,,N,4,0,1,2,A,-,03,22350,,N,C,C,A,A,H,-,A,A,0,,,,,Y,,A,08,0,0,1,0,0,0,0,0,0,"- ","- ",,,"SAN FRANCISCO","SAN FRANCISCO",-122.43245697021484,37.773746490478516
9788885,2025,2025-05-12,3801,2025-04-02,1421,1857,SOUTH,3,5,7,3801,0,0,0,,0,3B15D,"6TH ST","BRANNAN ST",0.00,,Y,A,-,N,,,,,,,,,,Y,4,0,1,3,A,-,08,22101,D,N,A,C,A,A,H,-,A,A,0,,,,,Y,,A,01,0,0,1,0,0,0,0,0,0,"- ","- ",,,"SAN FRANCISCO","SAN FRANCISCO",-122.40095520019531,37.774826049804688
9788894,2025,2025-05-14,3801,2025-04-05,2039,323,CENTR,6,5,7,3801,0,0,0,,0,3A15D,"THE EMBARCADERO","MISSION ST",597.00,N,N,A,-,N,,,,,,,,,,N,3,0,1,1,A,-,03,22350,,N,H,A,A,A,H,-,C,A,0,,,,,Y,,M,94,0,1,0,0,0,0,0,0,0,"- ","- ",,,"SAN FRANCISCO","SAN FRANCISCO",-122.39413452148438,37.794822692871094
9788895,2025,2025-05-12,3801,2025-04-05,2020,WONG,SOUTH,6,5,7,3801,0,0,0,,0,3B12D,"GRACE ST","HOWARD ST",6.00,N,N,A,-,N,,,,,,,,,,N,3,0,1,2,A,-,17,21235,G,F,D,D,A,A,H,-,C,A,0,,,,,Y,,M,94,0,1,0,0,0,0,0,0,0,"- ","- ",,,"SAN FRANCISCO","SAN FRANCISCO",-122.41398620605469,37.774372100830078
9788901,2025,2025-05-12,3801,2025-04-05,2330,2094,TENDE,6,5,7,3801,0,0,0,,0,3J4,"EDDY ST","TAYLOR ST",168.00,E,N,-,-,N,,,,,,,,,,N,4,0,1,2,A,-,00,21955,A,F,G,B,D,A,H,-,C,A,0,Y,,,,Y,,N,60,0,0,1,0,1,0,0,0,0,"- ","- ",,,"SAN FRANCISCO","SAN FRANCISCO",-122.41037750244141,37.784233093261719
9788906,2025,2025-05-12,3801,2025-04-24,1804,2475,CENTR,4,5,7,3801,0,0,0,,0,3A13D,"POWELL ST","SACRAMENTO ST",126.00,N,N,A,-,N,,,,,,,,,,N,4,0,1,2,C,-,18,,,N,H,F,A,A,H,-,A,A,0,,,,,Y,,-,"- ",0,0,1,0,0,0,0,0,0,"- ","- ",,,"SAN FRANCISCO","SAN FRANCISCO",-122.409423828125,37.793331146240234
9788916,2025,2025-05-12,3801,2025-04-11,1806,2190,CENTR,5,5,7,3801,0,0,0,,0,3A11D,"LARKIN ST","CEDAR ST",0.00,,Y,A,-,N,,,,,,,,,,N,3,0,1,2,A,-,09,21801,A,N,D,G,A,A,H,-,A,A,0,,Y,,,Y,,A,01,0,1,0,0,0,0,1,0,0,"- ","- ",,,"SAN FRANCISCO","SAN FRANCISCO",-122.41819000244141,37.786571502685547
9788918,2025,2025-05-12,3801,2025-04-15,1900,469,MISSI,2,5,7,3801,0,0,0,,0,3D2D,"MARKET ST",ROMAN,175.00,S,N,A,-,N,,,,,,,,,,Y,3,0,1,1,A,-,03,22350,,N,E,I,A,A,H,-,B,B,0,,,,,Y,,A,01,0,1,0,0,0,0,0,0,0,"- ","- ",,,"SAN FRANCISCO","SAN FRANCISCO",-122.44114685058594,37.7557373046875
9788919,2025,2025-05-12,3801,2025-04-15,1854,2487,BAYVI,2,5,7,3801,0,0,0,,0,3C11D,"CESAR CHAVEZ ST","EVANS AV",6.00,E,N,A,-,N,,,,,,,,,,Y,3,0,1,1,A,-,07,21658,A,N,E,I,A,A,H,-,A,A,0,,,,,Y,,A,07,0,1,0,0,0,0,0,0,0,"- ","- ",,,"SAN FRANCISCO","SAN FRANCISCO",-122.39730072021484,37.749691009521484
9788925,2025,2025-05-13,3801,2025-03-28,1837,1857,SOUTH,5,5,7,3801,0,0,0,,0,3B15D,"3RD ST","BRYANT ST",42.00,S,N,A,-,N,,,,,,,,,,N,3,0,1,2,A,-,04,21703,,F,C,G,A,A,H,-,A,A,0,,Y,,,Y,,A,01,0,1,0,0,0,0,1,0,0,"- ","- ",,,"SAN FRANCISCO","SAN FRANCISCO",-122.39574432373047,37.781230926513672
9788931,2025,2025-05-13,3801,2025-03-29,1619,1414,MISSI,6,5,7,3801,0,0,0,,0,3D6D,"WIESE ST","16TH ST",30.00,N,N,B,-,N,,,,,,,,,,N,4,0,1,2,A,-,07,21658,A,F,G,B,F,A,H,-,A,D,0,Y,,,,Y,Y,A,01,0,0,1,0,1,0,0,0,0,"- ","- ",,,"SAN FRANCISCO","SAN FRANCISCO",-122.42047882080078,37.765083312988281
9788937,2025,2025-05-13,3801,2025-03-12,1314,2419,RICHM,3,5,7,3801,0,0,0,,0,908,"MASONIC AV","GEARY BLVD",181.00,N,N,C,-,N,,,,,,,,,,N,4,0,1,2,A,-,09,21804,A,N,D,C,A,B,H,-,A,C,0,,,Y,,Y,,A,01,0,0,1,0,0,0,0,0,1,"- ","- ",,,"SAN FRANCISCO","SAN FRANCISCO",-122.44786834716797,37.782279968261719
9788943,2025,2025-05-27,3801,2025-03-18,1107,2715,SOUTH,2,5,7,3801,0,0,0,,0,3B12A,"KING ST","3RD ST",200.00,W,N,A,-,N,,,,,,,,,,N,4,0,4,2,A,-,04,21703,,N,C,C,A,A,H,-,A,A,0,,,,,Y,,A,01,0,0,4,0,0,0,0,0,0,"- ","- ",,,"SAN FRANCISCO","SAN FRANCISCO",-122.39244079589844,37.777809143066406
9788945,2025,2025-05-13,3801,2025-03-25,1728,1414,MISSI,2,5,7,3801,0,0,0,,0,3D16D,"POTRERO AV","MARIPOSA ST",130.00,S,N,A,-,N,,,,,,,,,,N,4,0,1,2,A,-,08,22107,,N,D,G,A,A,H,-,A,D,0,,Y,,,Y,,A,01,0,0,1,0,0,0,1,0,0,"- ","- ",,,"SAN FRANCISCO","SAN FRANCISCO",-122.40731048583984,37.762855529785156
9788950,2025,2025-05-13,3801,2025-03-29,1720,1952,CENTR,6,5,7,3801,0,0,0,,0,3A12E,"JEFFERSON ST","MASON ST",0.00,,Y,F,-,N,,,,,,,,,,N,4,0,1,2,D,-,00,,,N,B,C,A,-,G,-,-,D,0,,,,,Y,,-,"- ",0,0,1,0,0,0,0,0,0,"- ","- ",,,"SAN FRANCISCO","SAN FRANCISCO",-122.41416931152344,37.808395385742188
9790396,2025,2025-05-20,3801,2025-04-11,1236,2091,NORTH,5,5,7,3801,0,0,0,,0,,"LAGUNA ST","UNION ST",0.00,,Y,A,-,N,,,,,,,,,,N,4,0,1,2,A,-,10,21950,A,N,G,B,B,A,H,-,A,A,0,Y,,,,Y,,D,22,0,0,1,0,1,0,0,0,0,"- ","- ",,,"SAN FRANCISCO","SAN FRANCISCO",-122.4305419921875,37.797714233398438
9790578,2025,2025-03-20,3801,2025-02-22,1257,1794,SFPD,6,5,7,3801,0,0,0,,0,004,"AIRPORT BL","REFERENCE POINT",0.00,,Y,A,-,N,,,,,,,,,,Y,4,0,2,2,A,-,09,21801,A,N,D,C,A,A,H,-,A,A,0,,,,,Y,,A,01,0,0,2,0,0,0,0,0,0,"- ","- ",,,"SAN FRANCISCO","SAN FRANCISCO",,
9796714,2025,2025-04-11,3801,2025-01-23,1820,2212,MISSI,4,5,7,3801,0,0,0,,0,6CAR,"POTRERO AV","MARIPOSA ST",88.00,S,N,A,-,N,,,,,,,,,,N,3,0,1,2,A,-,03,22350,,N,H,E,A,A,H,-,C,A,0,,,,,Y,,M,94,0,1,0,0,0,0,0,0,0,"- ","- ",,,"SAN FRANCISCO","SAN FRANCISCO",-122.40731811523438,37.762969970703125
9796928,2025,2025-04-17,3801,2025-03-25,1120,2750,BAYVI,2,5,7,3801,0,0,0,,0,2CAR,"JERROLD AV","BAYSHORE BL",0.00,,Y,A,-,N,,,,,,,,,,Y,4,0,1,2,A,-,12,21453,,N,D,C,A,A,H,-,A,A,0,,,,,Y,,A,01,0,0,1,0,0,0,0,0,0,"- ","- ",,,"SAN FRANCISCO","SAN FRANCISCO",-122.40361785888672,37.747386932373047
9797006,2025,2025-04-08,3801,2025-03-12,1846,1927,INGLE,3,5,7,3801,0,0,0,,0,3H15D,"MISSION ST","MISSION ST 5254",0.00,,Y,B,-,N,,,,,,,,,,N,4,0,1,2,A,-,08,22107,,N,B,C,A,B,H,-,B,D,0,,,,,Y,,A,01,0,0,1,0,0,0,0,0,0,"- ","- ",,,"SAN FRANCISCO","SAN FRANCISCO",-122.41979217529297,37.7705078125
9797023,2025,2025-04-17,3801,2025-03-09,1349,1133,MISSI,7,5,7,3801,0,0,0,,0,05D,"MISSION ST","16TH ST",0.00,,Y,A,-,N,,,,,,,,,,N,4,0,1,3,D,-,00,,,N,A,B,B,A,H,-,A,A,0,Y,,,,Y,,-,"- ",0,0,1,0,1,0,0,0,0,"- ","- ",,,"SAN FRANCISCO","SAN FRANCISCO",-122.41967010498047,37.765052795410156
9797025,2025,2025-04-14,3801,2025-03-04,2111,1902,MISSI,2,5,7,3801,0,0,0,,0,3D16E,"BRYANT ST","ALAMEDA ST",0.00,,Y,A,-,N,,,,,,,,,,N,4,0,1,2,A,-,10,21950,A,N,G,B,B,A,H,-,C,D,0,Y,,,,Y,,A,01,0,0,1,0,1,0,0,0,0,"- ","- ",,,"SAN FRANCISCO","SAN FRANCISCO",-122.41072082519531,37.768177032470703
9797026,2025,2025-04-14,3801,2025-03-05,"909 ",737,NORTH,3,5,7,3801,0,0,0,,0,3E12A,"STEINER ST","EDDY ST",0.00,,Y,A,-,N,,,,,,,,,,N,4,0,1,2,A,-,08,22107,,N,D,C,A,A,H,-,A,-,0,,,,,Y,,A,01,0,0,1,0,0,0,0,0,0,"- ","- ",,,"SAN FRANCISCO","SAN FRANCISCO",-122.4339599609375,37.781208038330078
9797029,2025,2025-04-14,3801,2025-03-06,1530,1198,MISSI,4,5,7,3801,0,0,0,,0,MISSI,"CAPP ST","21ST ST",0.00,,Y,A,-,N,,,,,,,,,,N,4,0,1,2,A,-,21,22106,,N,C,B,F,A,H,-,A,D,0,Y,,,,Y,,A,01,0,0,1,0,1,0,0,0,0,"- ","- ",,,"SAN FRANCISCO","SAN FRANCISCO",-122.41780853271484,37.757080078125
9797031,2025,2025-04-15,3801,2025-03-03,"807 ",2715,SOUTH,1,5,7,3801,0,0,0,,0,3B12A,"BRYANT ST","2ND ST",24.00,E,N,A,-,N,,,,,,,,,,N,4,0,1,2,A,-,03,22350,,N,C,E,A,A,H,-,A,A,0,,,,,Y,,A,01,0,0,1,0,0,0,0,0,0,"- ","- ",,,"SAN FRANCISCO","SAN FRANCISCO",-122.39356994628906,37.783126831054688
9797042,2025,2025-04-10,3801,2025-03-07,1811,1226,SOUTH,5,5,7,3801,0,0,0,,0,150001,"NELSON RISING LN","5TH ST",0.00,,Y,A,-,N,,,,,,,,,,N,4,0,1,2,A,-,08,22107,A,F,D,C,A,A,-,-,A,-,0,,,,,Y,,A,01,0,0,1,0,0,0,0,0,0,"- ","- ",,,"SAN FRANCISCO","SAN FRANCISCO",,
9797043,2025,2025-04-10,3801,2025-03-09,2108,2094,TENDE,7,5,7,3801,0,0,0,,0,3J13E,"HYDE ST","MCALLISTER ST",0.00,,Y,A,-,N,,,,,,,,,,N,2,0,1,2,A,-,12,21453,A,F,D,G,A,A,H,-,C,A,0,,Y,,,Y,,L,04,1,0,0,0,0,0,1,0,0,"- ","- ",,,"SAN FRANCISCO","SAN FRANCISCO",-122.41532135009766,37.780738830566406
9797054,2025,2025-04-10,3801,2025-03-08,"27  ",359,SOUTH,6,5,7,3801,0,0,0,,0,3B12D,"17TH ST","WISCONSIN ST",22.00,W,N,A,-,N,,,,,,,,,,N,3,0,1,2,A,-,11,21954,A,N,G,B,E,A,H,-,C,D,0,Y,Y,,,Y,Y,N,60,0,1,0,0,1,0,0,0,0,"- ","- ",,,"SAN FRANCISCO","SAN FRANCISCO",-122.39974212646484,37.764965057373047