CASE_ID,ACCIDENT_YEAR,PROC_DATE,JURIS,COLLISION_DATE,COLLISION_TIME,OFFICER_ID,REPORTING_DISTRICT,DAY_OF_WEEK,CHP_SHIFT,POPULATION,CNTY_CITY_LOC,SPECIAL_COND,BEAT_TYPE,CHP_BEAT_TYPE,CITY_DIVISION_LAPD,CHP_BEAT_CLASS,BEAT_NUMBER,PRIMARY_RD,SECONDARY_RD,DISTANCE,DIRECTION,INTERSECTION,WEATHER_1,WEATHER_2,STATE_HWY_IND,CALTRANS_COUNTY,CALTRANS_DISTRICT,STATE_ROUTE,ROUTE_SUFFIX,POSTMILE_PREFIX,POSTMILE,LOCATION_TYPE,RAMP_INTERSECTION,SIDE_OF_HWY,TOW_AWAY,COLLISION_SEVERITY,NUMBER_KILLED,NUMBER_INJURED,PARTY_COUNT,PRIMARY_COLL_FACTOR,PCF_CODE_OF_VIOL,PCF_VIOL_CATEGORY,PCF_VIOLATION,PCF_VIOL_SUBSECTION,HIT_AND_RUN,TYPE_OF_COLLISION,MVIW,PED_ACTION,ROAD_SURFACE,ROAD_COND_1,ROAD_COND_2,LIGHTING,CONTROL_DEVICE,CHP_ROAD_TYPE,PEDESTRIAN_ACCIDENT,BICYCLE_ACCIDENT,MOTORCYCLE_ACCIDENT,TRUCK_ACCIDENT,NOT_PRIVATE_PROPERTY,ALCOHOL_INVOLVED,STWD_VEHTYPE_AT_FAULT,CHP_VEHTYPE_AT_FAULT,COUNT_SEVERE_INJ,COUNT_VISIBLE_INJ,COUNT_COMPLAINT_PAIN,COUNT_PED_KILLED,COUNT_PED_INJURED,COUNT_BICYCLIST_KILLED,COUNT_BICYCLIST_INJURED,COUNT_MC_KILLED,COUNT_MC_INJURED,PRIMARY_RAMP,SECONDARY_RAMP,LATITUDE,LONGITUDE,COUNTY,CITY,POINT_X,POINT_Y
9825693,2025,2025-09-15,3801,2025-06-06,1553,1870,RICHM,5,5,7,3801,0,0,0,,0,0G3,"CABRILLO ST","7TH AV",151.00,W,N,A,-,N,,,,,,,,,,N,2,0,1,2,A,-,03,22350,,N,C,G,A,A,H,-,A,D,0,,Y,,,Y,,L,04,1,0,0,0,0,0,1,0,0,"- ","- ",,,"SAN FRANCISCO","SAN FRANCISCO",-122.46548461914062,37.775295257568359
9825697,2025,2025-09-15,3801,2025-08-06,1021,786,SOUTH,3,5,7,3801,0,0,0,,0,3B14A,GOUGH,MCCOPPIN,0.00,,Y,A,-,N,,,,,,,,,,N,4,0,1,2,A,-,12,21453,,N,D,C,A,A,H,-,A,A,0,,,,,Y,,A,01,0,0,1,0,0,0,0,0,0,"- ","- ",,,"SAN FRANCISCO","SAN FRANCISCO",-122.42033386230469,37.771774291992188
9825701,2025,2025-09-11,3801,2025-08-03,1545,5,NORTH,7,5,7,3801,0,0,0,,0,3E11D,"GOUGH ST","HEYES ST",30.00,S,N,A,-,N,,,,,,,,,,N,4,0,1,2,A,-,09,21453,C,N,D,C,A,A,H,-,A,A,0,,,Y,,Y,,C,03,0,0,1,0,0,0,0,0,0,"- ","- ",,,"SAN FRANCISCO","SAN FRANCISCO",-122.42295074462891,37.776798248291016
9825702,2025,2025-09-11,3801,2025-08-05,1814,1276,NORTH,2,5,7,3801,0,0,0,,0,3E2D,"FARRELL ST","FILLMORE ST",121.00,W,N,A,-,N,,,,,,,,,,N,3,0,2,2,A,-,11,21954,A,N,G,B,D,A,C,-,A,D,0,Y,Y,,,Y,,N,60,0,2,0,0,1,0,1,0,0,"- ","- ",,,"SAN FRANCISCO","SAN FRANCISCO",-122.43312072753906,37.783226013183594
9825705,2025,2025-09-11,3801,2025-08-04,"908 ",1832,TENDE,1,5,7,3801,0,0,0,,0,3J12A,"MARKET ST","8TH ST",0.00,,Y,A,-,N,,,,,,,,,,N,3,0,2,2,A,-,10,21950,A,N,G,B,B,A,H,-,A,A,0,Y,Y,,,Y,,L,04,0,2,0,0,1,0,1,0,0,"- ","- ",,,"SAN FRANCISCO","SAN FRANCISCO",-122.41475677490234,37.778705596923828
9825708,2025,2025-09-12,3801,2025-08-02,"223 ",1857,SOUTH,6,5,7,3801,0,0,0,,0,3B61,"MISSION ST","8TH ST",348.00,E,N,A,-,N,,,,,,,,,,N,4,0,1,2,A,-,11,21954,A,N,-,B,E,A,H,-,C,A,0,Y,,Y,,Y,Y,N,60,0,0,1,0,1,0,0,0,0,"- ","- ",,,"SAN FRANCISCO","SAN FRANCISCO",-122.41230773925781,37.778133392333984
9826383,2025,2025-06-23,3801,2025-01-11,1015,1689,SOUTH,6,5,7,3801,0,0,0,,0,3B14DD,"FOLSOM ST","HARRIET ST",0.00,,Y,A,-,N,,,,,,,,,,Y,4,0,1,2,A,-,17,21657,,N,B,C,A,A,H,-,C,A,0,,,,,Y,Y,A,01,0,0,1,0,0,0,0,0,0,"- ","- ",,,"SAN FRANCISCO","SAN FRANCISCO",-122.40613555908203,37.778076171875
9868701,2025,2025-08-07,3801,2025-07-01,1130,1469,NORTH,2,5,7,3801,0,0,0,,0,3E1A,"HAIGHT ST","OCTAVIA ST",130.00,W,N,A,-,N,,,,,,,,,,N,3,0,1,2,A,-,00,21665,A,N,B,G,A,A,H,-,A,A,0,,Y,,,Y,,A,01,0,1,0,0,0,0,1,0,0,"- ","- ",,,"SAN FRANCISCO","SAN FRANCISCO",-122.42436981201172,37.772899627685547
9868703,2025,2025-08-07,3801,2025-07-04,2138,1602,BAYVI,5,5,7,3801,0,0,0,,0,3C15E,"OAKDALE AV","3RD AV",216.00,W,N,A,-,N,,,,,,,,,,N,4,0,1,2,A,-,11,21954,A,N,G,B,E,A,H,-,C,D,0,Y,,,,Y,,N,60,0,0,1,0,1,0,0,0,0,"- ","- ",,,"SAN FRANCISCO","SAN FRANCISCO",-122.39136505126953,37.735183715820312
9868721,2025,2025-08-08,3801,2025-07-23,1227,1133,CENTR,3,5,7,3801,0,0,0,,0,0A5,"MARKET ST","3RD ST",0.00,,Y,A,-,N,,,,,,,,,,N,4,0,1,2,A,-,11,21453,D,N,D,B,B,A,H,-,A,A,0,Y,Y,,,Y,,N,60,0,0,1,0,1,0,0,0,0,"- ","- ",,,"SAN FRANCISCO","SAN FRANCISCO",-122.40345764160156,37.787662506103516
9868726,2025,2025-08-08,3801,2025-07-29,2347,2421,PARK,2,5,7,3801,0,0,0,,0,3F1,"FREDERICK ST","STANYAN ST",0.00,,Y,A,-,N,,,,,,,,,,Y,4,0,2,2,D,-,00,,,N,D,C,A,A,H,-,C,A,0,,,,,Y,,-,"- ",0,0,2,0,0,0,0,0,0,"- ","- ",37.766441345214844,-122.45292663574219,"SAN FRANCISCO","SAN FRANCISCO",-122.45295715332031,37.766376495361328
9868733,2025,2025-08-08,3801,2025-07-21,2256,2240,NORTH,1,5,7,3801,0,0,0,,0,3E13E,"FELL ST","DIVISADERO ST",0.00,,Y,A,-,N,,,,,,,,,,N,2,0,3,3,A,-,11,21453,D,N,H,B,B,A,H,-,C,A,0,Y,Y,,,Y,,N,60,1,2,0,0,2,0,1,0,0,"- ","- ",,,"SAN FRANCISCO","SAN FRANCISCO",-122.43759918212891,37.774063110351562
9868741,2025,2025-08-12,3801,2025-07-05,1830,4086,INGLE,6,5,7,3801,0,0,0,,0,3H16D,"MISSION ST","HIGHLAND AV",0.00,,Y,A,-,N,,,,,,,,,,Y,4,0,1,2,A,-,04,21703,,F,C,C,A,A,H,-,A,A,0,,,Y,,Y,,A,01,0,0,1,0,0,0,0,0,1,"- ","- ",,,"SAN FRANCISCO","SAN FRANCISCO",-122.42404174804688,37.737358093261719
9868742,2025,2025-08-12,3801,2025-07-05,1835,1221,INGLE,6,5,7,3801,0,0,0,,0,3H15D,"MISSON ST","FAIR AV",50.00,S,N,A,-,N,,,,,,,,,,N,4,0,1,2,A,-,06,21750,A,F,B,C,A,A,H,-,A,D,0,,,,,Y,Y,A,01,0,0,1,0,0,0,0,0,0,"- ","- ",,,"SAN FRANCISCO","SAN FRANCISCO",-122.41995239257812,37.745471954345703
9868745,2025,2025-08-12,3801,2025-07-03,1850,826,NORTH,4,5,7,3801,0,0,0,,0,0E3,"POLK ST","GOLDEN GATE AV",0.00,,Y,A,-,N,,,,,,,,,,N,2,0,2,2,A,-,09,21801,A,N,A,-,A,A,H,-,A,A,0,,Y,,,Y,,L,04,1,0,1,0,0,0,1,0,0,"- ","- ",,,"SAN FRANCISCO","SAN FRANCISCO",-122.41880035400391,37.781227111816406
9868750,2025,2025-08-08,3801,2025-07-02,"920 ",1381,NORTH,3,5,7,3801,0,0,0,,0,3E50B,"POLK ST","GROVE ST",295.00,N,N,A,-,N,,,,,,,,,,N,4,0,1,2,A,-,12,21453,,N,H,-,C,A,H,-,A,A,0,Y,Y,,,Y,,L,04,0,0,1,0,1,0,0,0,0,"- ","- ",,,"SAN FRANCISCO","SAN FRANCISCO",-122.41838836669922,37.779277801513672
9868755,2025,2025-08-07,3801,2025-07-16,1122,2378,MISSI,3,5,7,3801,0,0,0,,0,3D14A,"ALABAMA ST","CESAR CHAVEZ ST",0.00,,Y,A,-,N,,,,,,,,,,N,3,0,1,2,A,-,09,21801,A,N,D,G,A,A,H,-,A,A,0,,Y,,,Y,,A,01,0,1,0,0,0,0,1,0,0,"- ","- ",,,"SAN FRANCISCO","SAN FRANCISCO",-122.41054534912109,37.748374938964844
9868768,2025,2025-08-08,3801,2025-07-19,1813,2196,MISSI,6,5,7,3801,0,0,0,,0,3D1D,"17TH ST","VALENCIA ST",24.00,E,N,A,-,N,,,,,,,,,,N,3,0,1,1,A,-,03,22350,,N,H,A,A,A,H,-,A,D,0,,Y,,,Y,Y,L,04,0,1,0,0,0,0,1,0,0,"- ","- ",,,"SAN FRANCISCO","SAN FRANCISCO",-122.42165374755859,37.7633056640625
9868769,2025,2025-08-07,3801,2025-07-19,"147 ",1732,TENDE,6,5,7,3801,0,0,0,,0,3J12E,"GOLDEN GATE AV","LEAVENWORTH ST",0.00,,Y,A,-,N,,,,,,,,,,N,4,0,1,2,A,-,17,21461,A,N,D,C,A,A,H,-,C,A,0,,,,,Y,,M,94,0,0,1,0,0,0,0,0,0,"- ","- ",,,"SAN FRANCISCO","SAN FRANCISCO",-122.41385650634766,37.781875610351562
9868787,2025,2025-08-11,3801,2025-07-28,"30  ",2256,SOUTH,1,5,7,3801,0,0,0,,0,3B12E,"HARRISON ST","6TH ST",0.00,,Y,A,-,N,,,,,,,,,,N,3,0,1,2,A,-,12,21453,A,N,G,C,A,A,H,-,C,A,0,,,,,Y,,M,94,0,1,0,0,0,0,0,0,0,"- ","- ",,,"SAN FRANCISCO","SAN FRANCISCO",-122.40408325195312,37.777309417724609
9868788,2025,2025-08-11,3801,2025-07-25,"549 ",1948,TARAV,5,5,7,3801,0,0,0,,0,004,"19TH AV","SLOAT BL",0.00,,Y,B,-,N,,,,,,,,,,Y,3,0,1,1,A,-,03,22350,,N,A,I,A,B,H,-,C,A,0,,,,,Y,,A,01,0,1,0,0,0,0,0,0,0,"- ","- ",,,"SAN FRANCISCO","SAN FRANCISCO",-122.47511291503906,37.734561920166016
9868798,2025,2025-08-11,3801,2025-07-27,"58  ",2247,SOUTH,7,5,7,3801,0,0,0,,0,0B4,"MISSION ST","11TH ST",0.00,,Y,A,-,N,,,,,,,,,,N,4,0,2,2,A,-,04,21703,,F,C,C,A,A,H,-,C,A,0,,,,,Y,,-,,0,0,2,0,0,0,0,0,0,"- ","- ",,,"SAN FRANCISCO","SAN FRANCISCO",-122.41709899902344,37.774330139160156
9868801,2025,2025-08-11,3801,2025-07-09,1820,1702,RICHM,3,5,7,3801,0,0,0,,0,3G91D,"FULTON ST","19TH AV",0.00,,Y,A,-,N,,,,,,,,,,Y,4,0,1,3,A,-,03,22350,,N,D,C,A,A,H,-,A,D,0,,,,,Y,,A,01,0,0,1,0,0,0,0,0,0,"- ","- ",,,"SAN FRANCISCO","SAN FRANCISCO",-122.47777557373047,37.772846221923828
9868809,2025,2025-08-14,3801,2025-07-01,"825 ",788,SOUTH,2,5,7,3801,0,0,0,,0,003,"HOWARD ST","6TH ST",20.00,W,N,A,-,N,,,,,,,,,,N,4,0,2,2,A,-,08,22107,,N,B,E,A,A,G,-,A,A,0,,,,,Y,,A,01,0,0,2,0,0,0,0,0,0,"- ","- ",,,"SAN FRANCISCO","SAN FRANCISCO",-122.40718841552734,37.779712677001953
9868814,2025,2025-08-14,3801,2025-07-11,1432,2706,MISSI,5,5,7,3801,0,0,0,,0,3D16A,"17TH ST","POTRERO AV",0.00,,Y,A,-,N,,,,,,,,,,N,4,0,1,2,A,-,08,22107,,N,D,G,A,A,H,-,A,A,0,,Y,,,Y,,A,08,0,0,1,0,0,0,1,0,0,"- ","- ",,,"SAN FRANCISCO","SAN FRANCISCO",-122.40743255615234,37.764484405517578
9868821,2025,2025-08-27,3801,2025-07-05,1650,1066,NORTH,6,5,7,3801,0,0,0,,0,2CAR,"WEBSTER ST","FULTON ST",0.00,,Y,A,-,N,,,,,,,,,,N,3,0,1,2,A,-,09,21801,A,N,G,B,B,A,H,-,A,D,0,Y,,,,Y,,A,01,0,1,0,0,1,0,0,0,0,"- ","- ",,,"SAN FRANCISCO","SAN FRANCISCO",-122.42990875244141,37.777912139892578
9868830,2025,2025-08-27,3801,2025-07-05,1700,1435,TRAFF,6,5,7,3801,0,0,0,,0,4B4E,"THE EMBARCADERO","POWELL ST",445.00,E,N,A,-,N,,,,,,,,,,Y,2,0,2,2,A,-,09,21804,A,N,-,C,A,A,H,-,A,A,0,,,Y,,Y,,M,94,2,0,0,0,0,0,0,0,1,"- ","- ",,,"SAN FRANCISCO","SAN FRANCISCO",-122.41098785400391,37.808338165283203
9868836,2025,2025-08-27,3801,2025-07-17,2257,245,PARK,4,5,7,3801,0,0,0,,0,4CAR,"HAIGHT ST","DIVISADERO ST",0.00,,Y,A,-,N,,,,,,,,,,Y,3,0,1,1,A,-,03,22350,,N,E,I,A,A,H,-,C,A,0,,,,,Y,,A,01,0,1,0,0,0,0,0,0,0,"- ","- ",,,"SAN FRANCISCO","SAN FRANCISCO",-122.43704223632812,37.771270751953125
9868842,2025,2025-08-11,3801,2025-07-14,1440,1796,RICHM,1,5,7,3801,0,0,0,,0,3G14A,"CLEMENT ST","19TH AV",0.00,,Y,B,-,N,,,,,,,,,,N,4,0,1,2,A,-,10,21950,A,N,G,B,B,A,H,-,A,D,0,Y,,,,Y,,A,01,0,0,1,0,1,0,0,0,0,"- ","- ",,,"SAN FRANCISCO","SAN FRANCISCO",-122.47846984863281,37.782295227050781
9868843,2025,2025-08-11,3801,2025-07-12,1318,2088,INGLE,6,5,7,3801,0,0,0,,0,,"BOSWORTH ST","BROMPTON ST",0.00,,Y,A,-,N,,,,,,,,,,Y,3,0,1,3,A,-,03,22350,,N,C,C,A,A,H,-,A,D,0,,,,,Y,,A,01,0,1,0,0,0,0,0,0,0,"- ","- ",,,"SAN FRANCISCO","SAN FRANCISCO",-122.43499755859375,37.733688354492188
9868848,2025,2025-08-08,3801,2025-07-17,1620,4358,SOUTH,4,5,7,3801,0,0,0,,0,3B12D,"BRANNAN ST","4TH ST",225.00,W,N,A,-,N,,,,,,,,,,,3,0,1,2,A,-,08,22107,,N,D,-,A,A,H,-,A,A,0,,,Y,,Y,,A,01,0,1,0,0,0,0,0,0,1,"- ","- ",,,"SAN FRANCISCO","SAN FRANCISCO",-122.39708709716797,37.77789306640625
9868849,2025,2025-08-08,3801,2025-07-16,2126,2247,SOUTH,3,5,7,3801,0,0,0,,0,0B4,"9TH ST","HOWARD ST",0.00,,Y,A,-,N,,,,,,,,,,N,2,0,1,2,A,-,10,21950,A,F,G,B,B,A,H,-,C,A,0,Y,,,,Y,,-,99,1,0,0,0,1,0,0,0,0,"- ","- ",,,"SAN FRANCISCO","SAN FRANCISCO",-122.41315460205078,37.774997711181641
9868851,2025,2025-08-08,3801,2025-07-15,1445,1886,TENDE,2,5,7,3801,0,0,0,,0,3J13A,"HYDE ST","EDDY ST",0.00,,Y,A,-,N,,,,,,,,,,N,4,0,1,2,A,-,00,21954,,F,D,C,A,A,H,-,A,A,0,,,,,Y,,M,94,0,0,1,0,0,0,0,0,0,"- ","- ",,,"SAN FRANCISCO","SAN FRANCISCO",-122.41588592529297,37.783512115478516
9868856,2025,2025-08-08,3801,2025-07-12,1726,4201,CENTR,6,5,7,3801,0,0,0,,0,3A12E,"3RD ST","STEVENSON ST",0.00,,Y,A,-,N,,,,,,,,,,Y,4,0,1,2,A,-,02,22526,A,N,D,C,A,A,H,-,A,A,0,,,,,Y,,A,01,0,0,1,0,0,0,0,0,0,"- ","- ",,,"SAN FRANCISCO","SAN FRANCISCO",-122.40297698974609,37.787040710449219
9868866,2025,2025-08-07,3801,2025-06-27,1943,1154,MISSI,5,5,7,3801,0,0,0,,0,,"18TH ST",CHURCH,0.00,,Y,A,-,N,,,,,,,,,,N,3,0,1,2,A,-,06,21751,,N,D,J,A,A,H,-,A,A,0,,,,,Y,,M,94,0,1,0,0,0,0,0,0,0,"- ","- ",,,"SAN FRANCISCO","SAN FRANCISCO",-122.42838287353516,37.761299133300781
9868869,2025,2025-08-07,3801,2025-06-29,2350,1964,TARAV,7,5,7,3801,0,0,0,,0,3I1E,"19TH AV","JUDAH ST",0.00,,Y,A,-,N,,,,,,,,,,N,2,0,1,1,A,-,03,22350,,N,H,I,A,A,H,-,C,D,0,,,Y,,Y,,C,02,1,0,0,0,0,0,0,0,1,"- ","- ",,,"SAN FRANCISCO","SAN FRANCISCO",-122.47702789306641,37.761695861816406
9868871,2025,2025-08-14,3801,2025-06-28,"158 ",2742,INGLE,6,5,7,3801,0,0,0,,0,3H15E,"MISSION ST","NAGLEE AV",0.00,,Y,A,-,N,,,,,,,,,,N,2,0,1,2,A,-,10,21950,C,N,G,B,B,A,H,-,C,A,0,Y,,,,Y,,A,01,1,0,0,0,1,0,0,0,0,"- ","- ",,,"SAN FRANCISCO","SAN FRANCISCO",-122.44612884521484,37.711601257324219
9868876,2025,2025-08-18,3801,2025-06-01,2155,17,INGLE,7,5,7,3801,0,0,0,,0,3H2E,"BOSWORTH ST","LIPPARD AV",0.00,,Y,A,-,N,,,,,,,,,,Y,4,0,1,2,A,-,12,22450,A,N,D,C,A,A,H,-,C,A,0,,,,,Y,,A,01,0,0,1,0,0,0,0,0,0,"- ","- ",,,"SAN FRANCISCO","SAN FRANCISCO",-122.43581390380859,37.73388671875
9868881,2025,2025-08-07,3801,2025-06-17,"36  ",1129,TENDE,2,5,7,3801,0,0,0,,0,3J15E,"OFARRELL ST","TAYLOR ST",0.00,,Y,A,-,N,,,,,,,,,,Y,3,0,2,3,A,-,03,22350,A,N,D,C,A,A,H,-,C,A,0,,,,,Y,,A,01,0,1,1,0,0,0,0,0,0,"- ","- ",,,"SAN FRANCISCO","SAN FRANCISCO",-122.41132354736328,37.786022186279297
9868894,2025,2025-08-07,3801,2025-06-28,"759 ",2181,INGLE,6,5,7,3801,0,0,0,,0,,"DESMOND ST","SUNNYDALE AV",0.00,,Y,A,-,N,,,,,,,,,,N,4,0,1,2,A,-,10,21950,C,N,-,B,B,A,H,-,A,D,0,Y,,,,Y,,A,01,0,0,1,0,1,0,0,0,0,"- ","- ",,,"SAN FRANCISCO","SAN FRANCISCO",-122.40624237060547,37.709182739257812
9868915,2025,2025-08-07,3801,2025-06-25,1921,2701,SOUTH,3,5,7,3801,0,0,0,,0,3B12D,"RITCH ST","BRANNAN ST",135.00,S,N,-,-,N,,,,,,,,,,N,4,0,1,3,A,-,21,22106,,F,G,C,E,A,H,-,B,D,0,Y,,,,Y,,-,,0,0,1,0,1,0,0,0,0,"- ","- ",,,"SAN FRANCISCO","SAN FRANCISCO",-122.39453125,37.779415130615234
9868917,2025,2025-08-07,3801,2025-06-03,1836,52,SOUTH,2,5,7,3801,0,0,0,,0,0B3,"8TH ST","HOWARD ST",76.00,N,N,A,-,N,,,,,,,,,,Y,4,0,1,2,A,-,03,22350,,N,C,C,A,A,H,-,A,A,0,,,,,Y,,A,01,0,0,1,0,0,0,0,0,0,"- ","- ",,,"SAN FRANCISCO","SAN FRANCISCO",-122.41177368164062,37.776378631591797
9869945,2025,2025-09-16,3801,2025-06-26,2010,1362,NORTH,4,5,7,3801,0,0,0,,0,0E5,"LOMBARD ST","BRODERICK ST",44.00,E,N,A,-,N,,,,,,,,,,Y,4,0,1,3,A,-,08,22107,,N,B,C,A,A,H,-,A,A,0,,,,,Y,,A,01,0,0,1,0,0,0,0,0,0,"- ","- ",,,"SAN FRANCISCO","SAN FRANCISCO",-122.44417572021484,37.798816680908203
9870489,2025,2025-09-19,3801,2025-06-25,1900,141,INGLE,3,5,7,3801,0,0,0,,0,006,"MANSELL ST","JOHN F SHELLEY DR",0.00,,Y,B,-,N,,,,,,,,,,Y,4,0,2,2,A,-,05,21651,A,N,A,C,A,A,H,-,A,D,0,,,,,Y,,-,"- ",0,0,2,0,0,0,0,0,0,"- ","- ",,,"SAN FRANCISCO","SAN FRANCISCO",-122.41854095458984,37.718730926513672
9870492,2025,2025-09-16,3801,2025-06-28,1227,359,SOUTH,6,5,7,3801,0,0,0,,0,3B16D,"9TH ST","MISSION ST",0.00,,Y,A,-,N,,,,,,,,,,Y,4,0,1,2,A,-,04,21703,,F,C,C,A,A,H,-,A,A,0,,,,,Y,,A,01,0,0,1,0,0,0,0,0,0,"- ","- ",,,"SAN FRANCISCO","SAN FRANCISCO",-122.41471862792969,37.776241302490234
9874648,2025,2025-10-07,3801,2025-09-19,1704,1331,CENTR,5,5,7,3801,0,0,0,,0,3A11D,"POWELL ST","CALIFORNIA ST",0.00,,Y,A,-,N,,,,,,,,,,N,4,0,1,2,A,-,10,21950,A,N,G,B,B,A,H,-,A,A,0,Y,,,,Y,,A,01,0,0,1,0,1,0,0,0,0,"- ","- ",,,"SAN FRANCISCO","SAN FRANCISCO",-122.40917205810547,37.79205322265625
9874649,2025,2025-10-07,3801,2025-09-16,1305,1819,NORTH,2,5,7,3801,0,0,0,,0,4CAR,"PINE ST","WEBSTER ST",0.00,,Y,A,-,N,,,,,,,,,,N,4,0,1,2,A,-,08,22100,B,N,-,C,A,A,H,-,A,A,0,,,,,Y,,A,01,0,0,1,0,0,0,0,0,0,"- ","- ",,,"SAN FRANCISCO","SAN FRANCISCO",-122.43199157714844,37.788154602050781
9874651,2025,2025-10-07,3801,2025-09-16,1720,2141,TARAV,2,5,7,3801,0,0,0,,0,3146,"OCEAN AV","DORADO TER",137.00,E,N,A,B,N,,,,,,,,,,N,3,0,1,2,A,-,11,21955,,N,G,B,D,A,H,-,A,A,0,Y,,,,Y,,N,60,0,1,0,0,1,0,0,0,0,"- ","- ",,,"SAN FRANCISCO","SAN FRANCISCO",-122.46076965332031,37.724861145019531
9874662,2025,2025-10-07,3801,2025-09-14,1503,2725,RICHM,7,5,7,3801,0,0,0,,0,,"FULTON ST","FUNSTON AV",55.00,E,N,A,-,N,,,,,,,,,,N,4,0,1,2,A,-,03,22350,,N,C,C,A,A,H,-,A,D,0,,,,,Y,,A,01,0,0,1,0,0,0,0,0,0,"- ","- ",,,"SAN FRANCISCO","SAN FRANCISCO",-122.47104644775391,37.773159027099609
9874663,2025,2025-10-07,3801,2025-09-14,1332,4286,RICHM,7,5,7,3801,0,0,0,,0,0G2,"ARGUELLO BL","CLEMENT ST",45.00,S,N,A,-,N,,,,,,,,,,N,3,0,1,2,A,-,08,22107,,N,H,G,A,A,H,-,A,D,0,,Y,,,Y,,A,07,0,1,0,0,0,0,1,0,0,"- ","- ",,,"SAN FRANCISCO","SAN FRANCISCO",-122.45900726318359,37.783065795898438
9874664,2025,2025-10-07,3801,2025-09-13,1515,4335,RICHM,6,5,7,3801,0,0,0,,0,901,"BALBOA ST","22ND AV",0.00,,Y,A,-,N,,,,,,,,,,Y,4,0,3,2,A,-,08,22107,,N,C,C,A,A,H,-,A,A,0,,,,,Y,,A,01,0,0,3,0,0,0,0,0,0,"- ","- ",,,"SAN FRANCISCO","SAN FRANCISCO",-122.48126220703125,37.776454925537109
9874675,2025,2025-10-08,3801,2025-09-10,2150,1655,MISSI,3,5,7,3801,0,0,0,,0,3D14E,"ALABAMA ST","24TH ST",0.00,,Y,A,-,N,,,,,,,,,,N,4,0,1,2,A,-,09,21800,C,N,B,G,A,A,-,-,C,A,0,,Y,,,Y,,L,04,0,0,1,0,0,0,1,0,0,"- ","- ",,,"SAN FRANCISCO","SAN FRANCISCO",-122.41094207763672,37.752712249755859
9874679,2025,2025-10-08,3801,2025-09-25,1000,1956,TARAV,4,5,7,3801,0,0,0,,0,6CAR,"19TH AV","SARGENT ST",29.00,N,N,A,-,N,,,,,,,,,,Y,4,0,1,2,A,-,09,21802,A,N,C,C,A,A,H,-,A,D,0,,,,,Y,,A,01,0,0,1,0,0,0,0,0,0,"- ","- ",,,"SAN FRANCISCO","SAN FRANCISCO",-122.47164154052734,37.716171264648438
9874681,2025,2025-10-13,3801,2025-09-24,1016,737,NORTH,3,5,7,3801,0,0,0,,0,3E11A,"HAYES ST","POLK ST",0.00,,Y,A,-,N,,,,,,,,,,N,4,0,1,2,A,-,09,21801,,N,B,J,A,A,H,-,A,A,0,,,Y,,Y,,C,02,0,0,1,0,0,0,0,0,1,"- ","- ",,,"SAN FRANCISCO","SAN FRANCISCO",-122.41803741455078,37.777507781982422
9874688,2025,2025-10-31,3801,2025-09-02,1230,2491,INGLE,2,5,7,3801,0,0,0,,0,3H15D,"GENEVA AV","ATHENS ST",0.00,,Y,A,-,N,,,,,,,,,,N,4,0,1,2,A,-,09,21801,,F,G,B,A,A,H,-,A,A,0,,,Y,,Y,Y,-,,0,0,1,0,0,0,0,0,1,"- ","- ",,,"SAN FRANCISCO","SAN FRANCISCO",-122.43453979492188,37.713474273681641
9874690,2025,2025-10-31,3801,2025-09-08,1556,CHEUNG,SOUTH,1,5,7,3801,0,0,0,,0,3B14D,"8TH ST","HOWARD ST",0.00,,Y,A,-,N,,,,,,,,,,N,3,0,1,2,D,-,00,,,N,B,G,A,A,H,-,A,A,0,,Y,,,Y,,-,"- ",0,1,0,0,0,0,1,0,0,"- ","- ",,,"SAN FRANCISCO","SAN FRANCISCO",-122.41159057617188,37.776229858398438
9874696,2025,2025-10-13,3801,2025-09-04,"713 ",625,NORTH,4,5,7,3801,0,0,0,,0,2CAR,"EDDY ST","GOUGH ST",277.00,W,N,A,-,N,,,,,,,,,,N,3,0,1,2,A,-,05,21651,B,N,B,D,A,A,H,-,A,D,0,,,,,Y,,M,94,0,1,0,0,0,0,0,0,0,"- ","- ",,,"SAN FRANCISCO","SAN FRANCISCO",-122.42506408691406,37.782352447509766
9874702,2025,2025-10-14,3801,2025-09-04,2330,17,INGLE,4,5,7,3801,0,0,0,,0,3H16E,"BAYSHORE BL","HESTER AV",0.00,,Y,A,-,N,,,,,,,,,,Y,4,0,1,2,A,-,12,21453,A,F,D,D,A,A,H,-,C,A,0,,,,,Y,,A,01,0,0,1,0,0,0,0,0,0,"- ","- ",,,"SAN FRANCISCO","SAN FRANCISCO",-122.40000915527344,37.713619232177734
9874704,2025,2025-10-14,3801,2025-09-09,2123,1845,TARAV,2,5,7,3801,0,0,0,,0,6CAR,"OCEAN AV","VICTORIA ST",0.00,,Y,A,-,N,,,,,,,,,,N,3,0,1,2,A,-,10,21950,A,N,G,B,B,A,H,-,C,A,0,Y,,,,Y,,A,01,0,1,0,0,1,0,0,0,0,"- ","- ",,,"SAN FRANCISCO","SAN FRANCISCO",-122.46424865722656,37.726020812988281
9874713,2025,2025-10-14,3801,2025-09-21,1859,4104,PARK,7,5,7,3801,0,0,0,,0,3F12D,"TWIN PEAKS BL","CARMEL ST",0.00,,Y,A,-,N,,,,,,,,,,N,4,0,1,2,A,-,10,21950,A,N,G,B,B,A,H,-,C,A,0,Y,,,,Y,,A,01,0,0,1,0,1,0,0,0,0,"- ","- ",,,"SAN FRANCISCO","SAN FRANCISCO",-122.44644927978516,37.761028289794922