CASE_ID,ACCIDENT_YEAR,PROC_DATE,JURIS,COLLISION_DATE,COLLISION_TIME,OFFICER_ID,REPORTING_DISTRICT,DAY_OF_WEEK,CHP_SHIFT,POPULATION,CNTY_CITY_LOC,SPECIAL_COND,BEAT_TYPE,CHP_BEAT_TYPE,CITY_DIVISION_LAPD,CHP_BEAT_CLASS,BEAT_NUMBER,PRIMARY_RD,SECONDARY_RD,DISTANCE,DIRECTION,INTERSECTION,WEATHER_1,WEATHER_2,STATE_HWY_IND,CALTRANS_COUNTY,CALTRANS_DISTRICT,STATE_ROUTE,ROUTE_SUFFIX,POSTMILE_PREFIX,POSTMILE,LOCATION_TYPE,RAMP_INTERSECTION,SIDE_OF_HWY,TOW_AWAY,COLLISION_SEVERITY,NUMBER_KILLED,NUMBER_INJURED,PARTY_COUNT,PRIMARY_COLL_FACTOR,PCF_CODE_OF_VIOL,PCF_VIOL_CATEGORY,PCF_VIOLATION,PCF_VIOL_SUBSECTION,HIT_AND_RUN,TYPE_OF_COLLISION,MVIW,PED_ACTION,ROAD_SURFACE,ROAD_COND_1,ROAD_COND_2,LIGHTING,CONTROL_DEVICE,CHP_ROAD_TYPE,PEDESTRIAN_ACCIDENT,BICYCLE_ACCIDENT,MOTORCYCLE_ACCIDENT,TRUCK_ACCIDENT,NOT_PRIVATE_PROPERTY,ALCOHOL_INVOLVED,STWD_VEHTYPE_AT_FAULT,CHP_VEHTYPE_AT_FAULT,COUNT_SEVERE_INJ,COUNT_VISIBLE_INJ,COUNT_COMPLAINT_PAIN,COUNT_PED_KILLED,COUNT_PED_INJURED,COUNT_BICYCLIST_KILLED,COUNT_BICYCLIST_INJURED,COUNT_MC_KILLED,COUNT_MC_INJURED,PRIMARY_RAMP,SECONDARY_RAMP,LATITUDE,LONGITUDE,COUNTY,CITY,POINT_X,POINT_Y
7014995,2014,2015-08-12,3801,2014-07-24,1615,2050,NORTH,4,5,7,3801,0,0,0,,0,3E14D,POLK,CALIFORNIA,98.00,N,N,A,-,N,,,,,,,,,,N,3,0,1,2,A,-,03,22350,,N,B,G,A,A,H,-,A,D,0,,Y,,,Y,,L,04,0,1,0,0,0,0,1,0,0,"- ","- ",,,"SAN FRANCISCO","SAN FRANCISCO",-122.42073429,37.790835749999999
7014999,2014,2015-08-12,3801,2014-07-23,1517,1062,SOUTH,3,5,7,3801,0,0,0,,0,3B12D,"6TH ST","BRANNAN ST",200.00,N,N,A,-,N,,,,,,,,,,N,4,0,1,2,A,-,07,21658,A,N,B,C,A,A,H,-,A,D,0,,,Y,,Y,,A,01,0,0,1,0,0,0,0,0,1,"- ","- ",,,"SAN FRANCISCO","SAN FRANCISCO",-122.40144918,37.775218729999999
7015000,2014,2015-08-12,3801,2014-07-09,2030,001290,MISSI,3,5,7,3801,0,0,0,,0,901,"23RD ST","FOLSOM ST",138.00,W,N,A,-,N,,,,,,,,,,N,4,0,1,2,A,-,03,22350,,F,C,E,A,A,H,-,C,D,0,,,,,Y,,-,99,0,0,1,0,0,0,0,0,0,"- ","- ",,,"SAN FRANCISCO","SAN FRANCISCO",-122.41472589999999,37.754089159999999
7015006,2014,2015-08-17,3801,2014-07-28,1625,004269,SOUTH,1,5,7,3801,0,0,0,,0,3B12D,"BRANNAN ST","BRANNAN ST 868",0.00,,N,A,-,N,,,,,,,,,,N,4,0,1,2,A,-,03,22350,,N,D,D,A,A,H,-,A,D,0,,,,,Y,,A,01,0,0,1,0,0,0,0,0,0,"- ","- ",,,"SAN FRANCISCO","SAN FRANCISCO",-122.40421593000001,37.772237029999999
7015015,2014,2015-09-09,3801,2014-07-22,1812,4057,NORTH,2,5,7,3801,0,0,0,,0,3E62,"EDDY ST","FRANKLIN ST",7.00,W,N,A,-,N,,,,,,,,,,Y,4,0,1,2,A,-,09,21801,A,N,A,C,A,A,H,-,A,A,0,,,Y,,Y,,A,01,0,0,1,0,0,0,0,0,1,"- ","- ",,,"SAN FRANCISCO","SAN FRANCISCO",-122.42246393000001,37.782667009999997
7015022,2014,2015-08-11,3801,2014-07-16,0751,000251,RICHM,3,5,7,3801,0,0,0,,0,3G61,"JOHN F KENNEDY DR","CHAIN OF LAKES DR",62.00,W,N,B,C,N,,,,,,,,,,N,3,0,1,1,C,-,18,,,N,H,A,A,D,-,-,A,D,0,,,Y,,Y,,-,"- ",0,1,0,0,0,0,0,0,1,"- ","- ",,,"SAN FRANCISCO","SAN FRANCISCO",-122.50071887999999,37.768096069999999
7015027,2014,2015-08-12,3801,2014-07-03,1500,000845,CENTR,4,5,7,3801,0,0,0,,0,4K4A,"PACIFIC AV","COLUMBUS AV",157.00,W,N,A,-,N,,,,,,,,,,N,4,0,1,2,A,-,11,21955,,N,G,B,D,A,H,-,A,A,0,Y,,,,Y,,N,60,0,0,1,0,1,0,0,0,0,"- ","- ",,,"SAN FRANCISCO","SAN FRANCISCO",-122.40592949000001,37.797007489999999
7015035,2014,2015-08-13,3801,2014-07-07,0410,1514,RICHM,1,5,7,3801,0,0,0,,0,001,"DIVISADERO ST","GEARY BL",0.00,,Y,A,-,N,,,,,,,,,,N,4,0,1,2,A,-,12,21453,A,N,D,C,A,A,H,-,C,A,0,,,,,Y,,A,01,0,0,1,0,0,0,0,0,0,"- ","- ",,,"SAN FRANCISCO","SAN FRANCISCO",-122.43947989,37.783359969999999
7015037,2014,2015-08-12,3801,2014-07-14,0700,001452,MISSI,1,5,7,3801,0,0,0,,0,1CAR,"MARKET ST","CHURCH ST",292.00,W,N,A,-,N,,,,,,,,,,N,4,0,1,2,A,-,08,22107,,N,C,G,A,A,H,-,A,D,0,,Y,,,Y,,A,01,0,0,1,0,0,0,1,0,0,"- ","- ",,,"SAN FRANCISCO","SAN FRANCISCO",-122.42964352,37.767034170000002
7015039,2014,2015-08-12,3801,2014-07-08,0552,1939,,2,5,7,3801,0,0,0,,0,4K6C,"MISSION ST","GENEVA AV",16.00,S,N,B,-,N,,,,,,,,,,Y,2,0,1,1,A,-,01,23152,A,N,E,I,A,A,H,-,B,A,0,,,,,Y,Y,A,01,1,0,0,0,0,0,0,0,0,"- ","- ",,,"SAN FRANCISCO","SAN FRANCISCO",-122.44103312999999,37.716354799999998
7015044,2014,2015-08-11,3801,2014-06-14,1820,1700,"CO E",6,5,7,3801,0,0,0,,0,3E11D,"OAK ST","WEBSTER ST",0.00,,Y,A,-,N,,,,,,,,,,Y,3,0,3,2,A,-,12,21453,A,N,D,C,A,A,H,-,A,A,0,,,,,Y,,A,01,0,1,2,0,0,0,0,0,0,"- ","- ",,,"SAN FRANCISCO","SAN FRANCISCO",-122.42912999000001,37.774169980000003
7015048,2014,2015-08-18,3801,2014-06-13,2302,1826,BAYVI,5,5,7,3801,0,0,0,,0,3C15E,"LANE ST","VAN DYKE ST",0.00,,Y,A,-,N,,,,,,,,,,N,4,0,1,2,A,-,10,21950,C,N,D,G,A,A,H,-,C,A,0,,Y,,,Y,,-,,0,0,1,0,0,0,1,0,0,"- ","- ",,,"SAN FRANCISCO","SAN FRANCISCO",-122.39242994999999,37.729139979999999
7015051,2014,2015-08-12,3801,2014-06-12,1704,2432,PARK,4,5,7,3801,0,0,0,,0,3F2D,"LAGUNA HONDA BL","DEWEY BL",0.00,,Y,A,-,N,,,,,,,,,,N,4,0,1,2,A,-,06,21754,,N,B,G,A,A,H,-,A,A,0,,Y,,,Y,,L,04,0,0,1,0,0,0,1,0,0,"- ","- ",,,"SAN FRANCISCO","SAN FRANCISCO",-122.45918995,37.747269950000003
7015057,2014,2015-08-12,3801,2014-06-28,1551,000183,SOUTH,6,5,7,3801,0,0,0,,0,3BQW2C,"5TH ST","FOLSOM ST",0.00,,Y,A,-,N,,,,,,,,,,N,4,0,1,2,A,-,08,22107,,N,B,G,A,A,H,-,A,A,0,,Y,,,Y,,A,01,0,0,1,0,0,0,1,0,0,"- ","- ",,,"SAN FRANCISCO","SAN FRANCISCO",-122.40339985999999,37.780269969999999
7015059,2014,2015-08-11,3801,2014-06-04,0600,001655,PARK,3,5,7,3801,0,0,0,,0,3F14A,"DIVISADERO ST","OAK ST",0.00,,Y,B,-,N,,,,,,,,,,N,3,0,1,2,A,-,12,21453,A,N,D,G,A,A,H,-,A,A,0,,Y,,,Y,,L,04,0,1,0,0,0,0,1,0,0,"- ","- ",,,"SAN FRANCISCO","SAN FRANCISCO",-122.43742994999999,37.773139929999999
7015060,2014,2015-08-11,3801,2014-06-26,1620,4314,,4,5,7,3801,0,0,0,,0,,"CROSSOVER DR","LINCOLN WY",37.00,N,N,A,-,N,,,,,,,,,,N,3,0,1,2,A,-,08,22107,,N,H,J,A,A,H,-,A,A,0,,,Y,,Y,,A,08,0,1,0,0,0,0,0,0,1,"- ","- ",,,"SAN FRANCISCO","SAN FRANCISCO",-122.47733700000001,37.765541489999997
7015063,2014,2015-08-11,3801,2014-06-05,1300,002329,MISSI,4,5,7,3801,0,0,0,,0,005,"VALENCIA ST","14TH ST",0.00,,Y,A,-,N,,,,,,,,,,N,2,0,1,2,A,-,08,22101,D,N,D,G,A,A,H,-,A,A,0,,Y,,,Y,Y,L,04,1,0,0,0,0,0,1,0,0,"- ","- ",,,"SAN FRANCISCO","SAN FRANCISCO",-122.42217989,37.768149889999997
7015065,2014,2015-08-12,3801,2014-06-30,1240,002329,MISSI,1,5,7,3801,0,0,0,,0,0D6,"FOLSOM ST","13TH ST",0.00,,Y,A,-,N,,,,,,,,,,N,4,0,1,1,A,-,03,22350,,N,H,A,A,A,H,-,A,A,0,,,Y,,Y,,C,02,0,0,1,0,0,0,0,0,1,"- ","- ",,,"SAN FRANCISCO","SAN FRANCISCO",-122.41558999,37.76952
7015073,2014,2015-08-12,3801,2014-06-27,2056,480,"CO H",5,5,7,3801,0,0,0,,0,3H13D,"ALEMANY BL","ROUSSEAU ST",0.00,,Y,A,-,N,,,,,,,,,,N,4,0,2,3,A,-,03,22350,,N,B,C,A,A,H,-,C,D,0,,,Y,,Y,,C,,0,0,2,0,0,0,0,0,2,"- ","- ",,,"SAN FRANCISCO","SAN FRANCISCO",-122.42960991,37.731039930000001
7015074,2014,2015-08-12,3801,2014-06-20,1507,2225,CENTR,5,5,7,3801,0,0,0,,0,3A1C,"BAY ST","TAYLOR ST",108.00,W,N,A,-,N,,,,,,,,,,N,4,0,1,2,A,-,17,22517,,N,G,C,A,A,H,-,A,D,0,,,,,Y,,A,07,0,0,1,0,0,0,0,0,0,"- ","- ",,,"SAN FRANCISCO","SAN FRANCISCO",-122.41561983,37.805366120000002
7015076,2014,2015-08-11,3801,2014-06-03,1738,001994,NORTH,2,5,7,3801,0,0,0,,0,4K8E,"ELLIS ST","LARKIN ST",5.00,E,N,A,-,N,,,,,,,,,,N,4,0,1,2,A,-,11,21456,B,N,D,B,B,A,H,-,A,A,0,Y,,,,Y,Y,N,60,0,0,1,0,1,0,0,0,0,"- ","- ",,,"SAN FRANCISCO","SAN FRANCISCO",-122.41770289,37.78425206
7015078,2014,2015-08-12,3801,2014-06-20,0757,001535,NORTH,5,5,7,3801,0,0,0,,0,3E13A,"FRANKLIN ST","OFARRELL ST",0.00,,Y,A,-,N,,,,,,,,,,N,4,0,1,2,A,-,10,21950,A,N,-,B,B,A,H,-,A,-,0,Y,,,,Y,,A,01,0,0,1,0,1,0,0,0,0,"- ","- ",,,"SAN FRANCISCO","SAN FRANCISCO",-122.42282987999999,37.784549980000001
7015088,2014,2015-08-11,3801,2014-06-26,1205,001918,TARAV,4,5,7,3801,0,0,0,,0,3115A,"SUNSET BL","KIRKHAM ST",7.00,N,N,A,-,N,,,,,,,,,,N,3,0,1,2,A,-,10,21950,A,N,G,B,B,A,H,-,A,A,0,Y,,,,Y,,A,01,0,1,0,0,1,0,0,0,0,"- ","- ",,,"SAN FRANCISCO","SAN FRANCISCO",-122.49570134,37.759019199999997
7015092,2014,2015-08-11,3801,2014-06-22,0908,1103,NORTH,7,5,7,3801,0,0,0,,0,3E12A,"FRANKLIN ST","GROVE ST",58.00,S,N,A,-,N,,,,,,,,,,N,4,0,1,2,A,-,17,22517,,N,H,G,A,A,H,-,A,D,0,,Y,,,Y,,-,,0,0,1,0,0,0,1,0,0,"- ","- ",,,"SAN FRANCISCO","SAN FRANCISCO",-122.42148657,37.777862890000002
7015097,2014,2016-04-14,3801,2014-06-11,1802,001355,NORTH,3,5,7,3801,0,0,0,,0,3E12D,"VAN NESS AV","GEARY BL",0.00,,Y,A,-,Y,SF,4,101,-,-,5.610,I,5,S,N,4,0,1,2,A,-,10,21950,A,N,G,B,B,A,H,-,A,A,0,Y,,,,Y,,A,01,0,0,1,0,1,0,0,0,0,"- ","- ",,,"SAN FRANCISCO","SAN FRANCISCO",-122.42147906,37.785684570000001
7015101,2014,2015-08-12,3801,2014-06-10,2130,01723,BAYVI,2,5,7,3801,0,0,0,,0,3C15E,"16TH ST","WISCONSIN ST",0.00,,Y,A,-,N,,,,,,,,,,N,4,0,1,2,A,-,10,21950,A,N,G,B,B,A,H,-,C,D,0,Y,,,,Y,,A,01,0,0,1,0,1,0,0,0,0,"- ","- ",,,"SAN FRANCISCO","SAN FRANCISCO",-122.39974991,37.766269899999998
7015107,2014,2015-08-11,3801,2014-06-21,1928,1498,TARAV,6,5,7,3801,0,0,0,,0,3113D,"40TH AV","SANTIAGO ST",0.00,,Y,A,-,N,,,,,,,,,,Y,4,0,1,3,A,-,12,22450,A,F,D,C,A,A,H,-,A,A,0,,,,,Y,,A,01,0,0,1,0,0,0,0,0,0,"- ","- ",,,"SAN FRANCISCO","SAN FRANCISCO",-122.49829991,37.743929950000002
7015108,2014,2015-08-19,3801,2014-06-16,2250,4314,RICHM,1,5,7,3801,0,0,0,,0,901,"43RD AV","BALBOA ST",49.00,N,N,B,-,N,,,,,,,,,,N,4,0,1,2,A,-,11,21954,A,N,G,B,E,A,H,-,C,D,0,Y,,,,Y,,N,60,0,0,1,0,1,0,0,0,0,"- ","- ",,,"SAN FRANCISCO","SAN FRANCISCO",-122.50377509,37.775564549999999
7015121,2014,2015-08-12,3801,2014-10-18,2155,004330,MISSI,6,5,7,3801,0,0,0,,0,3D14D,"CHURCH ST","22ND ST",106.00,S,N,A,-,N,,,,,,,,,,N,4,0,2,3,A,-,06,21756,A,N,C,B,E,A,H,-,C,D,0,Y,,Y,,Y,,C,03,0,0,2,0,1,0,0,0,1,"- ","- ",,,"SAN FRANCISCO","SAN FRANCISCO",-122.42772078,37.754599730000002
7015128,2014,2015-08-18,3801,2014-10-11,1834,004124,SOUTH,6,5,7,3801,0,0,0,,0,3B11D,"MARKET ST","NEW MONTGOMERY ST",112.00,W,N,A,-,N,,,,,,,,,,N,3,0,1,2,A,-,17,22517,,M,H,G,A,A,H,-,C,A,0,,Y,,,Y,,A,07,0,1,0,0,0,0,1,0,0,"- ","- ",,,"SAN FRANCISCO","SAN FRANCISCO",-122.40227178000001,37.78855867
7015137,2014,2015-08-12,3801,2014-10-19,1320,1882,RICHM,7,5,7,3801,0,0,0,,0,3G60,"CABRILLO ST","11TH AV",0.00,,Y,B,-,N,,,,,,,,,,N,4,0,2,2,A,-,09,21802,A,N,D,C,A,A,H,-,A,A,0,,,,,Y,,A,01,0,0,2,0,0,0,0,0,0,"- ","- ",,,"SAN FRANCISCO","SAN FRANCISCO",-122.46923987,37.775119959999998
7015152,2014,2015-08-18,3801,2014-10-12,1823,002495,3H,7,5,7,3801,0,0,0,,0,901,"MISSION ST","VALENCIA ST",0.00,,Y,A,-,N,,,,,,,,,,Y,4,0,3,2,A,-,01,23152,A,N,D,C,A,A,H,-,A,A,0,,,,,Y,Y,A,01,0,0,3,0,0,0,0,0,0,"- ","- ",,,"SAN FRANCISCO","SAN FRANCISCO",-122.41986995000001,37.745589930000001
7015153,2014,2016-03-08,3801,2014-10-19,2030,001660,CENTR,7,5,7,3801,0,0,0,,0,3A14D,"BAY ST","KEARNY ST",0.00,,Y,A,-,N,,,,,,,,,,N,4,0,1,2,A,-,09,21801,A,N,B,C,A,A,H,-,C,A,0,,,,,Y,,A,01,0,0,1,0,0,0,0,0,0,"- ","- ",,,"SAN FRANCISCO","SAN FRANCISCO",-122.40716988,37.806439900000001
7015159,2014,2015-08-12,3801,2014-10-16,0650,723,,4,5,7,3801,0,0,0,,0,,"LOMBARD ST","STOCKTON ST",0.00,,Y,A,-,N,,,,,,,,,,N,4,0,1,2,A,-,12,22450,A,N,G,B,B,A,H,-,A,A,0,Y,,,,Y,,A,07,0,0,1,0,1,0,0,0,0,"- ","- ",,,"SAN FRANCISCO","SAN FRANCISCO",-122.40972997999999,37.803219929999997
7015164,2014,2015-08-12,3801,2014-10-14,2330,1016,3E,2,5,7,3801,0,0,0,,0,3E14E,WEBSTER,"BUSH ST",58.00,S,N,A,-,N,,,,,,,,,,Y,4,0,1,1,A,-,08,22107,,N,F,I,A,A,H,-,C,D,0,,,,,Y,,-,,0,0,1,0,0,0,0,0,0,"- ","- ",,,"SAN FRANCISCO","SAN FRANCISCO",-122.43179145000001,37.787071519999998
7015167,2014,2015-08-12,3801,2014-10-16,1210,002179,CENTR,4,5,7,3801,0,0,0,,0,4K5A,"MASON ST","SACRAMENTO ST",123.00,S,N,A,-,N,,,,,,,,,,N,3,0,1,3,A,-,03,22350,,F,G,B,E,A,H,-,A,A,0,Y,,,,Y,,A,07,0,1,0,0,1,0,0,0,0,"- ","- ",,,"SAN FRANCISCO","SAN FRANCISCO",-122.41091605,37.792427240000002
7015172,2014,2015-08-12,3801,2014-10-14,2117,002315,CO1,2,5,7,3801,0,0,0,,0,3111E,"SANTIAGO ST","16TH AV",0.00,,Y,A,-,N,,,,,,,,,,Y,4,0,1,2,A,-,01,23153,A,N,D,C,A,A,H,-,C,D,0,,,,,Y,Y,A,01,0,0,1,0,0,0,0,0,0,"- ","- ",,,"SAN FRANCISCO","SAN FRANCISCO",-122.47292998,37.745039910000003
7015173,2014,2015-08-12,3801,2014-10-20,1758,931,RICHM,1,5,7,3801,0,0,0,,0,"3 CAR","9TH AV","CALIFORNIA ST",270.00,S,N,A,-,N,,,,,,,,,,N,3,0,1,2,A,-,09,21804,A,N,D,G,A,A,H,-,A,D,0,,Y,,,Y,,L,04,0,1,0,0,0,0,1,0,0,"- ","- ",,,"SAN FRANCISCO","SAN FRANCISCO",-122.46771421,37.78392959
7015179,2014,2015-08-18,3801,2014-10-17,0840,1593,MISSI,5,5,7,3801,0,0,0,,0,901,"16TH ST","BRYANT ST",186.00,E,N,A,-,N,,,,,,,,,,N,3,0,1,2,A,-,06,21750,,F,B,G,A,A,H,-,A,D,0,,Y,,,Y,,A,07,0,1,0,0,0,0,1,0,0,"- ","- ",,,"SAN FRANCISCO","SAN FRANCISCO",-122.40987769,37.765622829999998
7015183,2014,2015-08-12,3801,2014-10-17,1155,782,CENTR,5,5,7,3801,0,0,0,,0,0A4,"POWELL ST","UNION ST",65.00,N,N,A,-,N,,,,,,,,,,N,4,0,1,2,A,-,08,22107,,N,D,C,A,A,H,-,A,A,0,,,Y,,Y,,A,07,0,0,1,0,0,0,0,0,1,"- ","- ",,,"SAN FRANCISCO","SAN FRANCISCO",-122.41086239000001,37.8004167
7015192,2014,2015-08-12,3801,2014-10-14,0943,1584,CENTR,2,5,7,3801,0,0,0,,0,4K106,"JONES ST","FILBERT ST",0.00,,Y,A,-,N,,,,,,,,,,Y,4,0,3,2,C,-,18,,,N,C,C,A,A,H,-,A,D,0,,,,,Y,,-,"- ",0,0,3,0,0,0,0,0,0,"- ","- ",,,"SAN FRANCISCO","SAN FRANCISCO",-122.41594999,37.80054999
7015193,2014,2015-08-12,3801,2014-10-21,1719,000845,SOUTH,2,5,7,3801,0,0,0,,0,4K4A,"BRYANT ST","2ND ST",7.00,W,N,A,-,N,,,,,,,,,,N,4,0,1,2,A,-,07,21658,A,N,B,C,A,A,H,-,A,A,0,,,Y,,Y,,C,02,0,0,1,0,0,0,0,0,1,"- ","- ",,,"SAN FRANCISCO","SAN FRANCISCO",-122.39364715000001,37.783066419999997
7015199,2014,2015-08-18,3801,2014-10-18,1335,4306,MISSI,6,5,7,3801,0,0,0,,0,901,"CHURCH ST","15TH ST",108.00,N,N,A,-,N,,,,,,,,,,N,4,0,1,2,A,-,11,21955,,N,G,B,D,A,H,-,A,D,0,Y,,,,Y,,N,60,0,0,1,0,1,0,0,0,0,"- ","- ",,,"SAN FRANCISCO","SAN FRANCISCO",-122.42883324,37.766425519999999
7015202,2014,2015-09-08,3801,2014-10-03,1725,2426,CENTR,5,5,7,3801,0,0,0,,0,3A12D,"POST ST","STOCKTON ST",195.00,E,N,A,-,N,,,,,,,,,,N,3,0,1,2,A,-,07,21658,A,N,C,G,A,A,H,-,A,D,0,,Y,,,Y,,A,01,0,1,0,0,0,0,1,0,0,"- ","- ",,,"SAN FRANCISCO","SAN FRANCISCO",-122.4061031,37.788592819999998
7015217,2014,2015-09-01,3801,2014-10-08,0630,1572,SOUTH,3,5,7,3801,0,0,0,,0,3B1A,"THE EMBARCADERO","BRYANT ST",0.00,,Y,A,-,N,,,,,,,,,,Y,4,0,1,2,A,-,12,21453,A,N,B,C,A,A,H,-,C,A,0,,,,,Y,,A,01,0,0,1,0,0,0,0,0,0,"- ","- ",,,"SAN FRANCISCO","SAN FRANCISCO",-122.38800995,37.787089950000002
7015227,2014,2015-08-11,3801,2014-10-27,1916,1537,MISSI,1,5,7,3801,0,0,0,,0,3D11D,"FOLSOM ST","13TH ST",0.00,,Y,A,-,N,,,,,,,,,,Y,2,0,1,2,A,-,09,21801,A,F,A,C,A,A,H,-,C,A,0,,,Y,,Y,,A,07,1,0,0,0,0,0,0,0,1,"- ","- ",,,"SAN FRANCISCO","SAN FRANCISCO",-122.41558999,37.76952
7015232,2014,2015-08-13,3801,2014-10-21,0737,1882,RICHM,2,5,7,3801,0,0,0,,0,3G60,"GEARY BL","11TH AV",0.00,,Y,A,-,N,,,,,,,,,,N,4,0,1,2,A,-,10,21950,A,N,G,B,B,A,H,-,A,A,0,Y,,,,Y,,A,01,0,0,1,0,1,0,0,0,0,"- ","- ",,,"SAN FRANCISCO","SAN FRANCISCO",-122.46966,37.780829959999998
7015237,2014,2016-06-24,3801,2014-10-09,0555,804,NORTH,4,5,7,3801,0,0,0,,0,3E4A,"VAN NESS AV","CLAY ST",60.00,S,N,E,-,Y,SF,4,101,-,-,6.050,H,-,N,N,3,0,1,1,A,-,03,22350,,N,H,A,A,B,H,-,C,D,0,,,,,Y,,-,,0,1,0,0,0,0,0,0,0,"- ","- ",,,"SAN FRANCISCO","SAN FRANCISCO",-122.42257873,37.792062029999997
7015249,2014,2015-08-13,3801,2014-10-10,0734,100,3E,5,5,7,3801,0,0,0,,0,3E12A,"MCALLISTER ST","POLK ST",214.00,E,N,B,-,N,,,,,,,,,,N,3,0,1,2,A,-,05,21460,A,N,D,G,A,A,H,-,A,A,0,,Y,,,Y,,A,01,0,1,0,0,0,0,1,0,0,"- ","- ",,,"SAN FRANCISCO","SAN FRANCISCO",-122.41787081,37.780373220000001
7015254,2014,2015-08-13,3801,2014-10-04,0825,635,BAYVI,6,5,7,3801,0,0,0,,0,3C00,"SILVER AV","BARNEVELD AV",0.00,,Y,A,-,N,,,,,,,,,,N,4,0,1,2,A,-,"- ",,,N,G,B,B,A,H,-,A,D,0,Y,,,,Y,,A,01,0,0,1,0,1,0,0,0,0,"- ","- ",,,"SAN FRANCISCO","SAN FRANCISCO",-122.40676996000001,37.732089960000003
7015261,2014,2015-08-13,3801,2014-10-10,1357,001299,INGLE,5,5,7,3801,0,0,0,,0,3H74,"DIAMOND ST","BOSWORTH ST",120.00,E,N,A,-,N,,,,,,,,,,N,2,0,1,2,A,-,11,21955,,N,G,B,D,A,H,-,A,D,0,Y,,,,Y,,N,60,1,0,0,0,1,0,0,0,0,"- ","- ",,,"SAN FRANCISCO","SAN FRANCISCO",-122.43404212999999,37.733882190000003
7015269,2014,2015-08-13,3801,2014-10-11,0118,563,NORTH,6,5,7,3801,0,0,0,,0,3E12E,"OCTAVIA ST","OAK ST",0.00,,Y,A,-,N,,,,,,,,,,Y,3,0,2,2,D,-,00,,,N,D,C,A,A,H,-,C,A,0,,,,,Y,,-,"- ",0,1,1,0,0,0,0,0,0,"- ","- ",,,"SAN FRANCISCO","SAN FRANCISCO",-122.42429995000001,37.77479993
7015272,2014,2015-08-11,3801,2014-10-25,0412,2287,NORTH,6,5,7,3801,0,0,0,,0,,"LARKIN ST","FULTON ST",0.00,,Y,B,-,N,,,,,,,,,,Y,3,0,1,1,A,-,17,21663,,N,E,I,A,A,H,-,C,A,0,,,,,Y,,A,01,0,1,0,0,0,0,0,0,0,"- ","- ",,,"SAN FRANCISCO","SAN FRANCISCO",-122.41675988,37.77958993
7015282,2014,2015-08-11,3801,2014-10-17,1901,1849,,5,5,7,3801,0,0,0,,0,,"7TH ST","BRANNAN ST",0.00,,Y,A,-,N,,,,,,,,,,N,4,0,1,2,A,-,10,21950,A,N,G,B,B,A,H,-,C,A,0,Y,,,,Y,,A,07,0,0,1,0,1,0,0,0,0,"- ","- ",,,"SAN FRANCISCO","SAN FRANCISCO",-122.40320996,37.773049980000003
7015286,2014,2015-08-11,3801,2014-10-02,1657,478,,4,5,7,3801,0,0,0,,0,,"FRANKLIN ST","GEARY BL",0.00,,Y,A,-,N,,,,,,,,,,N,2,0,1,2,A,-,10,21950,A,N,G,B,B,A,H,-,A,A,0,Y,,,,Y,,A,01,1,0,0,0,1,0,0,0,0,"- ","- ",,,"SAN FRANCISCO","SAN FRANCISCO",-122.42301989000001,37.785479889999998
7015290,2014,2015-08-11,3801,2014-10-02,1932,004324,,4,5,7,3801,0,0,0,,0,901,"CESAR CHAVEZ ST","GUERRERO ST",192.00,E,N,A,-,N,,,,,,,,,,N,4,0,1,2,A,-,11,21956,,N,G,B,E,A,H,-,C,A,0,Y,,,,Y,,N,60,0,0,1,0,1,0,0,0,0,"- ","- ",,,"SAN FRANCISCO","SAN FRANCISCO",-122.42181676,37.748049119999997
7015314,2014,2016-02-29,3801,2014-10-03,1710,001210,,5,5,7,3801,0,0,0,,0,,"LAWTON ST","10TH AV",0.00,,Y,A,-,N,,,,,,,,,,N,4,0,1,3,A,-,08,22107,,N,D,C,A,-,H,-,-,D,0,,,,,Y,,A,01,0,0,1,0,0,0,0,0,0,"- ","- ",,,"SAN FRANCISCO","SAN FRANCISCO",-122.46699989,37.758389970000003
7015330,2014,2015-08-11,3801,2014-10-08,0805,4214,,3,5,7,3801,0,0,0,,0,,"CAMBRIDGE ST","SILLIMAN ST",159.00,N,N,A,-,N,,,,,,,,,,Y,3,0,2,2,A,-,03,22350,,N,B,E,A,A,G,-,A,D,0,,,,,Y,,A,01,0,1,1,0,0,0,0,0,0,"- ","- ",,,"SAN FRANCISCO","SAN FRANCISCO",-122.41907254,37.728039150000001
7015337,2014,2015-08-11,3801,2014-10-16,0807,1053,,4,5,7,3801,0,0,0,,0,,"HOLLOWAY AV","CARDENAS AV",0.00,,Y,A,-,N,,,,,,,,,,N,2,0,1,2,A,-,10,21950,A,N,G,B,B,A,H,-,A,D,0,Y,,,,Y,,A,01,1,0,0,0,1,0,0,0,0,"- ","- ",,,"SAN FRANCISCO","SAN FRANCISCO",-122.47702991,37.720789949999997
7015350,2014,2015-08-11,3801,2014-10-11,1620,1849,,6,5,7,3801,0,0,0,,0,,"THE EMBARCADERO","WASHINGTON ST",314.00,S,N,A,-,N,,,,,,,,,,N,4,0,1,2,A,-,"- ",,,F,B,G,A,A,H,-,A,D,0,,Y,,,Y,,A,07,0,0,1,0,0,0,1,0,0,"- ","- ",,,"SAN FRANCISCO","SAN FRANCISCO",-122.39495041000001,37.7959259
7015357,2014,2015-08-11,3801,2014-10-17,1613,856,,5,5,7,3801,0,0,0,,0,003,"FOLSOM ST","8TH ST",0.00,,Y,A,-,N,,,,,,,,,,N,4,0,1,2,A,-,10,21950,A,N,G,B,B,A,H,-,A,A,0,Y,,,,Y,,A,01,0,0,1,0,1,0,0,0,0,"- ","- ",,,"SAN FRANCISCO","SAN FRANCISCO",-122.41004988,37.774989890000001