CASE_ID,ACCIDENT_YEAR,PROC_DATE,JURIS,COLLISION_DATE,COLLISION_TIME,OFFICER_ID,REPORTING_DISTRICT,DAY_OF_WEEK,CHP_SHIFT,POPULATION,CNTY_CITY_LOC,SPECIAL_COND,BEAT_TYPE,CHP_BEAT_TYPE,CITY_DIVISION_LAPD,CHP_BEAT_CLASS,BEAT_NUMBER,PRIMARY_RD,SECONDARY_RD,DISTANCE,DIRECTION,INTERSECTION,WEATHER_1,WEATHER_2,STATE_HWY_IND,CALTRANS_COUNTY,CALTRANS_DISTRICT,STATE_ROUTE,ROUTE_SUFFIX,POSTMILE_PREFIX,POSTMILE,LOCATION_TYPE,RAMP_INTERSECTION,SIDE_OF_HWY,TOW_AWAY,COLLISION_SEVERITY,NUMBER_KILLED,NUMBER_INJURED,PARTY_COUNT,PRIMARY_COLL_FACTOR,PCF_CODE_OF_VIOL,PCF_VIOL_CATEGORY,PCF_VIOLATION,PCF_VIOL_SUBSECTION,HIT_AND_RUN,TYPE_OF_COLLISION,MVIW,PED_ACTION,ROAD_SURFACE,ROAD_COND_1,ROAD_COND_2,LIGHTING,CONTROL_DEVICE,CHP_ROAD_TYPE,PEDESTRIAN_ACCIDENT,BICYCLE_ACCIDENT,MOTORCYCLE_ACCIDENT,TRUCK_ACCIDENT,NOT_PRIVATE_PROPERTY,ALCOHOL_INVOLVED,STWD_VEHTYPE_AT_FAULT,CHP_VEHTYPE_AT_FAULT,COUNT_SEVERE_INJ,COUNT_VISIBLE_INJ,COUNT_COMPLAINT_PAIN,COUNT_PED_KILLED,COUNT_PED_INJURED,COUNT_BICYCLIST_KILLED,COUNT_BICYCLIST_INJURED,COUNT_MC_KILLED,COUNT_MC_INJURED,PRIMARY_RAMP,SECONDARY_RAMP,LATITUDE,LONGITUDE,COUNTY,CITY,POINT_X,POINT_Y
7027484,2015,2015-08-24,3801,2015-04-30,0705,1540,PARK,4,5,7,3801,0,0,0,,0,3F60,"IRVING ST","5TH AV",10.00,E,N,A,-,N,,,,,,,,,,N,4,0,1,2,A,-,10,21950,A,N,G,B,B,A,H,-,A,A,0,Y,,,,Y,,A,01,0,0,1,0,1,0,0,0,0,"- ","- ",,,"SAN FRANCISCO","SAN FRANCISCO",-122.46200545000001,37.764231600000002
7027487,2015,2015-08-24,3801,2015-04-09,2020,001101,COF,4,5,7,3801,0,0,0,,0,,"DIVISADERO ST","FULTON ST",85.00,S,N,A,-,N,,,,,,,,,,Y,4,0,2,2,A,-,17,22517,,F,B,E,A,A,H,-,C,-,0,,,,,Y,,A,07,0,0,2,0,0,0,0,0,0,"- ","- ",,,"SAN FRANCISCO","SAN FRANCISCO",-122.43811513,37.776629219999997
7027501,2015,2015-08-21,3801,2015-04-08,1215,27,CENTR,3,5,7,3801,0,0,0,,0,3A2C,"BUSH ST","KEARNY ST",150.00,E,N,A,-,N,,,,,,,,,,N,4,0,1,2,A,-,21,22106,,N,G,B,F,A,H,-,A,D,0,Y,,,,Y,,A,07,0,0,1,0,1,0,0,0,0,"- ","- ",,,"SAN FRANCISCO","SAN FRANCISCO",-122.40351619,37.790829500000001
7027509,2015,2015-08-24,3801,2015-04-28,1000,004223,INGLE,2,5,7,3801,0,0,0,,0,2CAR,"GUERRERO ST","28TH ST",0.00,,Y,B,-,N,,,,,,,,,,Y,4,0,1,2,A,-,04,21703,,N,C,C,A,A,D,-,A,D,0,,,,,Y,,A,07,0,0,1,0,0,0,0,0,0,"- ","- ",,,"SAN FRANCISCO","SAN FRANCISCO",-122.42231990000001,37.745579960000001
7027513,2015,2016-06-13,3801,2015-04-27,1036,2266,MISSI,1,5,7,3801,0,0,0,,0,3D14A,"POTRERO AV","25TH ST",65.00,N,N,A,-,N,,,,,,,,,,N,3,0,1,1,A,-,03,22350,,N,F,A,A,A,A,D,A,A,0,,,Y,,Y,,C,02,0,1,0,0,0,0,0,0,1,"- ","- ",,,"SAN FRANCISCO","SAN FRANCISCO",-122.40621407,37.751918209999999
7027519,2015,2015-08-24,3801,2015-04-15,0853,002068,SOUTH,3,5,7,3801,0,0,0,,0,3B11C,"MARKET ST","GOUGH ST",0.00,,Y,A,-,N,,,,,,,,,,Y,4,0,1,2,A,-,03,22350,,F,C,C,A,A,H,-,A,A,0,,,,,Y,,A,01,0,0,1,0,0,0,0,0,0,"- ","- ",,,"SAN FRANCISCO","SAN FRANCISCO",-122.42220992999999,37.772869960000001
7027541,2015,2015-10-05,3801,2015-04-16,0945,1398,PARK,4,5,7,3801,0,0,0,,0,4BSE,"MASONIC AV","OAK GROVE ST",42.00,N,N,A,-,N,,,,,,,,,,N,3,0,1,2,A,-,11,21456,B,N,G,B,D,A,H,-,A,A,0,Y,,,,Y,,N,60,0,1,0,0,1,0,0,0,0,"- ","- ",,,"SAN FRANCISCO","SAN FRANCISCO",-122.44577497,37.772198160000002
7027549,2015,2015-08-21,3801,2015-04-17,0822,1043,INGLE,5,5,7,3801,0,0,0,,0,4B5H,"ALEMANY BL","LYELL ST",0.00,,Y,A,-,N,,,,,,,,,,N,2,0,1,2,A,-,09,21801,A,N,D,G,A,A,H,-,A,A,0,,Y,,,Y,,L,04,1,0,0,0,0,0,1,0,0,"- ","- ",,,"SAN FRANCISCO","SAN FRANCISCO",-122.43122998,37.730609940000001
7027557,2015,2015-10-05,3801,2015-04-16,2133,000738,NORTH,4,5,7,3801,0,0,0,,0,3E13D,"POLK ST","OFARRELL ST",0.00,,Y,A,-,N,,,,,,,,,,N,3,0,1,2,A,-,11,21955,,N,G,B,D,A,H,-,C,A,0,Y,,,,Y,,N,60,0,1,0,0,1,0,0,0,0,"- ","- ",,,"SAN FRANCISCO","SAN FRANCISCO",-122.41954986,37.784969920000002
7027656,2015,2015-09-26,3801,2015-03-01,0430,892,,7,5,7,3801,0,0,0,,0,3B00,"MISSION ST","16TH ST",0.00,,Y,A,-,N,,,,,,,,,,N,4,0,1,2,A,-,03,22350,,M,G,B,E,A,H,-,C,A,0,Y,,,,Y,,-,,0,0,1,0,1,0,0,0,0,"- ","- ",,,"SAN FRANCISCO","SAN FRANCISCO",-122.41966992,37.765049910000002
7027697,2015,2015-09-28,3801,2015-04-01,1812,004208,,3,5,7,3801,0,0,0,,0,03C,"26TH ST","CONNECTICUT ST",30.00,W,N,A,-,N,,,,,,,,,,N,3,0,1,2,A,-,03,22350,,F,B,C,A,A,H,-,A,D,0,,,,,Y,,A,01,0,1,0,0,0,0,0,0,0,"- ","- ",,,"SAN FRANCISCO","SAN FRANCISCO",-122.39652357,37.751164549999999
7027699,2015,2016-06-15,3801,2015-04-27,0900,001460,,1,5,7,3801,0,0,0,,0,COB,"MISSION ST","2ND ST",125.00,W,N,A,-,N,,,,,,,,,,N,4,0,1,2,A,-,05,21650,,N,B,C,A,A,H,-,A,D,0,,Y,,,Y,,L,04,0,0,1,0,0,0,1,0,0,"- ","- ",,,"SAN FRANCISCO","SAN FRANCISCO",-122.40009691,37.787767940000002
7029047,2015,2015-09-01,3801,2015-06-03,0635,001709,,3,5,7,3801,0,0,0,,0,5CAR,"GILMAN AV","3RD ST",0.00,,Y,B,-,N,,,,,,,,,,N,3,0,1,3,A,-,03,22350,,F,C,C,A,A,H,-,A,A,0,,,,,Y,,A,07,0,1,0,0,0,0,0,0,0,"- ","- ",,,"SAN FRANCISCO","SAN FRANCISCO",-122.39556995,37.72236994
7029059,2015,2015-09-01,3801,2015-06-24,2030,000652,CENTR,3,5,7,3801,0,0,0,,0,3A12D,"PINE ST","TAYLOR ST",0.00,,Y,A,-,N,,,,,,,,,,Y,3,0,1,2,A,-,12,21453,A,N,D,C,A,A,D,-,C,A,0,,,,,Y,,D,23,0,1,0,0,0,0,0,0,0,"- ","- ",,,"SAN FRANCISCO","SAN FRANCISCO",-122.41224988,37.790659949999998
7029063,2015,2016-06-22,3801,2015-06-24,1700,467,MISSI,3,5,7,3801,0,0,0,,0,3D00,"19TH AV","GEARY BL",0.00,,Y,A,-,N,,,,,,,,,,N,4,0,1,2,D,-,00,,,N,C,C,A,A,H,-,A,A,0,,,,,Y,,-,"- ",0,0,1,0,0,0,0,0,0,"- ","- ",,,"SAN FRANCISCO","SAN FRANCISCO",-122.47832986,37.780429910000002
7029095,2015,2016-06-13,3801,2015-06-03,1320,1186,INGLE,3,5,7,3801,0,0,0,,0,3H16C,"MISSION ST","SANTA ROSA AV",0.00,,Y,A,-,N,,,,,,,,,,N,4,0,1,2,A,-,10,21950,A,N,G,B,B,A,H,-,A,D,0,Y,,,Y,Y,,F,26,0,0,1,0,1,0,0,0,0,"- ","- ",,,"SAN FRANCISCO","SAN FRANCISCO",-122.43400988,37.725759920000002
7029186,2015,2015-09-04,3801,2015-06-20,1127,2225,COA,6,5,7,3801,0,0,0,,0,3A3C,"STOCKTON ST","WASHINGTON ST",7.00,S,N,A,-,N,,,,,,,,,,N,4,0,1,3,A,-,17,22517,,N,H,G,A,A,H,-,A,D,0,,Y,,,Y,,D,22,0,0,1,0,0,0,1,0,0,"- ","- ",,,"SAN FRANCISCO","SAN FRANCISCO",-122.40802638,37.794940990000001
7029217,2015,2015-08-26,3801,2015-06-19,1530,4060,PARK,5,5,7,3801,0,0,0,,0,3F60,"COLE ST","WALLER ST",5.00,S,N,A,-,N,,,,,,,,,,N,4,0,1,2,D,-,00,,,F,D,B,D,A,H,-,A,A,0,Y,,,,Y,Y,-,"- ",0,0,1,0,1,0,0,0,0,"- ","- ",,,"SAN FRANCISCO","SAN FRANCISCO",-122.4505372,37.768576449999998
7029226,2015,2015-08-26,3801,2015-06-30,1755,001275,SOUTH,2,5,7,3801,0,0,0,,0,3B12D,"EMBARCADERO SOUTH","HOWARD ST",219.00,N,N,A,-,N,,,,,,,,,,N,3,0,1,2,A,-,00,21760,C,N,B,G,A,A,H,-,A,D,0,,Y,,,Y,,A,01,0,1,0,0,0,0,1,0,0,"- ","- ",,,"SAN FRANCISCO","SAN FRANCISCO",-122.39162922,37.792819469999998
7029230,2015,2015-09-03,3801,2015-06-16,1538,1058,SOUTH,2,5,7,3801,0,0,0,,0,901,"MARKET ST","7TH ST",0.00,,Y,A,-,N,,,,,,,,,,N,3,0,1,2,A,-,10,21950,A,N,G,B,B,A,H,-,A,A,0,Y,,,,Y,,A,01,0,1,0,0,1,0,0,0,0,"- ","- ",,,"SAN FRANCISCO","SAN FRANCISCO",-122.4125099,37.780479900000003
7029239,2015,2015-08-27,3801,2015-06-13,1745,04187,MISSI,6,5,7,3801,0,0,0,,0,3D11D,"DOLORES ST","17TH ST",210.00,N,N,A,-,N,,,,,,,,,,N,4,0,4,2,A,-,07,21658,A,N,B,C,A,A,H,-,A,D,0,,,,,Y,,-,,0,0,4,0,0,0,0,0,0,"- ","- ",,,"SAN FRANCISCO","SAN FRANCISCO",-122.42634626,37.763585720000002
7029240,2015,2015-08-27,3801,2015-06-28,1315,100,3E,7,5,7,3801,0,0,0,,0,0F5,"BAY ST","BUCHANAN ST",5.00,,N,A,-,N,,,,,,,,,,N,4,0,1,2,A,-,17,21209,A,N,D,C,A,A,H,-,A,D,0,,,,,Y,,-,,0,0,1,0,0,0,0,0,0,"- ","- ",,,"SAN FRANCISCO","SAN FRANCISCO",-122.43332986999999,37.803069989999997
7029248,2015,2015-08-27,3801,2015-06-29,1940,00652,CENTR,1,5,7,3801,0,0,0,,0,3A12D,"BAY ST","COLUMBUS AV",66.00,W,N,A,-,N,,,,,,,,,,Y,3,0,1,2,D,-,00,,,N,H,I,E,A,H,-,C,A,0,Y,,,,Y,,-,"- ",0,1,0,0,1,0,0,0,0,"- ","- ",,,"SAN FRANCISCO","SAN FRANCISCO",-122.4174259,37.805162619999997
7029253,2015,2015-08-26,3801,2015-06-12,1340,86,TARAV,5,5,7,3801,0,0,0,,0,3115A,"19TH AV","VICENTE ST",26.00,S,N,A,-,N,,,,,,,,,,Y,4,0,1,2,A,-,04,21703,,N,C,C,A,A,H,-,A,A,0,,,,,Y,,A,01,0,0,1,0,0,0,0,0,0,"- ","- ",,,"SAN FRANCISCO","SAN FRANCISCO",-122.47542592000001,37.739238649999997
7029259,2015,2015-08-27,3801,2015-06-30,1750,2432,PARK,2,5,7,3801,0,0,0,,0,3F14D,"SCOTT ST","OAK ST",15.00,S,N,A,-,N,,,,,,,,,,N,3,0,1,2,A,-,04,21703,,F,C,G,A,A,H,-,A,A,0,,Y,,,Y,,-,99,0,1,0,0,0,0,1,0,0,"- ","- ",,,"SAN FRANCISCO","SAN FRANCISCO",-122.43576151000001,37.773289349999999
7029274,2015,2015-08-26,3801,2015-06-30,1030,004275,BAYVI,2,5,7,3801,0,0,0,,0,3C2B,"EVANS AV","MENDELL ST",0.00,,Y,A,-,N,,,,,,,,,,Y,4,0,1,2,A,-,09,21801,A,N,D,C,A,A,H,-,A,A,0,,,,,Y,,A,01,0,0,1,0,0,0,0,0,0,"- ","- ",,,"SAN FRANCISCO","SAN FRANCISCO",-122.38475995,37.740849910000001
7029276,2015,2015-08-27,3801,2015-06-18,1333,1039,RICHM,4,5,7,3801,0,0,0,,0,001,"DIVISADERO ST","PACIFIC AV",0.00,,Y,A,-,N,,,,,,,,,,Y,4,0,2,2,A,-,09,21802,B,N,D,C,A,A,H,-,A,A,0,,,,,Y,,A,01,0,0,2,0,0,0,0,0,0,"- ","- ",,,"SAN FRANCISCO","SAN FRANCISCO",-122.44133991,37.792499970000001
7029278,2015,2015-08-26,3801,2015-06-29,1250,004329,MISSI,1,5,7,3801,0,0,0,,0,3D45C,"MISSION ST","24TH ST",137.00,N,N,A,-,N,,,,,,,,,,N,3,0,1,3,A,-,11,21955,,F,G,B,C,A,H,-,A,D,0,Y,,Y,,Y,,C,02,0,1,0,0,1,0,0,0,0,"- ","- ",,,"SAN FRANCISCO","SAN FRANCISCO",-122.41851564,37.752635810000001
7029280,2015,2015-08-27,3801,2015-06-18,1546,04178,SOUTH,4,5,7,3801,0,0,0,,0,4B3B,"1ST ST","MARKET ST",30.00,S,N,A,-,N,,,,,,,,,,N,3,0,1,2,A,-,21,22106,,F,G,B,E,A,H,-,A,A,0,Y,,,,Y,,A,01,0,1,0,0,1,0,0,0,0,"- ","- ",,,"SAN FRANCISCO","SAN FRANCISCO",-122.39906944000001,37.790989529999997
7029294,2015,2015-08-26,3801,2015-06-21,1850,00242,TENDE,7,5,7,3801,0,0,0,,0,003,"OFARRELL ST","MASON ST",10.00,E,N,A,-,N,,,,,,,,,,N,4,0,1,2,A,-,10,21950,A,N,G,B,B,A,H,-,A,A,0,Y,,,,Y,,A,01,0,0,1,0,1,0,0,0,0,"- ","- ",,,"SAN FRANCISCO","SAN FRANCISCO",-122.40962583,37.786224410000003
7029296,2015,2015-09-03,3801,2015-06-03,0850,2254,SOUTH,3,5,7,3801,0,0,0,,0,3B60,"KING ST","3RD ST",0.00,,Y,A,-,N,,,,,,,,,,Y,4,0,4,2,A,-,09,21453,C,N,D,C,A,A,H,-,A,A,0,,,,,Y,,A,01,0,0,4,0,0,0,0,0,0,"- ","- ",,,"SAN FRANCISCO","SAN FRANCISCO",-122.39194990999999,37.778199979999997
7029298,2015,2015-08-26,3801,2015-06-21,0136,298,CENTR,7,5,7,3801,0,0,0,,0,,"POST ST","LEAVENWORTH ST",0.00,,Y,A,-,N,,,,,,,,,,N,3,0,1,2,A,-,10,21950,A,N,G,B,E,A,H,-,C,A,0,Y,,,,Y,Y,N,60,0,1,0,0,1,0,0,0,0,"- ","- ",,,"SAN FRANCISCO","SAN FRANCISCO",-122.41498987,37.787449889999998
7029303,2015,2015-08-31,3801,2015-06-17,0918,2381,MISSI,3,5,7,3801,0,0,0,,0,005,"16TH ST","SHOTWELL ST",0.00,,Y,A,-,N,,,,,,,,,,N,3,0,1,2,A,-,09,21801,A,N,D,G,A,A,H,-,A,D,0,,Y,,,Y,,L,04,0,1,0,0,0,0,1,0,0,"- ","- ",,,"SAN FRANCISCO","SAN FRANCISCO",-122.41636994,37.765249949999998
7029305,2015,2016-11-04,3801,2015-06-21,2231,2030,TARAV,7,5,7,3801,0,0,0,,0,3I15E,"IRVING ST","19TH AV",0.00,,Y,A,-,Y,SF,4,1,-,-,3.930,I,5,S,Y,4,0,2,2,A,-,12,21453,A,N,D,C,A,A,H,-,C,A,0,,,,,Y,Y,A,01,0,0,2,0,0,0,0,0,0,"- ","- ",,,"SAN FRANCISCO","SAN FRANCISCO",-122.47727032,37.763573000000001
7029312,2015,2015-08-31,3801,2015-06-17,1745,02450,COD,3,5,7,3801,0,0,0,,0,3D15C,"VALENCIA ST","CLINTON PARK",5.00,N,N,A,-,N,,,,,,,,,,N,3,0,1,1,A,-,06,21750,,N,F,J,A,A,H,-,A,D,0,,,Y,,Y,,C,02,0,1,0,0,0,0,0,0,1,"- ","- ",,,"SAN FRANCISCO","SAN FRANCISCO",-122.42231116000001,37.769293699999999
7029317,2015,2015-08-26,3801,2015-06-28,1406,1939,MISSI,7,5,7,3801,0,0,0,,0,3D16A,"21ST ST","BRYANT ST",37.00,E,N,A,-,N,,,,,,,,,,N,2,0,1,2,A,-,08,22107,,N,B,G,A,A,H,-,A,D,0,,Y,,,Y,Y,A,07,1,0,0,0,0,0,1,0,0,"- ","- ",,,"SAN FRANCISCO","SAN FRANCISCO",-122.40947238,37.757598059999999
7029330,2015,2015-08-26,3801,2015-06-22,1712,01406,MISSI,1,5,7,3801,0,0,0,,0,1712,"14TH ST","MISSION ST",12.00,W,N,A,-,N,,,,,,,,,,N,3,0,1,2,A,-,08,22107,,N,B,G,A,A,H,-,A,A,0,,Y,,,Y,,A,07,0,1,0,0,0,0,1,0,0,"- ","- ",,,"SAN FRANCISCO","SAN FRANCISCO",-122.42001140000001,37.768287409999999
7029332,2015,2015-09-01,3801,2015-06-08,1209,1917,TARAV,1,5,7,3801,0,0,0,,0,3I16A,"SAN JOSE AV","ALEMANY BL",0.00,,Y,A,-,N,,,,,,,,,,Y,4,0,1,3,A,-,03,22350,,N,C,C,A,A,H,-,A,A,0,,,,,Y,,A,07,0,0,1,0,0,0,0,0,0,"- ","- ",,,"SAN FRANCISCO","SAN FRANCISCO",-122.45709991,37.710069900000001
7029344,2015,2015-09-01,3801,2015-06-08,1645,02280,TENDE,1,5,7,3801,0,0,0,,0,00J,"TURK ST","TAYLOR ST",125.00,W,N,A,-,N,,,,,,,,,,N,3,0,1,2,A,-,17,22517,,N,B,G,A,A,H,-,A,A,0,,Y,,,Y,,A,01,0,1,0,0,0,0,1,0,0,"- ","- ",,,"SAN FRANCISCO","SAN FRANCISCO",-122.41120708,37.783154979999999
7029352,2015,2015-09-01,3801,2015-06-02,1734,01766,SOUTH,2,5,7,3801,0,0,0,,0,4B4D,"5TH ST","STEVENSON ST",69.00,N,N,A,-,N,,,,,,,,,,Y,4,0,2,5,A,-,05,21460,A,N,B,C,A,A,H,-,A,D,0,,,,,Y,,A,01,0,0,2,0,0,0,0,0,0,"- ","- ",,,"SAN FRANCISCO","SAN FRANCISCO",-122.40762645,37.78364594
7029354,2015,2015-09-02,3801,2015-06-18,0941,04239,PARK,4,5,7,3801,0,0,0,,0,3F13A,"STANYAN ST","HAYES ST",48.00,N,N,B,-,N,,,,,,,,,,N,4,0,1,2,A,-,07,21658,A,N,B,C,A,A,H,-,A,A,0,,,Y,,Y,,A,01,0,0,1,0,0,0,0,0,1,"- ","- ",,,"SAN FRANCISCO","SAN FRANCISCO",-122.45432483,37.773000379999999
7029888,2015,2015-11-07,3801,2015-06-15,0732,002304,,1,5,7,3801,0,0,0,,0,,"OAKDALE AV","3RD ST",110.00,W,N,B,-,N,,,,,,,,,,Y,4,0,1,4,A,-,05,21650,,N,B,E,A,A,H,-,A,A,0,,,,,Y,,A,01,0,0,1,0,0,0,0,0,0,"- ","- ",,,"SAN FRANCISCO","SAN FRANCISCO",-122.39107747,37.735008010000001
7029907,2015,2015-11-09,3801,2015-06-27,1250,4305,MISSI,6,5,7,3801,0,0,0,,0,3D60,"PORTOLA DR","CLIPPER ST",0.00,,Y,A,-,N,,,,,,,,,,Y,3,0,1,2,A,-,09,21801,A,N,A,C,A,A,H,-,A,A,0,,,Y,,Y,,A,01,0,1,0,0,0,0,0,0,1,"- ","- ",,,"SAN FRANCISCO","SAN FRANCISCO",-122.44483992000001,37.746939980000001
7032740,2015,2015-08-28,3801,2015-05-02,1203,001766,,6,5,7,3801,0,0,0,,0,4K5G,"OAKDALE AV","NEWHALL ST",26.00,W,N,A,-,N,,,,,,,,,,N,2,0,1,3,A,-,12,22450,A,N,D,E,A,A,H,-,A,A,0,,Y,,,Y,,L,04,1,0,0,0,0,0,1,0,0,"- ","- ",,,"SAN FRANCISCO","SAN FRANCISCO",-122.39225451999999,37.735709989999997
7032743,2015,2016-06-15,3801,2015-05-12,1353,441,MISSI,2,5,7,3801,0,0,0,,0,4B8D,"16TH ST","POTRERO AV",0.00,,Y,A,-,N,,,,,,,,,,N,2,0,1,3,A,-,12,21453,A,F,G,B,B,A,H,-,A,A,0,Y,,,,Y,,A,01,1,0,0,0,1,0,0,0,0,"- ","- ",,,"SAN FRANCISCO","SAN FRANCISCO",-122.40755998,37.765769929999998
7032747,2015,2015-09-10,3801,2015-05-12,1628,1116,BAYVI,2,5,7,3801,0,0,0,,0,003,"NORTHRIDGE RD","HARBOR RD",248.00,E,N,A,-,N,,,,,,,,,,N,3,0,1,2,A,-,03,22350,,N,C,G,A,A,H,-,A,D,0,,Y,,,Y,,L,04,0,1,0,0,0,0,1,0,0,"- ","- ",,,"SAN FRANCISCO","SAN FRANCISCO",-122.37628337,37.731004310000003
7032767,2015,2015-10-09,3801,2015-05-05,1611,001994,CENTR,2,5,7,3801,0,0,0,,0,4B4B,"CALIFORNIA ST","MONTGOMERY ST",0.00,,Y,A,-,N,,,,,,,,,,Y,4,0,2,2,A,-,12,21453,A,N,D,C,A,A,H,-,A,A,0,,,,,Y,,-,"- ",0,0,2,0,0,0,0,0,0,"- ","- ",,,"SAN FRANCISCO","SAN FRANCISCO",-122.40276998,37.79288992
7032774,2015,2015-09-08,3801,2015-05-29,0025,4131,TARAV,5,5,7,3801,0,0,0,,0,,"SKYLINE BL","JOHN MUIR DR",6.00,S,N,B,E,N,,,,,,,,,,Y,3,0,1,1,A,-,03,22350,,N,E,I,A,B,-,-,C,A,0,,,,,Y,Y,D,22,0,1,0,0,0,0,0,0,0,"- ","- ",,,"SAN FRANCISCO","SAN FRANCISCO",-122.50033922,37.718933530000001
7032775,2015,2015-09-10,3801,2015-05-11,1558,01682,TARAV,1,5,7,3801,0,0,0,,0,3I15B,"19TH AV","RIVERA ST",157.00,S,N,A,-,N,,,,,,,,,,Y,4,0,1,2,A,-,03,22350,,N,C,C,A,A,H,-,A,D,0,,,,,Y,,A,01,0,0,1,0,0,0,0,0,0,"- ","- ",,,"SAN FRANCISCO","SAN FRANCISCO",-122.47589236,37.746339249999998
7032778,2015,2015-09-10,3801,2015-05-30,1547,2225,CENTR,6,5,7,3801,0,0,0,,0,3A13C,"COLUMBUS AV","UNION ST",169.00,S,N,A,-,N,,,,,,,,,,Y,4,0,2,3,A,-,21,22106,,N,D,C,A,A,H,-,A,D,0,,,,,Y,,A,07,0,0,2,0,0,0,0,0,0,"- ","- ",,,"SAN FRANCISCO","SAN FRANCISCO",-122.40972591000001,37.800007720000004
7032782,2015,2015-08-28,3801,2015-05-20,2346,000994,CENTR,3,5,7,3801,0,0,0,,0,3AI1E,"BUSH ST","TAYLOR ST",0.00,,Y,B,C,N,,,,,,,,,,N,4,0,1,3,A,-,08,22100,B,N,D,C,A,B,-,-,C,A,0,,,,,Y,,A,08,0,0,1,0,0,0,0,0,0,"- ","- ",,,"SAN FRANCISCO","SAN FRANCISCO",-122.41206991999999,37.789759910000001
7032787,2015,2015-10-05,3801,2015-05-21,0940,001017,INGLE,4,5,7,3801,0,0,0,,0,3H16A,"EAST GENEVA AV","SAN JOSE AV",0.00,,Y,B,C,N,,,,,,,,,,N,4,0,3,2,A,-,03,22350,,F,C,C,A,B,H,-,A,D,0,,,,,Y,,A,07,0,0,3,0,0,0,0,0,0,"- ","- ",,,"SAN FRANCISCO","SAN FRANCISCO",-122.4466299,37.720729919999997
7032790,2015,2015-09-10,3801,2015-05-14,1505,02147,CENTR,4,5,7,3801,0,0,0,,0,3A14D,"EMBARCADERO NORTH ST","KEARNY ST",5.00,E,N,A,-,N,,,,,,,,,,N,3,0,1,2,D,-,00,,,N,B,G,A,A,H,-,A,A,0,,Y,,,Y,,-,"- ",0,1,0,0,0,0,1,0,0,"- ","- ",,,"SAN FRANCISCO","SAN FRANCISCO",-122.40727812,37.807362509999997
7032804,2015,2015-08-20,3801,2015-05-02,2320,001459,NORTH,6,5,7,3801,0,0,0,,0,3E12E,"CALIFORNIA AV","BUCHANAN ST",0.00,,Y,A,-,N,,,,,,,,,,Y,3,0,4,3,A,-,09,21801,A,N,D,C,B,A,H,-,C,A,0,Y,,,,Y,,A,01,0,1,3,0,1,0,0,0,0,"- ","- ",,,"SAN FRANCISCO","SAN FRANCISCO",-122.43053988,37.789309969999998
7032814,2015,2015-08-20,3801,2015-05-30,1640,2432,PARK,6,5,7,3801,0,0,0,,0,003,"OAK ST","LYON ST",0.00,,Y,B,-,N,,,,,,,,,,Y,3,0,2,2,A,-,03,22350,,N,C,C,A,A,H,-,A,D,0,,,,,Y,,A,01,0,1,1,0,0,0,0,0,0,"- ","- ",,,"SAN FRANCISCO","SAN FRANCISCO",-122.44235992999999,37.772499969999998
7032817,2015,2015-08-20,3801,2015-05-24,1329,2260,NORTH,7,5,7,3801,0,0,0,,0,4CAR,"VAN NESS AV","WASHINGTON ST",0.00,,Y,A,-,N,,,,,,,,,,Y,3,0,2,2,A,-,12,21453,A,N,D,C,A,A,H,-,A,A,0,,,,,Y,,A,07,0,1,1,0,0,0,0,0,0,"- ","- ",,,"SAN FRANCISCO","SAN FRANCISCO",-122.42295992,37.793059919999997
7032821,2015,2015-08-20,3801,2015-05-26,2246,004333,BAYVI,2,5,7,3801,0,0,0,,0,001,"KANSAS ST","26TH ST",0.00,,Y,A,-,N,,,,,,,,,,N,2,0,1,2,A,-,08,22107,,F,D,J,A,A,H,-,C,A,0,,,,,Y,,A,07,1,0,0,0,0,0,0,0,0,"- ","- ",,,"SAN FRANCISCO","SAN FRANCISCO",-122.40220986,37.750599989999998
7032845,2015,2015-08-20,3801,2015-05-03,0037,001240,CENTR,7,5,7,3801,0,0,0,,0,3A12E,"PINE ST","BATTERY ST",0.00,,Y,A,-,N,,,,,,,,,,Y,3,0,2,2,A,-,12,21453,A,F,D,C,A,A,H,-,C,A,0,,,,,Y,,A,07,0,2,0,0,0,0,0,0,0,"- ","- ",,,"SAN FRANCISCO","SAN FRANCISCO",-122.39976986000001,37.792259960000003
7032847,2015,2015-08-20,3801,2015-05-18,0829,1714,COB,1,5,7,3801,0,0,0,,0,4B2A,"2ND ST","JESSIE ST",0.00,,Y,B,-,N,,,,,,,,,,N,4,0,1,2,A,-,06,21750,,N,B,C,A,A,H,-,A,D,0,,,Y,,Y,,C,03,0,0,1,0,0,0,0,0,1,"- ","- ",,,"SAN FRANCISCO","SAN FRANCISCO",-122.40030992,37.788409899999998
7032849,2015,2015-08-20,3801,2015-05-20,0025,1499,SOUTH,3,5,7,3801,0,0,0,,0,0B4,"11TH ST","FOLSOM ST",0.00,,Y,A,-,N,,,,,,,,,,Y,4,0,1,2,A,-,17,21451,A,M,D,C,A,A,H,-,C,A,0,,,Y,,Y,,-,99,0,0,1,0,0,0,0,0,1,"- ","- ",,,"SAN FRANCISCO","SAN FRANCISCO",-122.4140099,37.771879890000001
7032853,2015,2015-08-20,3801,2015-05-02,1730,1582,SOUTH,6,5,7,3801,0,0,0,,0,MISION,"2ND ST","MARKET ST",0.00,,Y,A,-,N,,,,,,,,,,N,3,0,1,2,A,-,10,21950,A,F,G,B,B,A,H,-,B,A,0,Y,,,,Y,,-,99,0,1,0,0,1,0,0,0,0,"- ","- ",,,"SAN FRANCISCO","SAN FRANCISCO",-122.40139995,37.789239940000002
7032865,2015,2015-08-20,3801,2015-05-20,1645,1025,INGLE,3,5,7,3801,0,0,0,,0,3E13C,"MISSION ST","SILVER AV",0.00,,Y,B,-,N,,,,,,,,,,N,3,0,1,2,A,-,08,22107,,F,D,C,A,A,H,-,A,A,0,,,Y,,Y,,-,99,0,1,0,0,0,0,0,0,1,"- ","- ",,,"SAN FRANCISCO","SAN FRANCISCO",-122.43127993,37.728739920000002