CASE_ID,ACCIDENT_YEAR,PROC_DATE,JURIS,COLLISION_DATE,COLLISION_TIME,OFFICER_ID,REPORTING_DISTRICT,DAY_OF_WEEK,CHP_SHIFT,POPULATION,CNTY_CITY_LOC,SPECIAL_COND,BEAT_TYPE,CHP_BEAT_TYPE,CITY_DIVISION_LAPD,CHP_BEAT_CLASS,BEAT_NUMBER,PRIMARY_RD,SECONDARY_RD,DISTANCE,DIRECTION,INTERSECTION,WEATHER_1,WEATHER_2,STATE_HWY_IND,CALTRANS_COUNTY,CALTRANS_DISTRICT,STATE_ROUTE,ROUTE_SUFFIX,POSTMILE_PREFIX,POSTMILE,LOCATION_TYPE,RAMP_INTERSECTION,SIDE_OF_HWY,TOW_AWAY,COLLISION_SEVERITY,NUMBER_KILLED,NUMBER_INJURED,PARTY_COUNT,PRIMARY_COLL_FACTOR,PCF_CODE_OF_VIOL,PCF_VIOL_CATEGORY,PCF_VIOLATION,PCF_VIOL_SUBSECTION,HIT_AND_RUN,TYPE_OF_COLLISION,MVIW,PED_ACTION,ROAD_SURFACE,ROAD_COND_1,ROAD_COND_2,LIGHTING,CONTROL_DEVICE,CHP_ROAD_TYPE,PEDESTRIAN_ACCIDENT,BICYCLE_ACCIDENT,MOTORCYCLE_ACCIDENT,TRUCK_ACCIDENT,NOT_PRIVATE_PROPERTY,ALCOHOL_INVOLVED,STWD_VEHTYPE_AT_FAULT,CHP_VEHTYPE_AT_FAULT,COUNT_SEVERE_INJ,COUNT_VISIBLE_INJ,COUNT_COMPLAINT_PAIN,COUNT_PED_KILLED,COUNT_PED_INJURED,COUNT_BICYCLIST_KILLED,COUNT_BICYCLIST_INJURED,COUNT_MC_KILLED,COUNT_MC_INJURED,PRIMARY_RAMP,SECONDARY_RAMP,LATITUDE,LONGITUDE,COUNTY,CITY,POINT_X,POINT_Y
8052692,2016,2016-06-07,3801,2016-05-07,1403,4178,NORTH,6,5,7,3801,0,0,0,,0,4B3A,"VAN NESS AV","CHESTNUT ST",0.00,,Y,B,-,N,,,101,,,,,,,Y,3,0,2,3,A,-,12,21453,A,N,D,C,A,B,H,-,A,A,0,,,,,Y,,A,01,0,1,1,0,0,0,0,0,0,"- ","- ",37.802219999999998,-122.42462,"SAN FRANCISCO","SAN FRANCISCO",-122.42465230000001,37.801367329999998
8052695,2016,2016-06-07,3801,2016-05-18,2148,2449,COB,3,5,7,3801,0,0,0,,0,003,"5TH ST","MINNA ST",0.00,,Y,A,-,N,,,,,,,,,,N,4,0,1,2,A,-,08,22107,,N,C,C,A,A,H,-,C,D,0,,,,,Y,,A,01,0,0,1,0,0,0,0,0,0,"- ","- ",,,"SAN FRANCISCO","SAN FRANCISCO",-122.40591999,37.782299909999999
8052712,2016,2016-06-07,3801,2016-05-23,2345,390,PARK,1,5,7,3801,0,0,0,,0,003,"STANYAN ST","OAK ST",0.00,,Y,B,-,N,,,,,,,,,,Y,4,0,1,2,A,-,09,21801,A,N,D,C,A,A,H,-,C,A,0,,,,,Y,,A,01,0,0,1,0,0,0,0,0,0,"- ","- ",,,"SAN FRANCISCO","SAN FRANCISCO",-122.45395999,37.771349890000003
8052794,2016,2017-02-11,3801,2016-05-21,1555,00880,B,6,5,7,3801,0,0,0,,0,004,"MARKET ST","SOUTH VAN NESS AV",0.00,,Y,A,-,Y,SF,4,101,-,T,4.860,I,5,N,N,3,0,1,2,A,-,06,21755,,N,C,G,A,A,H,-,A,A,0,,Y,,,Y,Y,L,04,0,1,0,0,0,0,1,0,0,"- ","- ",,,"SAN FRANCISCO","SAN FRANCISCO",-122.41920589999999,37.775241430000001
8053207,2016,2016-06-08,3801,2016-04-29,1414,27,"SAN F",5,5,7,3801,0,0,0,,0,3I11A,"HOLLOWAY ST","ARELLANO AV",0.00,,Y,A,-,N,,,,,,,,,,N,3,0,1,2,A,-,10,21950,A,N,G,J,B,A,H,-,A,D,0,Y,,,,Y,,A,01,0,1,0,0,1,0,0,0,0,"- ","- ",,,"SAN FRANCISCO","SAN FRANCISCO",-122.47899993999999,37.72087999
8055865,2016,2016-06-06,3801,2016-05-24,2010,2403,INGLE,2,5,7,3801,0,0,0,,0,3H13C,"MALTA DR","OSHAUGHNESSY BL",1.00,W,N,A,-,N,,,,,,,,,,N,3,0,1,2,A,-,08,22107,,N,D,G,A,A,H,-,C,D,0,,Y,,,Y,,A,01,0,1,0,0,0,0,1,0,0,"- ","- ",,,"SAN FRANCISCO","SAN FRANCISCO",-122.44366282999999,37.736501570000001
8055871,2016,2016-06-06,3801,2016-05-14,1526,256,TARAV,6,5,7,3801,0,0,0,,0,4B8H,"OCEAN AV","EVERGLADE DR",48.00,W,N,A,-,N,,,,,,,,,,Y,3,0,3,4,A,-,03,22350,,N,C,E,A,A,H,-,A,A,0,,,,,Y,,A,01,0,2,1,0,0,0,0,0,0,"- ","- ",37.732230000000001,-122.48887999999999,"SAN FRANCISCO","SAN FRANCISCO",-122.48906554,37.732109809999997
8055872,2016,2016-06-06,3801,2016-05-24,1532,2200,SOUTH,2,5,7,3801,0,0,0,,0,002,"3RD ST","BRANNAN ST",0.00,,Y,A,-,N,,,,,,,,,,N,3,0,1,2,D,-,00,,,N,C,C,A,A,H,-,A,A,0,,,Y,,Y,,-,"- ",0,1,0,0,0,0,0,0,1,"- ","- ",,,"SAN FRANCISCO","SAN FRANCISCO",-122.39429986,37.780099989999997
8055930,2016,2016-06-07,3801,2016-05-14,1139,991,SOUTH,6,5,7,3801,0,0,0,,0,4B2G,"3RD ST","MISSION BAY SOUTH BLVD",0.00,,Y,A,-,N,,,,,,,,,,Y,3,0,1,2,A,-,12,21453,A,N,D,C,A,A,H,-,A,A,0,,,Y,,Y,,A,01,0,1,0,0,0,0,0,0,1,"- ","- ",37.770650000000003,-122.3897,"SAN FRANCISCO","SAN FRANCISCO",-122.38957987000001,37.770690000000002
8055933,2016,2016-06-07,3801,2016-05-19,0800,2226,MISSI,4,5,7,3801,0,0,0,,0,4B6D,"CESAR CHAVEZ ST","SHOTWELL ST",44.00,W,N,A,-,N,,,,,,,,,,Y,4,0,1,3,A,-,08,22107,,N,C,C,A,A,H,-,A,A,0,,,,,Y,,A,07,0,0,1,0,0,0,0,0,0,"- ","- ",,,"SAN FRANCISCO","SAN FRANCISCO",-122.41502222,37.74822855
8067250,2017,2017-07-24,3801,2017-06-09,0857,1572,SOUTH,5,5,7,3801,0,0,0,,0,3B2A,"BRANNAN ST","4TH ST",0.00,,N,-,-,N,,,,,,,,,,N,4,0,1,2,A,-,09,21804,A,N,D,G,A,-,H,-,-,A,0,,Y,,,Y,,-,,0,0,1,0,0,0,1,0,0,"- ","- ",,,"SAN FRANCISCO","SAN FRANCISCO",-122.39653988000001,37.778329929999998
8067259,2017,2017-11-09,3801,2017-06-08,1728,A11196,3I,4,5,7,3801,0,0,0,,0,31D,"LINCOLN WY","37TH AV",0.00,,Y,B,-,N,,,,,,,,,,Y,4,0,1,2,A,-,12,21453,A,N,A,C,A,B,H,-,A,A,0,,,,,Y,,A,01,0,0,1,0,0,0,0,0,0,"- ","- ",,,"SAN FRANCISCO","SAN FRANCISCO",-122.49653999,37.764599939999997
8076455,2016,2016-07-19,3801,2016-06-30,1331,2403,,4,5,7,3801,0,0,0,,0,3H11C,"BAYSHORE BL","BAYSHORE BL 2556",0.00,,-,A,-,N,,,,,,,,,,Y,4,0,3,2,D,-,00,,,N,B,C,A,A,H,-,A,A,0,,,,,Y,,-,"- ",0,0,3,0,0,0,0,0,0,"- ","- ",,,"SAN FRANCISCO","SAN FRANCISCO",-122.40495086,37.709547819999997
8076480,2016,2016-07-14,3801,2016-06-14,1125,2441,NORTH,2,5,7,3801,0,0,0,,0,3E14A,"LAGUNA ST","POST ST",0.00,,Y,A,-,N,,,,,,,,,,Y,4,0,1,2,A,-,12,21453,A,N,D,C,A,A,H,-,A,A,0,,,,,Y,,D,22,0,0,1,0,0,0,0,0,0,"- ","- ",,,"SAN FRANCISCO","SAN FRANCISCO",-122.42815998,37.785799910000001
8077211,2017,2017-07-26,3801,2017-06-02,1533,4352,MISSI,5,5,7,3801,0,0,0,,0,3D45C,"BRYANT ST","26TH ST",140.00,N,N,A,-,N,,,,,,,,,,Y,4,0,2,3,D,-,00,,,N,B,E,A,A,H,-,A,A,0,,,,,Y,,-,"- ",0,0,2,0,0,0,0,0,0,"- ","- ",,,"SAN FRANCISCO","SAN FRANCISCO",-122.40889421,37.750003640000003
8077231,2017,2017-07-26,3801,2017-06-11,0308,2093,NORTH,7,5,7,3801,0,0,0,,0,3E13E,"GEARY BL","GOUGH ST",0.00,,Y,A,-,N,,,,,,,,,,Y,4,0,1,2,A,-,03,22350,,M,C,C,A,A,H,-,C,A,0,,,,,Y,,A,01,0,0,1,0,0,0,0,0,0,"- ","- ",,,"SAN FRANCISCO","SAN FRANCISCO",-122.42469,37.785409899999998
8077236,2017,2017-08-29,3801,2017-06-22,0950,1990,SOUTE,4,5,7,3801,0,0,0,,0,004,"MARKET ST","VALENCIA ST",0.00,,Y,A,-,N,,,,,,,,,,N,3,0,1,2,A,-,06,21755,A,N,D,G,A,A,H,-,A,A,0,,Y,,,Y,,L,04,0,1,0,0,0,0,1,0,0,"- ","- ",,,"SAN FRANCISCO","SAN FRANCISCO",-122.42261997,37.772549980000001
8079043,2016,2016-07-12,3801,2016-06-10,1655,4019,NORTH,5,5,7,3801,0,0,0,,0,3E3D,"MCALLISTER ST","FRANKLIN CT",0.00,,Y,A,-,N,,,,,,,,,,,3,0,1,2,A,-,03,22350,,N,E,G,A,A,H,-,A,A,0,,Y,,,Y,,L,04,0,1,0,0,0,0,1,0,0,"- ","- ",,,"SAN FRANCISCO","SAN FRANCISCO",-122.42188987999999,37.779879989999998
8079049,2016,2016-07-12,3801,2016-06-05,1935,002455,NORTH,7,5,7,3801,0,0,0,,0,3E13D,"PINE ST","FRANKLIN ST",0.00,,Y,A,-,N,,,,,,,,,,Y,4,0,2,2,A,-,12,21453,A,N,D,C,A,A,H,-,A,A,0,,,,,Y,,A,08,0,0,2,0,0,0,0,0,0,"- ","- ",,,"SAN FRANCISCO","SAN FRANCISCO",-122.42377994,37.78920995
8079053,2016,2016-07-12,3801,2016-06-01,2105,004294,SOUTH,3,5,7,3801,0,0,0,,0,3B14D,"10TH ST","BRYANT ST",0.00,,Y,A,-,N,,,,,,,,,,Y,4,0,1,2,A,-,12,21453,A,N,D,C,A,A,H,-,C,A,0,,,,,Y,,A,01,0,0,1,0,0,0,0,0,0,"- ","- ",,,"SAN FRANCISCO","SAN FRANCISCO",-122.40973986,37.770339909999997
8079056,2016,2016-07-12,3801,2016-06-14,0930,1572,SOUTH,2,5,7,3801,0,0,0,,0,3B1A,"FREMONT ST","HOWARD ST",0.00,,Y,A,-,N,,,,,,,,,,N,4,0,1,2,A,-,07,21658,A,M,B,C,A,A,H,-,A,A,0,,,,,Y,Y,-,,0,0,1,0,0,0,0,0,0,"- ","- ",,,"SAN FRANCISCO","SAN FRANCISCO",-122.39513985000001,37.78922996
8079062,2016,2016-07-12,3801,2016-06-03,1316,1994,MISSI,5,5,7,3801,0,0,0,,0,4B3B,"CESAR CHAVEZ ST","HAMPSHIRE ST",125.00,E,N,A,-,N,,,,,,,,,,N,3,0,1,1,C,-,18,,,N,F,I,A,A,G,-,A,D,0,,Y,,,Y,,-,"- ",0,1,0,0,0,0,1,0,0,"- ","- ",37.748620000000003,-122.40676999999999,"SAN FRANCISCO","SAN FRANCISCO",-122.40635817,37.748884369999999
8079063,2016,2016-07-12,3801,2016-06-13,1715,720,TENDE,1,5,7,3801,0,0,0,,0,3J11D,"MARKET ST","8TH ST",26.00,W,N,A,-,N,,,,,,,,,,N,2,0,1,2,A,-,11,21955,,N,G,B,D,A,H,-,A,A,0,Y,,,,Y,,N,60,1,0,0,0,1,0,0,0,0,"- ","- ",,,"SAN FRANCISCO","SAN FRANCISCO",-122.41482541000001,37.778660940000002
8079070,2016,2017-02-09,3801,2016-06-08,0944,000289,NORTH,3,5,7,3801,0,0,0,,0,3E5A,"RICHARDSON AV","FRANCISCO ST",0.00,,Y,A,-,Y,SF,4,101,-,-,7.990,H,-,N,N,4,0,1,2,A,-,04,21703,,N,C,C,A,A,H,-,A,A,0,,,,,Y,,-,,0,0,1,0,0,0,0,0,0,"- ","- ",,,"SAN FRANCISCO","SAN FRANCISCO",-122.44684617999999,37.800248750000002
8079074,2016,2016-07-11,3801,2016-06-07,1521,27,TARAV,2,5,7,3801,0,0,0,,0,311A,"12TH AV","KIRKHAM ST",218.00,S,N,A,-,N,,,,,,,,,,N,4,0,1,2,A,-,21,22106,,N,G,B,E,A,H,-,A,D,0,Y,,,,Y,,A,07,0,0,1,0,1,0,0,0,0,"- ","- ",,,"SAN FRANCISCO","SAN FRANCISCO",-122.46923815,37.759561730000001
8079076,2016,2016-07-12,3801,2016-06-20,1646,1567,MISSI,1,5,7,3801,0,0,0,,0,3D14D,"HARRISON ST","15TH ST",0.00,,Y,A,-,N,,,,,,,,,,Y,3,0,4,5,A,-,03,22350,,N,C,C,A,A,H,-,A,A,0,,,,,Y,Y,A,01,0,1,3,0,0,0,0,0,0,"- ","- ",,,"SAN FRANCISCO","SAN FRANCISCO",-122.41326997,37.76704994
8079083,2016,2016-07-12,3801,2016-06-19,1958,1110,"CO G",7,5,7,3801,0,0,0,,0,002,"MASONIC AV","GEARY BL",0.00,,Y,A,-,N,,,,,,,,,,N,4,0,1,2,A,-,10,21950,A,N,G,B,B,A,H,-,A,A,0,Y,,,,Y,,A,01,0,0,1,0,1,0,0,0,0,"- ","- ",,,"SAN FRANCISCO","SAN FRANCISCO",-122.44786986,37.782279889999998
8079086,2016,2016-07-12,3801,2016-06-18,1605,1110,"CO G",6,5,7,3801,0,0,0,,0,,"FULTON ST","8TH AV",0.00,,Y,A,-,N,,,,,,,,,,Y,3,0,3,2,D,-,00,,,N,A,C,A,A,H,-,A,A,0,,,,,Y,,-,"- ",0,1,2,0,0,0,0,0,0,"- ","- ",,,"SAN FRANCISCO","SAN FRANCISCO",-122.46587996,37.77337996
8079088,2016,2016-07-12,3801,2016-06-16,1836,004239,PARK,4,5,7,3801,0,0,0,,0,3F12D,"WOODSIDE AV","HERNANDEZ AV",125.00,E,N,A,-,N,,,,,,,,,,Y,4,0,1,1,A,-,07,21658,A,N,E,J,A,A,H,-,A,D,0,,,,,Y,,A,01,0,0,1,0,0,0,0,0,0,"- ","- ",,,"SAN FRANCISCO","SAN FRANCISCO",-122.45506549,37.746252869999999
8079093,2016,2016-07-12,3801,2016-06-12,0150,1073,BAYVI,7,5,7,3801,0,0,0,,0,3C13E,"3RD ST","ARTHUR AV",130.00,S,N,A,-,N,,,,,,,,,,Y,2,0,1,1,B,-,22,,,N,F,J,A,A,H,-,C,D,0,,,Y,,Y,Y,C,02,1,0,0,0,0,0,0,0,1,"- ","- ",,,"SAN FRANCISCO","SAN FRANCISCO",-122.38726991999999,37.745844290000001
8079100,2016,2016-07-12,3801,2016-06-18,1120,2403,INGLE,6,5,7,3801,0,0,0,,0,3H11C,"MISSION ST","VALENCIA ST",0.00,,Y,A,-,N,,,,,,,,,,Y,3,0,1,2,A,-,08,22100,A,N,B,C,A,A,H,-,A,A,0,,,Y,,Y,,A,01,0,1,0,0,0,0,0,0,1,"- ","- ",,,"SAN FRANCISCO","SAN FRANCISCO",-122.41986995000001,37.745589930000001
8079101,2016,2016-07-12,3801,2016-06-19,1656,2475,NORTH,7,5,7,3801,0,0,0,,0,3E12D,"DIVISADERO ST","GROVE ST",80.00,S,N,A,-,N,,,,,,,,,,N,3,0,1,2,A,-,17,22517,,N,B,G,A,A,H,-,A,A,0,,Y,,,Y,,A,01,0,1,0,0,0,0,1,0,0,"- ","- ",,,"SAN FRANCISCO","SAN FRANCISCO",-122.43793888,37.775712660000003
8079103,2016,2016-07-12,3801,2016-06-16,2000,708,INGLE,4,5,7,3801,0,0,0,,0,3H11E,"POWHATTAN AV","ANDOVER ST",0.00,,Y,A,-,N,,,,,,,,,,N,3,0,1,2,A,-,10,21950,A,F,G,B,B,A,H,-,A,D,0,Y,,,,Y,,A,01,0,1,0,0,1,0,0,0,0,"- ","- ",,,"SAN FRANCISCO","SAN FRANCISCO",-122.41630991,37.74163995
8079109,2016,2016-08-02,3801,2016-06-16,1035,002411,SOUTH,4,5,7,3801,0,0,0,,0,,"9TH ST","MINNA ST",0.00,,Y,A,-,N,,,,,,,,,,N,2,0,1,2,A,-,11,21954,A,F,G,B,D,A,H,-,A,D,0,Y,,,,Y,,N,60,1,0,0,0,1,0,0,0,0,"- ","- ",,,"SAN FRANCISCO","SAN FRANCISCO",-122.41417,37.775799960000001
8079124,2016,2016-07-12,3801,2016-06-22,2125,001499,INGLE,3,5,7,3801,0,0,0,,0,3H14E,"MISSION ST","MURRAY ST",133.00,N,N,A,-,N,,,,,,,,,,N,3,0,1,2,A,-,00,21951,A,N,G,B,D,A,H,-,E,A,0,Y,,,,Y,,N,60,0,1,0,0,1,0,0,0,0,"- ","- ",,,"SAN FRANCISCO","SAN FRANCISCO",-122.4261308,37.73394055
8079137,2016,2016-07-12,3801,2016-06-07,1037,004360,BAYVI,2,5,7,3801,0,0,0,,0,003,"NEWHALL ST","HUDSON AV",0.00,,Y,A,-,N,,,,,,,,,,Y,4,0,1,2,A,-,12,22450,A,F,D,J,A,A,H,-,A,D,0,,,,,Y,,A,01,0,0,1,0,0,0,0,0,0,"- ","- ",,,"SAN FRANCISCO","SAN FRANCISCO",-122.38827986,37.740049919999997
8079140,2016,2016-08-02,3801,2016-06-30,1715,298,BAYVI,4,5,7,3801,0,0,0,,0,3C12D,"BAYSHORE BL","BOUTWELL ST",30.00,N,N,A,-,N,,,,,,,,,,N,4,0,2,2,A,-,03,22350,,N,C,C,A,A,H,-,A,D,0,,,,,Y,,I,11,0,0,2,0,0,0,0,0,0,"- ","- ",,,"SAN FRANCISCO","SAN FRANCISCO",-122.40570654,37.734549110000003
8079152,2016,2016-07-12,3801,2016-06-29,0720,915,COE,3,5,7,3801,0,0,0,,0,"3 CAR","VAN NESS AV","GROVE ST",0.00,,Y,A,-,N,,,,,,,,,,N,4,0,1,2,A,-,03,22350,,F,D,C,A,-,G,-,A,-,0,,,,,Y,,-,,0,0,1,0,0,0,0,0,0,"- ","- ",,,"SAN FRANCISCO","SAN FRANCISCO",-122.41995987999999,37.778249930000001
8079157,2016,2016-07-12,3801,2016-06-26,1919,282,TARAV,7,5,7,3801,0,0,0,,0,3I2D,"VICENTE AV","26TH AV",0.00,,Y,A,-,N,,,,,,,,,,N,4,0,1,2,A,-,09,21800,A,N,D,G,A,A,H,-,A,A,0,,Y,,,Y,,A,01,0,0,1,0,0,0,1,0,0,"- ","- ",,,"SAN FRANCISCO","SAN FRANCISCO",-122.48293989,37.738999939999999
8079174,2016,2016-07-12,3801,2016-06-25,0210,147,TENDE,6,5,7,3801,0,0,0,,0,3J1E,"OFARRELL ST","JONES ST",0.00,,Y,A,-,N,,,,,,,,,,N,3,0,1,2,A,-,"- ",,,N,H,B,E,A,H,-,C,A,0,Y,,,,Y,Y,N,60,0,1,0,0,1,0,0,0,0,"- ","- ",,,"SAN FRANCISCO","SAN FRANCISCO",-122.41296991,37.785799969999999
8079185,2016,2016-07-12,3801,2016-06-20,0700,02355,SOUTH,1,5,7,3801,0,0,0,,0,3B12A,"BRYANT ST","4TH ST",0.00,,Y,A,-,N,,,,,,,,,,N,4,0,1,2,A,-,10,21950,A,N,G,B,B,A,H,-,A,A,0,Y,,,,Y,,A,01,0,0,1,0,1,0,0,0,0,"- ","- ",,,"SAN FRANCISCO","SAN FRANCISCO",-122.39806995000001,37.77957
8079193,2016,2016-07-12,3801,2016-06-23,1648,2159,NORTH,4,5,7,3801,0,0,0,,0,4T6I,"POLK ST","EDDY ST",2.00,N,N,A,-,N,,,,,,,,,,N,3,0,1,2,A,-,11,21453,D,N,G,B,B,A,H,-,A,A,0,Y,,Y,,Y,,N,60,0,1,0,0,1,0,0,0,0,"- ","- ",,,"SAN FRANCISCO","SAN FRANCISCO",-122.41918090999999,37.783085450000002
8079199,2016,2016-07-12,3801,2016-06-15,1955,1102,SOUTH,3,5,7,3801,0,0,0,,0,3B11D,"2ND ST","BRANNAN ST",0.00,,Y,A,-,N,,,,,,,,,,Y,4,0,1,2,A,-,03,22350,A,N,D,C,A,A,H,-,B,A,0,,,,,Y,,A,01,0,0,1,0,0,0,0,0,0,"- ","- ",,,"SAN FRANCISCO","SAN FRANCISCO",-122.39205999000001,37.781839949999998
8079326,2016,2016-08-11,3801,2016-06-01,2241,912,BAYVI,3,5,7,3801,0,0,0,,0,3C11E,"ILLINOIS ST","22ND ST",140.00,N,N,A,-,N,,,,,,,,,,Y,3,0,1,2,A,-,01,23152,A,N,D,E,A,A,H,-,C,D,0,,,,Y,Y,Y,A,01,0,1,0,0,0,0,0,0,0,"- ","- ",,,"SAN FRANCISCO","SAN FRANCISCO",-122.38737568000001,37.758363559999999
8079328,2016,2017-02-09,3801,2016-06-07,0439,1693,RICHM,2,5,7,3801,0,0,0,,0,3G13E,"PARK PRESIDIO BL","FULTON ST",150.00,S,N,B,C,Y,SF,4,1,-,-,4.970,H,-,N,N,4,0,1,2,A,-,03,22350,,N,C,I,A,B,H,-,C,D,0,,,,,Y,,I,11,0,0,1,0,0,0,0,0,0,"- ","- ",,,"SAN FRANCISCO","SAN FRANCISCO",-122.47202356,37.772450030000002
8079336,2016,2016-07-12,3801,2016-06-17,0822,2086,3I16A,5,5,7,3801,0,0,0,,0,822,"BROTHERHOOD WY","ARCH ST",0.00,,Y,B,-,N,,,,,,,,,,Y,3,0,3,2,A,-,08,22100,B,N,D,C,A,A,H,-,A,A,0,,,,,Y,,A,07,0,1,2,0,0,0,0,0,0,"- ","- ",,,"SAN FRANCISCO","SAN FRANCISCO",-122.46707994,37.712469980000002
8079344,2016,2016-07-12,3801,2016-06-13,1140,2198,NORTH,1,5,7,3801,0,0,0,,0,3E15A,"FRANKLIN ST","CHESTNUT ST",0.00,,Y,A,-,N,,,,,,,,,,Y,4,0,3,2,A,-,12,21453,A,N,D,D,A,A,H,-,A,A,0,,,,,Y,,-,,0,0,3,0,0,0,0,0,0,"- ","- ",,,"SAN FRANCISCO","SAN FRANCISCO",-122.42637996000001,37.802069940000003
8079345,2016,2016-07-12,3801,2016-06-06,1910,2455,NORTH,1,5,7,3801,0,0,0,,0,3E12D,"DIVISADERO ST","FELL ST",0.00,,Y,A,-,N,,,,,,,,,,N,4,0,1,2,A,-,04,21703,,M,C,C,A,A,H,-,A,A,0,,,,,Y,,A,01,0,0,1,0,0,0,0,0,0,"- ","- ",,,"SAN FRANCISCO","SAN FRANCISCO",-122.43759986000001,37.774059899999997
8079358,2016,2016-08-02,3801,2016-06-03,0627,38,SOUTH,5,5,7,3801,0,0,0,,0,005,"MISSION BAY NORTH","BRIDGEVIEW WAY",0.00,,Y,A,-,N,,,,,,,,,,Y,4,0,1,2,A,-,08,22107,,N,D,C,A,A,-,-,-,D,0,,,,,Y,,-,,0,0,1,0,0,0,0,0,0,"- ","- ",,,"SAN FRANCISCO","SAN FRANCISCO",-122.3877799,37.770779990000001
8079360,2016,2016-07-12,3801,2016-06-01,1526,0905,,3,5,7,3801,0,0,0,,0,3D13C,"25TH ST","CYPRESS ST",35.00,W,N,G,-,N,,,,,,,,,,N,4,0,1,2,A,-,17,22517,,N,B,G,A,A,H,-,A,D,0,,Y,,,Y,,A,01,0,0,1,0,0,0,1,0,0,"- ","- ",,,"SAN FRANCISCO","SAN FRANCISCO",-122.41680076,37.750752900000002
8079364,2016,2017-02-11,3801,2016-06-07,1440,4286,RICHM,2,5,7,3801,0,0,0,,0,0G3,"PARK PRESIDIO BL","FULTON ST",800.00,W,N,A,-,Y,SF,4,1,-,-,4.850,H,-,N,N,3,0,1,1,A,-,07,21658,A,N,E,I,A,A,H,-,A,D,0,,,,,Y,,A,08,0,1,0,0,0,0,0,0,0,"- ","- ",,,"SAN FRANCISCO","SAN FRANCISCO",-122.47403647,37.772444780000001
8079369,2016,2016-07-12,3801,2016-06-05,1217,2429,NORTH,7,5,7,3801,0,0,0,,0,3E13C,"LOMBARD ST","VAN NESS AV",0.00,,Y,A,-,N,,,,,,,,,,N,3,0,1,2,A,-,10,21950,A,N,G,B,B,A,H,-,A,A,0,Y,,,,Y,,A,01,0,1,0,0,1,0,0,0,0,"- ","- ",,,"SAN FRANCISCO","SAN FRANCISCO",-122.42457988,37.801319970000002
8079373,2016,2016-07-12,3801,2016-06-02,1841,2449,COB,4,5,7,3801,0,0,0,,0,003,"8TH ST","TEHAMA ST",0.00,,Y,A,-,N,,,,,,,,,,N,4,0,1,2,A,-,11,21956,A,N,G,B,D,A,H,-,A,A,0,Y,,,,Y,,N,60,0,0,1,0,1,0,0,0,0,"- ","- ",,,"SAN FRANCISCO","SAN FRANCISCO",-122.41106988,37.775809899999999
8079375,2016,2016-07-12,3801,2016-06-06,1145,4028,SOUTH,1,5,7,3801,0,0,0,,0,3B90,"FOLSOM ST","8TH ST",0.00,,Y,A,-,N,,,,,,,,,,N,4,0,1,2,A,-,08,22107,,N,D,G,A,A,H,-,A,A,0,,Y,,,Y,,-,"- ",0,0,1,0,0,0,1,0,0,"- ","- ",,,"SAN FRANCISCO","SAN FRANCISCO",-122.41004988,37.774989890000001
8079381,2016,2016-07-12,3801,2016-06-01,0938,2375,RICHM,3,5,7,3801,0,0,0,,0,3G60,"CALIFORNIA ST","SPRUCE ST",94.00,W,N,B,-,N,,,,,,,,,,N,3,0,1,2,A,-,17,22517,,N,B,G,A,A,H,-,A,D,0,,Y,,,Y,,A,01,0,1,0,0,0,0,1,0,0,"- ","- ",,,"SAN FRANCISCO","SAN FRANCISCO",-122.45373216999999,37.786363799999997
8083248,2016,2016-07-15,3801,2016-05-31,1001,2375,RICHM,2,5,7,3801,0,0,0,,0,3G60,"CLAY ST","PRESIDIO AV",0.00,,Y,A,-,N,,,,,,,,,,N,4,0,1,2,A,-,21,22106,,N,D,C,A,A,H,-,A,D,0,,,,,Y,,A,07,0,0,1,0,0,0,0,0,0,"- ","- ",,,"SAN FRANCISCO","SAN FRANCISCO",-122.44715988999999,37.789069949999998
8083285,2016,2016-07-15,3801,2016-05-08,1612,1518,BAYVI,7,5,7,3801,0,0,0,,0,005,"3RD ST","LE CONTE AV",0.00,,Y,A,-,N,,,,,,,,,,N,3,0,1,2,A,-,08,22107,,N,C,C,A,A,H,-,A,A,0,,,,,Y,,A,01,0,1,0,0,0,0,0,0,0,"- ","- ",,,"SAN FRANCISCO","SAN FRANCISCO",-122.39756987,37.718869900000001
8083301,2016,2016-07-15,3801,2016-05-31,1752,2447,SOUTH,2,5,7,3801,0,0,0,,0,00B,"HARRISON ST","4TH ST",0.00,,Y,A,-,N,,,,,,,,,,N,4,0,1,2,A,-,08,22107,,N,D,C,A,A,H,-,A,A,0,,,Y,,Y,,A,01,0,0,1,0,0,0,0,0,1,"- ","- ",,,"SAN FRANCISCO","SAN FRANCISCO",-122.39962994,37.780779899999999
8089443,2016,2016-09-20,3801,2016-06-07,0619,2465,NORTH,2,5,7,3801,0,0,0,,0,,"LOMBARD ST","DIVISADERO ST",0.00,,Y,A,-,N,,,,,,,,,,N,4,0,1,2,A,-,08,22107,,N,B,C,A,A,H,-,A,A,0,,,,,Y,,A,01,0,0,1,0,0,0,0,0,0,"- ","- ",,,"SAN FRANCISCO","SAN FRANCISCO",-122.44264993,37.799009980000001
8089471,2016,2016-09-20,3801,2016-08-14,0145,469,MISSI,7,5,7,3801,0,0,0,,0,3D14D,"16TH ST","HOFF ST",12.00,E,N,A,B,N,,,,,,,,,,N,4,0,1,2,A,-,03,22350,,N,C,C,A,A,H,-,C,D,0,,,,,Y,,-,,0,0,1,0,0,0,0,0,0,"- ","- ",,,"SAN FRANCISCO","SAN FRANCISCO",-122.4205288,37.764994119999997