CASE_ID,ACCIDENT_YEAR,PROC_DATE,JURIS,COLLISION_DATE,COLLISION_TIME,OFFICER_ID,REPORTING_DISTRICT,DAY_OF_WEEK,CHP_SHIFT,POPULATION,CNTY_CITY_LOC,SPECIAL_COND,BEAT_TYPE,CHP_BEAT_TYPE,CITY_DIVISION_LAPD,CHP_BEAT_CLASS,BEAT_NUMBER,PRIMARY_RD,SECONDARY_RD,DISTANCE,DIRECTION,INTERSECTION,WEATHER_1,WEATHER_2,STATE_HWY_IND,CALTRANS_COUNTY,CALTRANS_DISTRICT,STATE_ROUTE,ROUTE_SUFFIX,POSTMILE_PREFIX,POSTMILE,LOCATION_TYPE,RAMP_INTERSECTION,SIDE_OF_HWY,TOW_AWAY,COLLISION_SEVERITY,NUMBER_KILLED,NUMBER_INJURED,PARTY_COUNT,PRIMARY_COLL_FACTOR,PCF_CODE_OF_VIOL,PCF_VIOL_CATEGORY,PCF_VIOLATION,PCF_VIOL_SUBSECTION,HIT_AND_RUN,TYPE_OF_COLLISION,MVIW,PED_ACTION,ROAD_SURFACE,ROAD_COND_1,ROAD_COND_2,LIGHTING,CONTROL_DEVICE,CHP_ROAD_TYPE,PEDESTRIAN_ACCIDENT,BICYCLE_ACCIDENT,MOTORCYCLE_ACCIDENT,TRUCK_ACCIDENT,NOT_PRIVATE_PROPERTY,ALCOHOL_INVOLVED,STWD_VEHTYPE_AT_FAULT,CHP_VEHTYPE_AT_FAULT,COUNT_SEVERE_INJ,COUNT_VISIBLE_INJ,COUNT_COMPLAINT_PAIN,COUNT_PED_KILLED,COUNT_PED_INJURED,COUNT_BICYCLIST_KILLED,COUNT_BICYCLIST_INJURED,COUNT_MC_KILLED,COUNT_MC_INJURED,PRIMARY_RAMP,SECONDARY_RAMP,LATITUDE,LONGITUDE,COUNTY,CITY,POINT_X,POINT_Y
8292730,2017,2017-07-19,3801,2017-06-02,1550,71,RICHM,5,5,7,3801,0,0,0,,0,901,"CALIFORNIA ST","FUNSTON AV",0.00,,Y,A,-,N,,,,,,,,,,Y,4,0,2,2,A,-,09,21802,A,N,D,C,A,A,H,-,A,D,0,,,,,Y,,A,01,0,0,2,0,0,0,0,0,0,"- ","- ",,,"SAN FRANCISCO","SAN FRANCISCO",-122.47205995,37.784469979999997
8292749,2017,2017-11-30,3801,2017-06-02,0838,2105,CENTR,5,5,7,3801,0,0,0,,0,3A12B,"MONTGOMERY ST","SACRAMENTO ST",0.00,,Y,A,-,N,,,,,,,,,,N,3,0,1,2,A,-,10,21950,A,N,G,B,-,A,-,-,A,A,0,Y,,,,Y,,A,01,0,1,0,0,1,0,0,0,0,"- ","- ",,,"SAN FRANCISCO","SAN FRANCISCO",-122.40293995,37.793789930000003
8292754,2017,2017-07-20,3801,2017-06-06,2229,2745,RICHM,2,5,7,3801,0,0,0,,0,004,"25TH AV","25TH AV 643",10.00,E,N,A,-,N,,,,,,,,,,N,2,0,1,2,A,-,00,21955,A,N,G,B,-,A,H,-,A,A,0,Y,,,,Y,,N,60,1,0,0,0,1,0,0,0,0,"- ","- ",,,"SAN FRANCISCO","SAN FRANCISCO",,
8292758,2017,2017-07-20,3801,2017-06-05,0952,4315,SOUTE,1,5,7,3801,0,0,0,,0,3B60,"MAIN ST","BRYANT ST",78.00,N,N,A,-,N,,,,,,,,,,N,3,0,1,2,A,-,09,21801,A,N,D,C,A,A,H,-,A,D,0,,,,,Y,,A,01,0,1,0,0,0,0,0,0,0,"- ","- ",,,"SAN FRANCISCO","SAN FRANCISCO",-122.38894431,37.787088769999997
8305124,2017,2017-02-15,3801,2017-01-29,0005,536,CENTR,7,5,7,3801,0,0,0,,0,0A3,BROADWAY,"POWELL ST",1.00,W,N,A,-,N,,,,,,,,,,Y,2,0,1,1,A,-,08,22107,,N,E,I,A,A,H,-,C,D,0,,,,,Y,,M,95,1,0,0,0,0,0,0,0,0,"- ","- ",,,"SAN FRANCISCO","SAN FRANCISCO",-122.4102434,37.797409479999999
8305135,2017,2017-02-27,3801,2017-01-07,0248,283,SOUTH,6,5,7,3801,0,0,0,,0,0B4,"MISSION ST","6TH ST",0.00,,Y,C,-,N,,,,,,,,,,N,3,0,1,2,A,-,11,21954,A,N,G,B,D,B,H,-,E,A,0,Y,,,,Y,,N,60,0,1,0,0,1,0,0,0,0,"- ","- ",,,"SAN FRANCISCO","SAN FRANCISCO",-122.40868999,37.78097992
8305192,2017,2017-02-15,3801,2017-01-05,1052,276,INGLE,4,5,7,3801,0,0,0,,0,3H14C,"OSHAUGHNESSY BL","MALTA DR",0.00,,Y,A,-,N,,,,,,,,,,Y,4,0,1,2,A,-,03,22350,,N,C,C,A,A,H,-,A,D,0,,,,Y,Y,,F,27,0,0,1,0,0,0,0,0,0,"- ","- ",,,"SAN FRANCISCO","SAN FRANCISCO",-122.44365987,37.736499899999998
8305201,2017,2017-02-16,3801,2017-01-16,1706,560,INGLE,1,5,7,3801,0,0,0,,0,3H14D,"ALEMANY BL","FARRAGUT ST",0.00,,Y,A,-,N,,,,,,,,,,N,4,0,1,2,A,-,12,21453,A,N,D,C,A,A,H,-,B,A,0,,,,,Y,,D,22,0,0,1,0,0,0,0,0,0,"- ","- ",,,"SAN FRANCISCO","SAN FRANCISCO",-122.45200991999999,37.712119979999997
8305229,2017,2017-02-15,3801,2017-01-12,1551,118,MISSI,4,5,7,3801,0,0,0,,0,3D14D,"16TH ST","VALENCIA ST",0.00,,Y,A,-,N,,,,,,,,,,N,4,0,1,2,A,-,03,22350,,N,C,C,A,A,H,-,A,A,0,,,Y,,Y,,A,08,0,0,1,0,0,0,0,0,1,"- ","- ",,,"SAN FRANCISCO","SAN FRANCISCO",-122.42189,37.764909899999999
8305237,2017,2017-02-15,3801,2017-01-12,0016,2466,MISSI,4,5,7,3801,0,0,0,,0,005,"POTRERO AV","23RD ST",0.00,,Y,A,-,N,,,,,,,,,,N,4,0,1,2,A,-,01,23153,A,F,-,C,A,A,H,-,A,A,0,,,,,Y,Y,D,23,0,0,1,0,0,0,0,0,0,"- ","- ",,,"SAN FRANCISCO","SAN FRANCISCO",-122.40646989,37.754579890000002
8305253,2017,2017-02-15,3801,2017-01-03,1835,2744,NORTH,2,5,7,3801,0,0,0,,0,3E13C,"STEINER ST","EDDY ST",0.00,,Y,B,C,N,,,,,,,,,,N,4,0,1,2,A,-,10,21950,A,N,G,B,B,B,H,-,C,A,0,Y,,,,Y,,I,09,0,0,1,0,1,0,0,0,0,"- ","- ",,,"SAN FRANCISCO","SAN FRANCISCO",-122.43395998,37.781209910000001
8305273,2017,2017-02-16,3801,2017-01-09,1808,129,NORTH,1,5,7,3801,0,0,0,,0,3E14D,"BUSH ST",LAGUNA,9.00,E,N,B,C,N,,,,,,,,,,N,2,0,1,2,A,-,10,21950,A,F,G,B,B,B,H,-,C,A,0,Y,,,,Y,,I,11,1,0,0,0,1,0,0,0,0,"- ","- ",,,"SAN FRANCISCO","SAN FRANCISCO",-122.42849923,37.787653890000001
8305281,2017,2017-06-19,3801,2017-01-03,1705,2438,BAYVI,2,5,7,3801,0,0,0,,0,3C2,"BAYSHORE BL","LOWES DRIVEWAY",0.00,,Y,C,-,N,,,,,,,,,,Y,4,0,1,2,D,-,00,,,N,B,C,A,B,H,-,C,A,0,,,,,Y,,-,"- ",0,0,1,0,0,0,0,0,0,"- ","- ",,,"SAN FRANCISCO","SAN FRANCISCO",,
8305282,2017,2017-03-22,3801,2017-01-04,0645,494,MISSI,3,5,7,3801,0,0,0,,0,0D6,"FOLSOM ST","17TH ST",24.00,E,N,B,C,N,,,,,,,,,,N,4,0,1,2,A,-,10,21950,A,N,G,B,B,B,H,-,C,A,0,Y,,,,Y,,-,,0,0,1,0,1,0,0,0,0,"- ","- ",,,"SAN FRANCISCO","SAN FRANCISCO",-122.41515,37.763689999999997
8305283,2017,2017-03-03,3801,2017-01-14,2350,2261,PARK,6,5,7,3801,0,0,0,,0,3F12E,"LAGUNA HONDA BL","WOODSIDE AV",0.00,,Y,A,-,N,,,,,,,,,,Y,4,0,1,2,A,-,12,21453,A,N,D,C,A,A,-,-,C,A,0,,,,,Y,,-,"- ",0,0,1,0,0,0,0,0,0,"- ","- ",,,"SAN FRANCISCO","SAN FRANCISCO",-122.45872996999999,37.746819960000003
8305284,2017,2017-02-16,3801,2017-01-24,1731,240,SOUTH,2,5,7,3801,0,0,0,,0,901,"BRANNAN ST","8TH ST",3.00,W,N,A,-,N,,,,,,,,,,N,4,0,1,2,A,-,10,21950,A,N,G,B,B,A,H,-,C,A,0,Y,,,,Y,,A,01,0,0,1,0,1,0,0,0,0,"- ","- ",,,"SAN FRANCISCO","SAN FRANCISCO",-122.40543731,37.77128415
8305286,2017,2017-02-16,3801,2017-01-04,0714,2457,TARAV,3,5,7,3801,0,0,0,,0,3I44,"PORTOLA DR","JUNIPERO SERRA BL",0.00,,Y,C,-,N,,,,,,,,,,Y,4,0,2,2,A,-,12,21453,A,N,A,C,A,B,H,-,C,A,0,,,,,Y,,A,01,0,0,2,0,0,0,0,0,0,"- ","- ",,,"SAN FRANCISCO","SAN FRANCISCO",-122.47152993,37.73475998
8305299,2017,2017-02-16,3801,2017-01-18,1725,858,CENTR,3,5,7,3801,0,0,0,,0,3A12D,"SACRAMENTO ST","MASON ST",0.00,,Y,B,C,N,,,,,,,,,,N,4,0,1,2,A,-,10,21950,A,N,G,B,B,B,H,-,C,A,0,Y,,,,Y,,A,07,0,0,1,0,1,0,0,0,0,"- ","- ",,,"SAN FRANCISCO","SAN FRANCISCO",-122.41098991,37.7927599
8305303,2017,2017-02-16,3801,2017-01-18,2025,2427,SOUTH,3,5,7,3801,0,0,0,,0,3B15E,"17TH ST","ARKANSAS ST",0.00,,Y,C,-,N,,,,,,,,,,N,4,0,1,2,A,-,10,21950,A,N,G,B,B,B,H,-,C,-,0,Y,,,,Y,,A,01,0,0,1,0,1,0,0,0,0,"- ","- ",,,"SAN FRANCISCO","SAN FRANCISCO",-122.39869996,37.76502996
8305334,2017,2017-02-15,3801,2017-01-07,1521,196,NORTH,6,5,7,3801,0,0,0,,0,3E75,"DIVISADERO ST","TURK ST",0.00,,Y,C,-,N,,,,,,,,,,N,4,0,1,2,A,-,09,21801,A,F,D,C,A,B,H,-,A,A,0,,,Y,,Y,,A,01,0,0,1,0,0,0,0,0,1,"- ","- ",,,"SAN FRANCISCO","SAN FRANCISCO",-122.43873997,37.779639930000002
8305335,2017,2017-02-16,3801,2017-01-21,1505,257,CENTR,6,5,7,3801,0,0,0,,0,3A14B,"MASON ST","SUTTER ST",4.00,S,N,B,-,N,,,,,,,,,,,3,0,1,2,A,-,10,21950,A,N,G,B,B,B,H,-,A,A,0,Y,,,,Y,,A,01,0,1,0,0,1,0,0,0,0,"- ","- ",,,"SAN FRANCISCO","SAN FRANCISCO",-122.41021777,37.788999150000002
8305340,2017,2017-02-16,3801,2017-01-08,1035,2310,NORTH,7,5,7,3801,0,0,0,,0,3E41B,"GOUGH ST","HAYES ST",13.00,S,N,B,C,N,,,,,,,,,,N,4,0,1,2,A,-,11,21456,B,N,G,B,E,A,H,-,A,A,0,Y,,,,Y,,N,60,0,0,1,0,1,0,0,0,0,"- ","- ",,,"SAN FRANCISCO","SAN FRANCISCO",-122.4229631,37.776844709999999
8305343,2017,2017-02-16,3801,2017-01-21,2130,1224,SOUTH,6,5,7,3801,0,0,0,,0,3B12E,"EMBARCADERO ST","FOLSOM ST",0.00,,Y,C,-,N,,,,,,,,,,N,3,0,1,2,A,-,10,21950,A,N,G,B,B,B,H,-,C,A,0,Y,,,,Y,,A,01,0,1,0,0,1,0,0,0,0,"- ","- ",,,"SAN FRANCISCO","SAN FRANCISCO",-122.38991618,37.790923139999997
8305348,2017,2017-02-23,3801,2017-01-30,1900,209,NORTH,1,5,7,3801,0,0,0,,0,03E,"OAK ST","WEBSTER ST",0.00,,Y,A,-,N,,,,,,,,,,N,4,0,1,2,A,-,10,21950,A,M,G,B,B,A,H,-,C,A,0,Y,,,,Y,Y,A,01,0,0,1,0,1,0,0,0,0,"- ","- ",,,"SAN FRANCISCO","SAN FRANCISCO",-122.42912999000001,37.774169980000003
8305354,2017,2017-02-15,3801,2017-01-05,0143,000382,NORTH,4,5,7,3801,0,0,0,,0,902,"FRANKLIN ST","EDDY ST",0.00,,Y,C,-,N,,,,,,,,,,N,4,0,1,2,A,-,10,21950,A,N,G,B,B,B,H,-,C,A,0,Y,,,,Y,,A,07,0,0,1,0,1,0,0,0,0,"- ","- ",,,"SAN FRANCISCO","SAN FRANCISCO",-122.42243998000001,37.782669980000001
8305357,2017,2017-02-16,3801,2017-01-07,1912,2737,SOUTH,6,5,7,3801,0,0,0,,0,3B15C,"HARRISON ST","FREMONT ST",160.00,E,N,C,-,N,,,,,,,,,,Y,4,0,2,2,A,-,09,21801,,N,D,C,A,B,H,-,C,A,0,,,,,Y,,A,01,0,0,2,0,0,0,0,0,0,"- ","- ",,,"SAN FRANCISCO","SAN FRANCISCO",-122.39166564999999,37.787098620000002
8305367,2017,2017-02-15,3801,2017-01-20,0130,001499,,5,5,7,3801,0,0,0,,0,,"19TH ST","SHOTWELL ST",0.00,,Y,C,-,N,,,,,,,,,,N,4,0,1,2,A,-,09,21802,B,N,D,G,A,B,H,-,C,A,0,,Y,,,Y,,A,07,0,0,1,0,0,0,1,0,0,"- ","- ",,,"SAN FRANCISCO","SAN FRANCISCO",-122.41589989000001,37.760419939999998
8305369,2017,2017-02-14,3801,2017-01-11,1953,2462,PARK,3,5,7,3801,0,0,0,,0,3F13D,"HAYES ST",MASONIC,0.00,,Y,B,C,N,,,,,,,,,,N,2,0,1,2,D,-,00,,,N,G,B,B,B,H,-,C,A,0,Y,,,,Y,,-,"- ",1,0,0,0,1,0,0,0,0,"- ","- ",,,"SAN FRANCISCO","SAN FRANCISCO",-122.44610987999999,37.773939910000003
8305375,2017,2017-05-31,3801,2017-01-19,1805,242,CENTR,4,5,7,3801,0,0,0,,0,001,"MASON ST","CALIFORNIA ST",104.00,N,N,B,-,N,,,,,,,,,,N,4,0,1,2,A,-,09,21801,A,N,D,C,A,A,-,-,C,D,0,,,,,Y,,A,01,0,0,1,0,0,0,0,0,0,"- ","- ",,,"SAN FRANCISCO","SAN FRANCISCO",-122.41084784,37.792111990000002
8305378,2017,2017-05-31,3801,2017-01-11,1017,1561,MISSI,3,5,7,3801,0,0,0,,0,3D14E,"FOLSOM ST","22ND ST",0.00,,Y,A,-,N,,,,,,,,,,Y,4,0,1,2,A,-,12,21453,A,N,D,C,A,A,H,-,A,A,0,,,,,Y,,-,,0,0,1,0,0,0,0,0,0,"- ","- ",,,"SAN FRANCISCO","SAN FRANCISCO",-122.41438997,37.755719900000003
8305390,2017,2017-02-15,3801,2017-01-11,1551,1316,CENTR,3,5,7,3801,0,0,0,,0,3A40D,"BAY ST","POWELL ST",0.00,,Y,A,-,N,,,,,,,,,,N,4,0,1,2,A,-,10,21950,A,N,G,B,B,A,H,-,A,A,0,Y,,,,Y,,A,01,0,0,1,0,1,0,0,0,0,"- ","- ",,,"SAN FRANCISCO","SAN FRANCISCO",-122.41193995,37.80583996
8292274,2017,2017-04-12,3801,2017-03-15,2132,1480,,3,5,7,3801,0,0,0,,0,3D2E,"GRAND VIEW AV","21ST ST",86.00,N,N,A,-,N,,,,,,,,,,Y,3,0,1,2,A,-,03,22350,,N,B,E,A,A,H,-,C,D,0,,,,,Y,,A,01,0,1,0,0,0,0,0,0,0,"- ","- ",,,"SAN FRANCISCO","SAN FRANCISCO",-122.44036742999999,37.755297370000001
8280074,2016,2017-01-17,3801,2016-12-02,1045,1572,SOUTH,5,5,7,3801,0,0,0,,0,3B4A,"HARRISON ST","10TH ST",0.00,,Y,A,-,N,,,,,,,,,,N,3,0,1,2,A,-,10,21950,A,N,B,B,B,A,H,-,A,A,0,Y,,,,Y,,D,22,0,1,0,0,1,0,0,0,0,"- ","- ",,,"SAN FRANCISCO","SAN FRANCISCO",-122.41124993,37.771599960000003
8205632,2016,2017-01-14,3801,2016-12-08,2115,2711,NORTH,4,5,7,3801,0,0,0,,0,"6 CAR","VAN NESS AV","BROADWAY ST",0.00,,Y,C,-,N,,,,,,,,,,N,2,0,1,2,A,-,10,21950,A,N,G,B,B,B,H,-,C,A,0,Y,,,,Y,,A,01,1,0,0,0,1,0,0,0,0,"- ","- ",,,"SAN FRANCISCO","SAN FRANCISCO",-122.42349987999999,37.79572993
8201108,2017,2017-03-17,3801,2017-02-14,2028,912,BAYVI,2,5,7,3801,0,0,0,,0,3C12D,"BAYSHORE BL","PHELPS ST",0.00,,Y,A,-,N,,,,,,,,,,Y,3,0,1,3,A,-,12,21453,A,F,D,C,A,A,H,-,C,A,0,,,,,Y,,A,07,0,1,0,0,0,0,0,0,0,"- ","- ",,,"SAN FRANCISCO","SAN FRANCISCO",-122.40220069999999,37.727926609999997
8305398,2017,2017-02-15,3801,2017-01-11,1749,397,SOUTH,3,5,7,3801,0,0,0,,0,3B11D,"THE EMBARCADERO","HARRISON ST",0.00,,Y,A,-,N,,,,,,,,,,Y,4,0,2,3,A,-,17,22517,,N,-,C,A,A,-,-,A,A,0,,,Y,,Y,,A,01,0,0,2,0,0,0,0,0,1,"- ","- ",,,"SAN FRANCISCO","SAN FRANCISCO",-122.38860987,37.789499990000003
8305400,2017,2017-02-15,3801,2017-01-05,0719,73,NORTH,4,5,7,3801,0,0,0,,0,3E11A,"VAN NESS AV","HAYES ST",0.00,,Y,A,-,N,,,101,,,,,,,Y,3,0,1,2,A,-,09,21801,A,N,D,C,A,A,H,-,A,A,0,,,,,Y,,A,01,0,1,0,0,0,0,0,0,0,"- ","- ",37.777169999999998,-122.41959,"SAN FRANCISCO","SAN FRANCISCO",-122.41960161,37.777167640000002
8305409,2017,2017-03-02,3801,2017-01-13,2245,2059,"CO D",5,5,7,3801,0,0,0,,0,3D45A,"MISSION ST","VALENCIA ST",0.00,,Y,-,-,N,,,,,,,,,,N,4,0,1,2,A,-,10,21950,A,N,G,B,E,-,-,-,-,-,0,Y,,,,Y,,A,01,0,0,1,0,1,0,0,0,0,"- ","- ",,,"SAN FRANCISCO","SAN FRANCISCO",-122.41986995000001,37.745589930000001
8305410,2017,2017-02-15,3801,2017-01-11,1130,4315,SOUTH,3,5,7,3801,0,0,0,,0,B60,"BRYANT ST","5TH ST",0.00,,Y,A,-,N,,,,,,,,,,N,4,0,1,2,A,-,08,22107,,N,D,C,A,A,H,-,A,A,0,,,,,Y,,A,01,0,0,1,0,0,0,0,0,0,"- ","- ",,,"SAN FRANCISCO","SAN FRANCISCO",-122.40028995999999,37.777799989999998
8305435,2017,2017-02-15,3801,2017-01-01,1751,2369,INGLE,7,5,7,3801,0,0,0,,0,,"SUNNYDALE AV","SANTOS ST",0.00,,Y,A,-,N,,,,,,,,,,Y,4,0,2,2,A,-,03,22350,A,N,A,C,A,A,H,-,B,D,0,,,,,Y,,A,01,0,0,2,0,0,0,0,0,0,"- ","- ",,,"SAN FRANCISCO","SAN FRANCISCO",-122.41825996,37.712329990000001
8305439,2017,2017-02-15,3801,2017-01-02,1016,470,NORTH,1,5,7,3801,0,0,0,,0,3E13A,"OAK ST","STEINER ST",90.00,E,N,A,-,N,,,,,,,,,,Y,4,0,1,5,A,-,04,21703,,N,C,C,A,B,H,-,A,D,0,,,,,Y,,A,01,0,0,1,0,0,0,0,0,0,"- ","- ",,,"SAN FRANCISCO","SAN FRANCISCO",-122.43215264,37.773790089999999
8305445,2017,2017-03-08,3801,2017-01-09,0620,235,NORTH,1,5,7,3801,0,0,0,,0,3E16A,"POST ST","POLK ST",6.00,E,N,A,-,N,,,,,,,,,,N,4,0,1,2,A,-,10,21950,A,N,G,B,B,B,H,-,C,A,0,Y,,,,Y,,A,08,0,0,1,0,1,0,0,0,0,"- ","- ",,,"SAN FRANCISCO","SAN FRANCISCO",-122.41987949999999,37.78683264
8305469,2017,2017-02-21,3801,2017-01-23,1430,004286,RICHM,1,5,7,3801,0,0,0,,0,0G2,"TURK ST","SCOTT ST",0.00,,Y,C,-,N,,,,,,,,,,N,4,0,1,2,A,-,07,21658,A,F,B,C,A,B,H,-,A,D,0,,,,,Y,,A,01,0,0,1,0,0,0,0,0,0,"- ","- ",,,"SAN FRANCISCO","SAN FRANCISCO",-122.43705988000001,37.779859950000002
8305473,2017,2017-03-13,3801,2017-01-06,1813,1996,MISSI,5,5,7,3801,0,0,0,,0,3D16D,"DUBOCE AV","SOUTH VAN NESS",0.00,,Y,B,-,N,,,,,,,,,,Y,4,0,1,2,A,-,12,21453,A,N,B,C,A,A,H,-,C,A,0,,,,,Y,,A,01,0,0,1,0,0,0,0,0,0,"- ","- ",,,"SAN FRANCISCO","SAN FRANCISCO",,
8305482,2017,2017-02-21,3801,2017-01-31,2156,2194,NORTH,2,5,7,3801,0,0,0,,0,3E16E,"FRANKLIN ST","PINE ST",72.00,N,N,A,-,N,,,,,,,,,,N,3,0,1,2,A,-,03,22350,,N,C,C,A,A,H,-,C,D,0,,,Y,,Y,,C,03,0,1,0,0,0,0,0,0,1,"- ","- ",,,"SAN FRANCISCO","SAN FRANCISCO",-122.42381906999999,37.789405350000003
8305485,2017,2017-02-21,3801,2017-01-24,1740,301,CENTR,2,5,7,3801,0,0,0,,0,3A14D,"BAY ST","KEARNY ST",43.00,W,N,A,-,N,,,,,,,,,,N,2,0,1,2,A,-,00,21760,C,F,C,G,A,A,H,-,A,D,0,,Y,,,Y,,A,01,1,0,0,0,0,0,1,0,0,"- ","- ",,,"SAN FRANCISCO","SAN FRANCISCO",-122.40731692999999,37.806420920000001
8305486,2017,2018-07-20,3801,2017-01-27,0600,1123,MISSI,5,5,7,3801,0,0,0,,0,3D15A,"FOLSOM ST","13TH ST",45.00,W,N,A,-,N,,,,,,,,,,Y,4,0,3,3,-,-,"- ",,,N,C,C,A,A,H,-,C,A,0,,,,,Y,,-,"- ",0,0,3,0,0,0,0,0,0,"- ","- ",,,"SAN FRANCISCO","SAN FRANCISCO",-122.41561806,37.7693984
8305488,2017,2017-02-27,3801,2017-01-27,1600,002334,SOUTH,5,5,7,3801,0,0,0,,0,0B4,"11TH ST","HARRISON ST",50.00,S,N,B,-,N,,,,,,,,,,N,4,0,1,2,A,-,11,21955,,N,G,B,D,A,H,-,A,D,0,Y,,,,Y,,N,60,0,0,1,0,1,0,0,0,0,"- ","- ",,,"SAN FRANCISCO","SAN FRANCISCO",-122.41234812,37.770532500000002
8305509,2017,2017-02-21,3801,2017-01-29,2120,213,SOUTH,7,5,7,3801,0,0,0,,0,0B1,"2ND ST","HOWARD ST",0.00,,Y,A,-,N,,,,,,,,,,Y,4,0,1,3,A,-,12,21453,A,N,D,C,A,A,H,-,C,A,0,,,,,Y,,A,01,0,0,1,0,0,0,0,0,0,"- ","- ",,,"SAN FRANCISCO","SAN FRANCISCO",-122.39824992,37.786789939999998
8305512,2017,2017-02-27,3801,2017-01-28,1800,2439,NORTH,6,5,7,3801,0,0,0,,0,3E12D,"FRANKLIN ST",O'FARRELL,0.00,,Y,A,-,N,,,,,,,,,,N,4,0,1,2,A,-,03,22350,A,N,C,C,A,A,H,-,C,A,0,,,Y,,Y,,C,02,0,0,1,0,0,0,0,0,1,"- ","- ",,,"SAN FRANCISCO","SAN FRANCISCO",-122.42282987999999,37.784549980000001
8305520,2017,2017-02-27,3801,2017-01-28,1256,4028,SOUTH,6,5,7,3801,0,0,0,,0,3B15A,"MISSION ST","GRACE ST",62.00,E,N,A,-,N,,,,,,,,,,N,2,0,1,1,D,-,00,,,N,-,I,A,A,H,-,A,D,0,,,,,Y,,-,"- ",1,0,0,0,0,0,0,0,0,"- ","- ",,,"SAN FRANCISCO","SAN FRANCISCO",-122.41533886000001,37.77573091
8305532,2017,2017-02-21,3801,2017-01-28,0015,2288,INGLE,6,5,7,3801,0,0,0,,0,5CAR,"MISSION ST","LOWELL ST",0.00,,Y,A,-,N,,,,,,,,,,N,3,0,1,2,A,-,12,21453,A,F,G,B,B,A,H,-,C,A,0,Y,,,,Y,,A,01,0,1,0,0,1,0,0,0,0,"- ","- ",,,"SAN FRANCISCO","SAN FRANCISCO",-122.44640997,37.711449950000002
8305540,2017,2017-02-21,3801,2017-01-03,1759,484,INGLE,2,5,7,3801,0,0,0,,0,03H,"CONGDON ST","MAYNARD ST",0.00,,Y,B,C,N,,,,,,,,,,N,4,0,1,2,A,-,10,21950,A,N,G,B,B,B,H,-,B,A,0,Y,,,,Y,,A,01,0,0,1,0,1,0,0,0,0,"- ","- ",,,"SAN FRANCISCO","SAN FRANCISCO",-122.42603994,37.729409969999999
8305548,2017,2017-02-21,3801,2017-01-04,1900,000970,SOUTH,3,5,7,3801,0,0,0,,0,04B,"MISSION ST","10TH ST",10.00,W,N,C,-,N,,,,,,,,,,N,4,0,1,2,A,-,10,21950,A,N,G,B,B,B,H,-,C,A,0,Y,,,,Y,,A,01,0,0,1,0,1,0,0,0,0,"- ","- ",,,"SAN FRANCISCO","SAN FRANCISCO",-122.41593438,37.775260500000002
8305551,2017,2017-03-22,3801,2017-01-11,1930,714,BAYVI,3,5,7,3801,0,0,0,,0,3C14E,"MANSELL ST","MCCLAREN PARK",0.00,,-,C,-,N,,,,,,,,,,N,4,0,1,2,A,-,"- ",,,M,G,B,E,B,G,-,D,D,0,Y,,,,Y,,-,"- ",0,0,1,0,1,0,0,0,0,"- ","- ",,,"SAN FRANCISCO","SAN FRANCISCO",,
8305572,2017,2017-02-21,3801,2017-01-26,1250,307,MISSI,4,5,7,3801,0,0,0,,0,3D13C,"BRYANT ST","18TH ST",0.00,,Y,A,-,N,,,,,,,,,,N,4,0,1,2,A,-,12,22450,A,N,D,B,B,A,H,-,A,A,0,Y,,,,Y,,A,01,0,0,1,0,1,0,0,0,0,"- ","- ",,,"SAN FRANCISCO","SAN FRANCISCO",-122.41014989,37.76174992
8305601,2017,2017-06-28,3801,2017-01-07,2355,1364,NORTH,6,5,7,3801,0,0,0,,0,902,"VAN NESS AV","PINE ST",0.00,,Y,C,-,Y,SF,4,101,-,-,5.870,I,5,S,Y,4,0,2,2,A,-,12,21453,A,N,D,C,A,B,H,-,C,A,0,,,,,Y,,A,01,0,0,2,0,0,0,0,0,0,"- ","- ",,,"SAN FRANCISCO","SAN FRANCISCO",-122.42225444,37.789426589999998
8305634,2017,2017-02-15,3801,2017-01-29,1755,2081,BAYVI,7,5,7,3801,0,0,0,,0,BAYVIE,"PHELPS ST","BANCROFT AV",0.00,,Y,A,-,N,,,,,,,,,,Y,4,0,1,2,A,-,09,21804,A,N,D,C,A,A,H,-,C,A,0,,,,,Y,,-,"- ",0,0,1,0,0,0,0,0,0,"- ","- ",,,"SAN FRANCISCO","SAN FRANCISCO",-122.40028995,37.72985989
8305850,2016,2017-02-21,3801,2016-12-25,1400,2723,INGLE,7,5,7,3801,0,0,0,,0,03H,"SUNNYDALE AV","SAWYER ST",0.00,,Y,A,-,N,,,,,,,,,,N,4,0,1,2,A,-,21,22106,,M,C,C,A,A,H,-,A,A,0,,,,,Y,,A,01,0,0,1,0,0,0,0,0,0,"- ","- ",,,"SAN FRANCISCO","SAN FRANCISCO",-122.41509000000001,37.711649970000003
8305917,2016,2017-02-21,3801,2016-12-15,1423,246,BAYVI,4,5,7,3801,0,0,0,,0,3C00,"3RD ST","FAIRFAX AV",0.00,,Y,C,-,N,,,,,,,,,,N,4,0,1,2,A,-,12,21453,A,N,D,C,A,B,H,-,A,A,0,,,,,Y,,A,01,0,0,1,0,0,0,0,0,0,"- ","- ",,,"SAN FRANCISCO","SAN FRANCISCO",-122.38828999,37.741969959999999
8307742,2017,2017-03-22,3801,2017-02-25,1845,1994,CENTR,6,5,7,3801,0,0,0,,0,4B3B,"POST ST","HYDE ST",33.00,W,N,B,-,N,,,,,,,,,,N,4,0,1,2,A,-,03,22350,,N,C,C,A,A,H,-,C,A,0,,,,,Y,,A,01,0,0,1,0,0,0,0,0,0,"- ","- ",37.787280000000003,-122.41656999999999,"SAN FRANCISCO","SAN FRANCISCO",-122.41673242,37.78723394