CASE_ID,ACCIDENT_YEAR,PROC_DATE,JURIS,COLLISION_DATE,COLLISION_TIME,OFFICER_ID,REPORTING_DISTRICT,DAY_OF_WEEK,CHP_SHIFT,POPULATION,CNTY_CITY_LOC,SPECIAL_COND,BEAT_TYPE,CHP_BEAT_TYPE,CITY_DIVISION_LAPD,CHP_BEAT_CLASS,BEAT_NUMBER,PRIMARY_RD,SECONDARY_RD,DISTANCE,DIRECTION,INTERSECTION,WEATHER_1,WEATHER_2,STATE_HWY_IND,CALTRANS_COUNTY,CALTRANS_DISTRICT,STATE_ROUTE,ROUTE_SUFFIX,POSTMILE_PREFIX,POSTMILE,LOCATION_TYPE,RAMP_INTERSECTION,SIDE_OF_HWY,TOW_AWAY,COLLISION_SEVERITY,NUMBER_KILLED,NUMBER_INJURED,PARTY_COUNT,PRIMARY_COLL_FACTOR,PCF_CODE_OF_VIOL,PCF_VIOL_CATEGORY,PCF_VIOLATION,PCF_VIOL_SUBSECTION,HIT_AND_RUN,TYPE_OF_COLLISION,MVIW,PED_ACTION,ROAD_SURFACE,ROAD_COND_1,ROAD_COND_2,LIGHTING,CONTROL_DEVICE,CHP_ROAD_TYPE,PEDESTRIAN_ACCIDENT,BICYCLE_ACCIDENT,MOTORCYCLE_ACCIDENT,TRUCK_ACCIDENT,NOT_PRIVATE_PROPERTY,ALCOHOL_INVOLVED,STWD_VEHTYPE_AT_FAULT,CHP_VEHTYPE_AT_FAULT,COUNT_SEVERE_INJ,COUNT_VISIBLE_INJ,COUNT_COMPLAINT_PAIN,COUNT_PED_KILLED,COUNT_PED_INJURED,COUNT_BICYCLIST_KILLED,COUNT_BICYCLIST_INJURED,COUNT_MC_KILLED,COUNT_MC_INJURED,PRIMARY_RAMP,SECONDARY_RAMP,LATITUDE,LONGITUDE,COUNTY,CITY,POINT_X,POINT_Y
8322284,2016,2017-03-20,3801,2016-10-21,1145,251,INGLE,5,5,7,3801,0,0,0,,0,3H10,"OCEAN AV","HOWTH ST",42.00,W,N,A,-,N,,,,,,,,,,N,4,0,1,2,A,-,03,22350,,N,C,C,A,-,H,-,A,D,0,,,,,Y,,A,01,0,0,1,0,0,0,0,0,0,"- ","- ",,,"SAN FRANCISCO","SAN FRANCISCO",-122.44972525999999,37.72296
8327415,2017,2017-08-02,3801,2017-02-10,1344,1764,TARAV,5,5,7,3801,0,0,0,,0,4B5I,"19TH AV","TARAVAL ST",85.00,N,N,A,-,Y,SF,4,1,-,-,2.520,H,-,N,Y,4,0,1,3,A,-,07,21658,A,N,B,C,A,A,H,-,A,D,0,,,Y,,Y,,C,02,0,0,1,0,0,0,0,0,1,"- ","- ",37.743099999999998,-122.47584999999999,"SAN FRANCISCO","SAN FRANCISCO",-122.47565019,37.74335971
8327419,2017,2017-07-28,3801,2017-02-24,1602,004286,RICHM,5,5,7,3801,0,0,0,,0,0G3,"CLEMENT ST","PARK PRESIDIO BL",0.00,,Y,A,-,Y,SF,4,1,-,-,5.630,I,5,N,N,4,0,1,2,A,-,04,21703,,F,C,C,A,A,H,-,A,A,0,,,,,Y,,A,01,0,0,1,0,0,0,0,0,0,"- ","- ",,,"SAN FRANCISCO","SAN FRANCISCO",-122.47238681,37.782540050000001
8327436,2017,2017-08-02,3801,2017-02-07,1525,4375,TARAV,2,5,7,3801,0,0,0,,0,3I15D,"19TH AV","BANBURY DR",0.00,,Y,A,-,Y,SF,4,1,-,-,0.830,I,5,N,Y,4,0,1,1,A,-,03,22350,,N,D,I,A,B,H,-,-,-,0,,,,,Y,,A,01,0,0,1,0,0,0,0,0,0,"- ","- ",,,"SAN FRANCISCO","SAN FRANCISCO",-122.47465407,37.719465649999997
8327462,2017,2017-03-21,3801,2017-01-30,0915,1939,BAYVI,1,5,7,3801,0,0,0,,0,4B6H,"16TH ST","KANSAS ST",73.00,W,N,A,-,N,,,,,,,,,,N,3,0,1,2,A,-,08,22107,,N,B,G,A,A,H,-,A,D,0,,Y,,,Y,,A,07,0,1,0,0,0,0,1,0,0,"- ","- ",37.765990000000002,-122.40358000000001,"SAN FRANCISCO","SAN FRANCISCO",-122.40388163999999,37.76601239
8333280,2017,2017-06-22,3801,2017-03-28,1450,158,NORTH,2,5,7,3801,0,0,0,,0,3E13C,"VAN NESS AV","SUTTER ST",0.00,,Y,A,-,Y,SF,4,101,-,-,5.740,I,5,N,N,4,0,1,2,A,-,11,21950,B,N,G,B,B,A,H,-,A,A,0,Y,,,,Y,,N,60,0,0,1,0,1,0,0,0,0,"- ","- ",,,"SAN FRANCISCO","SAN FRANCISCO",-122.42167383,37.78759024
8335773,2017,2017-08-31,3801,2017-03-14,1439,2132,MISSI,2,5,7,3801,0,0,0,,0,3D62,"CESAR CHAVEZ ST","ALABAMA ST",0.00,,Y,A,-,N,,,,,,,,,,N,3,0,1,2,A,-,08,22107,,N,B,G,A,-,H,-,A,A,0,,Y,,,Y,,-,,0,1,0,0,0,0,1,0,0,"- ","- ",,,"SAN FRANCISCO","SAN FRANCISCO",-122.41053993,37.748329890000001
8335785,2017,2017-08-31,3801,2017-03-11,1255,2039,RICHM,6,5,7,3801,0,0,0,,0,004,"FULTON ST","27TH AV",0.00,,Y,A,-,N,,,,,,,,,,N,4,0,1,2,A,-,08,22107,,N,D,C,A,A,H,-,A,A,0,,,,,Y,,A,01,0,0,1,0,0,0,0,0,0,"- ","- ",,,"SAN FRANCISCO","SAN FRANCISCO",-122.48632992,37.772469940000001
8335786,2017,2017-11-30,3801,2017-03-31,1530,2300,TENDE,5,5,7,3801,0,0,0,,0,3J11D,"MARKET ST","7TH ST",12.00,E,N,A,-,N,,,,,,,,,,N,3,0,2,2,D,-,00,,,N,B,J,E,A,H,-,A,D,0,Y,,Y,,Y,,-,"- ",0,2,0,0,1,0,0,0,1,"- ","- ",,,"SAN FRANCISCO","SAN FRANCISCO",-122.41248095,37.78050357
8335830,2017,2017-04-20,3801,2017-03-12,2240,2084,,7,5,7,3801,0,0,0,,0,,"SUNNYDALE AV","PERSIA ST",0.00,,Y,-,-,N,,,,,,,,,,N,4,0,1,1,A,-,03,22350,,N,E,I,A,-,-,-,C,-,0,,,,,Y,,A,01,0,0,1,0,0,0,0,0,0,"- ","- ",,,"SAN FRANCISCO","SAN FRANCISCO",-122.42586998,37.718279969999998
8335833,2017,2017-08-28,3801,2017-03-12,2322,1571,MISSI,7,5,7,3801,0,0,0,,0,3D13D,"24TH ST","24TH ST 3807",0.00,,N,A,-,N,,,,,,,,,,N,4,0,1,2,A,-,11,21956,A,N,G,B,E,A,H,-,C,D,0,Y,,,,Y,,N,60,0,0,1,0,1,0,0,0,0,"- ","- ",,,"SAN FRANCISCO","SAN FRANCISCO",-122.42769778,37.751688440000002
8335854,2017,2017-04-13,3801,2017-02-24,1026,2127,SOUTH,5,5,7,3801,0,0,0,,0,4B1A,"HOWARD ST","3RD ST",7.00,W,N,A,-,N,,,,,,,,,,N,4,0,2,3,A,-,10,21950,A,N,G,B,B,A,H,-,A,A,0,Y,,,,Y,,A,07,0,0,2,0,2,0,0,0,0,"- ","- ",,,"SAN FRANCISCO","SAN FRANCISCO",-122.40051751999999,37.784996710000001
8335874,2017,2017-06-19,3801,2017-03-21,1422,773,MISSI,2,5,7,3801,0,0,0,,0,3D11C,"18TH ST","DOLORES ST",0.00,,Y,A,-,N,,,,,,,,,,N,4,0,1,2,A,-,10,21950,A,N,G,B,B,A,H,-,A,A,0,Y,,,,Y,,A,01,0,0,1,0,1,0,0,0,0,"- ","- ",,,"SAN FRANCISCO","SAN FRANCISCO",-122.42615994000001,37.761439930000002
8336884,2017,2017-05-13,3801,2017-04-06,1955,4360,BAYVI,4,5,7,3801,0,0,0,,0,001,"RHODE ISLAND ST","20TH ST",0.00,,Y,C,-,N,,,,,,,,,,N,4,0,1,2,A,-,09,21800,A,N,D,C,A,B,H,-,C,A,0,,,,,Y,,A,07,0,0,1,0,0,0,0,0,0,"- ","- ",,,"SAN FRANCISCO","SAN FRANCISCO",-122.40209987,37.75968992
8336904,2017,2017-05-13,3801,2017-04-01,1420,912,CENTR,6,5,7,3801,0,0,0,,0,3A13B,"BAY ST","MASON ST",0.00,,Y,A,-,N,,,,,,,,,,N,3,0,2,2,A,-,07,21658,A,N,H,A,A,A,H,-,A,A,0,,,Y,,Y,,A,07,0,1,1,0,0,0,0,0,2,"- ","- ",,,"SAN FRANCISCO","SAN FRANCISCO",-122.41358996,37.805629979999999
8336927,2017,2017-05-16,3801,2017-04-28,1615,295,CENTR,5,5,7,3801,0,0,0,,0,002,"BUSH ST","BATTERY ST",0.00,,Y,A,-,N,,,,,,,,,,N,3,0,1,2,A,-,11,21955,,N,G,B,C,A,H,-,A,D,0,Y,,,,Y,,N,60,0,1,0,0,1,0,0,0,0,"- ","- ",,,"SAN FRANCISCO","SAN FRANCISCO",-122.39959986,37.791349879999999
8336939,2017,2017-05-13,3801,2017-04-26,2005,1740,CENTR,3,5,7,3801,0,0,0,,0,3A5D,"SACRAMENTO ST","FRONT ST",0.00,,Y,A,-,N,,,,,,,,,,N,4,0,1,2,A,-,12,21453,A,N,D,C,A,A,H,-,C,A,0,,,,,Y,,A,01,0,0,1,0,0,0,0,0,0,"- ","- ",,,"SAN FRANCISCO","SAN FRANCISCO",-122.39898995999999,37.794329920000003
8340724,2017,2017-06-22,3801,2017-03-23,1415,1682,TARAV,4,5,7,3801,0,0,0,,0,001,"19TH AV","PACHECO ST",104.00,S,N,A,-,Y,SF,4,1,-,-,2.990,H,-,N,Y,3,0,1,2,A,-,07,21658,A,N,A,C,A,A,H,-,A,D,0,,,,,Y,,A,07,0,1,0,0,0,0,0,0,0,"- ","- ",,,"SAN FRANCISCO","SAN FRANCISCO",-122.47612808,37.750347320000003
8340747,2017,2017-05-01,3801,2017-03-04,1434,1655,BAYVI,6,5,7,3801,0,0,0,,0,3C13A,"BAYSHORE BL","OAKDALE AV",112.00,S,N,A,-,N,,,,,,,,,,Y,4,0,1,2,A,-,04,21703,,N,C,C,A,A,H,-,A,A,0,,,,,Y,,A,01,0,0,1,0,0,0,0,0,0,"- ","- ",,,"SAN FRANCISCO","SAN FRANCISCO",-122.40542751,37.742780170000003
8340752,2017,2017-04-17,3801,2017-03-29,1721,642,NORTH,3,5,7,3801,0,0,0,,0,003,"POLK ST","ELLIS ST",25.00,S,N,A,-,N,,,,,,,,,,N,3,0,1,2,A,-,17,22517,,N,H,G,A,A,H,-,A,D,0,,Y,,,Y,,D,22,0,1,0,0,0,0,1,0,0,"- ","- ",,,"SAN FRANCISCO","SAN FRANCISCO",-122.41933726000001,37.783972069999997
8340756,2017,2017-04-14,3801,2017-03-29,1100,2271,INGLE,3,5,7,3801,0,0,0,,0,2CAR,"DIAMOND ST","29TH ST",0.00,,Y,A,-,N,,,,,,,,,,Y,4,0,2,2,A,-,09,21800,C,N,D,C,A,A,H,-,A,A,0,,,,,Y,,D,22,0,0,2,0,0,0,0,0,0,"- ","- ",,,"SAN FRANCISCO","SAN FRANCISCO",-122.43555995,37.743149879999997
8340759,2017,2017-04-21,3801,2017-03-21,1543,709,SOUTH,2,5,7,3801,0,0,0,,0,3B11C,EMBARCADERO,"FOLSOM ST",47.00,N,N,A,-,N,,,,,,,,,,N,4,0,1,2,A,-,11,21956,,N,G,B,E,A,H,-,A,D,0,Y,,,Y,Y,,G,55,0,0,1,0,1,0,0,0,0,"- ","- ",,,"SAN FRANCISCO","SAN FRANCISCO",-122.39003778,37.791070099999999
8340784,2017,2017-05-01,3801,2017-03-18,1355,2245,RICHM,6,5,7,3801,0,0,0,,0,3C11A,"FULTON ST","35TH AV",0.00,,Y,A,-,N,,,,,,,,,,Y,3,0,1,2,A,-,08,22107,,N,D,C,A,A,H,-,A,D,0,,,,,Y,Y,A,01,0,1,0,0,0,0,0,0,0,"- ","- ",,,"SAN FRANCISCO","SAN FRANCISCO",-122.49490985,37.772089919999999
8340796,2017,2017-04-19,3801,2017-03-11,1523,899,MISSI,6,5,7,3801,0,0,0,,0,4B3E,"BRYANT ST","25TH ST",48.00,N,N,A,-,N,,,,,,,,,,Y,4,0,4,7,A,-,03,22350,,N,C,C,A,A,H,-,A,A,0,,,,Y,Y,,A,01,0,0,4,0,0,0,0,0,0,"- ","- ",37.751080000000002,-122.40893,"SAN FRANCISCO","SAN FRANCISCO",-122.40901012,37.751321619999999
8342332,2017,2017-04-13,3801,2017-03-22,1109,750,TENDE,3,5,7,3801,0,0,0,,0,3J14A,"ELLIS ST",TAYLOR,0.00,,Y,A,-,N,,,,,,,,,,N,4,0,1,2,A,-,05,21650,1,N,-,G,A,A,-,-,A,A,0,,Y,,,Y,,L,04,0,0,1,0,0,0,1,0,0,"- ","- ",,,"SAN FRANCISCO","SAN FRANCISCO",-122.41112987,37.785099899999999
8342340,2017,2017-04-28,3801,2017-03-27,1511,A03640,3B5C,1,5,7,3801,0,0,0,,0,00B,"MISSION ST","9TH ST",64.00,E,N,A,-,N,,,,,,,,,,N,4,0,1,2,A,-,17,22517,,N,B,C,A,A,H,-,A,D,0,,,,,Y,,A,01,0,0,1,0,0,0,0,0,0,"- ","- ",,,"SAN FRANCISCO","SAN FRANCISCO",-122.41456399,37.776364809999997
8342552,2017,2017-04-24,3801,2017-03-03,0703,2039,RICHM,5,5,7,3801,0,0,0,,0,003,"BALBOA ST","14TH AV",0.00,,Y,A,-,N,,,,,,,,,,N,4,0,1,2,A,-,08,22107,,N,D,C,A,A,H,-,A,A,0,,,,,Y,,A,01,0,0,1,0,0,0,0,0,0,"- ","- ",,,"SAN FRANCISCO","SAN FRANCISCO",-122.4725899,37.776839940000002
8342756,2017,2017-04-12,3801,2017-03-27,1523,002101,,1,5,7,3801,0,0,0,,0,CO1,"12TH AV","KIRKHAM ST",0.00,,Y,A,-,N,,,,,,,,,,N,3,0,1,2,A,-,11,21954,A,N,G,B,E,A,H,-,A,A,0,Y,,,,Y,,N,60,0,1,0,0,1,0,0,0,0,"- ","- ",,,"SAN FRANCISCO","SAN FRANCISCO",-122.46926999999999,37.760159909999999
8342809,2017,2017-04-11,3801,2017-03-29,1807,380,CENTR,3,5,7,3801,0,0,0,,0,"5 CAR","DRUMM ST","CLAY ST",126.00,N,N,A,-,N,,,,,,,,,,Y,4,0,1,4,B,-,22,,,N,B,D,A,A,H,-,A,D,0,,,Y,,Y,,A,01,0,0,1,0,0,0,0,0,1,"- ","- ",,,"SAN FRANCISCO","SAN FRANCISCO",-122.39684826,37.79580052
8342983,2017,2017-04-11,3801,2017-03-31,0156,1368,CENTR,5,5,7,3801,0,0,0,,0,3A11E,"LARKIN ST","BUSH ST",0.00,,Y,A,-,N,,,,,,,,,,Y,2,0,1,2,A,-,12,21453,A,N,-,C,A,A,H,-,C,A,0,,,Y,,Y,,C,02,1,0,0,0,0,0,0,0,1,"- ","- ",,,"SAN FRANCISCO","SAN FRANCISCO",-122.41866992999999,37.788899950000001
8343003,2017,2017-04-12,3801,2017-03-29,1605,2310,NORTH,3,5,7,3801,0,0,0,,0,3E41C,"FELL ST","SCOTT ST",0.00,,Y,A,-,N,,,,,,,,,,N,4,0,1,2,A,-,12,21453,A,N,D,G,A,A,H,-,A,A,0,,Y,,,Y,,L,04,0,0,1,0,0,0,1,0,0,"- ","- ",,,"SAN FRANCISCO","SAN FRANCISCO",-122.43593987,37.774269930000003
8343020,2017,2017-04-26,3801,2017-03-26,1932,499,INGLE,7,5,7,3801,0,0,0,,0,3H12D,"PORTOLA DR","CLIPPER ST",0.00,,Y,C,-,N,,,,,,,,,,N,4,0,1,2,A,-,08,22107,,N,D,C,A,B,H,-,B,A,0,,,,,Y,,A,01,0,0,1,0,0,0,0,0,0,"- ","- ",,,"SAN FRANCISCO","SAN FRANCISCO",-122.44483992000001,37.746939980000001
8343028,2017,2017-04-13,3801,2017-03-25,1845,2093,TARAV,6,5,7,3801,0,0,0,,0,3I5D,"KIRKHAM ST","27TH AV",0.00,,Y,A,-,N,,,,,,,,,,Y,3,0,2,3,A,-,09,21800,E,N,D,C,A,A,H,-,B,A,0,,,,,Y,,A,01,0,1,1,0,0,0,0,0,0,"- ","- ",,,"SAN FRANCISCO","SAN FRANCISCO",-122.48542986,37.759459960000001
8343032,2017,2017-04-12,3801,2017-03-25,1404,1994,SOUTH,6,5,7,3801,0,0,0,,0,4B7E,"9TH ST","TREASURE ISLAND",0.00,,Y,A,-,N,,,,,,,,,,N,4,0,1,2,A,-,05,21650,,F,A,G,A,A,H,-,A,A,0,,Y,,,Y,,L,04,0,0,1,0,0,0,1,0,0,"- ","- ",,,"SAN FRANCISCO","SAN FRANCISCO",,
8343041,2017,2017-04-11,3801,2017-03-23,0811,616,MISSI,4,5,7,3801,0,0,0,,0,901,"24TH ST","FOLSOM ST",0.00,,Y,A,-,N,,,,,,,,,,N,3,0,1,2,A,-,08,22102,,F,B,G,A,A,H,-,A,A,0,,Y,,,Y,,A,01,0,1,0,0,0,0,1,0,0,"- ","- ",,,"SAN FRANCISCO","SAN FRANCISCO",-122.41408991,37.7525099
8343055,2017,2017-04-12,3801,2017-03-15,1751,293,CENTR,3,5,7,3801,0,0,0,,0,3A13D,"HYDE ST","BAY ST",70.00,S,N,A,-,N,,,,,,,,,,Y,4,0,1,3,A,-,02,22400,A,N,C,F,A,A,H,-,A,D,0,,,,,Y,,A,01,0,0,1,0,0,0,0,0,0,"- ","- ",,,"SAN FRANCISCO","SAN FRANCISCO",-122.42012477,37.80459974
8343065,2017,2017-04-26,3801,2017-03-24,2025,536,CENTR,5,5,7,3801,0,0,0,,0,0A3,"LEAVENWORTH ST","SUTTER ST",0.00,,-,C,-,N,,,,,,,,,,N,4,0,1,2,A,-,10,21950,A,M,D,B,B,B,H,-,C,A,0,Y,,,,Y,,-,,0,0,1,0,1,0,0,0,0,"- ","- ",,,"SAN FRANCISCO","SAN FRANCISCO",-122.41517995,37.788379929999998
8343072,2017,2017-04-13,3801,2017-03-14,1759,642,NORTH,2,5,7,3801,0,0,0,,0,001,"STEINER ST","GEARY BL",70.00,S,N,A,-,N,,,,,,,,,,N,3,0,1,2,A,-,17,22517,,N,H,G,A,A,H,-,A,D,0,,Y,,,Y,,A,01,0,1,0,0,0,0,1,0,0,"- ","- ",,,"SAN FRANCISCO","SAN FRANCISCO",-122.43454158,37.784130169999997
8343073,2017,2017-04-11,3801,2017-03-22,1942,2017,RICHM,3,5,7,3801,0,0,0,,0,3G14D,"CLEMENT ST","33RD AV",200.00,W,N,A,-,N,,,,,,,,,,N,4,0,1,2,A,-,03,22350,,N,G,G,A,A,-,-,A,A,0,,Y,,,Y,,A,01,0,0,1,0,0,0,1,0,0,"- ","- ",,,"SAN FRANCISCO","SAN FRANCISCO",-122.49412149,37.78158415
8343079,2017,2017-04-12,3801,2017-03-14,0800,A02209,INGLE,2,5,7,3801,0,0,0,,0,03H,"RICHLAND AV","MISSION ST",172.00,W,N,A,-,N,,,,,,,,,,N,3,0,1,2,A,-,11,21955,,N,G,B,D,A,H,-,A,D,0,Y,,Y,,Y,,N,60,0,1,0,0,1,0,0,0,0,"- ","- ",,,"SAN FRANCISCO","SAN FRANCISCO",-122.42507992,37.73600132
8343081,2017,2017-04-11,3801,2017-03-22,1630,A21376,BAYVI,3,5,7,3801,0,0,0,,0,004,"SILVER AV","GOETTINGEN ST",10.00,W,N,A,-,N,,,,,,,,,,N,3,0,1,2,A,-,10,21950,A,N,A,B,B,A,H,-,A,A,0,Y,,,,Y,,A,01,0,1,0,0,1,0,0,0,0,"- ","- ",,,"SAN FRANCISCO","SAN FRANCISCO",-122.40856225,37.731540080000002
8343082,2017,2017-04-27,3801,2017-03-19,0237,2028,CENTR,7,5,7,3801,0,0,0,,0,3A2E,"POST ST","KEARRY ST",0.00,,Y,B,-,N,,,,,,,,,,Y,3,0,3,2,A,-,12,21453,A,N,D,C,A,A,H,-,C,A,0,,,,,Y,,A,01,0,1,2,0,0,0,0,0,0,"- ","- ",,,"SAN FRANCISCO","SAN FRANCISCO",-122.40365998,37.788899929999999
8343087,2017,2017-04-12,3801,2017-03-15,0152,001478,,3,5,7,3801,0,0,0,,0,004,"DIVISADERO ST","SUTTER ST",0.00,,Y,A,-,N,,,,,,,,,,Y,3,0,1,3,A,-,01,23153,B,N,C,E,A,A,H,-,C,A,0,,,,,Y,Y,A,01,0,1,0,0,0,0,0,0,0,"- ","- ",,,"SAN FRANCISCO","SAN FRANCISCO",-122.43985997,37.785249929999999
8343089,2017,2017-04-11,3801,2017-03-22,2043,1240,,3,5,7,3801,0,0,0,,0,3D13D,"FOLSOM ST","20TH ST",156.00,S,N,A,-,N,,,,,,,,,,N,4,0,1,2,A,-,07,21658,A,N,C,G,A,A,H,-,C,A,0,,Y,,,Y,,L,04,0,0,1,0,0,0,1,0,0,"- ","- ",,,"SAN FRANCISCO","SAN FRANCISCO",-122.41463689,37.758462809999997
8343100,2017,2017-04-14,3801,2017-03-13,2236,2234,CENTR,1,5,7,3801,0,0,0,,0,A13E,"WAYNE PL","PACIFIC AV",42.00,N,N,A,-,N,,,,,,,,,,,2,0,1,2,A,-,03,22350,,F,H,B,E,A,H,-,C,D,0,Y,,,,Y,,A,01,1,0,0,0,1,0,0,0,0,"- ","- ",,,"SAN FRANCISCO","SAN FRANCISCO",-122.41091193,37.796524060000003
8343105,2017,2017-04-11,3801,2017-03-21,0737,540,TENDE,2,5,7,3801,0,0,0,,0,3J13A,"OFARRELL ST","JONES ST",0.00,,Y,C,G,N,,,,,,,,,,N,4,0,2,2,A,-,12,21453,A,N,D,C,A,B,H,-,A,A,0,,,,,Y,,A,01,0,0,2,0,0,0,0,0,0,"- ","- ",,,"SAN FRANCISCO","SAN FRANCISCO",-122.41296991,37.785799969999999
8343109,2017,2017-04-11,3801,2017-03-21,0903,1273,CENTR,2,5,7,3801,0,0,0,,0,,"JONES ST","GEARY ST",0.00,,Y,C,-,N,,,,,,,,,,N,4,0,1,2,A,-,04,21703,,N,C,C,A,B,H,-,A,A,0,,,,,Y,,A,01,0,0,1,0,0,0,0,0,0,"- ","- ",,,"SAN FRANCISCO","SAN FRANCISCO",-122.41314992,37.786749970000002
8343122,2017,2017-04-13,3801,2017-03-06,2224,877,BAYVI,1,5,7,3801,0,0,0,,0,3C12E,"EVANS AV","PHELPS ST",0.00,,Y,-,-,N,,,,,,,,,,Y,4,0,2,2,A,-,12,21453,A,F,D,C,A,A,H,-,C,A,0,,,,,Y,,A,01,0,0,2,0,0,0,0,0,0,"- ","- ",,,"SAN FRANCISCO","SAN FRANCISCO",-122.38844994,37.742979920000003
8343127,2017,2017-04-13,3801,2017-03-03,2049,724,MISSI,5,5,7,3801,0,0,0,,0,3D13D,"DOLORES ST","25TH ST",0.00,,Y,A,-,N,,,,,,,,,,Y,4,0,1,2,A,-,09,21802,A,N,D,C,A,A,H,-,C,A,0,,,,,Y,Y,A,01,0,0,1,0,0,0,0,0,0,"- ","- ",,,"SAN FRANCISCO","SAN FRANCISCO",-122.42506997,37.750239989999997
8343141,2017,2017-04-13,3801,2017-03-10,1620,545,NORTH,5,5,7,3801,0,0,0,,0,3E13D,"FRANKLIN ST","GEARY BL",10.00,S,N,A,-,N,,,,,,,,,,Y,4,0,1,1,C,-,18,,,N,H,J,A,A,H,-,A,A,0,,,Y,,Y,,-,"- ",0,0,1,0,0,0,0,0,1,"- ","- ",,,"SAN FRANCISCO","SAN FRANCISCO",-122.42301424,37.785452909999997
8343146,2017,2017-04-13,3801,2017-03-07,2125,1295,TARAV,2,5,7,3801,0,0,0,,0,3I13E,"46TH AV","MORAGA ST",150.00,N,N,A,-,N,,,,,,,,,,N,4,0,1,2,A,-,11,21954,A,N,G,B,D,A,H,-,C,D,0,Y,Y,,,Y,,N,60,0,0,1,0,1,0,0,0,0,"- ","- ",,,"SAN FRANCISCO","SAN FRANCISCO",-122.50557627000001,37.755221550000002
8343149,2017,2017-04-12,3801,2017-03-11,1445,2105,RICHM,6,5,7,3801,0,0,0,,0,3G12C,"ARGUELLO BL","TURK ST",0.00,,Y,A,-,N,,,,,,,,,,N,2,0,1,2,A,-,10,21950,A,N,G,B,B,A,H,-,A,A,0,Y,,,,Y,,A,01,1,0,0,0,1,0,0,0,0,"- ","- ",,,"SAN FRANCISCO","SAN FRANCISCO",-122.45858998,37.777249949999998
8343159,2017,2017-04-13,3801,2017-03-02,1708,268,INGLE,4,5,7,3801,0,0,0,,0,3H15D,"ALEMANY BL","OCEAN AV",0.00,,Y,A,-,N,,,,,,,,,,Y,4,0,2,3,A,-,08,22107,,N,H,C,A,A,H,-,A,A,0,,,,,Y,,A,01,0,0,2,0,0,0,0,0,0,"- ","- ",,,"SAN FRANCISCO","SAN FRANCISCO",-122.43754,37.723699930000002
8343175,2017,2017-04-13,3801,2017-03-03,0815,240,SOUTH,5,5,7,3801,0,0,0,,0,901,"HARRISON ST","MERLIN ST",0.00,,Y,A,-,N,,,,,,,,,,N,3,0,1,2,D,-,00,,,F,D,B,B,A,H,-,A,D,0,Y,Y,,,Y,,-,"- ",0,1,0,0,1,0,0,0,0,"- ","- ",,,"SAN FRANCISCO","SAN FRANCISCO",-122.40238988999999,37.778609889999998
8343194,2017,2017-04-14,3801,2017-03-04,0045,1445,NORTH,6,5,7,3801,0,0,0,,0,3E61,"GEARY ST","LAGUNA ST",0.00,,Y,A,-,N,,,,,,,,,,N,4,0,1,2,A,-,08,22101,D,F,D,C,A,A,H,-,C,A,0,,,,,Y,,-,99,0,0,1,0,0,0,0,0,0,"- ","- ",,,"SAN FRANCISCO","SAN FRANCISCO",-122.42799999,37.785039920000003
8343198,2017,2017-04-14,3801,2017-03-04,1200,204,MISSI,6,5,7,3801,0,0,0,,0,3D12A,"CLAYTON ST","MARKET ST",0.00,,Y,A,-,N,,,,,,,,,,N,3,0,1,2,A,-,04,21703,,F,C,C,A,A,H,-,A,-,0,,,,,Y,,-,99,0,1,0,0,0,0,0,0,0,"- ","- ",,,"SAN FRANCISCO","SAN FRANCISCO",-122.44371986,37.758149940000003
8344536,2017,2017-04-18,3801,2017-03-12,0005,1177,COG,7,5,7,3801,0,0,0,,0,3G12E,"PINE ST","DIVISADERO ST",252.00,W,N,A,-,N,,,,,,,,,,Y,4,0,3,1,A,-,01,23152,A,N,E,I,A,A,H,-,C,D,0,,,,,Y,Y,A,01,0,0,3,0,0,0,0,0,0,"- ","- ",,,"SAN FRANCISCO","SAN FRANCISCO",-122.44110067,37.787007299999999
8352643,2017,2017-06-01,3801,2017-04-25,2305,425,SOUTH,2,5,7,3801,0,0,0,,0,3J1E,"MARKET ST","HYDE ST",212.00,E,N,A,-,N,,,,,,,,,,N,4,0,1,2,A,I,"- ",,,N,A,G,A,A,H,-,C,D,0,,Y,,,Y,,L,04,0,0,1,0,0,0,1,0,0,"- ","- ",,,"SAN FRANCISCO","SAN FRANCISCO",-122.41423405,37.779116100000003
8352663,2017,2017-05-31,3801,2017-04-07,1450,637,"CO H",5,5,7,3801,0,0,0,,0,3H13C,"VALENCIA ST","MISSION ST",16.00,W,N,A,-,N,,,,,,,,,,Y,3,0,3,2,A,-,03,22350,,F,D,C,A,A,H,-,A,A,0,,,,,Y,,A,01,0,1,2,0,0,0,0,0,0,"- ","- ",,,"SAN FRANCISCO","SAN FRANCISCO",-122.41991185000001,37.74561877
8352667,2017,2017-06-01,3801,2017-04-23,2200,2132,MISSI,7,5,7,3801,0,0,0,,0,3D62,"14TH ST","GUERRERO ST",0.00,,Y,A,-,N,,,,,,,,,,N,3,0,1,2,A,-,09,21806,A,N,H,J,A,A,H,-,C,A,0,,,,,Y,,-,,0,1,0,0,0,0,0,0,0,"- ","- ",,,"SAN FRANCISCO","SAN FRANCISCO",-122.42440985,37.768019940000002
8352669,2017,2017-06-01,3801,2017-03-30,1425,13,RICHM,4,5,7,3801,0,0,0,,0,4B7G,"SAN JOSE AV","SAGAMORE ST",0.00,,Y,A,-,N,,,,,,,,,,N,4,0,1,2,A,-,09,21453,C,N,D,C,A,A,H,-,A,A,0,,,,,Y,,A,01,0,0,1,0,0,0,0,0,0,"- ","- ",37.711570000000002,-122.4554,"SAN FRANCISCO","SAN FRANCISCO",-122.45581994,37.711239980000002