CASE_ID,ACCIDENT_YEAR,PROC_DATE,JURIS,COLLISION_DATE,COLLISION_TIME,OFFICER_ID,REPORTING_DISTRICT,DAY_OF_WEEK,CHP_SHIFT,POPULATION,CNTY_CITY_LOC,SPECIAL_COND,BEAT_TYPE,CHP_BEAT_TYPE,CITY_DIVISION_LAPD,CHP_BEAT_CLASS,BEAT_NUMBER,PRIMARY_RD,SECONDARY_RD,DISTANCE,DIRECTION,INTERSECTION,WEATHER_1,WEATHER_2,STATE_HWY_IND,CALTRANS_COUNTY,CALTRANS_DISTRICT,STATE_ROUTE,ROUTE_SUFFIX,POSTMILE_PREFIX,POSTMILE,LOCATION_TYPE,RAMP_INTERSECTION,SIDE_OF_HWY,TOW_AWAY,COLLISION_SEVERITY,NUMBER_KILLED,NUMBER_INJURED,PARTY_COUNT,PRIMARY_COLL_FACTOR,PCF_CODE_OF_VIOL,PCF_VIOL_CATEGORY,PCF_VIOLATION,PCF_VIOL_SUBSECTION,HIT_AND_RUN,TYPE_OF_COLLISION,MVIW,PED_ACTION,ROAD_SURFACE,ROAD_COND_1,ROAD_COND_2,LIGHTING,CONTROL_DEVICE,CHP_ROAD_TYPE,PEDESTRIAN_ACCIDENT,BICYCLE_ACCIDENT,MOTORCYCLE_ACCIDENT,TRUCK_ACCIDENT,NOT_PRIVATE_PROPERTY,ALCOHOL_INVOLVED,STWD_VEHTYPE_AT_FAULT,CHP_VEHTYPE_AT_FAULT,COUNT_SEVERE_INJ,COUNT_VISIBLE_INJ,COUNT_COMPLAINT_PAIN,COUNT_PED_KILLED,COUNT_PED_INJURED,COUNT_BICYCLIST_KILLED,COUNT_BICYCLIST_INJURED,COUNT_MC_KILLED,COUNT_MC_INJURED,PRIMARY_RAMP,SECONDARY_RAMP,LATITUDE,LONGITUDE,COUNTY,CITY,POINT_X,POINT_Y
8359448,2017,2017-05-11,3801,2017-04-09,1130,1917,TARAV,7,5,7,3801,0,0,0,,0,3I16A,"SANTA CRUZ AV","DE LONG ST",21.00,E,N,A,-,N,,,,,,,,,,Y,4,0,1,3,A,-,08,22107,,N,B,C,A,A,E,-,A,D,0,,,,,Y,,A,01,0,0,1,0,0,0,0,0,0,"- ","- ",,,"SAN FRANCISCO","SAN FRANCISCO",-122.46554,37.709440000000001
8359460,2017,2017-05-12,3801,2017-04-19,2139,2287,,3,5,7,3801,0,0,0,,0,3E60,"GOUGH ST","HAIGHT ST",0.00,,Y,B,-,N,,,,,,,,,,N,2,0,1,2,A,-,12,21453,A,N,D,G,A,A,H,-,C,A,0,,Y,,,Y,,L,04,1,0,0,0,0,0,1,0,0,"- ","- ",,,"SAN FRANCISCO","SAN FRANCISCO",-122.42219986000001,37.77315995
8360012,2017,2017-05-11,3801,2017-04-12,2220,A22051,BAYVI,3,5,7,3801,0,0,0,,0,3C14E,"SAN BRUNO AV","SILVER AV",0.00,,Y,C,-,N,,,,,,,,,,N,4,0,1,2,A,-,10,21950,A,N,G,B,B,B,H,-,C,A,0,Y,,,,Y,,D,22,0,0,1,0,1,0,0,0,0,"- ","- ",,,"SAN FRANCISCO","SAN FRANCISCO",-122.40561992000001,37.73244991
8360076,2017,2018-04-18,3801,2017-04-26,1525,484,TARAV,3,5,7,3801,0,0,0,,0,3I16B,"RT 280","GENEVA AV",18.00,N,N,B,-,Y,SF,4,280,-,R,1.834,R,4,S,Y,4,0,1,2,A,-,03,22350,,N,C,C,A,B,H,-,A,A,0,,,,Y,Y,,F,55,0,0,1,0,0,0,0,0,0,SF,"- ",,,"SAN FRANCISCO","SAN FRANCISCO",-122.44757899,37.723883690000001
8360088,2017,2017-05-11,3801,2017-04-20,1238,891,D,4,5,7,3801,0,0,0,,0,3D11C,"14TH ST","ROSEMONT PL",68.00,W,N,A,-,N,,,,,,,,,,N,3,0,1,2,A,-,07,21658,A,N,B,C,A,A,H,-,A,D,0,,,Y,,Y,,A,01,0,1,0,0,0,0,0,0,1,"- ","- ",,,"SAN FRANCISCO","SAN FRANCISCO",-122.42577491999999,37.767929019999997
8360096,2017,2017-05-18,3801,2017-04-20,1805,A21369,SOUTH,4,5,7,3801,0,0,0,,0,0B4,"HOWARD ST","DORE ST",0.00,,Y,A,-,N,,,,,,,,,,Y,2,0,2,2,A,-,09,21801,A,N,D,C,A,A,H,-,A,D,0,,,Y,,Y,,A,01,1,0,1,0,0,0,0,0,1,"- ","- ",,,"SAN FRANCISCO","SAN FRANCISCO",-122.41377991,37.774519910000002
8360100,2017,2017-05-11,3801,2017-04-20,1816,1340,RICHM,4,5,7,3801,0,0,0,,0,3G2D,"JACKSON ST","SPRUCE ST",120.00,E,N,B,-,N,,,,,,,,,,N,3,0,2,2,A,-,21,22106,,N,D,C,A,A,H,-,A,D,0,,,,,Y,,A,01,0,1,1,0,0,0,0,0,0,"- ","- ",,,"SAN FRANCISCO","SAN FRANCISCO",-122.45370990000001,37.790032510000003
8360102,2017,2017-05-11,3801,2017-03-17,1841,1312,MISSI,5,5,7,3801,0,0,0,,0,901,"FOLSOM ST","23RD ST",0.00,,Y,A,-,N,,,,,,,,,,Y,4,0,1,2,A,-,01,23152,A,M,D,C,A,A,H,-,A,A,0,,,Y,,Y,Y,A,01,0,0,1,0,0,0,0,0,0,"- ","- ",,,"SAN FRANCISCO","SAN FRANCISCO",-122.41424992,37.754119920000001
8360116,2017,2017-05-18,3801,2017-04-21,1436,329,NORTH,5,5,7,3801,0,0,0,,0,3E14C,"PINE ST","LAGUNA ST",0.00,,Y,A,-,N,,,,,,,,,,Y,4,0,3,2,A,-,09,21800,D,N,D,C,A,A,G,-,A,B,0,,,,,Y,,-,"- ",0,0,3,0,0,0,0,0,0,"- ","- ",,,"SAN FRANCISCO","SAN FRANCISCO",-122.42870999,37.788579929999997
8360132,2017,2017-05-26,3801,2017-04-21,1645,4253,INGLE,5,5,7,3801,0,0,0,,0,,"MISSION ST","ONONDAGA AV",9.00,N,N,A,-,N,,,,,,,,,,,3,0,1,2,A,-,08,22107,,N,B,C,A,A,H,-,A,D,0,,,Y,,Y,,A,01,0,1,0,0,0,0,0,0,1,"- ","- ",,,"SAN FRANCISCO","SAN FRANCISCO",-122.43748388,37.721171150000004
8360136,2017,2017-05-11,3801,2017-04-21,2307,A21777,RICHM,5,5,7,3801,0,0,0,,0,3G15E,"POINT LOBOS AV","EL CAMINO DEL MAR",168.00,W,N,A,-,N,,,,,,,,,,Y,4,0,2,2,A,-,04,21703,,N,C,C,A,A,H,-,C,D,0,,,,,Y,,A,01,0,0,2,0,0,0,0,0,0,"- ","- ",,,"SAN FRANCISCO","SAN FRANCISCO",-122.51001998,37.779826999999997
8360161,2017,2017-05-10,3801,2017-04-08,2310,1695,NORTH,6,5,7,3801,0,0,0,,0,3E12E,"GOLDEN GATE AV","WEBSTER ST",0.00,,Y,A,-,N,,,,,,,,,,N,4,0,1,2,A,-,05,21650,1,N,A,G,A,A,H,-,C,A,0,,Y,,,Y,,L,04,0,0,1,0,0,0,1,0,0,"- ","- ",,,"SAN FRANCISCO","SAN FRANCISCO",-122.43029989999999,37.779759949999999
8360162,2017,2017-06-17,3801,2017-04-17,1836,1014,,1,5,7,3801,0,0,0,,0,3A15D,"BAY ST","LEAVENWORTH ST",140.00,E,N,B,-,N,,,,,,,,,,Y,4,0,1,2,A,-,03,22350,,N,C,D,-,B,H,-,A,D,0,Y,,,,Y,,A,01,0,0,1,0,1,0,0,0,0,"- ","- ",,,"SAN FRANCISCO","SAN FRANCISCO",-122.41808041,37.80508588
8360165,2017,2017-05-10,3801,2017-04-20,1225,2415,TARAV,4,5,7,3801,0,0,0,,0,3I15A,"20TH AV","BUCKINGHAM WY",0.00,,Y,A,-,N,,,,,,,,,,N,4,0,1,2,A,-,10,21950,A,N,G,B,B,A,H,-,A,A,0,Y,,,,Y,,A,01,0,0,1,0,1,0,0,0,0,"- ","- ",,,"SAN FRANCISCO","SAN FRANCISCO",-122.47597987,37.730089960000001
8360173,2017,2017-05-10,3801,2017-04-21,1615,1836,TARAV,5,5,7,3801,0,0,0,,0,3I3D,"GREAT HWY","SLOAT BL",25.00,S,N,A,-,N,,,,,,,,,,Y,4,0,1,2,A,-,07,21658,A,N,D,C,A,A,H,-,A,A,0,,,Y,,Y,,A,01,0,0,1,0,0,0,0,0,1,"- ","- ",,,"SAN FRANCISCO","SAN FRANCISCO",-122.50682,37.735481319999998
8360221,2017,2017-05-11,3801,2017-04-05,1305,A09165,INGLE,3,5,7,3801,0,0,0,,0,3H15C,"ALEMANY BL","OTTAWA AV",0.00,,Y,A,-,N,,,,,,,,,,Y,4,0,2,3,A,-,12,21453,A,N,D,C,A,A,H,-,A,A,0,,,,,Y,,A,01,0,0,2,0,0,0,0,0,0,"- ","- ",,,"SAN FRANCISCO","SAN FRANCISCO",-122.44587989,37.715329930000003
8360222,2017,2017-05-11,3801,2017-04-12,1130,764,,3,5,7,3801,0,0,0,,0,3H16A,"HIGHLAND AV","MISSION ST",28.00,E,N,A,-,N,,,,,,,,,,Y,4,0,1,5,A,-,21,22106,,N,B,E,A,A,H,-,A,A,0,,,,,Y,,A,01,0,0,1,0,0,0,0,0,0,"- ","- ",,,"SAN FRANCISCO","SAN FRANCISCO",-122.42394573,37.737377680000002
8360224,2017,2017-05-11,3801,2017-04-04,1607,256,TARAV,2,5,7,3801,0,0,0,,0,4B8I,"SKYLINE BL","HARDING RD",0.00,,Y,A,-,N,,,,,,,,,,Y,3,0,1,2,A,-,09,21801,A,N,D,C,A,A,H,-,A,D,0,,,Y,,Y,,A,01,0,1,0,0,0,0,0,0,1,"- ","- ",37.265949999999997,-122.50282,"SAN FRANCISCO","SAN FRANCISCO",-122.50252994,37.72661995
8360228,2017,2017-05-17,3801,2017-04-18,0945,2404,MISSI,2,5,7,3801,0,0,0,,0,,"FOLSOM ST","24TH ST",100.00,S,N,B,-,N,,,,,,,,,,N,4,0,2,2,A,-,00,5201,A,N,C,C,A,B,H,-,A,A,0,,,,,Y,,-,,0,0,2,0,0,0,0,0,0,"- ","- ",,,"SAN FRANCISCO","SAN FRANCISCO",-122.41406416,37.75223605
8360238,2017,2017-05-11,3801,2017-04-19,0915,2245,,3,5,7,3801,0,0,0,,0,3G15A,"GEARY BL","17TH AV",20.00,E,N,A,-,N,,,,,,,,,,N,3,0,1,3,A,-,03,22350,,N,D,C,A,A,H,-,A,D,0,,,Y,,Y,,C,02,0,1,0,0,0,0,0,0,1,"- ","- ",,,"SAN FRANCISCO","SAN FRANCISCO",-122.47610090000001,37.780533259999999
8360351,2017,2017-05-15,3801,2017-04-06,2023,A20979,SOUTH,4,5,7,3801,0,0,0,,0,3B13D,"BRYANT ST","8TH ST",25.00,W,N,C,-,N,,,,,,,,,,N,4,0,1,2,A,-,11,21955,,N,G,B,D,B,H,-,C,A,0,Y,,,,Y,,N,60,0,0,1,0,1,0,0,0,0,"- ","- ",,,"SAN FRANCISCO","SAN FRANCISCO",-122.40704139,37.7724616
8360362,2017,2017-05-15,3801,2017-04-03,1650,1374,TARAV,1,5,7,3801,0,0,0,,0,3115D,"PORTOLA DR","SAN PABLO AV",12.00,N,N,A,-,N,,,,,,,,,,Y,3,0,2,2,A,-,03,22350,,N,C,C,A,A,H,-,A,D,0,,,,,Y,,-,"- ",0,1,1,0,0,0,0,0,0,"- ","- ",,,"SAN FRANCISCO","SAN FRANCISCO",-122.46106878000001,37.740353919999997
8360364,2017,2017-06-09,3801,2017-04-01,0030,564,BAYVI,6,5,7,3801,0,0,0,,0,3C12E,"ARMSTRONG AV","3RD ST",0.00,,Y,A,-,N,,,,,,,,,,Y,4,0,1,2,A,-,12,21453,A,N,D,C,A,A,H,-,C,A,0,,,,,Y,,A,01,0,0,1,0,0,0,0,0,0,"- ","- ",,,"SAN FRANCISCO","SAN FRANCISCO",-122.39366990000001,37.727039990000002
8360368,2017,2017-05-15,3801,2017-04-03,2028,1870,,1,5,7,3801,0,0,0,,0,,"3RD ST","NEWCOMB AV",0.00,,Y,F,-,N,,,,,,,,,,,4,0,1,2,A,-,21,22106,,F,H,C,A,A,G,-,B,D,0,,,Y,,Y,,A,01,0,0,1,0,0,0,0,0,1,"- ","- ",,,"SAN FRANCISCO","SAN FRANCISCO",-122.39048999000001,37.735629959999997
8360383,2017,2017-05-15,3801,2017-04-14,0005,677,NORTH,5,5,7,3801,0,0,0,,0,3E16E,"FRANKLIN ST","WASHINGTON ST",0.00,,Y,A,-,N,,,,,,,,,,Y,2,0,1,2,A,-,10,21950,,F,G,B,B,A,H,-,C,A,0,Y,,,,Y,,A,01,1,0,0,0,1,0,0,0,0,"- ","- ",,,"SAN FRANCISCO","SAN FRANCISCO",-122.42449990999999,37.792849949999997
8360396,2017,2017-05-15,3801,2017-04-02,1420,459,RICHM,7,5,7,3801,0,0,0,,0,3G15A,"FULTON ST","24TH AV",89.00,W,N,A,-,N,,,,,,,,,,N,4,0,1,2,A,-,08,22107,,N,B,C,A,A,H,-,A,D,0,,,,,Y,,A,01,0,0,1,0,0,0,0,0,0,"- ","- ",,,"SAN FRANCISCO","SAN FRANCISCO",-122.48342756,37.772606629999999
8360631,2017,2017-05-12,3801,2017-04-28,1430,577,SOUTH,5,5,7,3801,0,0,0,,0,0B4,"MARKET ST","MCCOPPIN ST",0.00,,Y,A,-,N,,,,,,,,,,N,3,0,1,2,A,-,08,22107,,N,D,G,A,A,H,-,A,A,0,,Y,,,Y,,A,01,0,1,0,0,0,0,1,0,0,"- ","- ",,,"SAN FRANCISCO","SAN FRANCISCO",-122.42381399999999,37.771605000000001
8362437,2017,2018-05-17,3801,2017-04-26,1100,625,NORTH,3,5,7,3801,0,0,0,,0,3E12D,"GOUGH ST","OAK ST",0.00,,Y,C,-,N,,,,,,,,,,Y,4,0,1,2,A,-,08,22100,B,N,B,C,A,B,H,-,A,A,0,,,,,Y,,A,01,0,0,1,0,0,0,0,0,0,"- ","- ",,,"SAN FRANCISCO","SAN FRANCISCO",-122.42258986,37.775019950000001
8371240,2017,2017-05-24,3801,2017-01-23,1730,2473,TENDE,1,5,7,3801,0,0,0,,0,0J4,"ELLIS ST","LEAVENWORTH ST",0.00,,Y,B,C,N,,,,,,,,,,N,4,0,1,2,A,-,00,22950,A,M,G,B,B,B,H,-,C,A,0,Y,,,,Y,,-,"- ",0,0,1,0,1,0,0,0,0,"- ","- ",,,"SAN FRANCISCO","SAN FRANCISCO",-122.41441989,37.784669940000001
8374730,2017,2017-06-14,3801,2017-05-06,0050,1679,3801,6,5,7,3801,0,0,0,,0,3H17E,"BAYSHORE BL","VISITACION AV",43.00,N,N,A,-,N,,,,,,,,,,Y,2,0,2,2,A,-,01,23153,A,N,E,I,A,A,H,-,C,A,0,,,,,Y,Y,A,01,2,0,0,0,0,0,0,0,0,"- ","- ",,,"SAN FRANCISCO","SAN FRANCISCO",-122.40425797,37.710543340000001
8374747,2017,2017-06-21,3801,2017-04-15,0700,643,MISSI,6,5,7,3801,0,0,0,,0,3D11A,"GUERRERO ST","18TH ST",0.00,,Y,A,-,N,,,,,,,,,,Y,4,0,3,3,A,-,12,21453,A,N,D,C,A,A,H,-,A,A,0,,,,,Y,,A,01,0,0,3,0,0,0,0,0,0,"- ","- ",,,"SAN FRANCISCO","SAN FRANCISCO",-122.42379996,37.761579930000003
8374779,2017,2017-06-14,3801,2017-05-24,1107,564,NORTH,3,5,7,3801,0,0,0,,0,3E13C,"OCTAVIA ST","OAK ST",0.00,,Y,B,-,N,,,,,,,,,,N,4,0,1,2,A,-,12,21457,A,N,D,G,A,A,H,-,A,A,0,,Y,,,Y,,L,04,0,0,1,0,0,0,1,0,0,"- ","- ",,,"SAN FRANCISCO","SAN FRANCISCO",-122.42429995000001,37.77479993
8374794,2017,2017-06-14,3801,2017-05-20,1809,A22690,INGLE,6,5,7,3801,0,0,0,,0,3H13D,"ALEMANY BL","TELEPHONE POLE #110039395",10.00,N,N,A,-,N,,,,,,,,,,Y,4,0,1,4,A,-,06,21755,,N,B,C,A,A,H,-,A,D,0,,,,,Y,,A,01,0,0,1,0,0,0,0,0,0,"- ","- ",,,"SAN FRANCISCO","SAN FRANCISCO",,
8375790,2017,2017-06-13,3801,2017-05-04,0658,379,RICHM,4,5,7,3801,0,0,0,,0,0G5,"POINT LOBOS AV","45TH AV",0.00,,Y,B,-,N,,,,,,,,,,Y,4,0,1,2,A,-,09,21802,A,N,D,D,A,A,H,-,A,-,0,,,,,Y,,A,01,0,0,1,0,0,0,0,0,0,"- ","- ",,,"SAN FRANCISCO","SAN FRANCISCO",-122.50622996,37.77992991
8375807,2017,2017-06-13,3801,2017-05-24,0910,1925,BAYVI,3,5,7,3801,0,0,0,,0,3C13A,"GARLINGTON CT","GARLINGTON CT 22",25.00,W,N,B,-,N,,,,,,,,,,N,4,0,1,2,A,-,08,22107,,F,B,E,A,A,H,-,A,D,0,,,,,Y,,A,01,0,0,1,0,0,0,0,0,0,"- ","- ",,,"SAN FRANCISCO","SAN FRANCISCO",,
8375815,2017,2018-04-18,3801,2017-05-15,0715,1755,SOUTH,1,5,7,3801,0,0,0,,0,3B7A,"TREASURE ISLAND RD","RT 80",500.00,N,N,A,-,Y,SF,4,80,-,-,7.674,R,4,W,Y,3,0,1,1,A,-,03,22350,,N,E,I,A,A,H,-,A,D,0,,,,,Y,,A,01,0,1,0,0,0,0,0,0,0,"- ",WO,,,"SAN FRANCISCO","SAN FRANCISCO",-122.36741787,37.807842100000002
8375820,2017,2017-06-13,3801,2017-05-12,1400,2079,J,5,5,7,3801,0,0,0,,0,11C,"STEVENSON ST","3RD ST",230.00,W,N,A,-,N,,,,,,,,,,N,2,0,1,2,A,-,12,22450,A,N,G,B,F,A,A,-,A,A,0,Y,,,,Y,,A,01,1,0,0,0,1,0,0,0,0,"- ","- ",,,"SAN FRANCISCO","SAN FRANCISCO",-122.40353251000001,37.786585100000003
8375835,2017,2017-06-13,3801,2017-05-18,1211,403,SOUTH,4,5,7,3801,0,0,0,,0,4CAR,"MISSION ST","10TH ST",24.00,E,N,A,-,N,,,,,,,,,,N,4,0,1,2,A,-,08,22107,,N,B,G,A,A,H,-,A,D,0,,Y,,,Y,,A,01,0,0,1,0,0,0,1,0,0,"- ","- ",,,"SAN FRANCISCO","SAN FRANCISCO",-122.41585096999999,37.775326380000003
8375836,2017,2017-06-12,3801,2017-05-13,1845,283,RICHM,6,5,7,3801,0,0,0,,0,3G15D,"BALBOA ST","45TH AV",0.00,,Y,A,-,N,,,,,,,,,,N,4,0,1,2,A,-,12,22450,A,F,D,D,A,A,H,-,A,A,0,,,,,Y,,A,01,0,0,1,0,0,0,0,0,0,"- ","- ",,,"SAN FRANCISCO","SAN FRANCISCO",-122.50591996999999,37.775319949999997
8375845,2017,2017-06-13,3801,2017-05-08,1732,825,BAYVI,1,5,7,3801,0,0,0,,0,3C13D,"SILVER AV","BOWDOIN ST",15.00,S,N,A,-,N,,,,,,,,,,N,4,0,2,2,A,-,21,22106,,N,C,C,A,A,H,-,A,D,0,,,,,Y,,A,01,0,0,2,0,0,0,0,0,0,"- ","- ",,,"SAN FRANCISCO","SAN FRANCISCO",-122.41267655999999,37.730131810000003
8375846,2017,2018-03-22,3801,2017-05-25,1255,1117,TENDE,4,5,7,3801,0,0,0,,0,3J55C,"GOLDEN GATE","LARKIN ST",14.00,E,N,A,-,N,,,,,,,,,,N,4,0,1,2,A,-,11,21453,D,N,G,B,E,A,H,-,A,A,0,Y,,,,Y,,N,60,0,0,1,0,1,0,0,0,0,"- ","- ",,,"SAN FRANCISCO","SAN FRANCISCO",-122.41710215000001,37.781446090000003
8375865,2017,2017-06-13,3801,2017-05-12,0918,556,MISSI,5,5,7,3801,0,0,0,,0,3D13A,"14TH ST","VALENCIA ST",0.00,,Y,A,-,N,,,,,,,,,,N,3,0,1,2,A,-,08,22107,,N,H,G,A,A,H,-,A,A,0,,Y,,,Y,,A,01,0,1,0,0,0,0,1,0,0,"- ","- ",,,"SAN FRANCISCO","SAN FRANCISCO",-122.42217989,37.768149889999997
8375877,2017,2017-06-13,3801,2017-05-27,0945,73,RICHM,6,5,7,3801,0,0,0,,0,4B6D,"GEARY BL","11TH AV",0.00,,Y,A,-,N,,,,,,,,,,Y,4,0,1,2,A,-,12,21453,A,N,D,C,A,A,H,-,A,A,0,,,,,Y,,A,01,0,0,1,0,0,0,0,0,0,"- ","- ",37.780670000000001,-122.46977,"SAN FRANCISCO","SAN FRANCISCO",-122.46966,37.780829959999998
8375890,2017,2017-06-27,3801,2017-05-21,1309,203,MISSI,7,5,7,3801,0,0,0,,0,FOURCA,"VALENCIA ST","24TH ST",177.00,N,N,A,-,N,,,,,,,,,,N,4,0,1,2,A,-,11,21954,A,N,G,B,E,A,H,-,A,D,0,Y,,,,Y,,N,60,0,0,1,0,1,0,0,0,0,"- ","- ",,,"SAN FRANCISCO","SAN FRANCISCO",-122.42069877,37.752594700000003
8375894,2017,2017-06-14,3801,2017-05-24,1734,A20846,BAYVI,3,5,7,3801,0,0,0,,0,901,"INGALLS ST","NORTHRIDGE RD",9.00,N,N,A,-,N,,,,,,,,,,N,4,0,2,2,A,-,05,21650,1,N,A,C,A,A,H,-,A,D,0,,,,,Y,,A,01,0,0,2,0,0,0,0,0,0,"- ","- ",,,"SAN FRANCISCO","SAN FRANCISCO",-122.37934328,37.73170459
8375902,2017,2017-06-14,3801,2017-05-25,0650,1633,PARK,4,5,7,3801,0,0,0,,0,3P60,"FELL ST","LAGUNA ST",0.00,,Y,B,-,N,,,,,,,,,,,3,0,1,2,A,-,08,22107,,M,B,C,A,A,H,-,A,A,0,,,Y,,Y,,A,01,0,1,0,0,0,0,0,0,1,"- ","- ",,,"SAN FRANCISCO","SAN FRANCISCO",-122.42604993,37.775539950000002
8375905,2017,2017-06-13,3801,2017-05-31,1832,33,CENTR,3,5,7,3801,0,0,0,,0,003,"GRANT ST","UNION ST",77.00,S,N,A,-,N,,,,,,,,,,N,3,0,1,2,A,-,11,21955,,N,G,B,D,A,H,-,A,A,0,Y,,,,Y,,N,60,0,1,0,0,1,0,0,0,0,"- ","- ",,,"SAN FRANCISCO","SAN FRANCISCO",-122.40755298000001,37.800421790000001
8375918,2017,2017-06-14,3801,2017-05-10,1240,1766,CENTR,3,5,7,3801,0,0,0,,0,4B3C,"JEFFERSON ST","MASON ST",0.00,,Y,A,-,N,,,,,,,,,,N,4,0,1,2,A,-,08,22107,,N,D,G,A,A,H,-,A,A,0,,Y,Y,,Y,,L,04,0,0,1,0,0,0,0,0,1,"- ","- ",37.808509999999998,-122.41413,"SAN FRANCISCO","SAN FRANCISCO",-122.41416986999999,37.808399909999999
8377779,2017,2018-04-09,3801,2017-05-03,1834,A22058,G,3,5,7,3801,0,0,0,,0,001,"PARK PRESIDIO BY PASS","FULTON ST",1014.00,S,N,B,E,Y,SF,4,1,-,-,4.840,H,-,S,Y,2,0,1,2,A,-,03,22350,,N,C,C,A,A,H,-,B,D,0,,,,,Y,,A,08,1,0,0,0,0,0,0,0,0,"- ","- ",,,"SAN FRANCISCO","SAN FRANCISCO",-122.47447373999999,37.772610790000002
8378122,2017,2017-06-14,3801,2017-05-12,1732,1636,TARAV,5,5,7,3801,0,0,0,,0,3I11D,"LINCOLN WY","8TH AV",0.00,,Y,A,-,N,,,,,,,,,,N,3,0,1,2,A,-,07,21658,A,N,B,C,A,A,H,-,A,D,0,,,Y,,Y,,A,01,0,1,0,0,0,0,0,0,1,"- ","- ",,,"SAN FRANCISCO","SAN FRANCISCO",-122.46534998999999,37.765979950000002
8378128,2017,2017-06-19,3801,2017-05-04,2045,2017,MISSI,4,5,7,3801,0,0,0,,0,3D16D,"S VAN NESS AV","17TH ST",0.00,,Y,A,-,N,,,,,,,,,,Y,4,0,3,2,A,-,12,21453,A,N,D,C,A,A,H,-,C,A,0,,,,,Y,,A,07,0,0,3,0,0,0,0,0,0,"- ","- ",,,"SAN FRANCISCO","SAN FRANCISCO",-122.41733986,37.763559999999998
8378131,2017,2017-06-14,3801,2017-05-18,1452,A22699,CENTR,4,5,7,3801,0,0,0,,0,3A14C,"PACIFIC AV","KEYES ALY",0.00,,Y,A,-,N,,,,,,,,,,N,4,0,1,2,A,-,13,22515,A,N,H,D,A,A,H,-,A,D,0,,,,,Y,,A,01,0,0,1,0,0,0,0,0,0,"- ","- ",,,"SAN FRANCISCO","SAN FRANCISCO",-122.41051997,37.796459890000001
8378136,2017,2017-06-19,3801,2017-05-07,0205,719,MISSI,7,5,7,3801,0,0,0,,0,3D16E,"16TH ST","RONDEL PL",18.00,W,N,-,-,N,,,,,,,,,,Y,2,0,4,4,A,-,01,23152,A,F,C,J,F,A,H,-,C,D,0,Y,,,,Y,Y,A,01,2,0,2,0,2,0,0,0,0,"- ","- ",,,"SAN FRANCISCO","SAN FRANCISCO",-122.42130188,37.764944370000002
8378181,2017,2017-06-16,3801,2017-05-18,0743,A10760,RICHM,4,5,7,3801,0,0,0,,0,3G66,"FULTON ST","44TH AV",0.00,,Y,A,-,N,,,,,,,,,,Y,3,0,2,3,A,-,03,22350,,N,C,C,A,A,D,-,A,D,0,,,,,Y,,D,22,0,1,1,0,0,0,0,0,0,"- ","- ",,,"SAN FRANCISCO","SAN FRANCISCO",-122.50455989,37.77162989
8378197,2017,2017-06-16,3801,2017-05-13,1452,1498,TARAV,6,5,7,3801,0,0,0,,0,3I16B,"TARAVAL ST","WAWONA ST",0.00,,Y,A,-,N,,,,,,,,,,N,3,0,1,2,A,-,09,21800,A,N,D,C,A,A,H,-,A,A,0,,,Y,,Y,,A,01,0,1,0,0,0,0,0,0,1,"- ","- ",,,"SAN FRANCISCO","SAN FRANCISCO",-122.46586986,37.743569950000001
8378201,2017,2017-06-16,3801,2017-05-12,1418,175,BAYVI,5,5,7,3801,0,0,0,,0,004,"SAN BRUNO","BURROWS ST",0.00,,Y,A,-,N,,,,,,,,,,,4,0,1,2,A,-,07,21658,A,N,C,C,A,A,H,-,A,D,0,,,,,Y,,A,07,0,0,1,0,0,0,0,0,0,"- ","- ",,,"SAN FRANCISCO","SAN FRANCISCO",-122.40411992999999,37.728829930000003
8378225,2017,2017-06-16,3801,2017-05-24,1248,2105,CENTR,3,5,7,3801,0,0,0,,0,3A12B,"LEAVENWORTH ST","WASHINGTON ST",0.00,,Y,A,-,N,,,,,,,,,,N,4,0,2,2,A,-,09,21802,A,N,D,C,A,A,H,-,A,A,0,,,,,Y,,A,01,0,0,2,0,0,0,0,0,0,"- ","- ",,,"SAN FRANCISCO","SAN FRANCISCO",-122.41627998,37.793899949999997
8379343,2017,2017-07-07,3801,2017-04-27,1419,13,TARAV,4,5,7,3801,0,0,0,,0,4B7G,"PORTOLA DR","VICENTE ST",0.00,,Y,A,-,N,,,,,,,,,,Y,4,0,1,2,A,-,09,21801,A,N,A,C,A,A,H,-,A,A,0,,,,,Y,,A,01,0,0,1,0,0,0,0,0,0,"- ","- ",,,"SAN FRANCISCO","SAN FRANCISCO",-122.46625994,37.739229909999999
8381942,2017,2017-06-15,3801,2017-05-24,1700,4332,RICHM,3,5,7,3801,0,0,0,,0,3G4D,"CALIFORNIA ST","8TH AV",5.00,W,N,B,-,N,,,,,,,,,,N,4,0,1,2,A,-,06,21750,,N,B,E,A,A,H,-,A,A,0,,,,,Y,,A,07,0,0,1,0,0,0,0,0,0,"- ","- ",,,"SAN FRANCISCO","SAN FRANCISCO",-122.46670727999999,37.784719199999998
8381971,2017,2017-07-12,3801,2017-05-05,1415,2060,SOUT,5,5,7,3801,0,0,0,,0,INGL,"BOSWORTH ST","DIAMOND ST",0.00,,Y,A,-,N,,,,,,,,,,N,4,0,1,2,A,-,21,22106,,F,G,B,B,A,H,-,A,A,0,Y,,,,Y,,D,22,0,0,1,0,1,0,0,0,0,"- ","- ",,,"SAN FRANCISCO","SAN FRANCISCO",-122.43412995,37.733559929999998
8382172,2017,2017-09-07,3801,2017-05-19,1341,2263,TARAV,5,5,7,3801,0,0,0,,0,3I3A,"LINCOLN WY","LA PLAYA",0.00,,Y,A,-,N,,,,,,,,,,Y,4,0,1,2,A,-,12,22450,A,N,D,C,A,A,H,-,A,D,0,,,,,Y,,A,01,0,0,1,0,0,0,0,0,0,"- ","- ",,,"SAN FRANCISCO","SAN FRANCISCO",-122.50940998,37.764039969999999