CASE_ID,ACCIDENT_YEAR,PROC_DATE,JURIS,COLLISION_DATE,COLLISION_TIME,OFFICER_ID,REPORTING_DISTRICT,DAY_OF_WEEK,CHP_SHIFT,POPULATION,CNTY_CITY_LOC,SPECIAL_COND,BEAT_TYPE,CHP_BEAT_TYPE,CITY_DIVISION_LAPD,CHP_BEAT_CLASS,BEAT_NUMBER,PRIMARY_RD,SECONDARY_RD,DISTANCE,DIRECTION,INTERSECTION,WEATHER_1,WEATHER_2,STATE_HWY_IND,CALTRANS_COUNTY,CALTRANS_DISTRICT,STATE_ROUTE,ROUTE_SUFFIX,POSTMILE_PREFIX,POSTMILE,LOCATION_TYPE,RAMP_INTERSECTION,SIDE_OF_HWY,TOW_AWAY,COLLISION_SEVERITY,NUMBER_KILLED,NUMBER_INJURED,PARTY_COUNT,PRIMARY_COLL_FACTOR,PCF_CODE_OF_VIOL,PCF_VIOL_CATEGORY,PCF_VIOLATION,PCF_VIOL_SUBSECTION,HIT_AND_RUN,TYPE_OF_COLLISION,MVIW,PED_ACTION,ROAD_SURFACE,ROAD_COND_1,ROAD_COND_2,LIGHTING,CONTROL_DEVICE,CHP_ROAD_TYPE,PEDESTRIAN_ACCIDENT,BICYCLE_ACCIDENT,MOTORCYCLE_ACCIDENT,TRUCK_ACCIDENT,NOT_PRIVATE_PROPERTY,ALCOHOL_INVOLVED,STWD_VEHTYPE_AT_FAULT,CHP_VEHTYPE_AT_FAULT,COUNT_SEVERE_INJ,COUNT_VISIBLE_INJ,COUNT_COMPLAINT_PAIN,COUNT_PED_KILLED,COUNT_PED_INJURED,COUNT_BICYCLIST_KILLED,COUNT_BICYCLIST_INJURED,COUNT_MC_KILLED,COUNT_MC_INJURED,PRIMARY_RAMP,SECONDARY_RAMP,LATITUDE,LONGITUDE,COUNTY,CITY,POINT_X,POINT_Y
8445862,2017,2017-09-15,3801,2017-08-27,1309,A08317,SOUTH,7,5,7,3801,0,0,0,,0,3B5A,"HOWARD ST","11TH ST",0.00,,Y,A,-,N,,,,,,,,,,Y,4,0,3,3,A,-,12,21453,A,N,D,C,A,A,H,-,A,A,0,,,,,Y,,-,,0,0,3,0,0,0,0,0,0,"- ","- ",,,"SAN FRANCISCO","SAN FRANCISCO",-122.41556991,37.773119880000003
8445866,2017,2017-09-14,3801,2017-08-27,1042,936,PARK,7,5,7,3801,0,0,0,,0,3F1A,"OAK ST","MASONIC ST",0.00,,Y,A,-,N,,,,,,,,,,N,3,0,1,2,A,-,05,21202,A,N,D,G,A,A,H,-,A,A,0,,Y,,,Y,,L,04,0,1,0,0,0,0,1,0,0,"- ","- ",,,"SAN FRANCISCO","SAN FRANCISCO",-122.44574996,37.772079900000001
8445891,2017,2017-09-14,3801,2017-08-17,0038,679,MISSI,4,5,7,3801,0,0,0,,0,0D6,"POTRERO ST","DIVISION ST",59.00,S,N,A,-,N,,,,,,,,,,Y,3,0,2,1,A,-,03,22350,,F,E,I,A,A,H,-,C,A,0,,,,,Y,,A,01,0,1,1,0,0,0,0,0,0,"- ","- ",,,"SAN FRANCISCO","SAN FRANCISCO",-122.40787103,37.769058270000002
8445894,2017,2017-09-14,3801,2017-08-22,1910,2737,RICHM,2,5,7,3801,0,0,0,,0,3G12D,"FULTON ST","7TH AV",0.00,,Y,A,-,N,,,,,,,,,,N,4,0,1,2,A,-,03,22350,,N,C,C,A,A,H,-,A,A,0,,,,,Y,,A,01,0,0,1,0,0,0,0,0,0,"- ","- ",,,"SAN FRANCISCO","SAN FRANCISCO",-122.46482998,37.77348997
8445904,2017,2017-09-14,3801,2017-08-11,2303,4314,RICHM,5,5,7,3801,0,0,0,,0,0G4,"CABRILLO ST","20TH AV",0.00,,Y,B,-,N,,,,,,,,,,Y,3,0,1,2,A,-,12,22450,A,N,D,D,A,A,H,-,C,A,0,,,,,Y,,A,01,0,1,0,0,0,0,0,0,0,"- ","- ",,,"SAN FRANCISCO","SAN FRANCISCO",-122.47896998,37.774689889999998
8445912,2017,2017-09-14,3801,2017-08-12,1215,273,MISSI,6,5,7,3801,0,0,0,,0,3D15C,"17TH ST","VALENCIA ST",6.00,E,N,A,-,N,,,,,,,,,,Y,4,0,1,2,A,-,02,22526,A,F,G,B,B,A,H,-,A,A,0,Y,,,,Y,,A,07,0,0,1,0,1,0,0,0,0,"- ","- ",,,"SAN FRANCISCO","SAN FRANCISCO",-122.42171928,37.7633011
8446294,2017,2017-09-27,3801,2017-08-29,1046,2081,CENTR,2,5,7,3801,0,0,0,,0,005,"JEFFERSON ST","TAYLOR ST",75.00,E,N,B,-,N,,,,,,,,,,,4,0,1,2,A,-,03,22350,,N,B,G,A,A,H,-,A,D,0,,Y,,,Y,,L,04,0,0,1,0,0,0,1,0,0,"- ","- ",,,"SAN FRANCISCO","SAN FRANCISCO",-122.41553254999999,37.808257019999999
8446305,2017,2017-09-19,3801,2017-08-07,1852,1145,SOUTH,1,5,7,3801,0,0,0,,0,3B13E,"3RD ST","BERRY ST",0.00,,Y,A,-,N,,,,,,,,,,N,3,0,1,2,A,-,00,21463,A,N,D,C,A,A,H,-,A,A,0,,Y,Y,,Y,,L,04,0,1,0,0,0,0,0,0,1,"- ","- ",,,"SAN FRANCISCO","SAN FRANCISCO",-122.39110986999999,37.777529909999998
8447767,2017,2018-07-06,3801,2017-08-11,2232,246,RICHM,5,5,7,3801,0,0,0,,0,3G13,"CABRILLO ST","PARK PRESIDIO BL",0.00,,Y,B,-,Y,SF,4,1,-,-,5.130,I,5,N,Y,3,0,1,2,A,-,03,22350,,N,C,C,A,A,H,-,C,A,0,,,Y,,Y,,C,02,0,1,0,0,0,0,0,0,1,"- ","- ",,,"SAN FRANCISCO","SAN FRANCISCO",-122.47184636,37.775019989999997
8447788,2017,2018-05-18,3801,2017-08-24,1441,4315,SOUTH,4,5,7,3801,0,0,0,,0,3B2C,"HARRISON ST","5TH ST",0.00,,Y,A,-,Y,SF,4,80,-,-,5.044,R,4,W,N,3,0,1,2,A,-,17,21200,,N,D,G,A,A,H,-,A,A,0,,Y,,,Y,,L,04,0,1,0,0,0,0,1,0,0,"- ","- ",,,"SAN FRANCISCO","SAN FRANCISCO",-122.401872,37.779001999999998
8447840,2017,2018-05-04,3801,2017-08-12,0606,A10610,RICHM,6,5,7,3801,0,0,0,,0,3G38,"GREAT HWY",FULTON,0.00,,Y,A,-,N,,,,,,,,,,N,4,0,1,2,A,-,00,21463,A,N,D,G,A,A,H,-,B,A,0,,Y,,,Y,,L,04,0,0,1,0,0,0,1,0,0,"- ","- ",,,"SAN FRANCISCO","SAN FRANCISCO",-122.51103990999999,37.771329940000001
8449265,2017,2017-09-20,3801,2017-08-12,1805,A21294,COA,6,5,7,3801,0,0,0,,0,3A13D,"NORTHPOINT ST","JONES ST",0.00,,Y,A,-,N,,,,,,,,,,N,4,0,1,2,A,-,04,21703,,N,-,-,A,A,H,-,A,-,0,,,,,Y,,A,01,0,0,1,0,0,0,0,0,0,"- ","- ",,,"SAN FRANCISCO","SAN FRANCISCO",-122.4171,37.806147000000003
8449587,2017,2017-09-20,3801,2017-08-04,0742,A07436,PARK,5,5,7,3801,0,0,0,,0,4B1H,"7TH AV","KIRKHAM ST",271.00,N,N,B,-,N,,,,,,,,,,N,4,0,1,2,A,-,03,22350,,N,C,C,A,A,H,-,A,D,0,,,,,Y,,A,01,0,0,1,0,0,0,0,0,0,"- ","- ",,,"SAN FRANCISCO","SAN FRANCISCO",-122.46396727,37.761133530000002
8449591,2017,2017-09-20,3801,2017-08-25,0930,936,PARK,5,5,7,3801,0,0,0,,0,3F60,"OAK ST","ASHBURY ST",94.00,E,N,A,-,N,,,,,,,,,,Y,4,0,1,2,A,-,03,22350,,N,C,C,A,A,H,-,A,A,0,,,,,Y,,A,01,0,0,1,0,0,0,0,0,0,"- ","- ",,,"SAN FRANCISCO","SAN FRANCISCO",-122.44699876,37.77192076
8451100,2017,2017-10-23,3801,2017-09-21,1312,9,SOUTH,4,5,7,3801,0,0,0,,0,3B3C,"HOWARD ST","MARY ST",3.00,E,N,A,-,N,,,,,,,,,,N,3,0,1,2,A,-,08,22107,,N,B,C,A,A,H,-,A,D,0,,,Y,,Y,,A,01,0,1,0,0,0,0,0,0,1,"- ","- ",,,"SAN FRANCISCO","SAN FRANCISCO",-122.40570261000001,37.780905789999998
8451133,2017,2017-10-23,3801,2017-09-16,1720,4004,INGLE,6,5,7,3801,0,0,0,,0,,"BOSWORTH ST","BROMPTON AV",63.00,E,N,A,-,N,,,,,,,,,,Y,3,0,1,3,A,-,03,22350,,N,C,C,A,A,H,-,A,D,0,,,,,Y,,A,08,0,1,0,0,0,0,0,0,0,"- ","- ",,,"SAN FRANCISCO","SAN FRANCISCO",-122.43476894,37.733696930000001
8460794,2017,2017-10-12,3801,2017-09-07,1700,13,RICHM,4,5,7,3801,0,0,0,,0,4B3G,"MARKET ST","9TH ST",0.00,,Y,B,-,N,,,,,,,,,,N,4,0,1,2,A,-,11,21954,A,N,G,B,D,A,H,-,A,D,0,Y,,,,Y,,N,60,0,0,1,0,1,0,0,0,0,"- ","- ",,,"SAN FRANCISCO","SAN FRANCISCO",-122.41632995000001,37.777499929999998
8463931,2017,2017-10-12,3801,2017-09-07,0453,A21927,NORTH,4,5,7,3801,0,0,0,,0,3E13E,"FRANKLIN ST","GOLDEN GATE AV",0.00,,Y,A,-,N,,,,,,,,,,N,4,0,1,2,A,-,12,21453,A,F,D,D,A,B,H,-,C,A,0,,,,,Y,,A,01,0,0,1,0,0,0,0,0,0,"- ","- ",,,"SAN FRANCISCO","SAN FRANCISCO",-122.4221,37.780819940000001
8463939,2017,2017-10-12,3801,2017-09-07,1550,1872,TARAV,4,5,7,3801,0,0,0,,0,314D,"PORTOLA DR","KENSINGTON DR",54.00,E,N,A,-,N,,,,,,,,,,Y,4,0,2,2,A,-,03,22350,,M,C,E,A,A,H,-,A,A,0,,,,,Y,,-,,0,0,2,0,0,0,0,0,0,"- ","- ",,,"SAN FRANCISCO","SAN FRANCISCO",-122.45922526,37.74055199
8463947,2017,2017-10-12,3801,2017-09-08,2020,706,TARAV,5,5,7,3801,0,0,0,,0,006,"LAKEVIEW AV","CAINE AV",0.00,,Y,E,-,N,,,,,,,,,,N,4,0,1,2,A,-,06,21750,,F,D,C,A,A,H,-,C,D,0,,,,,Y,,D,22,0,0,1,0,0,0,0,0,0,"- ","- ",,,"SAN FRANCISCO","SAN FRANCISCO",-122.45114991,37.716579940000003
8463948,2017,2017-11-01,3801,2017-09-01,1422,2375,RICHM,5,5,7,3801,0,0,0,,0,3G12A,"36TH AV","BALBOA ST",330.00,S,N,A,-,N,,,,,,,,,,N,3,0,1,2,A,I,"- ",,,N,B,B,E,A,H,-,A,D,0,Y,,,,Y,,N,60,0,1,0,0,1,0,0,0,0,"- ","- ",,,"SAN FRANCISCO","SAN FRANCISCO",-122.49619736,37.774855809999998
8463990,2017,2017-10-25,3801,2017-09-16,0100,1745,BAYVI,6,5,7,3801,0,0,0,,0,003,EVANS,"JENNINGS ST",469.00,E,N,A,-,N,,,,,,,,,,Y,2,0,2,2,A,-,03,22350,,N,A,C,A,A,H,-,C,A,0,,,,,Y,,A,01,1,0,1,0,0,0,0,0,0,"- ","- ",,,"SAN FRANCISCO","SAN FRANCISCO",-122.37780562,37.736934720000001
8463995,2017,2017-10-13,3801,2017-09-06,1235,2266,3X72,3,5,7,3801,0,0,0,,0,FOB,"MARKET ST","16TH ST",0.00,,Y,A,-,N,,,,,,,,,,N,4,0,1,2,A,-,17,22109,,N,C,C,A,A,H,-,A,A,0,,,,,Y,,A,01,0,0,1,0,0,0,0,0,0,"- ","- ",,,"SAN FRANCISCO","SAN FRANCISCO",-122.43313992,37.764239959999998
8464029,2017,2017-10-12,3801,2017-09-22,0833,979,BAYVI,5,5,7,3801,0,0,0,,0,3C12A,"BAYSHORE BL","BAYSHORE BL 625",0.00,,N,A,-,N,,,,,,,,,,N,2,0,1,2,A,-,03,22350,,N,D,G,A,A,H,-,A,A,0,,Y,,,Y,,L,04,1,0,0,0,0,0,1,0,0,"- ","- ",,,"SAN FRANCISCO","SAN FRANCISCO",-122.40680695,37.736933639999997
8464084,2017,2017-10-19,3801,2017-09-23,0747,189,NORTH,6,5,7,3801,0,0,0,,0,"1 CAR","VAN NESS AV","HAYES ST",0.00,,Y,A,-,N,,,,,,,,,,Y,4,0,1,3,A,-,09,21801,B,N,D,C,A,A,H,-,A,A,0,,,Y,,Y,,A,01,0,0,1,0,0,0,0,0,1,"- ","- ",,,"SAN FRANCISCO","SAN FRANCISCO",-122.41967993999999,37.777289969999998
8464088,2017,2017-10-19,3801,2017-09-22,2000,1763,MISSI,5,5,7,3801,0,0,0,,0,901,"SHOTWELL ST","21ST ST",50.00,S,N,A,-,N,,,,,,,,,,N,4,0,1,2,A,-,21,22106,,N,-,C,A,A,H,-,C,D,0,,,,,Y,,A,01,0,0,1,0,0,0,0,0,0,"- ","- ",,,"SAN FRANCISCO","SAN FRANCISCO",-122.41561790999999,37.757112980000002
8464101,2017,2017-10-12,3801,2017-09-12,0629,545,TENER,2,5,7,3801,0,0,0,,0,3J12A,"OFARRELL ST","CYRIL MAGNIN ST",66.00,W,N,A,-,N,,,,,,,,,,Y,2,0,1,4,A,-,03,22350,,N,B,C,A,A,H,-,C,A,0,,,,,Y,,A,01,1,0,0,0,0,0,0,0,0,"- ","- ",,,"SAN FRANCISCO","SAN FRANCISCO",-122.40916568,37.786281789999997
8464106,2017,2017-10-27,3801,2017-09-04,2331,155,MISSI,1,5,7,3801,0,0,0,,0,3B14E,"16TH ST","VERMONT ST",38.00,W,N,A,-,N,,,,,,,,,,N,4,0,1,2,A,-,05,21650,1,N,A,G,A,A,H,-,D,D,0,,Y,,,Y,,L,04,0,0,1,0,0,0,1,0,0,"- ","- ",,,"SAN FRANCISCO","SAN FRANCISCO",-122.40476072,37.765948629999997
8464107,2017,2017-11-14,3801,2017-09-16,1835,1310,SOUTH,6,5,7,3801,0,0,0,,0,3B15D,"HARRISON ST","HAWTHORNE ST",0.00,,Y,A,-,N,,,,,,,,,,Y,4,0,1,2,A,-,12,21453,A,N,D,C,A,A,H,-,A,A,0,,,,,Y,,A,01,0,0,1,0,0,0,0,0,0,"- ","- ",,,"SAN FRANCISCO","SAN FRANCISCO",-122.39630986,37.783429949999999
8464109,2017,2017-10-31,3801,2017-09-08,1032,2211,COC,5,5,7,3801,0,0,0,,0,3C13A,"3RD ST","WILLIAMS AV",0.00,,Y,A,-,N,,,,,,,,,,N,4,0,2,2,A,-,12,21453,A,N,A,-,A,A,H,-,A,A,0,,,,,Y,,-,"- ",0,0,2,0,0,0,0,0,0,"- ","- ",,,"SAN FRANCISCO","SAN FRANCISCO",-122.39272999000001,37.72927
8464125,2017,2017-10-12,3801,2017-09-14,1344,A21266,TARAV,4,5,7,3801,0,0,0,,0,3I15B,"WAWONA ST","37TH AV",0.00,,Y,A,-,N,,,,,,,,,,N,4,0,1,2,A,-,00,22460,A,N,D,C,A,A,H,-,A,A,0,,,,,Y,,A,01,0,0,1,0,0,0,0,0,0,"- ","- ",,,"SAN FRANCISCO","SAN FRANCISCO",-122.49457990000001,37.736619949999998
8464132,2017,2017-11-15,3801,2017-09-19,1149,A22875,INGLE,2,5,7,3801,0,0,0,,0,,"VALENCIA ST","DUNCAN ST",0.00,,Y,A,-,N,,,,,,,,,,N,4,0,1,2,B,-,22,,,N,G,J,-,A,H,-,A,-,0,Y,,,,Y,,N,60,0,0,1,0,1,0,0,0,0,"- ","- ",,,"SAN FRANCISCO","SAN FRANCISCO",-122.42016255999999,37.746549690000002
8464133,2017,2017-10-12,3801,2017-09-01,0950,A10326,NORTH,5,5,7,3801,0,0,0,,0,3E11A,"STEINER ST","HAYES ST",8.00,S,N,A,-,N,,,,,,,,,,N,4,0,1,2,A,-,12,22450,A,N,G,B,E,A,D,-,A,A,0,Y,,,,Y,,A,01,0,0,1,0,1,0,0,0,0,"- ","- ",,,"SAN FRANCISCO","SAN FRANCISCO",-122.4328258,37.775588280000001
8464141,2017,2017-10-12,3801,2017-09-01,2049,4038,CENTR,5,5,7,3801,0,0,0,,0,3A13D,"BAY ST","LEAVENWORTH ST",0.00,,Y,A,-,N,,,,,,,,,,Y,4,0,3,3,A,-,08,22101,D,N,D,C,A,A,H,-,A,A,0,,,,,Y,,A,01,0,0,3,0,0,0,0,0,0,"- ","- ",,,"SAN FRANCISCO","SAN FRANCISCO",-122.41855988,37.805029959999999
8464142,2017,2017-11-08,3801,2017-09-21,0945,1947,NORTH,4,5,7,3801,0,0,0,,0,3E15A,"FILBERT ST","PIERCE ST",0.00,,Y,A,-,N,,,,,,,,,,Y,4,0,2,2,A,-,09,21802,A,N,D,C,A,A,H,-,A,A,0,,,,,Y,,A,07,0,0,2,0,0,0,0,0,0,"- ","- ",,,"SAN FRANCISCO","SAN FRANCISCO",-122.43894994999999,37.797589940000002
8464145,2017,2017-10-12,3801,2017-09-01,1936,4040,TENDE,5,5,7,3801,0,0,0,,0,3J13D,"TURK ST",LEAVENWORTH,0.00,,Y,A,-,N,,,,,,,,,,N,3,0,1,2,A,-,10,21950,A,F,B,B,B,A,H,-,B,A,0,Y,,,,Y,,-,,0,1,0,0,1,0,0,0,0,"- ","- ",,,"SAN FRANCISCO","SAN FRANCISCO",-122.41403986,37.782799910000001
8464148,2017,2017-10-19,3801,2017-09-13,1912,A22623,SOUTH,3,5,7,3801,0,0,0,,0,3B62,"SPEAR ST","HOWARD ST",0.00,,Y,B,-,N,,,,,,,,,,Y,3,0,3,2,D,-,00,,,N,D,C,A,A,H,-,B,A,0,,,Y,,Y,,-,"- ",0,1,2,0,0,0,0,0,1,"- ","- ",,,"SAN FRANCISCO","SAN FRANCISCO",-122.39254993999999,37.791319950000002
8464173,2017,2017-10-11,3801,2017-09-17,1923,744,RICHM,7,5,7,3801,0,0,0,,0,901,"30TH AV","BALBOA ST",60.00,N,N,A,-,N,,,,,,,,,,N,2,0,1,2,A,-,03,22350,,N,C,E,A,A,-,-,A,D,0,,,,,Y,Y,-,,1,0,0,0,0,0,0,0,0,"- ","- ",,,"SAN FRANCISCO","SAN FRANCISCO",-122.48983903,37.776224599999999
8464194,2017,2018-05-04,3801,2017-09-02,2135,2707,RICHM,6,5,7,3801,0,0,0,,0,1CAR,"GREAT HWY","JOHN F KENNEDY DR",0.00,,Y,A,-,N,,,,,,,,,,Y,4,0,1,4,A,-,01,23153,A,F,B,E,A,A,H,-,C,A,0,,,,,Y,Y,A,01,0,0,1,0,0,0,0,0,0,"- ","- ",,,"SAN FRANCISCO","SAN FRANCISCO",-122.51094990999999,37.77046996
8464198,2017,2017-11-01,3801,2017-09-03,0229,1695,NORTH,7,5,7,3801,0,0,0,,0,NORTHE,"DIVISADERO ST","FULTON ST",0.00,,Y,A,-,N,,,,,,,,,,Y,2,0,1,2,A,-,11,21453,D,N,G,B,B,A,H,-,C,A,0,Y,,,,Y,,N,60,1,0,0,0,1,0,0,0,0,"- ","- ",,,"SAN FRANCISCO","SAN FRANCISCO",-122.43815987000001,37.776859930000001
8464210,2017,2017-12-07,3801,2017-09-03,2251,2216,CENTR,7,5,7,3801,0,0,0,,0,3A12E,"KEARNY ST","SACRAMENTO ST",0.00,,Y,A,-,N,,,,,,,,,,N,4,0,1,2,A,-,12,21453,A,F,D,G,A,A,H,-,C,A,0,,Y,,,Y,,A,01,0,0,1,0,0,0,1,0,0,"- ","- ",,,"SAN FRANCISCO","SAN FRANCISCO",-122.40459,37.793599960000002
8464211,2017,2017-11-01,3801,2017-09-10,1312,2228,TARAV,7,5,7,3801,0,0,0,,0,3I15B,"JUNIPERO SERRA BL","PORTOLA DR",0.00,,Y,A,-,N,,,,,,,,,,N,4,0,2,3,A,-,04,21703,,N,C,C,A,A,H,-,A,A,0,,,,,Y,,A,01,0,0,2,0,0,0,0,0,0,"- ","- ",,,"SAN FRANCISCO","SAN FRANCISCO",-122.47152993,37.73475998
8464212,2017,2017-10-10,3801,2017-09-25,2056,A09149,COG,1,5,7,3801,0,0,0,,0,002,"GEARY BL","BAKER ST",163.00,W,N,A,-,N,,,,,,,,,,Y,4,0,2,2,A,-,04,21703,,N,C,C,A,A,H,-,C,A,0,,,,,Y,,A,01,0,0,2,0,0,0,0,0,0,"- ","- ",,,"SAN FRANCISCO","SAN FRANCISCO",-122.44336733,37.782880329999998
8464213,2017,2017-10-16,3801,2017-09-12,1226,9880,TARAV,2,5,7,3801,0,0,0,,0,315A,"19TH AV","HOLLOWAY AV",27.00,E,N,A,-,N,,,,,,,,,,Y,4,0,1,3,A,-,04,21703,,N,C,C,A,A,H,-,A,A,0,,,,,Y,,A,01,0,0,1,0,0,0,0,0,0,"- ","- ",,,"SAN FRANCISCO","SAN FRANCISCO",-122.47537,37.720950000000002
8464216,2017,2017-10-10,3801,2017-09-25,0845,4023,NORTH,1,5,7,3801,0,0,0,,0,3E15A,"SUTTER ST","BUCHANAN ST",0.00,,Y,A,-,N,,,,,,,,,,N,4,0,1,2,A,-,10,21950,,N,G,B,B,A,H,-,A,A,0,Y,,,,Y,,A,08,0,0,1,0,1,0,0,0,0,"- ","- ",,,"SAN FRANCISCO","SAN FRANCISCO",-122.42997991999999,37.786509909999999
8464226,2017,2017-11-01,3801,2017-09-08,1830,1154,RICHM,5,5,7,3801,0,0,0,,0,003,"6TH AV","GEARY BL",354.00,N,N,B,-,N,,,,,,,,,,N,3,0,1,2,A,-,09,21804,,N,D,G,A,A,H,-,A,D,0,,Y,,,Y,,L,04,0,1,0,0,0,0,1,0,0,"- ","- ",,,"SAN FRANCISCO","SAN FRANCISCO",-122.46434828,37.782061390000003
8464240,2017,2017-10-11,3801,2017-09-26,1303,203,MISSI,2,5,7,3801,0,0,0,,0,001,"17TH ST",ALBION,63.00,E,N,A,-,N,,,,,,,,,,N,4,0,1,2,A,-,17,22517,,N,B,G,A,A,H,-,A,D,0,,Y,,,Y,,A,01,0,0,1,0,0,0,1,0,0,"- ","- ",,,"SAN FRANCISCO","SAN FRANCISCO",-122.42249265,37.76325344
8464241,2017,2017-10-31,3801,2017-09-26,1002,2375,RICHM,2,5,7,3801,0,0,0,,0,3G60,"CLEMENT ST","25TH AV",5.00,E,N,A,-,N,,,,,,,,,,Y,4,0,1,2,A,-,10,21950,A,N,G,B,B,A,H,-,A,A,0,Y,,,,Y,,A,01,0,0,1,0,1,0,0,0,0,"- ","- ",,,"SAN FRANCISCO","SAN FRANCISCO",-122.48486272,37.782020799999998
8464250,2017,2017-10-16,3801,2017-09-26,0752,974,COI,2,5,7,3801,0,0,0,,0,3I11A,"22ND AV","ULLOA ST",12.00,E,N,A,-,N,,,,,,,,,,N,3,0,1,2,A,-,10,21950,A,N,G,B,B,A,H,-,A,D,0,Y,,,,Y,,A,01,0,1,0,0,1,0,0,0,0,"- ","- ",,,"SAN FRANCISCO","SAN FRANCISCO",-122.47878,37.741039999999998
8464257,2017,2017-10-31,3801,2017-09-15,1343,2700,SOUTH,5,5,7,3801,0,0,0,,0,3B11C,"MARKET ST","SOUTH VAN NESS AV",0.00,,Y,A,-,N,,,,,,,,,,N,3,0,1,2,A,-,11,21456,B,N,H,-,B,A,H,-,A,A,0,Y,Y,,,Y,,N,60,0,1,0,0,1,0,0,0,0,"- ","- ",,,"SAN FRANCISCO","SAN FRANCISCO",-122.41925990999999,37.775169959999999
8464270,2017,2017-11-01,3801,2017-09-07,2244,1061,NORTH,4,5,7,3801,0,0,0,,0,3E11E,"OAK ST","BUCHANAN ST",0.00,,Y,A,-,N,,,,,,,,,,Y,4,0,1,3,A,-,03,22350,,N,C,C,A,A,H,-,C,A,0,,,,,Y,,A,01,0,0,1,0,0,0,0,0,0,"- ","- ",,,"SAN FRANCISCO","SAN FRANCISCO",-122.42753998000001,37.774399889999998
8464274,2017,2017-10-16,3801,2017-09-02,1145,4142,INGLE,6,5,7,3801,0,0,0,,0,0H5,"LOWELL ST","HANOVER ST",0.00,,Y,A,-,N,,,,,,,,,,N,3,0,1,2,A,-,12,22450,A,F,D,C,A,A,H,-,A,A,0,,,,,Y,,-,99,0,1,0,0,0,0,0,0,0,"- ","- ",,,"SAN FRANCISCO","SAN FRANCISCO",-122.44485994,37.708579980000003
8464301,2017,2017-10-31,3801,2017-09-20,1305,A11409,SOUTH,3,5,7,3801,0,0,0,,0,0B3,"6TH ST","HARRISON ST",0.00,,Y,B,-,N,,,,,,,,,,N,3,0,1,2,D,-,00,,,N,D,G,A,A,H,-,A,D,0,,Y,,,Y,,-,"- ",0,1,0,0,0,0,1,0,0,"- ","- ",,,"SAN FRANCISCO","SAN FRANCISCO",-122.4040799,37.77730992
8464317,2017,2017-10-31,3801,2017-09-29,1029,A21785,TARAV,5,5,7,3801,0,0,0,,0,3I11A,"JUDAH ST","24TH AV",0.00,,Y,A,-,N,,,,,,,,,,Y,4,0,1,2,A,-,09,21802,A,N,D,C,A,A,H,-,A,A,0,,,,,Y,,A,01,0,0,1,0,0,0,0,0,0,"- ","- ",,,"SAN FRANCISCO","SAN FRANCISCO",-122.48236998,37.76146997
8464473,2017,2017-10-12,3801,2017-08-30,1052,274,MISSO,3,5,7,3801,0,0,0,,0,3D45C,"17TH ST",VALENCIA,0.00,,Y,A,-,N,,,,,,,,,,,4,0,2,4,A,-,09,21804,,N,B,C,A,A,H,-,A,D,0,,,,,Y,,A,01,0,0,2,0,0,0,0,0,0,"- ","- ",,,"SAN FRANCISCO","SAN FRANCISCO",-122.42173997,37.763299930000002
8464497,2017,2017-10-11,3801,2017-09-24,1355,A21551,TARAV,7,5,7,3801,0,0,0,,0,3116B,"LOWER GREAT HWY","IRVING ST",210.00,S,N,A,-,N,,,,,,,,,,Y,4,0,2,2,A,-,03,22350,,M,C,C,A,A,H,-,A,D,0,,,,,Y,,A,01,0,0,2,0,0,0,0,0,0,"- ","- ",,,"SAN FRANCISCO","SAN FRANCISCO",-122.50984848,37.76151557
8465607,2018,2019-02-08,3801,2018-08-26,1544,4214,TRAFF,7,5,7,3801,0,0,0,,0,4B4G,ARKANSAS,"MADERA ST",142.00,S,N,B,-,N,,,,,,,,,,Y,1,1,0,2,A,-,05,21650,,F,A,C,A,A,G,-,A,D,0,,,Y,,Y,,C,02,0,0,0,0,0,0,0,1,0,"- ","- ",,,"SAN FRANCISCO","SAN FRANCISCO",-122.39781951904297,37.755500793457031
8465708,2018,2019-04-02,3801,2018-11-05,0556,1171,TRAFF,1,5,7,3801,0,0,0,,0,4B2G,BROADWAY,"TURK MURPHY LN",79.00,,N,A,-,N,,,,,,,,,,Y,1,1,0,2,A,-,08,22102,,N,B,C,A,A,H,-,B,D,0,,,Y,,Y,,A,01,0,0,0,0,0,0,0,1,0,"- ","- ",,,"SAN FRANCISCO","SAN FRANCISCO",-122.40969848632812,37.797519683837891
8465901,2018,2019-07-08,3801,2018-08-18,0308,652,TENDE,6,5,7,3801,0,0,0,,0,004,"JONES ST","ELLIS ST",10.00,S,N,A,-,N,,,,,,,,,,N,1,1,0,2,A,-,12,21453,A,F,G,B,B,A,H,-,C,A,0,Y,,,,Y,,A,01,0,0,0,1,0,0,0,0,0,"- ","- ",,,"SAN FRANCISCO","SAN FRANCISCO",-122.41277313232422,37.784873962402344
8474193,2017,2017-10-25,3801,2017-09-29,0410,4140,SOUTE,5,5,7,3801,0,0,0,,0,3B12E,"8TH ST","HOWARD ST",0.00,,Y,A,-,N,,,,,,,,,,Y,4,0,1,2,A,-,12,21453,A,F,D,C,A,A,H,-,C,A,0,,,,,Y,,A,01,0,0,1,0,0,0,0,0,0,"- ","- ",,,"SAN FRANCISCO","SAN FRANCISCO",-122.41158998,37.776229950000001
8477726,2017,2017-10-30,3801,2017-08-27,0423,2104,,7,5,7,3801,0,0,0,,0,003,"ALEMANY BL","CRYSTAL ST",147.00,E,N,A,-,N,,,,,,,,,,N,4,0,1,1,A,-,05,21651,A,M,E,J,A,A,H,-,C,A,0,,,,,Y,Y,A,01,0,0,1,0,0,0,0,0,0,"- ","- ",,,"SAN FRANCISCO","SAN FRANCISCO",-122.46004778,37.710072599999997