CASE_ID,ACCIDENT_YEAR,PROC_DATE,JURIS,COLLISION_DATE,COLLISION_TIME,OFFICER_ID,REPORTING_DISTRICT,DAY_OF_WEEK,CHP_SHIFT,POPULATION,CNTY_CITY_LOC,SPECIAL_COND,BEAT_TYPE,CHP_BEAT_TYPE,CITY_DIVISION_LAPD,CHP_BEAT_CLASS,BEAT_NUMBER,PRIMARY_RD,SECONDARY_RD,DISTANCE,DIRECTION,INTERSECTION,WEATHER_1,WEATHER_2,STATE_HWY_IND,CALTRANS_COUNTY,CALTRANS_DISTRICT,STATE_ROUTE,ROUTE_SUFFIX,POSTMILE_PREFIX,POSTMILE,LOCATION_TYPE,RAMP_INTERSECTION,SIDE_OF_HWY,TOW_AWAY,COLLISION_SEVERITY,NUMBER_KILLED,NUMBER_INJURED,PARTY_COUNT,PRIMARY_COLL_FACTOR,PCF_CODE_OF_VIOL,PCF_VIOL_CATEGORY,PCF_VIOLATION,PCF_VIOL_SUBSECTION,HIT_AND_RUN,TYPE_OF_COLLISION,MVIW,PED_ACTION,ROAD_SURFACE,ROAD_COND_1,ROAD_COND_2,LIGHTING,CONTROL_DEVICE,CHP_ROAD_TYPE,PEDESTRIAN_ACCIDENT,BICYCLE_ACCIDENT,MOTORCYCLE_ACCIDENT,TRUCK_ACCIDENT,NOT_PRIVATE_PROPERTY,ALCOHOL_INVOLVED,STWD_VEHTYPE_AT_FAULT,CHP_VEHTYPE_AT_FAULT,COUNT_SEVERE_INJ,COUNT_VISIBLE_INJ,COUNT_COMPLAINT_PAIN,COUNT_PED_KILLED,COUNT_PED_INJURED,COUNT_BICYCLIST_KILLED,COUNT_BICYCLIST_INJURED,COUNT_MC_KILLED,COUNT_MC_INJURED,PRIMARY_RAMP,SECONDARY_RAMP,LATITUDE,LONGITUDE,COUNTY,CITY,POINT_X,POINT_Y
9092350,2020,2020-07-08,3801,2020-03-03,1749,1769,NORTH,2,5,7,3801,0,0,0,,0,3E13D,"FRANKLIN ST","SUTTER ST",0.00,,Y,A,-,N,,,,,,,,,,N,4,0,1,2,A,-,07,21658,A,N,B,C,A,A,H,-,A,A,0,,,,,Y,,A,01,0,0,1,0,0,0,0,0,0,"- ","- ",,,"SAN FRANCISCO","SAN FRANCISCO",-122.42340087890625,37.787349700927734
9092352,2020,2020-07-08,3801,2020-03-03,1650,4095,TARAV,2,5,7,3801,0,0,0,,0,006,"HOLLOWAY AV","CAPITOL AV",0.00,,Y,A,-,N,,,,,,,,,,N,4,0,1,2,A,-,10,21950,A,N,G,B,B,A,H,-,A,A,0,Y,,,,Y,,A,07,0,0,1,0,1,0,0,0,0,"- ","- ",,,"SAN FRANCISCO","SAN FRANCISCO",-122.45922088623047,37.721828460693359
9092365,2020,2020-07-15,3801,2020-03-01,1020,381,BAYVI,7,5,7,3801,0,0,0,,0,3C12A,"PHELPS ST","GALVEZ AV",50.00,N,N,A,-,N,,,,,,,,,,Y,4,0,1,3,A,-,03,22350,A,N,B,B,E,A,H,-,A,D,0,Y,,,,Y,,A,07,0,0,1,0,1,0,0,0,0,"- ","- ",,,"SAN FRANCISCO","SAN FRANCISCO",-122.38945007324219,37.741844177246094
9092372,2020,2020-07-20,3801,2020-03-23,2352,2457,SOUTH,1,5,7,3801,0,0,0,,0,3B12E,"5TH ST","TOWNSEND ST",50.00,N,N,A,-,N,,,,,,,,,,N,4,0,1,2,D,-,00,,,N,G,B,E,-,H,-,C,D,0,Y,,,,Y,,-,"- ",0,0,1,0,1,0,0,0,0,"- ","- ",,,"SAN FRANCISCO","SAN FRANCISCO",-122.39735412597656,37.775447845458984
90923731,2019,2019-02-11,9335,2019-02-01,1935,022186,,5,2,7,3801,0,1,2,,2,015,"US-101 N/B","FOLSOM STREET U/C",315.00,S,N,B,C,Y,,,101,,,,,,N,Y,4,0,4,2,A,-,03,22350,,N,C,C,A,B,H,-,C,D,0,,,,,Y,,A,01,0,0,4,0,0,0,0,0,0,"- ","- ",37.769599914550781,-122.41438293457031,"SAN FRANCISCO","SAN FRANCISCO",-122.41438293457031,37.769630432128906
90924194,2019,2019-02-12,9335,2019-01-31,1413,022175,,4,2,7,3801,0,1,1,,1,081,"I-80 W/B","THE EMBARCADERO",2700.00,E,N,B,-,Y,,,80,,,,,,W,Y,3,0,2,2,A,-,01,23152,G,F,B,C,A,A,H,-,A,D,0,,,,,Y,Y,A,07,0,1,1,0,0,0,0,0,0,"- ","- ",37.794330596923828,-122.38179779052734,"SAN FRANCISCO","SAN FRANCISCO",-122.38191986083984,37.794441223144531
90935390,2019,2019-02-27,9335,2019-02-18,1130,021147,,1,1,7,3801,0,1,1,,1,083,"I-80 E/B","SF/ALAMEDA COUNTY LINE",161.00,W,N,A,-,Y,,,80,,,,,,E,Y,4,0,1,2,A,-,03,22350,,N,C,C,A,A,H,-,A,D,0,,,Y,,Y,,C,02,0,0,1,0,0,0,0,0,1,"- ","- ",37.818790435791016,-122.35005950927734,"SAN FRANCISCO","SAN FRANCISCO",-122.35005950927734,37.818778991699219
90935686,2019,2019-02-28,9335,2019-02-18,0028,022187,,1,3,7,3801,0,1,1,,2,080,"I-80 E/B","US-101 S/B TO I-80 E/B REVERSE GORE PT",70.00,E,N,A,-,Y,,,80,,,,,,E,Y,4,0,1,3,A,-,03,22350,,N,C,C,A,A,H,-,D,D,0,,,,,Y,Y,A,07,0,0,1,0,0,0,0,0,0,"- ","- ",37.770679473876953,-122.4056396484375,"SAN FRANCISCO","SAN FRANCISCO",-122.40560913085938,37.77069091796875
90937490,2019,2019-03-01,9335,2019-02-22,1705,022007,,5,2,7,3801,0,1,1,,2,023,"I-280 S/B FROM SAN JOSE AVENUE","BADEN STREET OVER-CROSSING",442.00,N,N,A,-,Y,,,280,,,,R,,S,Y,2,0,3,3,A,-,03,22350,,N,C,C,A,A,H,-,A,D,0,,,,,Y,,A,01,1,0,2,0,0,0,0,0,0,"- ","- ",37.730751037597656,-122.43808746337891,"SAN FRANCISCO","SAN FRANCISCO",-122.43808746337891,37.730751037597656
90938659,2019,2019-03-04,9335,2019-02-28,0650,021222,,4,1,7,3801,0,1,2,,2,014,"US-101 N/B FROM CESAR CHAVEZ STREET","CESAR CHAVEZ STREET",1100.00,N,N,A,-,Y,,,101,,,,R,,N,N,4,0,1,2,B,-,22,,,N,B,C,A,A,H,-,A,D,0,,,,Y,Y,,A,01,0,0,1,0,0,0,0,0,0,"- ","- ",37.752189636230469,-122.4027099609375,"SAN FRANCISCO","SAN FRANCISCO",-122.4027099609375,37.752189636230469
90939017,2019,2019-03-04,9335,2019-03-02,1640,021886,,6,2,7,3801,0,1,1,,1,083,"I-80 E/B","BEALE ST. U/C",20.00,W,N,C,-,Y,,,80,,,,,,E,N,4,0,1,3,A,-,07,21658,A,N,B,C,A,B,H,-,A,D,0,,,Y,,Y,,A,07,0,0,1,0,0,0,0,0,1,"- ","- ",37.786579132080078,-122.39026641845703,"SAN FRANCISCO","SAN FRANCISCO",-122.39019775390625,37.786491394042969
90942472,2019,2019-03-08,9335,2019-02-28,0009,022179,,4,3,7,3801,0,1,2,,2,013,"US-101 S/B","BAYSHORE BLVD UNDERCROSSING",1426.00,S,N,A,-,Y,,,101,,,,,,S,Y,2,0,2,2,A,-,03,22350,,N,C,C,A,A,H,-,C,D,0,,,,,Y,Y,A,01,1,0,1,0,0,0,0,0,0,"- ","- ",37.744380950927734,-122.40547180175781,"SAN FRANCISCO","SAN FRANCISCO",-122.40554046630859,37.744422912597656
90943610,2019,2019-03-11,9335,2019-03-05,1645,020509,,2,2,7,3801,0,1,1,,2,080,"I-80 EASTBOUND","8TH ST U/C",143.00,E,N,B,-,Y,,,80,,,,,,E,N,4,0,1,2,A,-,07,21658,A,N,C,C,A,A,H,-,A,D,0,,,,Y,Y,,A,01,0,0,1,0,0,0,0,0,0,"- ","- ",37.77288818359375,-122.40656280517578,"SAN FRANCISCO","SAN FRANCISCO",-122.40659332275391,37.77288818359375
90952025,2019,2019-03-25,9335,2019-03-14,1455,019799,,4,2,7,3801,0,1,2,,2,013,"US-101 S/B","FAITH ST. O/C",630.00,S,N,A,-,Y,,,,,,,,,,Y,4,0,2,2,A,-,03,22350,,N,C,C,A,A,H,-,A,D,0,,,,,Y,,A,01,0,0,2,0,0,0,0,0,0,"- ","- ",37.443309783935547,-122.2425537109375,"SAN FRANCISCO","SAN FRANCISCO",,
9096504,2019,2020-05-16,3801,2019-11-24,0200,1660,SOUTH,7,5,7,3801,0,0,0,,0,3B15E,"TOWNSEND ST","4TH ST",0.00,,Y,A,-,N,,,,,,,,,,N,4,0,1,2,A,-,12,21453,A,N,D,C,A,-,H,-,C,A,0,,,,,Y,,M,94,0,0,1,0,0,0,0,0,0,"- ","- ",,,"SAN FRANCISCO","SAN FRANCISCO",-122.39498901367188,37.777111053466797
90966796,2019,2019-04-12,9335,2019-04-08,1825,018688,,1,2,7,3801,0,1,1,,2,022,"I-280 S/B","ALEMANY BLVD. NORTH ROAD EDGE",160.00,S,N,C,-,Y,,,280,,,,,,S,Y,3,0,1,2,A,-,04,21703,,N,C,C,A,B,H,-,A,D,0,,,,,Y,,A,01,0,1,0,0,0,0,0,0,0,"- ","- ",37.710639953613281,-122.46135711669922,"SAN FRANCISCO","SAN FRANCISCO",-122.46135711669922,37.7105712890625
9096752,2020,2020-07-31,3801,2020-03-16,1124,1242,,1,5,7,3801,0,0,0,,0,3A15A,"GEARY ST","STOCKTON ST",0.00,,Y,A,-,N,,,,,,,,,,Y,3,0,1,2,A,-,12,21453,A,F,D,C,A,A,H,-,A,A,0,,,,,Y,,A,01,0,1,0,0,0,0,0,0,0,"- ","- ",,,"SAN FRANCISCO","SAN FRANCISCO",-122.40657806396484,37.787559509277344
90967824,2019,2019-04-15,9335,2019-04-13,1745,022179,,6,2,7,3801,0,1,1,,2,023,"I-280 S/B","SAINT MARY'S PARK FOOTBRIDGE PED O/C",164.00,N,N,A,-,Y,,,280,,,,,,S,Y,3,0,1,1,A,-,01,23152,G,N,E,I,A,A,H,-,A,D,0,,,,,Y,,A,08,0,1,0,0,0,0,0,0,0,"- ","- ",37.731929779052734,-122.42014312744141,"SAN FRANCISCO","SAN FRANCISCO",-122.42014312744141,37.731998443603516
90974352,2019,2019-04-24,9335,2019-04-12,1650,022271,,5,2,7,3801,0,1,2,,2,014,"US-101 S/B","23RD STREET OVERCROSSING",350.00,N,N,A,-,Y,,,101,,,,,,S,Y,3,0,1,2,A,-,03,22350,,N,F,A,A,A,H,-,A,D,0,,,Y,,Y,,C,02,0,1,0,0,0,0,0,0,1,"- ","- ",37.755531311035156,-122.40321350097656,"SAN FRANCISCO","SAN FRANCISCO",-122.40323638916016,37.755527496337891
90974424,2019,2019-04-24,9335,2019-04-19,2355,021672,,5,3,7,3801,0,1,1,,1,081,"I-80 W/B","YERBA BUENA ISLAND TUNNEL EDGE",7920.00,W,N,A,-,Y,,,80,,,,,,W,Y,4,0,1,1,A,-,08,22107,,N,E,I,A,A,H,-,C,D,0,,,,,Y,,A,08,0,0,1,0,0,0,0,0,0,"- ","- ",37.791080474853516,-122.38558197021484,"SAN FRANCISCO","SAN FRANCISCO",-122.38539123535156,37.790874481201172
90977238,2019,2019-04-29,9335,2019-04-25,1335,022179,,4,1,7,3801,0,1,2,,2,013,"US-101 N/B","BACON ST. UNDERCROSSING",1154.00,S,N,A,-,Y,,,101,,,,,,N,N,4,0,1,2,A,-,03,22350,,N,C,C,A,A,H,-,A,D,0,,,,,Y,,A,01,0,0,1,0,0,0,0,0,0,"- ","- ",37.724800109863281,-122.4014892578125,"SAN FRANCISCO","SAN FRANCISCO",-122.40151977539062,37.724788665771484
90977256,2019,2019-04-29,9335,2019-04-25,0925,021700,,4,1,7,3801,0,1,2,,2,013,"US-101 N/B","PAUL AVE U/C",420.00,S,N,A,-,Y,,,101,,,,,,N,Y,4,0,2,2,A,-,03,22350,,N,C,C,A,A,H,-,A,D,0,,,,,Y,,D,22,0,0,2,0,0,0,0,0,0,"- ","- ",37.722579956054688,-122.4007568359375,"SAN FRANCISCO","SAN FRANCISCO",-122.400634765625,37.722629547119141
90977259,2019,2019-04-29,9335,2019-04-26,1605,022037,,5,2,7,3801,0,1,1,,1,081,"I-80 W/B","TREASURE ISLAND RD",4890.00,W,N,A,-,Y,,,80,,,,,,W,Y,3,0,1,2,A,-,03,22350,,N,C,C,A,A,H,-,A,D,0,,,,,Y,,A,01,0,1,0,0,0,0,0,0,0,"- ","- ",37.798698425292969,-122.37712097167969,"SAN FRANCISCO","SAN FRANCISCO",-122.37722778320312,37.798824310302734
90981967,2019,2019-05-06,9335,2019-04-30,1640,022037,,2,2,7,3801,0,1,1,,1,081,"I-80 W/B","TREASURE ISLAND RD",6494.00,W,N,A,-,Y,,,80,,,,,,W,Y,4,0,2,2,A,-,03,22350,,N,C,C,A,A,H,-,A,D,0,,,,,Y,,A,01,0,0,2,0,0,0,0,0,0,"- ","- ",37.795291900634766,-122.38076782226562,"SAN FRANCISCO","SAN FRANCISCO",-122.38091278076172,37.795433044433594
90985153,2019,2019-05-09,9335,2019-05-04,0310,022096,,6,3,7,3801,0,1,2,,2,015,"US-101 N/B","ALAMEDA STREET",120.00,N,N,A,-,Y,,,101,,,,,,N,Y,4,0,1,1,A,-,01,23152,A,N,E,I,A,A,H,-,D,D,0,,,,,Y,Y,A,01,0,0,1,0,0,0,0,0,0,"- ","- ",37.768749237060547,-122.40644836425781,"SAN FRANCISCO","SAN FRANCISCO",-122.406494140625,37.768688201904297
90989962,2019,2019-05-16,9335,2019-05-06,2140,021301,,1,2,7,3801,0,1,1,,2,023,"I-280 S/B TO GENEVA AVE","GENEVA AVE",48.00,N,N,A,-,Y,,,280,,,,R,,S,Y,4,0,1,3,A,-,03,22350,,M,C,C,A,A,H,-,D,A,0,,,,,Y,,A,08,0,0,1,0,0,0,0,0,0,"- ","- ",37.721599578857422,-122.44830322265625,"SAN FRANCISCO","SAN FRANCISCO",-122.44830322265625,37.721599578857422
90990762,2019,2019-05-17,9335,2019-05-10,1830,017672,,5,2,7,3801,0,1,1,,2,080,"I-80 E/B","2ND STREET U/C",245.00,W,N,A,-,Y,,,80,,,,,,E,N,4,0,1,2,A,-,00,23350,,N,C,C,A,A,H,-,A,D,0,,,Y,,Y,,C,02,0,0,1,0,0,0,0,0,1,"- ","- ",37.783149719238281,-122.39511871337891,"SAN FRANCISCO","SAN FRANCISCO",-122.39511108398438,37.783134460449219
90992781,2019,2019-05-21,9350,2019-05-06,1723,022133,,1,2,7,3801,0,1,2,,2,020,"US-101 N/B","GGB SOUTH TOWER",500.00,S,N,B,-,Y,,,101,,,,,,N,N,4,0,1,3,A,-,03,22350,,N,C,C,A,A,H,-,A,D,0,,,,,Y,,A,07,0,0,1,0,0,0,0,0,0,"- ","- ",37.81256103515625,-122.47765350341797,"SAN FRANCISCO","SAN FRANCISCO",-122.47776031494141,37.812545776367188
90997438,2019,2019-05-28,9335,2019-05-17,2100,019434,,5,2,7,3801,0,1,1,,2,080,"I-80 W/B","FREMONT ST. OFF-RAMP",550.00,W,N,A,-,Y,,,80,,,,,,W,N,4,0,2,2,A,-,03,22350,,N,C,C,A,A,H,-,C,D,0,,,,,Y,,A,01,0,0,2,0,0,0,0,0,0,"- ","- ",37.784198760986328,-122.39409637451172,"SAN FRANCISCO","SAN FRANCISCO",-122.39408874511719,37.784183502197266
91001617,2019,2019-06-03,9335,2019-05-24,0740,021700,,5,1,7,3801,0,1,1,,2,023,"I-280 N/B","I-280 N/B FROM MONTEREY BLVD O/C",530.00,N,N,A,-,Y,,,280,,,,,,N,Y,4,0,1,2,A,-,03,22350,,N,C,C,A,A,H,-,A,D,0,,,,,Y,Y,A,01,0,0,1,0,0,0,0,0,0,"- ","- ",37.731670379638672,-122.43354034423828,"SAN FRANCISCO","SAN FRANCISCO",-122.43354797363281,37.731700897216797
9100485,2020,2020-06-12,3801,2020-02-24,0930,917,TRAFF,1,5,7,3801,0,0,0,,0,4B5E,"SOUTH VAN NESS AV","HOWARD ST",40.00,S,N,A,-,N,,,,,,,,,,N,4,0,1,2,B,-,22,,,N,G,B,F,A,H,-,A,D,0,Y,,,,Y,,A,01,0,0,1,0,1,0,0,0,0,"- ","- ",,,"SAN FRANCISCO","SAN FRANCISCO",-122.41765594482422,37.770233154296875
9101223,2020,2020-10-29,3801,2020-05-16,1746,2443,BAYVI,6,5,7,3801,0,0,0,,0,3C15D,"FITZGERALD AV","KEITH  ST",22.00,E,N,A,-,N,,,,,,,,,,N,2,0,1,2,A,-,10,21954,B,N,G,B,E,A,H,-,A,A,0,Y,,,,Y,,I,20,1,0,0,0,1,0,0,0,0,"- ","- ",,,"SAN FRANCISCO","SAN FRANCISCO",-122.39498138427734,37.723014831542969
91013744,2019,2019-06-20,9335,2019-05-29,0922,022032,,3,1,7,3801,0,1,1,,2,023,"I-280 N/B","SAN BRUNO AVE",1930.00,S,N,A,-,Y,,,280,,,,,,N,N,4,0,1,2,A,-,07,21658,A,F,C,C,A,A,H,-,A,D,0,,,,,Y,,-,99,0,0,1,0,0,0,0,0,0,"- ","- ",37.732700347900391,-122.41326141357422,"SAN FRANCISCO","SAN FRANCISCO",-122.41326904296875,37.732715606689453
9101773,2020,2020-08-03,3801,2020-04-10,0124,1332,NORTH,5,5,7,3801,0,0,0,,0,3E13E,"POLK ST","BUSH ST",32.00,S,N,A,-,N,,,,,,,,,,Y,4,0,1,2,A,-,03,22350,,F,C,C,A,A,H,-,C,D,0,,,,,Y,,A,07,0,0,1,0,0,0,0,0,0,"- ","- ",,,"SAN FRANCISCO","SAN FRANCISCO",-122.42028045654297,37.788604736328125
9101774,2020,2020-08-03,3801,2020-04-30,1652,1351,SOUTH,4,5,7,3801,0,0,0,,0,3B13D,"8TH ST","MINNA ST",0.00,,Y,A,-,N,,,,,,,,,,N,3,0,1,2,A,-,03,22350,,N,H,A,A,A,H,-,A,D,0,,Y,,,Y,,L,04,0,1,0,0,0,0,1,0,0,"- ","- ",,,"SAN FRANCISCO","SAN FRANCISCO",-122.41259765625,37.777050018310547
9101776,2020,2020-08-03,3801,2020-04-30,1315,386,MISSI,4,5,7,3801,0,0,0,,0,3D14C,"VALENCIA ST","BROSNAN ST",0.00,,Y,A,-,N,,,,,,,,,,N,4,0,1,2,A,-,09,21801,A,N,D,G,A,A,H,-,A,D,0,,Y,,,Y,,A,01,0,0,1,0,0,0,1,0,0,"- ","- ",,,"SAN FRANCISCO","SAN FRANCISCO",-122.42224884033203,37.768768310546875
9101844,2020,2020-08-11,3801,2020-04-14,1832,1750,,2,5,7,3801,0,0,0,,0,901,"JERROLD AVE","BARNEVELD ST",49.00,W,N,A,-,N,,,,,,,,,,N,4,0,1,2,A,-,17,21209,A,N,C,G,A,A,H,-,A,D,0,,Y,,,Y,,A,01,0,0,1,0,0,0,1,0,0,"- ","- ",,,"SAN FRANCISCO","SAN FRANCISCO",-122.40276336669922,37.746467590332031
91021206,2019,2019-08-05,9335,2019-06-22,2245,021672,,6,3,7,3801,0,1,1,,1,081,"I-80 W/B","YERBA BUENA TUNNEL WEST EDGE",285.00,W,N,A,-,Y,,,80,,,,,,W,Y,4,0,1,2,A,-,08,22107,,N,D,C,A,A,H,-,C,D,0,,,,,Y,,A,07,0,0,1,0,0,0,0,0,0,"- ","- ",37.8084716796875,-122.36701202392578,"SAN FRANCISCO","SAN FRANCISCO",-122.36688995361328,37.808353424072266
91021366,2019,2019-07-01,9335,2019-06-24,0800,021700,,1,1,7,3801,0,1,2,,2,013,"US-101 N/B","BAYSHORE BLVD. O/C",600.00,S,N,A,-,Y,,,101,,,,,,N,Y,3,0,1,2,A,-,03,22350,,N,C,C,A,A,H,-,A,D,0,,,Y,,Y,,C,02,0,1,0,0,0,0,0,0,1,"- ","- ",37.714458465576172,-122.39736938476562,"SAN FRANCISCO","SAN FRANCISCO",-122.39739990234375,37.714435577392578
91024324,2019,2019-07-04,9335,2019-06-26,1745,020991,,3,2,7,3801,0,1,2,,2,013,"US-101 N/B","PAUL AVE. U/C",213.00,N,N,A,-,Y,,,101,,,,,,N,N,4,0,1,4,A,-,03,22350,,N,C,C,A,A,H,-,A,D,0,,,,,Y,,A,01,0,0,1,0,0,0,0,0,0,"- ","- ",37.724288940429688,-122.40132904052734,"SAN FRANCISCO","SAN FRANCISCO",-122.40131378173828,37.724296569824219
91025517,2019,2019-07-08,9335,2019-06-29,0020,022241,,6,3,7,3801,0,1,2,,2,013,"US-101 S/B","BAYSHORE BLVD O/C",1950.00,N,N,A,-,Y,,,101,,,,,,S,Y,3,0,1,2,A,-,03,22350,,N,C,C,A,A,H,-,D,D,0,,,,,Y,Y,A,07,0,1,0,0,0,0,0,0,0,"- ","- ",37.721019744873047,-122.40030670166016,"SAN FRANCISCO","SAN FRANCISCO",-122.40030670166016,37.721023559570312
91025546,2019,2019-07-08,9335,2019-06-30,1300,021147,,7,1,7,3801,0,1,1,,2,080,"I-80 E/B","6TH ST",51.00,W,N,A,-,Y,,,80,,,,,,E,Y,3,0,1,1,A,-,03,22350,,N,F,A,A,A,H,-,A,D,0,,,Y,,Y,,C,02,0,1,0,0,0,0,0,0,1,"- ","- ",37.776741027832031,-122.40376281738281,"SAN FRANCISCO","SAN FRANCISCO",-122.40375518798828,37.776737213134766
91030193,2019,2019-07-15,9335,2019-06-30,0935,020658,,7,1,7,3801,0,1,1,,1,083,"I-80 E/B TO TREASURE ISLAND ROAD","TREASURE ISLAND OFFRAMP PHYSICAL GORE PT",75.00,E,N,A,-,Y,,,80,,,,R,,E,Y,4,0,1,1,A,-,08,22107,,N,E,I,A,A,H,-,A,D,0,,,,,Y,,A,01,0,0,1,0,0,0,0,0,0,"- ","- ",37.808940887451172,-122.36683654785156,"SAN FRANCISCO","SAN FRANCISCO",-122.36683654785156,37.808940887451172
91030263,2019,2019-07-15,9335,2019-06-19,0257,022271,,3,3,7,3801,0,1,2,,2,013,"US-101 SOUTHBOUND","CESAR CHAVEZ ST",535.00,S,N,A,-,Y,,,101,,,,,,S,N,3,0,2,2,A,-,03,22350,,N,D,C,A,A,H,-,C,D,0,,,,,Y,Y,A,01,0,1,1,0,0,0,0,0,0,"- ","- ",37.747760772705078,-122.40342712402344,"SAN FRANCISCO","SAN FRANCISCO",-122.40425109863281,37.748023986816406
91031000,2019,2019-10-03,9335,2019-01-07,2345,021474,,1,3,7,3801,0,1,1,,1,083,"I-80 E/B","BEALE ST. U/C",774.00,W,N,A,-,Y,,,80,,,,,,E,N,1,1,0,6,A,-,11,21954,A,M,G,B,E,A,H,-,C,D,0,Y,,,,Y,,N,60,0,0,0,1,0,0,0,0,0,"- ","- ",37.785251617431641,-122.3922119140625,"SAN FRANCISCO","SAN FRANCISCO",-122.39218139648438,37.785198211669922
91032301,2019,2019-07-17,9335,2019-07-05,1545,022037,,5,2,7,3801,0,1,2,,2,013,"101 S/B FROM CESAR CHAVEZ STREET","FAITH ST. PEDESTRIAN O/C",1580.00,N,N,A,-,Y,,,,,,,,,,Y,4,0,3,2,B,-,22,,,F,B,C,A,A,H,-,A,D,0,,,,,Y,,A,01,0,0,3,0,0,0,0,0,0,"- ","- ",37.748180389404297,-122.40444183349609,"SAN FRANCISCO","SAN FRANCISCO",,
91034131,2019,2019-07-19,9335,2019-07-09,0845,022249,,2,1,7,3801,0,1,1,,1,081,"I-80 W/B","I-80 W/B TO HARRISON STREET",50.00,W,N,B,-,Y,,,80,,,,,,W,N,4,0,1,3,A,-,03,22350,,N,C,C,A,A,H,-,A,D,0,,,,,Y,,D,22,0,0,1,0,0,0,0,0,0,"- ","- ",37.785629272460938,-122.39166259765625,"SAN FRANCISCO","SAN FRANCISCO",-122.39158630371094,37.785511016845703
9103445,2020,2020-08-04,3801,2020-04-27,2053,1660,SOUTH,1,5,7,3801,0,0,0,,0,3B14D,"OTIS ST","MCCOPPIN ST",0.00,,Y,A,-,N,,,,,,,,,,N,4,0,1,2,C,-,18,,,N,G,B,E,A,H,-,C,A,0,Y,,,,Y,,-,"- ",0,0,1,0,1,0,0,0,0,"- ","- ",,,"SAN FRANCISCO","SAN FRANCISCO",-122.42032623291016,37.771778106689453
9103486,2020,2020-08-14,3801,2020-04-25,1441,1062,MISSI,6,5,7,3801,0,0,0,,0,3D3C,"24TH ST","MISSION ST",0.00,,Y,A,-,N,,,,,,,,,,N,4,0,1,2,A,-,00,22101,C,F,D,G,A,A,H,-,A,A,0,,Y,,,Y,,A,01,0,0,1,0,0,0,1,0,0,"- ","- ",,,"SAN FRANCISCO","SAN FRANCISCO",-122.41848754882812,37.75225830078125
91036787,2019,2019-07-24,9335,2019-07-13,1100,022179,,6,1,7,3801,0,1,1,,1,081,"I-80 W/B","THE EMBARCADERO ST UNDERCROSSING",3654.00,E,N,A,-,Y,,,80,,,,,,W,Y,3,0,2,2,A,-,03,22350,,N,C,C,A,A,H,-,A,D,0,,,,,Y,,A,01,0,2,0,0,0,0,0,0,0,"- ","- ",37.796459197998047,-122.37960815429688,"SAN FRANCISCO","SAN FRANCISCO",-122.37969970703125,37.796554565429688
91040084,2019,2019-07-29,9335,2019-06-07,1021,022179,,5,1,7,3801,0,1,1,,2,023,"I-280 N/B TO US-101 N/B","ALEMANY BLVD. O/C",1372.00,N,N,A,-,Y,,,280,,,,R,,N,Y,4,0,2,4,A,-,03,22350,,N,C,C,A,A,H,-,A,D,0,,,,,Y,,A,01,0,0,2,0,0,0,0,0,0,"- ","- ",37.73406982421875,-122.41024017333984,"SAN FRANCISCO","SAN FRANCISCO",-122.41024017333984,37.73406982421875
91040095,2019,2019-07-29,9335,2019-06-24,0105,022096,,1,3,7,3801,0,1,1,,1,083,"I-80 E/B","THE EMBARCADERO",1865.00,E,N,B,-,Y,,,80,,,,,,E,Y,3,0,3,2,A,-,01,23152,A,N,C,C,A,A,H,-,C,D,0,,,,,Y,Y,A,07,0,1,2,0,0,0,0,0,0,"- ","- ",37.792888641357422,-122.3837890625,"SAN FRANCISCO","SAN FRANCISCO",-122.38359069824219,37.792697906494141
91044003,2019,2019-08-02,9335,2019-07-24,0715,022326,,3,1,7,3801,0,1,2,,2,014,"US-101 N/B","SILVER AVE",1320.00,N,N,A,-,Y,,,101,,,,,,N,Y,3,0,1,1,A,-,03,22350,,N,F,A,A,A,H,-,A,D,0,,,Y,,Y,,C,02,0,1,0,0,0,0,0,0,1,"- ","- ",37.736061096191406,-122.40721893310547,"SAN FRANCISCO","SAN FRANCISCO",-122.40719604492188,37.736076354980469