CASE_ID,ACCIDENT_YEAR,PROC_DATE,JURIS,COLLISION_DATE,COLLISION_TIME,OFFICER_ID,REPORTING_DISTRICT,DAY_OF_WEEK,CHP_SHIFT,POPULATION,CNTY_CITY_LOC,SPECIAL_COND,BEAT_TYPE,CHP_BEAT_TYPE,CITY_DIVISION_LAPD,CHP_BEAT_CLASS,BEAT_NUMBER,PRIMARY_RD,SECONDARY_RD,DISTANCE,DIRECTION,INTERSECTION,WEATHER_1,WEATHER_2,STATE_HWY_IND,CALTRANS_COUNTY,CALTRANS_DISTRICT,STATE_ROUTE,ROUTE_SUFFIX,POSTMILE_PREFIX,POSTMILE,LOCATION_TYPE,RAMP_INTERSECTION,SIDE_OF_HWY,TOW_AWAY,COLLISION_SEVERITY,NUMBER_KILLED,NUMBER_INJURED,PARTY_COUNT,PRIMARY_COLL_FACTOR,PCF_CODE_OF_VIOL,PCF_VIOL_CATEGORY,PCF_VIOLATION,PCF_VIOL_SUBSECTION,HIT_AND_RUN,TYPE_OF_COLLISION,MVIW,PED_ACTION,ROAD_SURFACE,ROAD_COND_1,ROAD_COND_2,LIGHTING,CONTROL_DEVICE,CHP_ROAD_TYPE,PEDESTRIAN_ACCIDENT,BICYCLE_ACCIDENT,MOTORCYCLE_ACCIDENT,TRUCK_ACCIDENT,NOT_PRIVATE_PROPERTY,ALCOHOL_INVOLVED,STWD_VEHTYPE_AT_FAULT,CHP_VEHTYPE_AT_FAULT,COUNT_SEVERE_INJ,COUNT_VISIBLE_INJ,COUNT_COMPLAINT_PAIN,COUNT_PED_KILLED,COUNT_PED_INJURED,COUNT_BICYCLIST_KILLED,COUNT_BICYCLIST_INJURED,COUNT_MC_KILLED,COUNT_MC_INJURED,PRIMARY_RAMP,SECONDARY_RAMP,LATITUDE,LONGITUDE,COUNTY,CITY,POINT_X,POINT_Y
9136991,2020,2020-09-22,3801,2020-07-25,1624,323,CENTR,6,5,7,3801,0,0,0,,0,3A11D,"LARKIN ST","CLAY ST",0.00,,Y,A,-,N,,,,,,,,,,Y,4,0,1,2,A,-,12,22450,A,N,D,C,A,A,A,H,A,-,0,,,,,Y,,D,22,0,0,1,0,0,0,0,0,0,"- ","- ",,,"SAN FRANCISCO","SAN FRANCISCO",-122.41941070556641,37.792591094970703
91371546,2020,2020-12-21,9335,2020-12-10,2327,022416,,4,3,7,3801,0,1,2,,2,014,"US-101 S/B","23RD STREET OVERCROSSING",232.00,N,N,A,-,Y,,,101,,,,,,S,Y,4,0,1,2,C,-,18,,,N,A,C,A,A,H,-,D,D,0,,,,,Y,,-,"- ",0,0,1,0,0,0,0,0,0,"- ","- ",37.755210876464844,-122.40316772460938,"SAN FRANCISCO","SAN FRANCISCO",-122.40320587158203,37.755207061767578
9137179,2020,2020-09-03,3801,2020-06-22,1640,513,BAYVI,1,5,7,3801,0,0,0,,0,901,"WILLIAMS AV","CERES ST",0.00,,Y,A,-,N,,,,,,,,,,Y,4,0,1,3,A,-,21,22106,,M,-,E,A,H,H,-,A,D,0,,,,,Y,,A,01,0,0,1,0,0,0,0,0,0,"- ","- ",,,"SAN FRANCISCO","SAN FRANCISCO",-122.39447021484375,37.729530334472656
9137374,2020,2020-09-24,3801,2020-07-21,1318,577,TARAV,2,5,7,3801,0,0,0,,0,016,"GRANADA AV","GRAFTON AV",193.00,S,N,A,-,N,,,,,,,,,,Y,4,0,1,1,A,-,03,22350,,N,E,I,A,A,H,-,A,D,0,,,,,Y,,A,01,0,0,1,0,0,0,0,0,0,"- ","- ",,,"SAN FRANCISCO","SAN FRANCISCO",-122.4571533203125,37.719490051269531
91373777,2020,2020-12-23,9335,2020-12-14,0351,022416,,1,3,7,3801,0,1,1,,2,023,"I-280 S/B","MISSION STREET OVERCROSSING",529.00,S,N,A,-,Y,,,280,,,,,,S,Y,4,0,1,1,A,-,08,22107,,N,E,I,A,A,H,-,D,D,0,,,,,Y,Y,A,01,0,0,1,0,0,0,0,0,0,"- ","- ",37.732460021972656,-122.42997741699219,"SAN FRANCISCO","SAN FRANCISCO",-122.42999267578125,37.732315063476562
91373950,2020,2020-12-23,9335,2020-12-21,1145,021328,,1,1,7,3801,0,1,2,,2,014,"US-101 S/B","23RD ST O/C",95.00,N,N,A,-,Y,,,101,,,,,,S,Y,4,0,1,2,A,-,03,22350,,N,C,C,A,A,H,-,A,D,0,,,,,Y,,A,01,0,0,1,0,0,0,0,0,0,"- ","- ",37.754829406738281,-122.40325164794922,"SAN FRANCISCO","SAN FRANCISCO",-122.40316772460938,37.754837036132812
9137442,2020,2020-09-23,3801,2020-07-26,1357,001460,SOUTH,7,5,7,3801,0,0,0,,0,,"16TH ST","RHODE ISLAND ST",0.00,,Y,A,-,N,,,,,,,,,,,3,0,1,1,A,-,08,22107,,N,E,I,A,A,H,-,A,D,0,,,Y,,Y,,C,02,0,1,0,0,0,0,0,0,1,"- ","- ",,,"SAN FRANCISCO","SAN FRANCISCO",-122.40267944335938,37.766098022460938
91374516,2020,2020-12-24,9335,2020-12-16,1545,020991,,3,2,7,3801,0,1,2,,2,014,"US-101 N/B","23RD ST. OVER CROSSING",185.00,N,N,A,-,Y,,,101,,,,,,N,Y,4,0,1,3,A,-,03,22350,,N,C,C,A,A,H,-,A,D,0,,,,,Y,,A,01,0,0,1,0,0,0,0,0,0,"- ","- ",37.755081176757812,-122.40309143066406,"SAN FRANCISCO","SAN FRANCISCO",-122.40298461914062,37.755088806152344
9137452,2020,2020-09-23,3801,2020-07-23,1430,307,INGLE,4,5,7,3801,0,0,0,,0,3H11D,"ALEMANY BL","STONEYBROOK AV",850.00,N,N,A,-,N,,,,,,,,,,N,4,0,1,2,A,-,08,22107,,N,B,C,A,A,H,-,A,D,0,,,,,Y,,-,,0,0,1,0,0,0,0,0,0,"- ","- ",,,"SAN FRANCISCO","SAN FRANCISCO",-122.41885375976562,37.731700897216797
9137455,2020,2020-09-23,3801,2020-07-12,1202,834,MISSI,7,5,7,3801,0,0,0,,0,3D44C,"POTRERO AV","25TH ST",0.00,,Y,A,-,N,,,,,,,,,,N,4,0,1,2,A,-,05,21650,1,N,D,G,A,A,H,-,A,A,0,,Y,,,Y,,L,04,0,0,1,0,0,0,1,0,0,"- ","- ",,,"SAN FRANCISCO","SAN FRANCISCO",-122.40619659423828,37.751739501953125
9137521,2020,2020-09-25,3801,2020-07-08,2313,377,SOUTH,3,5,7,3801,0,0,0,,0,03B,"7TH ST","NATOMA ST",0.00,,Y,A,-,N,,,,,,,,,,Y,3,0,1,2,D,-,00,,,N,D,C,A,A,H,-,C,A,0,,,,,Y,,-,"- ",0,1,0,0,0,0,0,0,0,"- ","- ",,,"SAN FRANCISCO","SAN FRANCISCO",-122.40989685058594,37.778400421142578
9137530,2020,2020-09-25,3801,2020-07-08,0855,1396,SOUTH,3,5,7,3801,0,0,0,,0,3B12A,"4TH ST","BRYANT ST",0.00,,Y,A,-,N,,,,,,,,,,Y,4,0,1,1,C,-,18,,,N,E,I,A,A,A,-,A,A,0,,,,,Y,,-,"- ",0,0,1,0,0,0,0,0,0,"- ","- ",,,"SAN FRANCISCO","SAN FRANCISCO",-122.3980712890625,37.779571533203125
9137531,2020,2020-09-25,3801,2020-07-14,1048,1250,SOUTH,2,5,7,3801,0,0,0,,0,3B15A,"TOWNSEND ST","TOWNSEND ST 350",0.00,,Y,A,-,N,,,,,,,,,,N,2,0,1,2,A,-,09,21804,A,N,B,-,A,-,H,-,A,D,0,,Y,,,Y,,L,04,1,0,0,0,0,0,1,0,0,"- ","- ",,,"SAN FRANCISCO","SAN FRANCISCO",,
91379292,2021,2021-01-04,9335,2021-01-01,0850,021222,,5,1,7,3801,0,1,2,,2,015,"US-101 SOUTHBOUND TO I-80 EASTBOUND","DIVISION STREET",160.00,N,N,A,-,Y,,,101,,,,R,,S,N,4,0,1,1,A,-,08,22107,,N,E,J,A,A,H,-,A,D,0,,,,,Y,,A,01,0,0,1,0,0,0,0,0,0,"- ","- ",37.769901275634766,-122.40538024902344,"SAN FRANCISCO","SAN FRANCISCO",-122.40538024902344,37.769901275634766
9138685,2020,2020-09-25,3801,2020-07-13,1259,1394,TARAV,1,5,7,3801,0,0,0,,0,003,"47TH AV","VICENTE ST",274.00,N,N,B,-,N,,,,,,,,,,Y,3,0,2,5,A,-,03,22350,,N,D,C,A,-,H,-,A,D,0,,,,,Y,,A,01,0,1,1,0,0,0,0,0,0,"- ","- ",,,"SAN FRANCISCO","SAN FRANCISCO",-122.5054931640625,37.738750457763672
9138698,2020,2020-09-24,3801,2020-07-13,1313,386,MISSI,1,5,7,3801,0,0,0,,0,3D14C,"MARKET ST","HATTIE ST",0.00,,Y,A,-,N,,,,,,,,,,N,2,0,1,2,A,-,03,22350,,N,D,G,A,A,H,-,A,D,0,,Y,,,Y,,L,04,1,0,0,0,0,0,1,0,0,"- ","- ",,,"SAN FRANCISCO","SAN FRANCISCO",-122.44098663330078,37.761081695556641
9138708,2020,2020-09-24,3801,2020-07-10,2211,1357,RICHM,5,5,7,3801,0,0,0,,0,3G12E,"MARTIN LUTHER KING JR DR","CROSSOVER DR",0.00,,Y,A,-,N,,,,,,,,,,N,3,0,1,2,A,-,09,21801,A,N,D,G,A,A,H,-,C,A,0,,Y,,,Y,,-,,0,1,0,0,0,0,1,0,0,"- ","- ",,,"SAN FRANCISCO","SAN FRANCISCO",-122.47737884521484,37.766040802001953
9138710,2020,2020-09-24,3801,2020-07-10,2241,1017,MISSI,5,5,7,3801,0,0,0,,0,3D15E,"CESAR CHAVEZ ST",HAMPSHIRE,37.00,E,N,A,-,N,,,,,,,,,,N,2,0,2,4,A,-,11,21954,A,N,H,I,D,A,H,-,C,D,0,Y,,Y,,Y,,N,60,1,1,0,0,0,0,0,0,2,"- ","- ",,,"SAN FRANCISCO","SAN FRANCISCO",-122.40664672851562,37.748813629150391
9138712,2020,2020-09-24,3801,2020-07-11,1820,899,MISSI,6,5,7,3801,0,0,0,,0,3D11D,"CHULA LN","DOLORES ST",0.00,,Y,A,-,N,,,,,,,,,,N,3,0,1,2,A,-,08,22107,,F,A,G,A,A,H,-,A,D,0,,Y,,,Y,,A,01,0,1,0,0,0,0,1,0,0,"- ","- ",,,"SAN FRANCISCO","SAN FRANCISCO",-122.42637634277344,37.763938903808594
9138722,2020,2020-10-01,3801,2020-07-26,2305,1622,SOUTH,7,5,7,3801,0,0,0,,0,3B12E,"6TH ST","BRYANT ST",0.00,,Y,A,-,N,,,,,,,,,,N,4,0,1,2,A,-,12,21453,A,F,A,C,A,A,H,-,C,A,0,,,,,Y,,A,01,0,0,1,0,0,0,0,0,0,"- ","- ",,,"SAN FRANCISCO","SAN FRANCISCO",-122.40249633789062,37.776058197021484
9138815,2020,2020-09-28,3801,2020-07-05,0603,1487,TRAFF,7,5,7,3801,0,0,0,,0,4B1C,"TREASURE ISLAND RD","LIGHT POLE#R28",0.00,,N,A,-,N,,,,,,,,,,Y,2,0,2,3,A,-,05,21752,A,N,A,C,A,A,H,-,B,D,0,,,,,Y,,A,01,1,1,0,0,0,0,0,0,0,"- ","- ",,,"SAN FRANCISCO","SAN FRANCISCO",,
9138821,2020,2020-09-24,3801,2020-07-02,0827,748,CENTR,4,5,7,3801,0,0,0,,0,1CAR,"LEAVENWORTH ST","POST ST",0.00,,Y,A,-,N,,,,,,,,,,N,3,0,1,2,A,-,11,21954,A,N,G,B,B,A,H,-,A,A,0,Y,,,,Y,,N,60,0,1,0,0,1,0,0,0,0,"- ","- ",,,"SAN FRANCISCO","SAN FRANCISCO",-122.41499328613281,37.787448883056641
9138823,2020,2020-09-24,3801,2020-07-02,1126,4102,SOUTH,4,5,7,3801,0,0,0,,0,0B3,"HOWARD ST","RAUSCH ST",17.00,E,N,A,-,N,,,,,,,,,,N,4,0,1,2,A,-,05,21650,1,N,D,G,A,A,H,-,A,A,0,,Y,,,Y,,L,04,0,0,1,0,0,0,1,0,0,"- ","- ",,,"SAN FRANCISCO","SAN FRANCISCO",-122.41043090820312,37.777133941650391
9138828,2020,2020-09-24,3801,2020-07-03,1730,2017,MISSI,5,5,7,3801,0,0,0,,0,3D11D,"CASTRO ST","ALVARADO ST",0.00,,Y,A,-,N,,,,,,,,,,N,4,0,1,2,A,-,12,22450,A,N,D,C,A,A,H,-,A,A,0,,,,,Y,,A,01,0,0,1,0,0,0,0,0,0,"- ","- ",,,"SAN FRANCISCO","SAN FRANCISCO",-122.43430328369141,37.753681182861328
91388947,2020,2021-01-22,9335,2020-06-27,1330,022266,,6,1,7,3801,0,1,2,,2,013,"US-101 S/B","ALANA WAY",494.00,N,N,A,-,Y,,,101,,,,,,S,Y,2,0,1,2,A,-,08,22107,,F,D,C,A,A,H,-,A,D,0,,,,,Y,,A,01,1,0,0,0,0,0,0,0,0,"- ","- ",37.710178375244141,-122.39555358886719,"SAN FRANCISCO","SAN FRANCISCO",-122.39554595947266,37.710182189941406
9138925,2020,2020-10-09,3801,2020-07-04,1025,,SOUTH,6,5,7,3801,0,0,0,,0,3B13A,"BRYANT ST","4TH ST",0.00,,Y,A,-,N,,,,,,,,,,N,4,0,1,2,A,-,17,22517,,N,B,E,A,A,H,-,A,A,0,,,,,Y,,-,,0,0,1,0,0,0,0,0,0,"- ","- ",,,"SAN FRANCISCO","SAN FRANCISCO",-122.3980712890625,37.779571533203125
9138940,2020,2020-10-09,3801,2020-07-18,0759,1478,NORTH,6,5,7,3801,0,0,0,,0,0E2,"FULTON ST","LAGUNA ST",0.00,,Y,A,-,N,,,,,,,,,,N,3,0,1,1,A,-,03,22350,A,N,F,I,A,A,H,-,A,A,0,,Y,,,Y,,L,04,0,1,0,0,0,0,1,0,0,"- ","- ",,,"SAN FRANCISCO","SAN FRANCISCO",-122.42664337158203,37.778331756591797
9138942,2020,2020-09-24,3801,2020-07-17,2251,1833,TARAV,5,5,7,3801,0,0,0,,0,3I11E,"KIRKHAM ST","34TH AV",0.00,,Y,A,-,N,,,,,,,,,,N,3,0,1,2,A,-,03,22350,,N,C,E,A,A,H,-,C,-,0,,Y,,,Y,,L,04,0,1,0,0,0,0,1,0,0,"- ","- ",,,"SAN FRANCISCO","SAN FRANCISCO",-122.49292755126953,37.759128570556641
91389732,2021,2021-01-18,9335,2021-01-08,1407,021736,,5,2,7,3801,0,1,2,,2,013,"US-101 N/B","PAUL AVE",1164.00,S,N,A,-,Y,,,101,,,,,,N,Y,3,0,1,2,C,-,18,,,N,C,C,A,A,H,-,A,D,0,,,,,Y,,-,"- ",0,1,0,0,0,0,0,0,0,"- ","- ",37.720588684082031,-122.39987945556641,"SAN FRANCISCO","SAN FRANCISCO",-122.39987945556641,37.720588684082031
91390207,2020,2021-01-18,9335,2020-12-29,2317,021312,,2,3,7,3801,0,1,2,,2,014,"US-101 S/B","25TH STREET PED O/C",547.00,S,N,A,-,Y,,,101,,,,,,S,Y,3,0,2,4,A,-,03,22350,,M,C,C,A,A,D,-,D,D,0,,,,,Y,,A,01,0,1,1,0,0,0,0,0,0,"- ","- ",37.750858306884766,-122.40337371826172,"SAN FRANCISCO","SAN FRANCISCO",-122.40333557128906,37.750846862792969
91390833,2021,2021-01-19,9335,2021-01-16,1618,020658,,6,2,7,3801,0,1,1,,1,083,"I-80 E/B","YERBA BUENA ISLAND TUNNEL",4752.00,E,N,A,-,Y,,,80,,,,,,E,Y,3,0,1,1,A,-,03,22350,,N,F,I,A,A,H,-,A,D,0,,,Y,,Y,,C,02,0,1,0,0,0,0,0,0,1,"- ","- ",37.818698883056641,-122.35122680664062,"SAN FRANCISCO","SAN FRANCISCO",-122.3511962890625,37.818561553955078
91391942,2021,2021-01-21,9335,2021-01-14,1800,021886,,4,2,7,3801,0,1,2,,2,013,"US-101 S/B TO PAUL AVENUE","SAN BRUNO AVE.",58.00,N,N,A,-,Y,,,101,,,,R,,S,N,4,0,1,2,A,-,07,21658,A,N,B,C,A,A,H,-,C,D,0,,,,,Y,,A,01,0,0,1,0,0,0,0,0,0,"- ","- ",37.721790313720703,-122.40088653564453,"SAN FRANCISCO","SAN FRANCISCO",-122.40088653564453,37.721790313720703
91392599,2021,2021-01-22,9335,2021-01-17,0410,022179,,7,3,7,3801,0,1,1,,2,022,"I-280 S/B","SICKLES AVENUE UNDERCROSSING",404.00,N,N,A,-,Y,,,280,,,,,,S,Y,3,0,1,1,A,-,01,23152,A,N,E,I,A,A,H,-,C,D,0,,,,,Y,Y,A,01,0,1,0,0,0,0,0,0,0,"- ","- ",37.711799621582031,-122.45449066162109,"SAN FRANCISCO","SAN FRANCISCO",-122.45440673828125,37.711681365966797
91393083,2021,2021-01-25,9335,2021-01-16,0016,022179,,6,3,7,3801,0,1,1,,1,081,"I-80 W/B","MAIN STREET UNDERCROSING",160.00,E,N,A,-,Y,,,80,,,,,,W,Y,4,0,1,2,A,-,03,22350,,N,D,C,A,A,H,-,C,D,0,,,Y,,Y,,A,01,0,0,1,0,0,0,0,0,0,"- ","- ",37.787940979003906,-122.38880157470703,"SAN FRANCISCO","SAN FRANCISCO",-122.38871002197266,37.787841796875
91395088,2021,2021-01-27,9335,2021-01-16,1515,021099,,6,2,7,3801,0,1,1,,2,022,"I-280 N/B","GENEVA AVE",1300.00,S,N,A,-,Y,,,280,,,,,,N,Y,3,0,1,3,A,-,07,21658,A,N,B,C,A,A,H,-,A,D,0,,,,,Y,,A,01,0,1,0,0,0,0,0,0,0,"- ","- ",37.717571258544922,-122.44844818115234,"SAN FRANCISCO","SAN FRANCISCO",-122.44852447509766,37.717586517333984
9139674,2020,2020-09-18,3801,2020-07-28,1402,878,CENTR,2,5,7,3801,0,0,0,,0,3A11C2,"LARKINS T","SUTTER ST",0.00,,Y,A,-,N,,,,,,,,,,N,4,0,1,2,A,-,10,21950,A,N,G,B,B,A,H,-,A,A,0,Y,,,Y,Y,,F,55,0,0,1,0,1,0,0,0,0,"- ","- ",,,"SAN FRANCISCO","SAN FRANCISCO",,
91398538,2021,2021-01-29,9335,2021-01-26,1135,021916,,2,1,7,3801,0,1,2,,2,013,"US-101 S/B","FAITH STREET PEDESTRIAN OVERCROSSING",360.00,N,N,A,-,Y,,,101,,,,,,S,Y,4,0,1,2,A,-,07,21658,A,N,B,C,A,A,H,-,A,D,0,,,,,Y,,A,01,0,0,1,0,0,0,0,0,0,"- ","- ",37.744911193847656,-122.40534210205078,"SAN FRANCISCO","SAN FRANCISCO",-122.40528869628906,37.744884490966797
9140269,2020,2020-08-25,3801,2020-05-07,2200,2407,NORTH,4,5,7,3801,0,0,0,,0,3E11E,"OCTAVIA ST","PAGE ST",10.00,N,N,A,-,N,,,,,,,,,,N,4,0,1,2,A,-,03,22350,,F,C,C,A,A,H,-,C,A,0,,,,,Y,,A,01,0,0,1,0,0,0,0,0,0,"- ","- ",,,"SAN FRANCISCO","SAN FRANCISCO",-122.42411804199219,37.773906707763672
91407241,2021,2021-02-11,9335,2021-01-30,1800,017672,,6,2,7,3801,0,1,1,,2,080,"I-80 E/B","4TH STREET OFF-RAMP",465.00,E,N,A,-,Y,,,80,,,,,,E,N,4,0,1,2,A,-,03,22350,,F,C,C,A,A,H,-,C,D,0,,,,,Y,,-,99,0,0,1,0,0,0,0,0,0,"- ","- ",37.779998779296875,-122.39877319335938,"SAN FRANCISCO","SAN FRANCISCO",-122.39878082275391,37.780010223388672
91407597,2021,2021-02-12,9335,2021-02-08,0500,021436,,1,3,7,3801,0,1,1,,1,081,"I-80 W/B","TREASURE ISLAND RD",1320.00,W,N,B,-,Y,,,80,,,,,,W,N,4,0,1,1,C,-,18,,,N,E,J,A,A,G,-,B,D,0,,,,,Y,,-,"- ",0,0,1,0,0,0,0,0,0,"- ","- ",37.806228637695312,-122.36936950683594,"SAN FRANCISCO","SAN FRANCISCO",-122.36927795410156,37.806125640869141
91407628,2021,2021-02-12,9335,2021-02-10,1850,018688,,3,2,7,3801,0,1,2,,2,014,"US-101 S/B","23RD ST",100.00,S,N,A,-,Y,,,101,,,,,,S,N,4,0,1,2,A,-,04,21703,,N,C,C,A,A,H,-,D,D,0,,,,,Y,,A,01,0,0,1,0,0,0,0,0,0,"- ","- ",37.754138946533203,-122.40318298339844,"SAN FRANCISCO","SAN FRANCISCO",-122.40310668945312,37.754146575927734
91408171,2021,2021-02-15,9335,2021-02-12,1335,022525,,5,1,7,3801,0,1,2,,2,013,"US-101 S/B","SILVER AVE",650.00,N,N,A,-,Y,,,101,,,,,,S,Y,4,0,1,2,A,-,07,21658,A,N,C,C,A,A,H,-,A,D,0,,,,,Y,,A,01,0,0,1,0,0,0,0,0,0,"- ","- ",37.734279632568359,-122.40641784667969,"SAN FRANCISCO","SAN FRANCISCO",-122.40634155273438,37.734329223632812
91408177,2021,2021-02-15,9335,2021-02-13,1045,022187,,6,1,7,3801,0,1,1,,2,022,"I-280 S/B","HAVELOCK ST PED OVER-CROSSING",155.00,N,N,A,-,Y,,,280,,,,,,S,Y,4,0,1,2,A,-,03,22350,,N,C,C,A,A,H,-,A,D,0,,,,,Y,,A,01,0,0,1,0,0,0,0,0,0,"- ","- ",37.726959228515625,-122.44548034667969,"SAN FRANCISCO","SAN FRANCISCO",-122.44542694091797,37.726909637451172
91411385,2021,2021-02-19,9335,2021-02-10,0828,021436,,3,1,7,3801,0,1,2,,2,015,"US-101 N/B","16TH ST",30.00,N,N,A,-,Y,,,101,,,,,,N,Y,3,0,3,2,A,-,08,22107,,N,E,I,A,A,H,-,A,D,0,,,,,Y,,A,01,0,1,2,0,0,0,0,0,0,"- ","- ",37.766120910644531,-122.40495300292969,"SAN FRANCISCO","SAN FRANCISCO",-122.40499114990234,37.76611328125
91414728,2021,2021-02-24,9335,2021-02-15,1202,020509,,1,1,7,3801,0,1,1,,1,083,"I-80 EASTBOUND","YERBA BUENA ISL TUNNEL",45.00,E,N,B,C,Y,,,80,,,,,,E,N,4,0,1,3,A,-,03,22350,,N,C,C,A,B,H,-,A,D,0,,,,,Y,,I,20,0,0,1,0,0,0,0,0,0,"- ","- ",37.809089660644531,-122.3662109375,"SAN FRANCISCO","SAN FRANCISCO",-122.36620330810547,37.80908203125
91415037,2021,2021-02-25,9350,2021-02-15,1826,022578,,1,2,7,3801,0,1,2,,2,020,"US-101 S/B","MERCHANT ROAD",5280.00,N,N,B,-,Y,,,101,,,,,,S,Y,3,0,2,2,A,-,03,22350,,N,C,C,A,A,H,-,D,D,0,,,,,Y,,A,01,0,1,1,0,0,0,0,0,0,"- ","- ",37.821678161621094,-122.47882080078125,"SAN FRANCISCO","SAN FRANCISCO",-122.47901916503906,37.8216552734375
91417210,2021,2021-02-26,9335,2021-02-24,1810,021424,,3,2,7,3801,0,1,1,,2,022,"I-280 S/B","GENEVA AVE",100.00,S,N,A,-,Y,,,280,,,,,,S,Y,4,0,1,2,A,-,03,22350,,N,C,C,A,A,H,-,B,D,0,,,,,Y,,A,01,0,0,1,0,0,0,0,0,0,"- ","- ",37.722591400146484,-122.44808959960938,"SAN FRANCISCO","SAN FRANCISCO",-122.44801330566406,37.722572326660156
91420781,2021,2021-03-04,9335,2021-02-22,0740,014455,,1,1,7,3801,0,1,1,,1,083,"I-80 E/B","BEALE ST.",370.00,W,N,A,-,Y,,,80,,,,,,E,Y,4,0,1,2,A,-,17,23114,A,N,E,J,A,A,H,-,A,D,0,,,Y,Y,Y,,F,27,0,0,1,0,0,0,0,0,1,"- ","- ",37.785789489746094,-122.39102935791016,"SAN FRANCISCO","SAN FRANCISCO",-122.39105987548828,37.785839080810547
91421335,2021,2021-03-05,9335,2021-03-02,1645,021886,,2,2,7,3801,0,1,1,,2,022,"I-280 N/B","SAN JOSE AVE. O/C",15.00,S,N,A,-,Y,,,280,,,,,,N,Y,4,0,1,2,A,-,08,22107,,N,B,C,A,A,H,-,A,D,0,,,,,Y,,A,01,0,0,1,0,0,0,0,0,0,"- ","- ",37.718441009521484,-122.44835662841797,"SAN FRANCISCO","SAN FRANCISCO",-122.44841003417969,37.71844482421875
91421608,2019,2021-04-19,9335,2019-04-28,1845,022179,,7,2,7,3801,0,1,1,,1,081,"I-80 W/B","SPEAR ST",120.00,E,N,A,-,Y,,,80,,,,,,W,N,4,0,1,2,A,-,03,22350,,N,C,C,A,A,H,-,A,D,0,,,,,Y,,A,08,0,0,1,0,0,0,0,0,0,"- ","- ",37.788448333740234,-122.38832092285156,"SAN FRANCISCO","SAN FRANCISCO",-122.38819122314453,37.788314819335938
91423689,2021,2021-03-09,9335,2021-03-08,1900,020658,,1,2,7,3801,0,1,1,,2,080,"I-80 E/B","4TH STREET OFF-RAMP",700.00,W,N,A,-,Y,,,80,,,,,,E,N,4,0,2,2,A,-,03,22350,,N,C,C,A,A,H,-,C,D,0,,,,,Y,,A,01,0,0,2,0,0,0,0,0,0,"- ","- ",37.777740478515625,-122.40174865722656,"SAN FRANCISCO","SAN FRANCISCO",-122.40175628662109,37.777744293212891
91425399,2021,2021-03-11,9335,2021-03-10,1235,020509,,3,1,7,3801,0,1,1,,1,081,"I-80 WESTBOUND","YERBA BUENA ISL TUNNEL",7920.00,W,N,B,C,Y,,,80,,,,,,W,Y,4,0,1,2,A,-,03,22350,,M,C,C,A,B,H,-,A,D,0,,,,,Y,,A,07,0,0,1,0,0,0,0,0,0,"- ","- ",37.792560577392578,-122.38414764404297,"SAN FRANCISCO","SAN FRANCISCO",-122.38392639160156,37.792346954345703
91426616,2021,2021-03-15,9335,2021-03-05,1330,022241,,5,1,7,3801,0,1,2,,2,014,"US-101 S/B","23RD STREET OVERCROSSING",101.00,N,N,A,-,Y,,,101,,,,,,S,Y,4,0,1,2,A,-,03,22350,,N,C,C,A,A,H,-,A,D,0,,,,,Y,,A,01,0,0,1,0,0,0,0,0,0,"- ","- ",37.754848480224609,-122.40325927734375,"SAN FRANCISCO","SAN FRANCISCO",-122.40317535400391,37.754856109619141
91429320,2021,2021-03-17,9335,2021-03-11,0750,021099,,4,1,7,3801,0,1,1,,2,023,"I-280 N/B TO US-101 N/B","CORTLAND AVE UNDER-CROSSING",370.00,S,N,B,-,Y,,,,,,,,,,Y,3,0,2,4,A,-,03,22350,,M,C,C,A,A,H,-,A,D,0,,,,,Y,,A,01,0,2,0,0,0,0,0,0,0,"- ","- ",37.738529205322266,-122.40775299072266,"SAN FRANCISCO","SAN FRANCISCO",,
91430098,2021,2021-03-18,9335,2021-03-10,0710,021328,,3,1,7,3801,0,1,1,,2,022,"I-280 S/B FROM GENEVA AVE.","GENEVA AVE.",320.00,S,N,B,-,Y,,,280,,,,R,,S,Y,4,0,3,2,B,-,22,,,N,B,C,A,B,H,-,A,D,0,,,,,Y,,A,01,0,0,3,0,0,0,0,0,0,"- ","- ",37.720451354980469,-122.44854736328125,"SAN FRANCISCO","SAN FRANCISCO",-122.44854736328125,37.720451354980469
91430302,2021,2021-03-18,9350,2021-03-13,0320,022411,,6,3,7,3801,0,1,2,,2,010,"US-101 S/B","LYON ST",1267.00,N,N,A,-,Y,,,101,,,,,,S,Y,4,0,1,1,A,-,01,23152,A,N,E,I,A,A,H,-,C,D,0,,,,,Y,Y,A,01,0,0,1,0,0,0,0,0,0,"- ","- ",37.803009033203125,-122.45089721679688,"SAN FRANCISCO","SAN FRANCISCO",-122.45077514648438,37.803203582763672