CASE_ID,ACCIDENT_YEAR,PROC_DATE,JURIS,COLLISION_DATE,COLLISION_TIME,OFFICER_ID,REPORTING_DISTRICT,DAY_OF_WEEK,CHP_SHIFT,POPULATION,CNTY_CITY_LOC,SPECIAL_COND,BEAT_TYPE,CHP_BEAT_TYPE,CITY_DIVISION_LAPD,CHP_BEAT_CLASS,BEAT_NUMBER,PRIMARY_RD,SECONDARY_RD,DISTANCE,DIRECTION,INTERSECTION,WEATHER_1,WEATHER_2,STATE_HWY_IND,CALTRANS_COUNTY,CALTRANS_DISTRICT,STATE_ROUTE,ROUTE_SUFFIX,POSTMILE_PREFIX,POSTMILE,LOCATION_TYPE,RAMP_INTERSECTION,SIDE_OF_HWY,TOW_AWAY,COLLISION_SEVERITY,NUMBER_KILLED,NUMBER_INJURED,PARTY_COUNT,PRIMARY_COLL_FACTOR,PCF_CODE_OF_VIOL,PCF_VIOL_CATEGORY,PCF_VIOLATION,PCF_VIOL_SUBSECTION,HIT_AND_RUN,TYPE_OF_COLLISION,MVIW,PED_ACTION,ROAD_SURFACE,ROAD_COND_1,ROAD_COND_2,LIGHTING,CONTROL_DEVICE,CHP_ROAD_TYPE,PEDESTRIAN_ACCIDENT,BICYCLE_ACCIDENT,MOTORCYCLE_ACCIDENT,TRUCK_ACCIDENT,NOT_PRIVATE_PROPERTY,ALCOHOL_INVOLVED,STWD_VEHTYPE_AT_FAULT,CHP_VEHTYPE_AT_FAULT,COUNT_SEVERE_INJ,COUNT_VISIBLE_INJ,COUNT_COMPLAINT_PAIN,COUNT_PED_KILLED,COUNT_PED_INJURED,COUNT_BICYCLIST_KILLED,COUNT_BICYCLIST_INJURED,COUNT_MC_KILLED,COUNT_MC_INJURED,PRIMARY_RAMP,SECONDARY_RAMP,LATITUDE,LONGITUDE,COUNTY,CITY,POINT_X,POINT_Y
91431444,2021,2021-03-22,9335,2021-03-15,1500,021424,,1,2,7,3801,0,1,2,,2,013,"US-101 S/B","CESAR CHAVEZ",1000.00,S,N,B,-,Y,,,101,,,,,,S,Y,3,0,2,2,A,-,01,23152,G,N,B,C,A,A,H,-,A,D,0,,,,,Y,Y,A,01,0,2,0,0,0,0,0,0,0,"- ","- ",37.746711730957031,-122.40461730957031,"SAN FRANCISCO","SAN FRANCISCO",-122.40467071533203,37.746726989746094
91439495,2021,2021-03-30,9335,2021-03-24,2230,021957,,3,3,7,3801,0,1,1,,1,083,"I-80 EB JWO TI","TREASURE ISLAND RD. O/C",5069.00,W,N,A,-,Y,,,80,,,,,,E,Y,4,0,1,2,A,-,03,22350,,N,C,C,A,A,D,-,C,D,0,,,,,Y,,A,01,0,0,1,0,0,0,0,0,0,"- ","- ",37.798290252685547,-122.37741088867188,"SAN FRANCISCO","SAN FRANCISCO",-122.37759399414062,37.798496246337891
91440264,2021,2021-03-31,9335,2021-03-27,1430,022266,,6,2,7,3801,0,1,1,,2,023,"I-280 N/B","ALEMANY BOULEVARD",150.00,S,N,A,-,Y,,,280,,,,,,N,N,4,0,3,2,A,-,03,22350,,N,C,C,A,A,H,-,A,D,0,,,,,Y,,A,01,0,0,3,0,0,0,0,0,0,"- ","- ",37.732021331787109,-122.41519927978516,"SAN FRANCISCO","SAN FRANCISCO",-122.41520690917969,37.732036590576172
91440771,2021,2021-04-01,9335,2021-03-30,2235,021957,,2,3,7,3801,0,1,1,,1,081,"I-80 WB","TREASURE ISLAND RD. O/C",3168.00,W,N,A,-,Y,,,80,,,,,,W,Y,3,0,1,2,A,-,03,22350,,N,C,C,A,A,H,-,C,D,0,,,,,Y,,A,01,0,1,0,0,0,0,0,0,0,"- ","- ",37.802219390869141,-122.3731689453125,"SAN FRANCISCO","SAN FRANCISCO",-122.37332916259766,37.802391052246094
9144096,2020,2020-09-22,3801,2020-07-20,1658,1846,BAYVI,1,5,7,3801,0,0,0,,0,3C14D,"JENNINGS ST","FITZGERALD AV",0.00,,Y,A,-,N,,,,,,,,,,Y,4,0,1,2,A,-,03,22350,,N,C,E,A,A,H,-,A,A,0,,,,,Y,,A,01,0,0,1,0,0,0,0,0,0,"- ","- ",,,"SAN FRANCISCO","SAN FRANCISCO",-122.39320373535156,37.722011566162109
91442421,2021,2021-04-05,9335,2021-03-04,2334,022596,,4,3,7,3801,0,1,2,,2,014,"US-101 S/B","23RD ST O/C",5.00,N,N,A,-,Y,,,101,,,,,,S,Y,3,0,2,1,A,-,01,23152,A,N,E,I,A,A,H,-,D,D,0,,,,,Y,Y,A,01,0,1,1,0,0,0,0,0,0,"- ","- ",37.754581451416016,-122.40326690673828,"SAN FRANCISCO","SAN FRANCISCO",-122.40315246582031,37.754592895507812
91443542,2021,2021-04-06,9335,2021-03-26,0940,022596,,5,1,7,3801,0,1,1,,2,023,"I-280 N/B TO US-101 N/B","CORTLAND AVE",188.00,S,N,A,-,Y,,,,,,,,,,N,4,0,1,2,A,-,03,22350,,N,C,C,A,A,H,-,A,D,0,,,,,Y,,A,01,0,0,1,0,0,0,0,0,0,"- ","- ",37.739070892333984,-122.40786743164062,"SAN FRANCISCO","SAN FRANCISCO",,
91443713,2021,2021-04-06,9335,2021-03-30,0117,022326,,2,3,7,3801,0,1,1,,1,083,"I-80 E/B","BEALE STREET U/C",280.00,E,N,A,-,Y,,,80,,,,,,E,Y,3,0,1,3,A,-,03,22350,,N,D,C,E,A,H,-,C,D,0,Y,,,,Y,Y,A,07,0,1,0,0,1,0,0,0,0,"- ","- ",37.787338256835938,-122.38950347900391,"SAN FRANCISCO","SAN FRANCISCO",-122.38939666748047,37.787223815917969
91444603,2021,2021-04-07,9335,2021-04-02,1730,019799,,5,2,7,3801,0,1,1,,1,081,"I-80 W/B","TREASURE ISLAND ON RAMP",100.00,E,N,A,-,Y,,,80,,,,,,W,N,4,0,1,2,A,-,03,22350,,N,C,C,A,A,H,-,A,D,0,,,,,Y,,A,01,0,0,1,0,0,0,0,0,0,"- ","- ",37.811931610107422,-122.36329650878906,"SAN FRANCISCO","SAN FRANCISCO",-122.3634033203125,37.812030792236328
91448585,2021,2021-04-12,9335,2021-04-03,1840,022326,,6,2,7,3801,0,1,2,,2,013,"US-101 S/B","THE CESAR CHAVEZ ST. UNDERCROSSING",290.00,S,N,A,-,Y,,,101,,,,,,S,Y,3,0,1,1,A,-,08,22107,,N,E,I,A,A,H,-,A,D,0,,,,,Y,,A,01,0,1,0,0,0,0,0,0,0,"- ","- ",37.748451232910156,-122.40425109863281,"SAN FRANCISCO","SAN FRANCISCO",-122.40412139892578,37.748409271240234
91448715,2021,2021-04-12,9335,2021-04-01,2235,022096,,4,3,7,3801,0,1,2,,2,014,"US-101 S/B","18TH STREET PED OVERCROSSING",246.00,N,N,A,-,Y,,,101,,,,,,S,N,4,0,1,2,A,-,03,22350,,N,C,C,A,A,H,-,C,D,0,,,,,Y,,-,99,0,0,1,0,0,0,0,0,0,"- ","- ",37.762840270996094,-122.405517578125,"SAN FRANCISCO","SAN FRANCISCO",-122.40547943115234,37.7628173828125
91449641,2021,2021-04-13,9335,2021-04-03,2021,021736,,6,2,7,3801,0,1,2,,2,015,"US-101 N/B","DIVISION ST",590.00,S,N,A,-,Y,,,101,,,,,,N,Y,4,0,1,2,A,-,03,22350,,N,C,C,A,A,H,-,C,D,0,,,,,Y,Y,A,01,0,0,1,0,0,0,0,0,0,"- ","- ",37.768150329589844,-122.40574645996094,"SAN FRANCISCO","SAN FRANCISCO",-122.40576171875,37.768135070800781
9145106,2020,2020-10-13,3801,2020-08-19,1635,33,RICHM,3,5,7,3801,0,0,0,,0,003,"FULTON ST","PARK PRESIDIO BL",12.00,E,N,A,-,N,,,,,,,,,,N,4,0,1,2,A,-,10,21950,A,N,G,B,B,A,H,-,A,A,0,Y,,,,Y,,A,01,0,0,1,0,1,0,0,0,0,"- ","- ",,,"SAN FRANCISCO","SAN FRANCISCO",-122.47174072265625,37.77313232421875
9145137,2020,2020-10-12,3801,2020-08-18,0859,392,MISSI,2,5,7,3801,0,0,0,,0,3D13A,"GUERRERO ST","ALVARADO ST",126.00,S,N,A,-,N,,,,,,,,,,N,4,0,1,2,A,-,03,22350,,N,C,C,A,A,H,-,A,D,0,,,,,Y,,A,01,0,0,1,0,0,0,0,0,0,"- ","- ",,,"SAN FRANCISCO","SAN FRANCISCO",-122.42307281494141,37.754024505615234
91451554,2021,2021-04-16,9335,2021-04-11,0535,022517,,7,3,7,3801,0,1,2,,2,013,"US-101 S/B","CORTLAND AVE UNDER CROSSING",500.00,S,N,A,-,Y,,,101,,,,,,S,Y,3,0,1,1,A,-,08,22107,,N,E,I,A,A,H,-,B,D,0,,,,,Y,,A,01,0,1,0,0,0,0,0,0,0,"- ","- ",37.738189697265625,-122.408203125,"SAN FRANCISCO","SAN FRANCISCO",-122.40808868408203,37.738204956054688
9145182,2020,2020-10-13,3801,2020-08-28,2135,1520,BAYVI,5,5,7,3801,0,0,0,,0,0C5,"WALLACE AV","JENNINGS ST",82.00,E,N,A,-,N,,,,,,,,,,N,4,0,2,4,A,-,08,22107,,F,C,E,-,A,H,-,C,D,0,Y,,Y,,Y,Y,-,99,0,0,2,0,1,0,0,0,0,"- ","- ",,,"SAN FRANCISCO","SAN FRANCISCO",-122.38902282714844,37.726287841796875
9145184,2020,2020-10-13,3801,2020-08-14,1135,1956,TARAV,5,5,7,3801,0,0,0,,0,"2 CAR","ULLOA ST","20TH AV",0.00,,Y,A,-,N,,,,,,,,,,N,3,0,1,2,A,-,12,22450,A,N,D,G,A,A,H,-,A,A,0,,Y,,,Y,,A,08,0,1,0,0,0,0,1,0,0,"- ","- ",,,"SAN FRANCISCO","SAN FRANCISCO",-122.47663879394531,37.741138458251953
9145185,2020,2020-10-13,3801,2020-08-14,1416,1693,BAYVI,5,5,7,3801,0,0,0,,0,901,"3RD ST","DAVIDSON AV",36.00,S,N,A,-,N,,,,,,,,,,Y,4,0,3,3,A,-,03,22350,,N,C,C,A,A,H,-,A,A,0,,,,,Y,,A,01,0,0,3,0,0,0,0,0,0,"- ","- ",,,"SAN FRANCISCO","SAN FRANCISCO",-122.38779449462891,37.743415832519531
9145199,2020,2020-10-13,3801,2020-08-20,1605,1179,TENDE,4,5,7,3801,0,0,0,,0,3J11D,"MISSION ST","7TH ST",0.00,,Y,A,-,N,,,,,,,,,,N,4,0,1,2,A,-,10,21950,A,F,G,B,B,A,H,-,A,A,0,Y,,,,Y,,-,99,0,0,1,0,1,0,0,0,0,"- ","- ",,,"SAN FRANCISCO","SAN FRANCISCO",-122.41089630126953,37.779209136962891
9145207,2020,2020-10-12,3801,2020-08-16,2140,1045,BAYVI,7,5,7,3801,0,0,0,,0,0C4,"SILVER AV","SAN BRUNO AV",78.00,E,N,A,-,N,,,,,,,,,,N,4,0,1,2,A,-,07,21658,A,F,B,C,A,A,H,-,C,A,0,,,,,Y,,A,01,0,0,1,0,0,0,0,0,0,"- ","- ",,,"SAN FRANCISCO","SAN FRANCISCO",-122.40540313720703,37.732532501220703
9145218,2020,2020-10-12,3801,2020-08-05,0730,887,TENDE,3,5,7,3801,0,0,0,,0,3J12A,"ELLIS ST",LEAVENWORTH,0.00,,Y,A,-,N,,,,,,,,,,N,4,0,1,2,A,-,21,22106,,M,C,C,A,A,H,-,A,A,0,,,,,Y,,A,01,0,0,1,0,0,0,0,0,0,"- ","- ",,,"SAN FRANCISCO","SAN FRANCISCO",-122.41442108154297,37.784671783447266
91457575,2021,2021-04-26,9335,2021-03-27,1620,021736,,6,2,7,3801,0,1,1,,2,023,"I-280 N/B","ST MARYS PARK FOOTBRIDGE",700.00,S,N,A,-,Y,,,280,,,,,,N,Y,3,0,3,3,A,-,03,22350,,N,C,C,A,A,H,-,A,D,0,,,,,Y,,D,22,0,2,1,0,0,0,0,0,0,"- ","- ",37.731468200683594,-122.42305755615234,"SAN FRANCISCO","SAN FRANCISCO",-122.42305755615234,37.731410980224609
91462979,2021,2021-04-30,9335,2021-04-24,1150,022517,,6,1,7,3801,0,1,1,,2,021,"I-280 S/B FROM 19TH AVENUE","JOHN DALY BLVD. OVER CROSSING",1060.00,N,N,A,B,Y,,,280,,,,R,,S,Y,4,0,1,2,A,-,07,21658,A,F,B,C,A,A,H,-,A,D,0,,,,,Y,,A,07,0,0,1,0,0,0,0,0,0,"- ","- ",37.708221435546875,-122.47149658203125,"SAN FRANCISCO","SAN FRANCISCO",-122.47149658203125,37.708221435546875
91468005,2020,2021-05-07,9335,2020-09-05,2349,021672,,6,3,7,3801,0,1,2,,2,013,"US-101 N/B TO I-280","SILVER AVENUE",778.00,S,N,A,-,Y,,,101,,,,R,,N,Y,1,1,0,2,A,-,03,22350,,N,C,C,A,A,H,-,C,D,0,,,Y,Y,Y,,C,02,0,0,0,0,0,0,0,1,0,"- ","- ",37.730701446533203,-122.40380096435547,"SAN FRANCISCO","SAN FRANCISCO",-122.40380096435547,37.730701446533203
91468695,2021,2021-05-10,9335,2021-05-02,1730,021736,,7,2,7,3801,0,1,1,,2,023,"I-280 S/B","MISSION ST",235.00,N,N,A,-,Y,,,280,,,,,,S,Y,2,0,1,1,A,-,08,22107,,N,E,I,A,A,H,-,A,D,0,,,Y,,Y,,C,02,1,0,0,0,0,0,0,0,1,"- ","- ",37.73175048828125,-122.42722320556641,"SAN FRANCISCO","SAN FRANCISCO",-122.42720031738281,37.731830596923828
91478393,2021,2021-05-27,9335,2021-05-10,1933,020991,,1,2,7,3801,0,1,1,,2,023,"I-280 N/B","MISSION ST. OVER CROSSING",883.00,S,N,A,-,Y,,,280,,,,,,N,Y,4,0,4,2,A,-,03,22350,,N,C,C,A,A,H,-,B,D,0,,,,,Y,,A,07,0,0,4,0,0,0,0,0,0,"- ","- ",37.731971740722656,-122.43215179443359,"SAN FRANCISCO","SAN FRANCISCO",-122.43215942382812,37.732044219970703
91479408,2021,2021-05-27,9335,2021-05-10,2350,022596,,1,3,7,3801,0,1,1,,2,080,"I-80 W/B TO HARRISON STREET","2ND STREET",331.00,E,N,A,-,Y,,,80,,,,R,,W,N,4,0,1,1,A,-,08,22107,,N,E,I,A,A,H,-,C,D,0,,,,,Y,,A,01,0,0,1,0,0,0,0,0,0,"- ","- ",37.784111022949219,-122.39320373535156,"SAN FRANCISCO","SAN FRANCISCO",-122.39320373535156,37.784111022949219
91481823,2021,2021-05-26,9335,2021-05-05,1550,021886,,3,2,7,3801,1,1,2,,2,014,"US-101 N/B","FAITH ST. O/C",803.00,N,N,A,-,Y,,,101,,,,,,N,Y,4,0,1,3,A,-,03,22350,,N,C,C,A,A,H,-,A,D,0,,,,,Y,,A,01,0,0,1,0,0,0,0,0,0,"- ","- ",37.746051788330078,-122.40495300292969,"SAN FRANCISCO","SAN FRANCISCO",-122.40470886230469,37.7459716796875
91484880,2021,2021-05-28,9335,2021-05-18,1205,020509,,2,1,7,3801,0,1,1,,1,081,"I-80 WESTBOUND","YERBA BUENA ISLAND TUNNEL",2904.00,E,N,A,-,Y,,,80,,,,,,W,N,4,0,1,2,A,-,08,22107,,N,B,C,A,A,H,-,A,D,0,,,,,Y,,A,07,0,0,1,0,0,0,0,0,0,"- ","- ",37.815898895263672,-122.35798645019531,"SAN FRANCISCO","SAN FRANCISCO",-122.35803985595703,37.815982818603516
91485005,2021,2021-05-28,9335,2021-05-18,1400,020658,,2,2,7,3801,0,1,1,,1,083,"I-80 E/B","YERBA BUENA ISLAND TUNNEL",5280.00,W,N,A,-,Y,,,80,,,,,,E,N,4,0,1,3,A,-,03,22350,,N,C,C,A,A,H,-,A,D,0,,,,,Y,,A,01,0,0,1,0,0,0,0,0,0,"- ","- ",37.798728942871094,-122.37702941894531,"SAN FRANCISCO","SAN FRANCISCO",-122.37716674804688,37.798881530761719
91485629,2021,2021-05-31,9335,2021-05-22,0600,022032,,6,1,7,3801,0,1,1,,1,083,"I-80 E/B TO TREASURE ISLAND ROAD","TREASURE ISLAND RD",100.00,W,N,A,-,Y,,,80,,,,R,,E,Y,3,0,1,1,A,-,03,22350,,N,E,I,A,A,H,-,A,D,0,,,,,Y,,A,01,0,1,0,0,0,0,0,0,0,"- ","- ",37.808891296386719,-122.36673736572266,"SAN FRANCISCO","SAN FRANCISCO",-122.36673736572266,37.808891296386719
9148569,2020,2020-10-27,3801,2020-08-25,1042,4286,RICHM,2,5,7,3801,0,0,0,,0,0G4,"GEARY BL","17TH AV",50.00,E,N,A,-,N,,,,,,,,,,N,3,0,1,2,A,-,04,21703,,N,C,E,A,A,H,-,A,D,0,,Y,,,Y,,L,04,0,1,0,0,0,0,1,0,0,"- ","- ",,,"SAN FRANCISCO","SAN FRANCISCO",-122.47599792480469,37.780536651611328
9148581,2020,2020-10-26,3801,2020-08-06,1509,2238,PARK,4,5,7,3801,0,0,0,,0,3F47C,"KEZAR DR","MLKJ DR",130.00,W,N,A,-,N,,,,,,,,,,Y,3,0,1,2,A,-,03,22350,,M,C,E,A,A,H,-,A,A,0,,,,,Y,,A,01,0,1,0,0,0,0,0,0,0,"- ","- ",,,"SAN FRANCISCO","SAN FRANCISCO",-122.45908355712891,37.766998291015625
9148585,2020,2020-10-26,3801,2020-08-28,1847,812,BAYVI,5,5,7,3801,0,0,0,,0,001,"OAKDALE AV","QUINT ST",86.00,W,N,B,-,N,,,,,,,,,,Y,4,0,1,3,A,-,03,22350,,N,G,B,F,A,H,-,A,D,0,Y,,Y,,Y,,C,02,0,0,1,0,1,0,0,0,0,"- ","- ",,,"SAN FRANCISCO","SAN FRANCISCO",-122.39620971679688,37.737937927246094
9148597,2020,2020-10-26,3801,2020-08-27,1350,751,RICHM,4,5,7,3801,0,0,0,,0,3G2A,"ARGUELLO BL","CALIFORNIA ST",0.00,,Y,A,-,N,,,,,,,,,,N,3,0,1,2,A,-,12,21453,A,N,D,G,A,A,H,-,A,A,0,,Y,,,Y,,L,04,0,1,0,0,0,0,1,0,0,"- ","- ",,,"SAN FRANCISCO","SAN FRANCISCO",-122.45921325683594,37.785671234130859
9148598,2020,2020-10-26,3801,2020-08-26,1459,306,BAYVI,3,5,7,3801,0,0,0,,0,3C46,"3RD ST","NEWCOMB AV",80.00,S,N,A,-,N,,,,,,,,,,Y,3,0,1,2,A,-,03,22350,,N,G,B,D,A,H,-,A,A,0,Y,,,,Y,,A,01,0,1,0,0,1,0,0,0,0,"- ","- ",,,"SAN FRANCISCO","SAN FRANCISCO",-122.39056396484375,37.735416412353516
9148775,2020,2020-10-24,3801,2020-08-26,2150,4276,NORTH,3,5,7,3801,0,0,0,,0,3E4E,"PINE ST","LAGUNA ST",0.00,,Y,A,-,N,,,,,,,,,,Y,3,0,2,4,A,-,12,21453,A,N,D,E,A,A,H,-,C,A,0,,,,,Y,,A,01,0,1,1,0,0,0,0,0,0,"- ","- ",,,"SAN FRANCISCO","SAN FRANCISCO",-122.4287109375,37.788578033447266
9148861,2020,2020-10-22,3801,2020-08-17,1607,7,NORTH,1,5,7,3801,0,0,0,,0,3E13D,"LOMBARD ST","OCTAVIA ST",20.00,W,N,A,-,N,,,,,,,,,,N,4,0,1,2,A,-,04,21703,,F,C,C,A,A,H,-,A,A,0,,,,,Y,,A,01,0,0,1,0,0,0,0,0,0,"- ","- ",,,"SAN FRANCISCO","SAN FRANCISCO",-122.42953491210938,37.800682067871094
91490082,2021,2021-06-07,9335,2021-05-29,0735,021222,,6,1,7,3801,0,1,1,,1,083,"I-80 EASTBOUND","TREASURE ISLAND ROAD",700.00,W,N,A,-,Y,,,80,,,,,,E,N,4,0,1,1,A,-,08,22107,,N,E,I,A,A,H,-,A,D,0,,,,,Y,,A,01,0,0,1,0,0,0,0,0,0,"- ","- ",37.807670593261719,-122.36788940429688,"SAN FRANCISCO","SAN FRANCISCO",-122.36775207519531,37.807521820068359
91490154,2021,2021-06-07,9335,2021-05-28,2030,022326,,5,2,7,3801,0,1,2,,2,015,"US-101 N/B","BRYANT STREET UNDERCROSSING",30.00,N,N,A,-,Y,,,101,,,,,,N,N,3,0,1,2,A,-,07,21658,A,N,B,C,A,A,H,-,B,D,0,,,,,Y,,A,01,0,1,0,0,0,0,0,0,0,"- ","- ",37.769458770751953,-122.41107177734375,"SAN FRANCISCO","SAN FRANCISCO",-122.41106414794922,37.769500732421875
91490580,2021,2021-06-07,9335,2021-05-26,1610,022175,,3,2,7,3801,0,1,2,,2,014,"US-101 NB","25TH ST. PEDESTRIAN OVERCROSSING",100.00,S,N,A,-,Y,,,101,,,,,,N,Y,4,0,1,3,A,-,03,22350,,N,C,C,A,A,H,-,A,D,0,,,,,Y,,A,01,0,0,1,0,0,0,0,0,0,"- ","- ",37.752071380615234,-122.40290069580078,"SAN FRANCISCO","SAN FRANCISCO",-122.40285491943359,37.752067565917969
91495516,2021,2021-06-14,9335,2021-05-24,1420,022348,,1,2,7,3801,0,1,2,,2,013,"US-101 N/B","FAITH STREET PEDESTRIAN O/C",1370.00,S,N,A,-,Y,,,101,,,,,,N,Y,4,0,1,3,A,-,07,21658,A,M,B,C,A,A,H,-,A,D,0,,,,,Y,,A,01,0,0,1,0,0,0,0,0,0,"- ","- ",37.740550994873047,-122.40782165527344,"SAN FRANCISCO","SAN FRANCISCO",-122.40777587890625,37.74053955078125
91499684,2021,2021-06-17,9335,2021-06-06,1740,022241,,7,2,7,3801,0,1,2,,2,015,"US-101 S/B","15TH STREET",150.00,N,N,A,-,Y,,,101,,,,,,S,N,3,0,1,2,A,-,01,23152,A,N,F,0,A,A,H,-,A,D,0,,,Y,,Y,Y,C,02,0,1,0,0,0,0,0,0,1,"- ","- ",37.767688751220703,-122.40560150146484,"SAN FRANCISCO","SAN FRANCISCO",-122.40559387207031,37.767692565917969
91501057,2021,2021-06-21,9335,2021-06-12,1350,022326,,6,1,7,3801,0,1,1,,1,081,"I-80 W/B","YERBA BUENA ISLAND TUNNEL",4490.00,W,N,A,-,Y,,,80,,,,,,W,N,4,0,1,2,A,-,03,22350,,N,C,C,A,A,H,-,A,D,0,,,,,Y,,A,07,0,0,1,0,0,0,0,0,0,"- ","- ",37.7994384765625,-122.37619018554688,"SAN FRANCISCO","SAN FRANCISCO",-122.37635040283203,37.799613952636719
91501658,2021,2021-06-21,9335,2021-06-11,1735,022348,,5,2,7,3801,0,1,1,,2,080,"I-80 E/B","7TH STREET UNDERCROSSING",500.00,E,N,A,-,Y,,,80,,,,,,E,N,4,0,2,2,A,-,03,22350,,M,C,C,A,A,H,-,A,D,0,,,,,Y,,-,99,0,0,2,0,0,0,0,0,0,"- ","- ",37.776470184326172,-122.40428161621094,"SAN FRANCISCO","SAN FRANCISCO",-122.40426635742188,37.776443481445312
91507451,2021,2021-06-28,9335,2021-06-20,1122,022186,,7,1,7,3801,0,1,1,,1,083,"I-80 E/B","YERBA BUENA ISLAND TUNNEL",15.00,E,N,A,-,Y,,,80,,,,,,E,Y,3,0,2,1,A,-,08,22107,,N,E,I,A,A,H,-,A,D,0,,,,,Y,,A,01,0,1,1,0,0,0,0,0,0,"- ","- ",37.81011962890625,-122.36493682861328,"SAN FRANCISCO","SAN FRANCISCO",-122.36512756347656,37.810295104980469
9150983,2020,2020-10-23,3801,2020-08-10,2049,893,INGLE,1,5,7,3801,0,0,0,,0,3H15D,"ALEMANY BL","SICKLESS AV",0.00,,Y,A,-,N,,,,,,,,,,Y,4,0,1,4,A,-,12,21453,A,M,D,C,A,A,H,-,C,A,0,,,,,Y,Y,A,01,0,0,1,0,0,0,0,0,0,"- ","- ",,,"SAN FRANCISCO","SAN FRANCISCO",-122.45491790771484,37.71051025390625
9151402,2020,2020-10-21,3801,2020-08-11,2053,1750,,2,5,7,3801,0,0,0,,0,901,"PALOU AV","JENNINGS ST",20.00,W,N,A,-,N,,,,,,,,,,Y,3,0,1,1,A,-,01,23152,A,N,E,I,A,A,H,-,C,D,0,,,,,Y,Y,A,01,0,1,0,0,0,0,0,0,0,"- ","- ",,,"SAN FRANCISCO","SAN FRANCISCO",-122.38535308837891,37.730831146240234
9151417,2020,2020-10-13,3801,2020-08-09,2135,1436,MISSI,7,5,7,3801,0,0,0,,0,3D12D,"FOLSOM ST","14TH ST",150.00,S,N,A,-,N,,,,,,,,,,N,4,0,1,2,A,-,09,21801,,F,D,J,A,A,H,-,C,D,0,,,,,Y,,A,01,0,0,1,0,0,0,0,0,0,"- ","- ",,,"SAN FRANCISCO","SAN FRANCISCO",-122.41557312011719,37.76812744140625
9151428,2020,2020-10-14,3801,2020-08-07,1733,2300,TENDE,5,5,7,3801,0,0,0,,0,3J14D,"TAYLOR ST","EDDY ST",0.00,,Y,A,-,N,,,,,,,,,,N,4,0,1,2,A,-,10,21950,A,F,G,B,B,A,H,-,A,A,0,Y,,Y,,Y,,C,02,0,0,1,0,1,0,0,0,0,"- ","- ",,,"SAN FRANCISCO","SAN FRANCISCO",-122.41094970703125,37.784160614013672
9151429,2020,2020-10-22,3801,2020-08-07,1623,2008,MISSI,5,5,7,3801,0,0,0,,0,3D14D,"HARRISON ST","ARMY ST",0.00,,Y,A,-,N,,,,,,,,,,Y,3,0,2,2,A,-,12,21453,A,N,D,C,A,A,H,-,A,A,0,,,,,Y,,-,"- ",0,1,1,0,0,0,0,0,0,"- ","- ",,,"SAN FRANCISCO","SAN FRANCISCO",,
9151431,2020,2020-10-14,3801,2020-08-07,1248,4281,NORTH,5,5,7,3801,0,0,0,,0,3E47C,"CHESTNUT ST","LAGUNA ST",0.00,,Y,A,-,N,,,,,,,,,,N,4,0,1,2,A,-,12,22450,A,N,D,G,A,A,H,-,A,A,0,,Y,,,Y,,A,01,0,0,1,0,0,0,1,0,0,"- ","- ",,,"SAN FRANCISCO","SAN FRANCISCO",-122.43129730224609,37.801441192626953
9151435,2020,2020-10-14,3801,2020-08-24,2022,890,BAYVI,1,5,7,3801,0,0,0,,0,BYVW3,"LA SALLE AV","OSCEOLA LN",120.00,E,N,A,-,N,,,,,,,,,,N,3,0,1,2,A,-,11,21954,A,F,-,-,-,A,G,-,C,-,0,Y,,,,Y,,N,60,0,1,0,0,1,0,0,0,0,"- ","- ",,,"SAN FRANCISCO","SAN FRANCISCO",-122.38346099853516,37.732303619384766
9151440,2020,2020-10-14,3801,2020-08-21,0950,2310,NORTH,5,5,7,3801,0,0,0,,0,3E13A,"POLK ST","GEARY ST",0.00,,Y,A,-,N,,,,,,,,,,N,3,0,1,2,A,-,11,21950,B,N,G,A,B,A,H,-,A,A,0,Y,Y,,,Y,,N,60,0,1,0,0,1,0,0,0,0,"- ","- ",,,"SAN FRANCISCO","SAN FRANCISCO",-122.41973876953125,37.785900115966797