CASE_ID,ACCIDENT_YEAR,PROC_DATE,JURIS,COLLISION_DATE,COLLISION_TIME,OFFICER_ID,REPORTING_DISTRICT,DAY_OF_WEEK,CHP_SHIFT,POPULATION,CNTY_CITY_LOC,SPECIAL_COND,BEAT_TYPE,CHP_BEAT_TYPE,CITY_DIVISION_LAPD,CHP_BEAT_CLASS,BEAT_NUMBER,PRIMARY_RD,SECONDARY_RD,DISTANCE,DIRECTION,INTERSECTION,WEATHER_1,WEATHER_2,STATE_HWY_IND,CALTRANS_COUNTY,CALTRANS_DISTRICT,STATE_ROUTE,ROUTE_SUFFIX,POSTMILE_PREFIX,POSTMILE,LOCATION_TYPE,RAMP_INTERSECTION,SIDE_OF_HWY,TOW_AWAY,COLLISION_SEVERITY,NUMBER_KILLED,NUMBER_INJURED,PARTY_COUNT,PRIMARY_COLL_FACTOR,PCF_CODE_OF_VIOL,PCF_VIOL_CATEGORY,PCF_VIOLATION,PCF_VIOL_SUBSECTION,HIT_AND_RUN,TYPE_OF_COLLISION,MVIW,PED_ACTION,ROAD_SURFACE,ROAD_COND_1,ROAD_COND_2,LIGHTING,CONTROL_DEVICE,CHP_ROAD_TYPE,PEDESTRIAN_ACCIDENT,BICYCLE_ACCIDENT,MOTORCYCLE_ACCIDENT,TRUCK_ACCIDENT,NOT_PRIVATE_PROPERTY,ALCOHOL_INVOLVED,STWD_VEHTYPE_AT_FAULT,CHP_VEHTYPE_AT_FAULT,COUNT_SEVERE_INJ,COUNT_VISIBLE_INJ,COUNT_COMPLAINT_PAIN,COUNT_PED_KILLED,COUNT_PED_INJURED,COUNT_BICYCLIST_KILLED,COUNT_BICYCLIST_INJURED,COUNT_MC_KILLED,COUNT_MC_INJURED,PRIMARY_RAMP,SECONDARY_RAMP,LATITUDE,LONGITUDE,COUNTY,CITY,POINT_X,POINT_Y
9307716,2021,2021-09-01,3801,2021-07-16,1514,2172,NORTH,5,5,7,3801,0,0,0,,0,3E1C,"VAN NESS AV","HAYES ST",0.00,,Y,A,-,N,,,,,,,,,,N,4,0,1,2,A,-,03,22350,,N,D,G,A,A,D,-,A,A,0,,Y,,,Y,,L,04,0,0,1,0,0,0,1,0,0,"- ","- ",,,"SAN FRANCISCO","SAN FRANCISCO",-122.419677734375,37.777294158935547
9308183,2021,2021-08-26,3801,2021-07-20,1254,834,MISSI,2,5,7,3801,0,0,0,,0,,"18TH ST","OAKWOOD ST",69.00,E,N,A,-,N,,,,,,,,,,N,3,0,1,2,A,-,06,21755,A,N,B,G,A,A,H,-,A,D,0,,Y,,,Y,,L,04,0,1,0,0,0,0,1,0,0,"- ","- ",,,"SAN FRANCISCO","SAN FRANCISCO",-122.42477416992188,37.761508941650391
9308190,2021,2021-08-26,3801,2021-07-19,1249,938,SOUTH,1,5,7,3801,0,0,0,,0,3B13C,"BRANNAN ST","9TH ST",0.00,,Y,A,-,N,,,,,,,,,,N,4,0,2,2,A,-,09,21801,A,N,A,C,A,A,H,-,A,A,0,,,,,Y,,A,01,0,0,2,0,0,0,0,0,0,"- ","- ",,,"SAN FRANCISCO","SAN FRANCISCO",-122.40699005126953,37.770057678222656
9308283,2021,2021-08-27,3801,2021-07-21,1443,1118,SOUTH,3,5,7,3801,0,0,0,,0,3B13C,"9TH ST","HOWARD ST",0.00,,Y,A,-,N,,,,,,,,,,N,3,0,1,2,A,-,11,21453,D,N,H,A,B,A,H,-,A,A,0,Y,,Y,,Y,,N,60,0,1,0,0,0,0,0,0,1,"- ","- ",,,"SAN FRANCISCO","SAN FRANCISCO",-122.41315460205078,37.774997711181641
9308290,2021,2021-08-31,3801,2021-07-22,1145,82,MISSI,4,5,7,3801,0,0,0,,0,3D11C,"VALENCIA ST","14TH ST",297.00,S,N,A,-,N,,,,,,,,,,N,4,0,1,2,A,-,04,21703,,N,C,C,A,A,H,-,A,D,0,,,,,Y,,A,01,0,0,1,0,0,0,0,0,0,"- ","- ",,,"SAN FRANCISCO","SAN FRANCISCO",-122.42210388183594,37.767337799072266
9308982,2021,2021-10-18,3801,2021-07-08,1120,4115,SOUTH,4,5,7,3801,0,0,0,,0,3B5,"4TH ST","CHINA BASEN",0.00,,Y,A,-,N,,,,,,,,,,N,4,0,1,2,A,-,"- ",,,N,D,G,A,A,-,-,A,A,0,,Y,Y,,Y,,L,04,0,0,1,0,0,0,1,0,0,"- ","- ",,,"SAN FRANCISCO","SAN FRANCISCO",-122.39132690429688,37.771900177001953
93097145,2024,2024-07-31,9335,2024-07-26,1415,023603,,5,2,7,3801,0,1,2,,2,013,"US-101 N/B","PAUL AVENUE UNDERCROSSING",375.00,N,N,A,-,Y,SF,,101," "," ",1.200,H,,R,Y,4,0,2,2,A,-,03,22350,,N,C,C,A,A,H,-,A,D,0,,,,,Y,,A,01,0,0,2,0,0,0,0,0,0,"- ","- ",37.724800109863281,-122.4014892578125,"SAN FRANCISCO","SAN FRANCISCO",-122.40152740478516,37.72479248046875
9312975,2021,2021-09-20,3801,2021-07-05,1750,2080,CENTR,1,5,7,3801,0,0,0,,0,3A15D,"THE EMBARCADERO","DON CHEE WY",0.00,,Y,A,-,N,,,,,,,,,,N,4,0,1,2,D,-,00,,,N,G,B,B,A,H,-,A,A,0,Y,,,,Y,,-,"- ",0,0,1,0,1,0,0,0,0,"- ","- ",,,"SAN FRANCISCO","SAN FRANCISCO",-122.39325714111328,37.794239044189453
9312977,2021,2021-09-14,3801,2021-07-09,2019,1830,NORTH,5,5,7,3801,0,0,0,,0,3E3D,"VAN NESS AV","GROVE ST",0.00,,Y,A,-,N,,,,,,,,,,Y,4,0,3,2,A,-,09,21801,A,N,D,C,A,D,-,-,A,A,0,,,,,Y,,B,01,0,0,3,0,0,0,0,0,0,"- ","- ",,,"SAN FRANCISCO","SAN FRANCISCO",-122.41981506347656,37.778255462646484
9313241,2021,2021-09-09,3801,2021-07-05,1953,2195,NORTH,1,5,7,3801,0,0,0,,0,004,"PINE ST","WEBSTER ST",0.00,,Y,A,-,N,,,,,,,,,,Y,3,0,3,2,A,-,08,22107,,F,B,D,A,A,-,-,A,A,0,,,,,Y,,A,01,0,1,2,0,0,0,0,0,0,"- ","- ",,,"SAN FRANCISCO","SAN FRANCISCO",-122.43199157714844,37.788154602050781
9313243,2021,2021-09-09,3801,2021-07-07,1317,2151,PARK,3,5,7,3801,0,0,0,,0,3F12C,"WALLER ST","KEZAR DR",0.00,,Y,B,-,N,,,,,,,,,,N,4,0,2,2,A,-,03,22350,,N,C,C,A,A,H,-,A,D,0,,,,,Y,,A,08,0,0,2,0,0,0,0,0,0,"- ","- ",,,"SAN FRANCISCO","SAN FRANCISCO",-122.45516967773438,37.768257141113281
9313248,2021,2021-09-10,3801,2021-07-09,0910,1273,CENTR,5,5,7,3801,0,0,0,,0,,"ELLIS ST","POWELL ST",0.00,,Y,A,-,N,,,,,,,,,,N,4,0,1,2,A,-,21,22106,,M,H,C,A,A,H,-,A,A,0,,,,,Y,,A,01,0,0,1,0,0,0,0,0,0,"- ","- ",,,"SAN FRANCISCO","SAN FRANCISCO",-122.40782928466797,37.785499572753906
9313253,2021,2021-09-10,3801,2021-07-05,1453,1512,BAYVI,1,5,7,3801,0,0,0,,0,0C5,"KEITH ST","SHAFTER AV",0.00,,Y,A,-,N,,,,,,,,,,Y,3,0,4,2,A,-,12,22450,A,N,D,C,A,A,H,-,A,A,0,,,,,Y,,A,01,0,2,2,0,0,0,0,0,0,"- ","- ",,,"SAN FRANCISCO","SAN FRANCISCO",-122.38887023925781,37.72998046875
9313269,2021,2021-09-03,3801,2021-07-04,0127,1454,NORTH,7,5,7,3801,0,0,0,,0,3E15E,"LOMBARD ST","WEBSTER ST",0.00,,Y,A,-,N,,,,,,,,,,N,2,0,1,2,A,-,11,21453,D,N,G,B,B,B,H,-,C,A,0,Y,,,,Y,,N,60,1,0,0,0,1,0,0,0,0,"- ","- ",,,"SAN FRANCISCO","SAN FRANCISCO",-122.43438720703125,37.800064086914062
9313278,2021,2021-09-03,3801,2021-07-05,2248,1351,MISSI,1,5,7,3801,0,0,0,,0,3D11E,"18TH ST","COLLINGWOOD ST",50.00,W,N,A,-,N,,,,,,,,,,N,4,0,1,1,A,-,03,22350,,N,F,A,A,A,H,-,C,D,0,,,,,Y,,M,94,0,0,1,0,0,0,0,0,0,"- ","- ",,,"SAN FRANCISCO","SAN FRANCISCO",-122.43627166748047,37.760807037353516
9313299,2021,2021-09-08,3801,2021-07-10,0217,2471,CENTR,6,5,7,3801,0,0,0,,0,3A11E,"BUSH ST","JONES ST",0.00,,Y,A,-,N,,,,,,,,,,N,3,0,1,2,A,-,12,21453,A,N,-,C,A,A,-,-,C,A,0,,,,,Y,,-,,0,1,0,0,0,0,0,0,0,"- ","- ",,,"SAN FRANCISCO","SAN FRANCISCO",-122.41371154785156,37.78955078125
9313483,2021,2021-09-16,3801,2021-07-01,1212,4118,MISSI,4,5,7,3801,0,0,0,,0,3D11C,"SAN BRUNO AV","24TH ST",147.00,N,N,A,-,N,,,,,,,,,,N,4,0,1,2,A,-,21,22106,,F,D,D,A,A,H,-,A,D,0,,,,,Y,,A,01,0,0,1,0,0,0,0,0,0,"- ","- ",,,"SAN FRANCISCO","SAN FRANCISCO",-122.40439605712891,37.753532409667969
9314519,2021,2021-09-01,3801,2021-07-26,1318,2094,SOUTH,1,5,7,3801,0,0,0,,0,3B12C,"HOWARD ST","5TH ST",0.00,,Y,B,-,N,,,,,,,,,,N,4,0,1,2,A,-,09,21801,A,N,D,C,A,A,D,-,A,A,0,,,,,Y,,A,01,0,0,1,0,0,0,0,0,0,"- ","- ",,,"SAN FRANCISCO","SAN FRANCISCO",-122.40493011474609,37.781513214111328
9314618,2021,2021-08-26,3801,2021-07-24,1228,4286,RICHM,6,5,7,3801,0,0,0,,0,0G2,"MCALLISTER ST","ARGUELLO BL",300.00,E,N,A,-,N,,,,,,,,,,N,3,0,1,6,A,-,03,22350,,N,B,E,A,A,H,-,A,D,0,,,,,Y,,A,08,0,1,0,0,0,0,0,0,0,"- ","- ",,,"SAN FRANCISCO","SAN FRANCISCO",-122.45741271972656,37.775363922119141
9314619,2021,2021-08-26,3801,2021-07-23,0054,2486,BAYVI,5,5,7,3801,0,0,0,,0,3C12E,"NEWCOMB AV","QUINT ST",0.00,,Y,A,-,N,,,,,,,,,,N,2,0,1,2,A,-,03,22350,,F,G,B,B,A,H,-,C,D,0,Y,,,,Y,Y,-,,1,0,0,0,1,0,0,0,0,"- ","- ",,,"SAN FRANCISCO","SAN FRANCISCO",-122.39540863037109,37.738414764404297
9314625,2021,2021-08-31,3801,2021-07-08,0254,VARGAS,INGLE,4,5,7,3801,0,0,0,,0,3H15E,"PERSIA AV","SUNNYDALE AV",0.00,,Y,A,-,N,,,,,,,,,,Y,2,0,4,2,A,-,08,22107,,N,A,C,A,A,H,-,C,D,0,,,,,Y,Y,A,01,4,0,0,0,0,0,0,0,0,"- ","- ",,,"SAN FRANCISCO","SAN FRANCISCO",-122.42586517333984,37.718288421630859
9314626,2021,2021-08-28,3801,2021-07-20,2212,1045,BAYV,2,5,7,3801,0,0,0,,0,0C5,"3RD ST","PAUL AV",0.00,S,N,A,-,N,,,,,,,,,,Y,4,0,1,2,A,-,03,22350,,F,D,C,A,A,H,-,C,A,0,,,,,Y,,-,,0,0,1,0,0,0,0,0,0,"- ","- ",,,"SAN FRANCISCO","SAN FRANCISCO",-122.395751953125,37.722412109375
9314630,2021,2021-08-28,3801,2021-07-28,0649,156,BAYVI,3,5,7,3801,0,0,0,,0,3C60,"LA SALLE AV","NEWCOMB AV",344.00,W,N,A,-,N,,,,,,,,,,N,3,0,1,2,A,-,03,22350,,N,C,E,A,A,-,-,B,D,0,,,,,Y,,A,01,0,1,0,0,0,0,0,0,0,"- ","- ",,,"SAN FRANCISCO","SAN FRANCISCO",-122.38571929931641,37.733894348144531
9314632,2021,2021-08-28,3801,2021-07-22,1806,499,PARK,4,5,7,3801,0,0,0,,0,3F14D,"STEINER ST","HERMANN ST",0.00,,Y,A,-,N,,,,,,,,,,N,3,0,1,2,A,-,03,22350,,N,B,G,A,A,H,-,A,D,0,,Y,,,Y,,L,04,0,1,0,0,0,0,1,0,0,"- ","- ",,,"SAN FRANCISCO","SAN FRANCISCO",-122.43173980712891,37.770030975341797
9314684,2021,2021-09-13,3801,2021-07-25,1508,1817,CENTR,7,5,7,3801,0,0,0,,0,3A12C,"BATTERY ST","PINE ST",0.00,,Y,A,-,N,,,,,,,,,,N,4,0,1,2,A,-,21,22106,,N,G,B,B,A,H,-,A,A,0,Y,,,,Y,,A,01,0,0,1,0,1,0,0,0,0,"- ","- ",,,"SAN FRANCISCO","SAN FRANCISCO",-122.39977264404297,37.792259216308594
9314685,2021,2021-09-13,3801,2021-07-31,1212,4313,RICHM,6,5,7,3801,0,0,0,,0,0G2,"ARGUELLO BL","MCALLISTER ST",54.00,N,N,A,-,N,,,,,,,,,,N,4,0,1,2,A,-,01,23152,A,F,C,G,A,A,H,-,A,B,0,,Y,,,Y,Y,A,07,0,0,1,0,0,0,1,0,0,"- ","- ",,,"SAN FRANCISCO","SAN FRANCISCO",-122.45845031738281,37.775386810302734
9314687,2021,2021-09-20,3801,2021-07-31,0815,20065,NORTH,6,5,7,3801,0,0,0,,0,3E14A,"OCTAVIA BL","OAK ST",0.00,,Y,A,-,N,,,,,,,,,,N,4,0,1,2,A,-,12,21457,A,N,D,J,A,A,H,-,A,A,0,,Y,,,Y,,L,04,0,0,1,0,0,0,1,0,0,"- ","- ",,,"SAN FRANCISCO","SAN FRANCISCO",-122.42430114746094,37.774799346923828
9314690,2021,2021-09-13,3801,2021-07-30,2120,2357,RICHM,5,5,7,3801,0,0,0,,0,3G12E,"BALBOA ST","25TH AV",13.00,E,N,A,-,N,,,,,,,,,,N,4,0,1,2,A,-,04,21703,,F,C,C,A,A,H,-,C,A,0,,,,,Y,,A,01,0,0,1,0,0,0,0,0,0,"- ","- ",,,"SAN FRANCISCO","SAN FRANCISCO",-122.48439788818359,37.776302337646484
9314694,2021,2021-09-13,3801,2021-07-27,1727,233,MISSI,2,5,7,3801,0,0,0,,0,03D,"S VAN NESS AV","22ND ST",0.00,,Y,A,-,N,,,,,,,,,,N,4,0,1,2,A,-,12,21453,,N,D,G,A,A,H,-,A,A,0,,Y,,,Y,,L,04,0,0,1,0,0,0,1,0,0,"- ","- ",,,"SAN FRANCISCO","SAN FRANCISCO",-122.41658782958984,37.755565643310547
9314795,2021,2021-09-09,3801,2021-07-25,1352,4333,NORTH,7,5,7,3801,0,0,0,,0,3E13A,"GOUGH ST","MCALLISTER ST",0.00,,Y,A,-,N,,,,,,,,,,N,2,0,2,2,D,-,00,,,N,D,C,A,A,H,-,A,A,0,,,Y,,Y,,-,"- ",1,0,1,0,0,0,0,0,1,"- ","- ",,,"SAN FRANCISCO","SAN FRANCISCO",-122.42353820800781,37.779670715332031
9314798,2021,2021-09-09,3801,2021-07-24,1924,3H16D,INGLE,6,5,7,3801,0,0,0,,0,3H15D,"ALEMANY BL","FOOTE AV",131.00,N,N,A,-,N,,,,,,,,,,Y,3,0,1,1,A,-,03,22350,,N,H,J,A,A,H,-,A,-,0,,,Y,,Y,,C,02,0,1,0,0,0,0,0,0,1,"- ","- ",,,"SAN FRANCISCO","SAN FRANCISCO",-122.44692230224609,37.714847564697266
9315084,2021,2021-09-13,3801,2021-07-29,2335,1371,NORTH,4,5,7,3801,0,0,0,,0,002,"TURK ST","WEBSTER ST",0.00,,-,A,-,N,,,,,,,,,,N,3,0,1,2,A,-,11,21950,B,F,G,B,D,A,H,-,C,D,0,Y,,,,Y,,N,60,0,1,0,0,1,0,0,0,0,"- ","- ",,,"SAN FRANCISCO","SAN FRANCISCO",-122.43048858642578,37.780685424804688
9315096,2021,2021-09-16,3801,2021-07-25,2224,382,NORTH,7,5,7,3801,0,0,0,,0,,"FILLMORE ST","LOMBARD ST",66.00,N,N,A,-,N,,,,,,,,,,Y,2,0,1,4,A,-,01,23153,A,F,A,E,E,A,H,-,C,D,0,Y,,,,Y,Y,A,01,1,0,0,0,1,0,0,0,0,"- ","- ",,,"SAN FRANCISCO","SAN FRANCISCO",-122.43610382080078,37.800025939941406
9315528,2021,2021-09-10,3801,2021-07-23,1022,1477,MISSI,5,5,7,3801,0,0,0,,0,,"BRYANT ST","18TH ST",122.00,S,N,A,-,N,,,,,,,,,,Y,4,0,1,2,A,-,06,21750,A,N,C,-,A,A,H,-,A,D,0,,,,,Y,,A,01,0,0,1,0,0,0,0,0,0,"- ","- ",,,"SAN FRANCISCO","SAN FRANCISCO",-122.41011810302734,37.761417388916016
9315559,2021,2021-09-14,3801,2021-07-30,2013,812,BAYVI,5,5,7,3801,0,0,0,,0,005,"INGALLS ST","GILMAN AV",0.00,,Y,A,-,N,,,,,,,,,,Y,3,0,2,3,A,-,12,22450,A,N,D,C,A,A,H,-,A,A,0,,,,,Y,,A,01,0,2,0,0,0,0,0,0,0,"- ","- ",,,"SAN FRANCISCO","SAN FRANCISCO",-122.39188385009766,37.720340728759766
9316654,2021,2021-10-12,3801,2021-07-12,1015,4333,NORTH,1,5,7,3801,0,0,0,,0,,"GEARY ST","FRANKLIN ST",130.00,W,N,A,-,N,,,,,,,,,,Y,3,0,2,4,A,-,03,22350,,N,C,C,A,A,H,-,A,A,0,,,,,Y,,A,01,0,1,1,0,0,0,0,0,0,"- ","- ",,,"SAN FRANCISCO","SAN FRANCISCO",-122.4234619140625,37.785427093505859
9316657,2021,2021-10-12,3801,2021-07-10,1913,2081,CENTR,6,5,7,3801,0,0,0,,0,001,"CALIFORNIA ST","HYDE ST",0.00,,Y,A,-,N,,,,,,,,,,Y,3,0,1,2,A,-,03,22350,,N,B,C,A,A,H,-,A,D,0,,,Y,,Y,,C,02,0,1,0,0,0,0,0,0,1,"- ","- ",,,"SAN FRANCISCO","SAN FRANCISCO",-122.41740417480469,37.790992736816406
9316662,2021,2021-09-11,3801,2021-07-10,0530,1308,SOUTH,6,5,7,3801,0,0,0,,0,3B12E,"BRYANT ST","5TH ST",0.00,,Y,A,-,N,,,,,,,,,,Y,4,0,1,2,D,-,00,,,N,D,C,A,A,H,-,B,A,0,,,,,Y,,-,"- ",0,0,1,0,0,0,0,0,0,"- ","- ",,,"SAN FRANCISCO","SAN FRANCISCO",-122.40029144287109,37.777797698974609
9320565,2021,2022-03-24,3801,2021-10-30,1216,1422,TRAFF,6,5,7,3801,0,0,0,,0,,"ILLINOIS ST","MARIN ST",341.00,S,N,B,-,N,,,,,,,,,,Y,1,1,0,2,A,-,03,22350,,N,E,J,A,A,A,-,A,D,0,,,Y,,Y,,C,02,0,0,0,0,0,0,0,1,0,"- ","- ",,,"SAN FRANCISCO","SAN FRANCISCO",-122.38644409179688,37.748146057128906
9320631,2022,2022-04-26,3801,2022-01-29,1934,1994,TRAFF,6,5,7,3801,0,0,0,,0,4B3G,"LINCOLN WY","46TH AV",0.00,,Y,A,-,N,,,,,,,,,,Y,1,1,1,2,A,-,09,21801,A,F,D,C,A,A,H,-,C,D,0,,,,,Y,,A,07,0,0,1,0,0,0,0,0,0,"- ","- ",,,"SAN FRANCISCO","SAN FRANCISCO",-122.50620269775391,37.76416015625
9320932,2022,2022-07-26,3801,2022-05-22,1632,1994,TRAFF,7,5,7,3801,0,0,0,,0,4B3D,"3RD ST","MISSION ST",0.00,,Y,A,-,N,,,,,,,,,,Y,1,2,2,5,A,-,08,22100,A,N,B,C,F,A,H,-,A,A,0,Y,,,,Y,,A,01,1,0,1,2,1,0,0,0,0,"- ","- ",,,"SAN FRANCISCO","SAN FRANCISCO",-122.40200042724609,37.786266326904297
9320934,2022,2022-07-26,3801,2022-06-01,0357,4375,TRAFF,3,5,7,3801,0,0,0,,0,4B1F,"OAK ST","OCTAVIA BL",0.00,,Y,A,-,N,,,,,,,,,,Y,1,1,0,2,A,-,12,21453,A,N,D,C,A,A,H,-,C,A,0,,,,Y,Y,,M,94,0,0,0,0,0,0,0,0,0,"- ","- ",,,"SAN FRANCISCO","SAN FRANCISCO",-122.42430114746094,37.774799346923828
9322520,2021,2021-10-08,3801,2021-08-03,1435,1804,TARAV,2,5,7,3801,0,0,0,,0,,"19TH AV","WINSTON DR",0.00,,Y,B,-,N,,,,,,,,,,Y,3,0,2,2,A,-,06,21755,A,N,D,C,A,A,H,-,A,A,0,,,Y,,Y,,C,03,0,1,1,0,0,0,0,0,1,"- ","- ",,,"SAN FRANCISCO","SAN FRANCISCO",-122.47492218017578,37.728935241699219
9322551,2021,2021-10-28,3801,2021-08-04,1115,1237,CENTR,3,5,7,3801,0,0,0,,0,3A46C,"POWELL ST","POST ST",152.00,S,N,A,-,N,,,,,,,,,,N,3,0,1,2,A,-,17,22517,,N,E,C,A,A,H,-,A,D,0,,,,,Y,,D,22,0,1,0,0,0,0,0,0,0,"- ","- ",,,"SAN FRANCISCO","SAN FRANCISCO",-122.40830993652344,37.787879943847656
9339710,2021,2021-10-25,3801,2021-09-27,2113,2707,TARAV,1,5,7,3801,0,0,0,,0,6CAR,"19TH AV","ROSSMOOR DR",0.00,,Y,A,-,Y,SF,4,1,-,-,1.600,I,6,N,Y,3,0,1,1,A,-,07,21658,,N,E,I,A,B,H,-,C,A,0,,,,,Y,,A,01,0,1,0,0,0,0,0,0,0,"- ","- ",,,"SAN FRANCISCO","SAN FRANCISCO",-122.47478485107422,37.730281829833984
9340216,2021,2021-10-20,3801,2021-08-10,1256,905,MISSI,2,5,7,3801,0,0,0,,0,3D13C,"SOUTH VAN NESS AV","23RD ST",0.00,,Y,A,-,N,,,,,,,,,,Y,3,0,1,2,A,-,03,22350,,N,D,C,A,A,H,-,A,A,0,,,Y,,Y,,C,03,0,1,0,0,0,0,0,0,1,"- ","- ",,,"SAN FRANCISCO","SAN FRANCISCO",-122.41643524169922,37.753955841064453
9340220,2021,2021-10-19,3801,2021-08-15,2035,1448,MISSI,7,5,7,3801,0,0,0,,0,3D16D,"S VAN NESS AV","16TH ST",0.00,,Y,A,-,N,,,,,,,,,,N,4,0,2,3,A,-,10,21950,A,F,G,B,B,A,H,-,C,A,0,Y,,,,Y,,-,,0,0,2,0,2,0,0,0,0,"- ","- ",,,"SAN FRANCISCO","SAN FRANCISCO",-122.41748809814453,37.765178680419922
9340222,2021,2021-10-19,3801,2021-08-14,1548,1292,BAYVI,6,5,7,3801,0,0,0,,0,3C13D,"EVANS AV","3RD ST",0.00,,Y,A,-,N,,,,,,,,,,Y,3,0,3,3,A,-,00,23103,A,N,D,C,A,A,H,-,A,A,0,,,,,Y,,A,01,0,1,2,0,0,0,0,0,0,"- ","- ",,,"SAN FRANCISCO","SAN FRANCISCO",-122.38801574707031,37.742733001708984
9340315,2021,2021-10-19,3801,2021-08-10,1210,156,BAYVI,2,5,7,3801,0,0,0,,0,3C60,"CESAR CHAVEZ ST","3RD ST",0.00,,Y,A,-,N,,,,,,,,,,N,4,0,1,2,A,-,06,21755,,N,-,-,A,A,H,-,A,D,0,,,,Y,Y,,A,01,0,0,1,0,0,0,0,0,0,"- ","- ",,,"SAN FRANCISCO","SAN FRANCISCO",-122.38768768310547,37.750228881835938
9341085,2021,2021-10-09,3801,2021-08-30,2005,1389,BAYVI,1,5,7,3801,0,0,0,,0,3C12D,"OAKDALE AV","TOLAND ST",0.00,,Y,A,-,N,,,,,,,,,,Y,4,0,1,2,A,-,01,23152,A,F,C,C,A,A,H,-,C,A,0,,,,,Y,Y,A,01,0,0,1,0,0,0,0,0,0,"- ","- ",,,"SAN FRANCISCO","SAN FRANCISCO",-122.40155029296875,37.740951538085938
9341095,2021,2021-10-09,3801,2021-08-10,0950,728,TARAV,2,5,7,3801,0,0,0,,0,3I13A,"47TH AV","LINCOLN WY",0.00,,Y,A,-,N,,,,,,,,,,Y,4,0,1,2,A,-,06,21750,,F,B,C,A,A,H,-,A,D,0,,,,,Y,,A,01,0,0,1,0,0,0,0,0,0,"- ","- ",,,"SAN FRANCISCO","SAN FRANCISCO",-122.50724792480469,37.764106750488281
9341102,2021,2021-10-08,3801,2021-08-18,2130,2390,CENTR,3,5,7,3801,0,0,0,,0,3A11E,"CLAY ST","LARKIN ST",0.00,,Y,A,-,N,,,,,,,,,,N,4,0,1,2,A,-,08,22101,D,N,B,C,A,A,H,-,C,-,0,,,,,Y,,A,01,0,0,1,0,0,0,0,0,0,"- ","- ",,,"SAN FRANCISCO","SAN FRANCISCO",-122.41941070556641,37.792591094970703
9341105,2021,2021-10-08,3801,2021-08-28,1130,4095,TARAV,6,5,7,3801,0,0,0,,0,003,"37TH AV","JUDAH ST",0.00,,Y,A,-,N,,,,,,,,,,Y,3,0,3,2,A,-,09,21802,A,N,D,C,A,A,H,-,A,A,0,,,,,Y,,A,07,0,1,2,0,0,0,0,0,0,"- ","- ",,,"SAN FRANCISCO","SAN FRANCISCO",-122.49630737304688,37.760841369628906
9341109,2021,2021-10-08,3801,2021-08-27,1457,887,,5,5,7,3801,0,0,0,,0,3E13D,"GOUGH ST","EDDY ST",0.00,,Y,A,-,N,,,,,,,,,,N,4,0,1,2,A,-,03,22350,,N,C,C,A,A,H,-,A,A,0,,,,,Y,,A,01,0,0,1,0,0,0,0,0,0,"- ","- ",,,"SAN FRANCISCO","SAN FRANCISCO",-122.42411804199219,37.782466888427734
9341113,2021,2021-10-08,3801,2021-08-28,0511,2163,NORTH,6,5,7,3801,0,0,0,,0,3E15E,"OCTAVIA ST","OAK ST",0.00,,Y,A,-,N,,,,,,,,,,N,4,0,1,2,A,-,08,22107,,N,D,C,A,A,H,-,C,A,0,,,Y,,Y,,A,01,0,0,1,0,0,0,0,0,0,"- ","- ",,,"SAN FRANCISCO","SAN FRANCISCO",-122.42430114746094,37.774799346923828
9341114,2021,2021-10-08,3801,2021-08-28,0216,899,NORTH,6,5,7,3801,0,0,0,,0,3E13E,"FRANKLIN ST","EDDY ST",0.00,,Y,A,-,N,,,,,,,,,,Y,3,0,4,3,A,-,"- ",,,N,C,C,A,A,H,-,C,A,0,,,,,Y,,A,01,0,2,2,0,0,0,0,0,0,"- ","- ",,,"SAN FRANCISCO","SAN FRANCISCO",-122.42243957519531,37.782665252685547
9341906,2021,2021-10-21,3801,2021-08-31,2328,1863,MISSI,2,5,7,3801,0,0,0,,0,2D15E,"VALENCIA ST","24TH ST",0.00,,Y,A,-,N,,,,,,,,,,N,4,0,1,2,A,-,21,22106,,N,C,C,A,A,H,-,C,A,0,,,,,Y,,A,01,0,0,1,0,0,0,0,0,0,"- ","- ",,,"SAN FRANCISCO","SAN FRANCISCO",-122.420654296875,37.752109527587891
9341908,2021,2021-10-21,3801,2021-08-30,2500,552,SOUTH,1,5,7,3801,0,0,0,,0,3B6,"TREASURE ISLAND RD","MACALLA RD",1215.00,S,N,A,-,N,,,,,,,,,,Y,4,0,1,2,A,-,08,22107,,N,B,C,A,A,H,-,A,D,0,,,,,Y,Y,A,01,0,0,1,0,0,0,0,0,0,"- ","- ",,,"SAN FRANCISCO","SAN FRANCISCO",-122.37125396728516,37.810016632080078
9341985,2021,2021-10-21,3801,2021-09-25,2303,2499,BAYVI,6,5,7,3801,0,0,0,,0,3C12E,"NEWHALL ST","OAKDALE AV",0.00,,Y,A,-,N,,,,,,,,,,N,3,0,1,2,A,-,00,21400,,F,D,C,A,A,H,-,C,D,0,,,,,Y,,A,01,0,1,0,0,0,0,0,0,0,"- ","- ",,,"SAN FRANCISCO","SAN FRANCISCO",-122.39218139648438,37.735668182373047
9341990,2021,2021-10-21,3801,2021-09-17,1028,1538,TENDE,5,5,7,3801,0,0,0,,0,901,"HYDE ST","GOLDEN GATE AV",0.00,,Y,A,-,N,,,,,,,,,,N,4,0,1,2,A,-,11,21453,D,N,G,B,B,A,H,-,A,A,0,Y,,,,Y,,N,60,0,0,1,0,1,0,0,0,0,"- ","- ",,,"SAN FRANCISCO","SAN FRANCISCO",-122.41549682617188,37.781650543212891