CASE_ID,ACCIDENT_YEAR,PROC_DATE,JURIS,COLLISION_DATE,COLLISION_TIME,OFFICER_ID,REPORTING_DISTRICT,DAY_OF_WEEK,CHP_SHIFT,POPULATION,CNTY_CITY_LOC,SPECIAL_COND,BEAT_TYPE,CHP_BEAT_TYPE,CITY_DIVISION_LAPD,CHP_BEAT_CLASS,BEAT_NUMBER,PRIMARY_RD,SECONDARY_RD,DISTANCE,DIRECTION,INTERSECTION,WEATHER_1,WEATHER_2,STATE_HWY_IND,CALTRANS_COUNTY,CALTRANS_DISTRICT,STATE_ROUTE,ROUTE_SUFFIX,POSTMILE_PREFIX,POSTMILE,LOCATION_TYPE,RAMP_INTERSECTION,SIDE_OF_HWY,TOW_AWAY,COLLISION_SEVERITY,NUMBER_KILLED,NUMBER_INJURED,PARTY_COUNT,PRIMARY_COLL_FACTOR,PCF_CODE_OF_VIOL,PCF_VIOL_CATEGORY,PCF_VIOLATION,PCF_VIOL_SUBSECTION,HIT_AND_RUN,TYPE_OF_COLLISION,MVIW,PED_ACTION,ROAD_SURFACE,ROAD_COND_1,ROAD_COND_2,LIGHTING,CONTROL_DEVICE,CHP_ROAD_TYPE,PEDESTRIAN_ACCIDENT,BICYCLE_ACCIDENT,MOTORCYCLE_ACCIDENT,TRUCK_ACCIDENT,NOT_PRIVATE_PROPERTY,ALCOHOL_INVOLVED,STWD_VEHTYPE_AT_FAULT,CHP_VEHTYPE_AT_FAULT,COUNT_SEVERE_INJ,COUNT_VISIBLE_INJ,COUNT_COMPLAINT_PAIN,COUNT_PED_KILLED,COUNT_PED_INJURED,COUNT_BICYCLIST_KILLED,COUNT_BICYCLIST_INJURED,COUNT_MC_KILLED,COUNT_MC_INJURED,PRIMARY_RAMP,SECONDARY_RAMP,LATITUDE,LONGITUDE,COUNTY,CITY,POINT_X,POINT_Y
9348957,2022,2022-06-15,3801,2022-05-22,0512,1769,MISSI,7,5,7,3801,0,0,0,,0,3D13E,"FOLSOM ST","16TH ST",0.00,,Y,A,-,N,,,,,,,,,,N,4,0,3,2,A,-,03,22350,,N,C,C,A,A,H,-,C,A,0,,,,,Y,,A,01,0,0,3,0,0,0,0,0,0,"- ","- ",,,"SAN FRANCISCO","SAN FRANCISCO",-122.41529846191406,37.765312194824219
9348958,2022,2022-06-15,3801,2022-05-22,1904,539,MISSI,7,5,7,3801,0,0,0,,0,MISSIO,"CESAR CHAVEZ ST","BRYANT ST",0.00,,Y,A,-,N,,,,,,,,,,Y,4,0,2,2,A,-,09,21802,,N,-,C,A,A,H,-,B,A,0,,,,,Y,,A,01,0,0,2,0,0,0,0,0,0,"- ","- ",,,"SAN FRANCISCO","SAN FRANCISCO",-122.40872192382812,37.748401641845703
9349363,2021,2021-10-27,3801,2021-09-01,1600,2439,CENTR,3,5,7,3801,0,0,0,,0,3A5C,"PINE ST","BATTERY ST",115.00,W,N,A,-,N,,,,,,,,,,Y,4,0,1,3,A,-,09,21804,,N,D,C,A,A,H,-,A,D,0,,,,,Y,,A,01,0,0,1,0,0,0,0,0,0,"- ","- ",,,"SAN FRANCISCO","SAN FRANCISCO",-122.40016174316406,37.792205810546875
9349581,2021,2021-10-27,3801,2021-09-25,1925,BYEE2102,BAYVI,6,5,7,3801,0,0,0,,0,3C15D,"LATHROP  AV","LATHROP AV 208",0.00,,Y,A,-,N,,,,,,,,,,N,3,0,1,2,C,-,18,,,N,G,B,E,A,H,-,C,D,0,Y,,,,Y,,-,"- ",0,1,0,0,0,0,0,0,0,"- ","- ",,,"SAN FRANCISCO","SAN FRANCISCO",,
9349586,2021,2021-10-27,3801,2021-09-26,2000,2355,TARAV,7,5,7,3801,0,0,0,,0,0I4,"PORTOLA DR","14TH AV",0.00,,Y,A,-,N,,,,,,,,,,N,3,0,1,3,A,-,09,21801,A,N,D,C,A,A,H,-,C,A,0,,,Y,,Y,,C,02,0,1,0,0,0,0,0,0,1,"- ","- ",,,"SAN FRANCISCO","SAN FRANCISCO",-122.46833038330078,37.737415313720703
9349603,2021,2021-12-23,3801,2021-09-10,1426,2727,TARAV,5,5,7,3801,0,0,0,,0,3I16A,"SAN JOSE AV","BROAD ST",0.00,,Y,A,-,N,,,,,,,,,,Y,4,0,1,1,A,-,01,23152,A,N,E,I,A,A,H,-,A,D,0,,,,,Y,Y,A,01,0,0,1,0,0,0,0,0,0,"- ","- ",,,"SAN FRANCISCO","SAN FRANCISCO",-122.45356750488281,37.713184356689453
9349604,2021,2021-10-26,3801,2021-09-10,1300,4020,MISSI,5,5,7,3801,0,0,0,,0,3D45C,"FOLSOM ST","21ST ST",0.00,,Y,A,-,N,,,,,,,,,,Y,4,0,1,2,A,-,12,21453,A,N,D,C,A,A,H,-,A,A,0,,,,,Y,,A,01,0,0,1,0,0,0,0,0,0,"- ","- ",,,"SAN FRANCISCO","SAN FRANCISCO",-122.41452026367188,37.757305145263672
9349609,2021,2021-10-29,3801,2021-09-09,0930,2407,MISSI,4,5,7,3801,0,0,0,,0,3D13D,"FOLSOM ST","17TH ST",15.00,N,N,A,-,N,,,,,,,,,,,4,0,1,2,A,-,07,21658,A,F,C,G,A,A,H,-,A,A,0,,Y,,,Y,,A,07,0,0,1,0,0,0,1,0,0,"- ","- ",,,"SAN FRANCISCO","SAN FRANCISCO",-122.41515350341797,37.76373291015625
9349923,2021,2021-10-26,3801,2021-09-10,1248,435,NORTH,5,5,7,3801,0,0,0,,0,901,"GOUGH ST","JACKSON ST",0.00,,Y,A,-,N,,,,,,,,,,N,4,0,1,2,A,-,07,21658,A,N,B,C,A,A,H,-,A,A,0,,,,Y,Y,,F,26,0,0,1,0,0,0,0,0,0,"- ","- ",,,"SAN FRANCISCO","SAN FRANCISCO",-122.42632293701172,37.793529510498047
9350354,2021,2021-10-25,3801,2021-09-17,1450,2726,RICHM,5,5,7,3801,0,0,0,,0,RICHMO,"CROSSOVER DR","PARK PRESIDIO BYPASS DR",0.00,,N,A,-,N,,,,,,,,,,N,4,0,1,2,A,-,03,22350,,F,C,C,A,A,H,-,A,A,0,,,,,Y,,A,01,0,0,1,0,0,0,0,0,0,"- ","- ",,,"SAN FRANCISCO","SAN FRANCISCO",-122.47945404052734,37.771183013916016
9350356,2021,2021-10-25,3801,2021-09-20,2151,1489,BAYVI,1,5,7,3801,0,0,0,,0,3C11E,"CESAR CHAVEZ ST","PENNSYLVANIA AV",0.00,,Y,A,-,N,,,,,,,,,,N,4,0,1,2,A,-,09,21803,A,M,G,G,A,A,H,-,C,A,0,,Y,,,Y,,A,01,0,0,1,0,0,0,1,0,0,"- ","- ",,,"SAN FRANCISCO","SAN FRANCISCO",-122.39242553710938,37.750049591064453
9361166,2021,2021-12-08,3801,2021-10-05,1222,845,BAYVI,2,5,7,3801,0,0,0,,0,4B2B,"EVANS AV","NAPOLEAN ST",0.00,,Y,A,-,N,,,,,,,,,,Y,2,0,1,2,A,-,03,22350,,N,A,C,A,A,H,-,A,A,0,,,Y,Y,Y,,C,02,1,0,0,0,0,0,0,0,1,"- ","- ",,,"SAN FRANCISCO","SAN FRANCISCO",-122.39595031738281,37.747234344482422
9362544,2021,2021-11-30,3801,2021-10-22,2219,451,MISSI,5,5,7,3801,0,0,0,,0,004,"25TH ST","S VAN NESS AV",45.00,W,N,A,-,N,,,,,,,,,,Y,4,0,1,6,A,-,01,23153,A,F,D,E,A,A,H,-,C,A,0,,,,,Y,Y,A,01,0,0,1,0,0,0,0,0,0,"- ","- ",,,"SAN FRANCISCO","SAN FRANCISCO",-122.41632843017578,37.750774383544922
9362549,2021,2021-11-30,3801,2021-10-12,2300,1207,MISSI,2,5,7,3801,0,0,0,,0,3D15E,"17TH ST","CHURCH ST",63.00,W,N,A,-,N,,,,,,,,,,N,4,0,1,1,B,-,22,,,N,H,A,A,A,A,-,C,A,0,,Y,,,Y,Y,L,04,0,0,1,0,0,0,1,0,0,"- ","- ",,,"SAN FRANCISCO","SAN FRANCISCO",-122.42872619628906,37.762866973876953
9362551,2021,2021-11-30,3801,2021-10-12,1819,1194,SOUTH,2,5,7,3801,0,0,0,,0,005,"17TH ST","RHODE ISLAND ST",0.00,,Y,A,-,N,,,,,,,,,,N,4,0,1,2,A,-,12,22450,A,N,D,G,A,A,H,-,A,A,0,,Y,,,Y,,L,04,0,0,1,0,0,0,1,0,0,"- ","- ",,,"SAN FRANCISCO","SAN FRANCISCO",-122.40253448486328,37.764781951904297
9362553,2021,2021-11-30,3801,2021-10-12,1701,273,CENTR,2,5,7,3801,0,0,0,,0,3A12D,"GEARY ST","TAYLOR ST",6.00,W,N,A,-,N,,,,,,,,,,N,4,0,1,2,A,-,10,21950,A,F,G,B,B,A,H,-,A,A,0,Y,,,,Y,Y,A,01,0,0,1,0,1,0,0,0,0,"- ","- ",,,"SAN FRANCISCO","SAN FRANCISCO",-122.41152954101562,37.786949157714844
9362557,2021,2021-11-30,3801,2021-10-12,1335,230,TENDE,2,5,7,3801,0,0,0,,0,3J98C,"MARKET ST","5TH ST",335.00,E,N,A,-,N,,,,,,,,,,N,3,0,1,1,A,-,08,22107,,N,H,A,A,A,G,-,A,D,0,,Y,,,Y,,L,04,0,1,0,0,0,0,1,0,0,"- ","- ",,,"SAN FRANCISCO","SAN FRANCISCO",-122.40723419189453,37.784641265869141
9362558,2021,2021-11-30,3801,2021-10-11,1315,310,SOUTH,1,5,7,3801,0,0,0,,0,3B15C,"KING ST","2ND ST",0.00,,Y,A,-,N,,,,,,,,,,N,4,0,4,2,A,-,03,22350,,N,C,C,A,A,H,-,A,A,0,,,,,Y,,A,01,0,0,4,0,0,0,0,0,0,"- ","- ",,,"SAN FRANCISCO","SAN FRANCISCO",-122.38970184326172,37.779956817626953
9362815,2021,2021-11-30,3801,2021-10-21,1822,2105,CENTR,4,5,7,3801,0,0,0,,0,3A42C,POWELL,BROADWAY,15.00,N,N,A,-,N,,,,,,,,,,N,3,0,1,2,A,-,17,21200,,N,C,G,A,A,H,-,A,A,0,,Y,,,Y,,L,04,0,1,0,0,0,0,1,0,0,"- ","- ",,,"SAN FRANCISCO","SAN FRANCISCO",-122.41024780273438,37.797451019287109
9362832,2021,2021-12-01,3801,2021-10-02,1000,2477,PARK,6,5,7,3801,0,0,0,,0,3F4C,"PAGE ST","BRODERICK ST",162.00,E,N,A,-,N,,,,,,,,,,N,3,0,1,2,A,-,09,21801,A,N,B,G,A,A,H,-,A,D,0,,Y,,,Y,,-,,0,1,0,0,0,0,1,0,0,"- ","- ",,,"SAN FRANCISCO","SAN FRANCISCO",-122.43834686279297,37.772064208984375
9362833,2021,2021-12-01,3801,2021-10-01,2118,2100,MISSI,5,5,7,3801,0,0,0,,0,3D14D,"CLIPPER ST","DIAMOND ST",0.00,,Y,A,-,N,,,,,,,,,,Y,4,0,1,2,A,-,01,23152,B,N,A,C,A,A,H,-,C,D,0,,,,,Y,Y,A,01,0,0,1,0,0,0,0,0,0,"- ","- ",,,"SAN FRANCISCO","SAN FRANCISCO",-122.43607330322266,37.748779296875
9362841,2021,2021-12-01,3801,2021-10-03,1345,1394,MISSI,7,5,7,3801,0,0,0,,0,001,"18TH ST","ORD ST",0.00,,Y,A,-,N,,,,,,,,,,N,3,0,1,2,A,-,"- ",,2,F,D,C,A,A,A,-,A,D,0,,,Y,,Y,,A,01,0,1,0,0,0,0,0,0,1,"- ","- ",,,"SAN FRANCISCO","SAN FRANCISCO",-122.43997192382812,37.760589599609375
9362845,2021,2021-12-01,3801,2021-10-04,0203,2122,TENDE,1,5,7,3801,0,0,0,,0,3J12E,"TAYLOR ST","EDDY ST",0.00,,Y,A,-,N,,,,,,,,,,N,3,0,1,2,A,-,10,21950,A,F,G,B,B,A,H,-,C,A,0,Y,,,,Y,,A,01,0,1,0,0,1,0,0,0,0,"- ","- ",,,"SAN FRANCISCO","SAN FRANCISCO",-122.41094970703125,37.784160614013672
9362865,2021,2021-12-15,3801,2021-10-06,1610,215,BAYVI,3,5,7,3801,0,0,0,,0,3SECTO,"NEWCOMB AV","OAKDALE AV",0.00,,N,B,-,N,,,,,,,,,,Y,3,0,1,5,A,-,03,22350,,M,C,E,A,A,H,-,A,D,0,,,,,Y,Y,A,01,0,1,0,0,0,0,0,0,0,"- ","- ",,,"SAN FRANCISCO","SAN FRANCISCO",,
9362871,2021,2021-12-09,3801,2021-10-09,2020,2407,MISSI,6,5,7,3801,0,0,0,,0,3D13D,"SOUTH VAN NESS AV","22ND ST",0.00,,Y,A,-,N,,,,,,,,,,N,4,0,2,2,A,-,08,22100,B,F,D,C,A,A,H,-,E,A,0,,,,,Y,,A,01,0,0,2,0,0,0,0,0,0,"- ","- ",,,"SAN FRANCISCO","SAN FRANCISCO",-122.41658782958984,37.755565643310547
9363615,2021,2021-12-01,3801,2021-10-15,2011,2102,BAYVI,5,5,7,3801,0,0,0,,0,3C14D,"BAYSHORE BL","CORTLAND AV",0.00,,Y,A,-,N,,,,,,,,,,N,3,0,1,2,D,-,00,,,N,B,G,A,A,H,-,C,A,0,,Y,,,Y,,-,"- ",0,1,0,0,0,0,1,0,0,"- ","- ",,,"SAN FRANCISCO","SAN FRANCISCO",-122.40699005126953,37.739582061767578
9363618,2021,2021-12-01,3801,2021-10-15,1350,1345,MISSI,5,5,7,3801,0,0,0,,0,0D6,"POTRERO AV","16TH ST",180.00,S,N,A,-,N,,,,,,,,,,Y,4,0,1,2,A,-,06,21750,A,N,B,C,A,A,H,-,A,D,0,,,,,Y,,A,01,0,0,1,0,0,0,0,0,0,"- ","- ",,,"SAN FRANCISCO","SAN FRANCISCO",-122.40750885009766,37.765277862548828
9363874,2021,2021-12-01,3801,2021-10-15,1250,1249,CENTR,5,5,7,3801,0,0,0,,0,3A44C,"PINE ST","STOCKTON ST",75.00,E,N,A,-,N,,,,,,,,,,N,4,0,1,2,A,-,21,22106,,N,C,C,A,A,H,-,A,A,0,,,,Y,Y,,F,26,0,0,1,0,0,0,0,0,0,"- ","- ",,,"SAN FRANCISCO","SAN FRANCISCO",-122.40709686279297,37.791339874267578
9365820,2021,2021-12-06,3801,2021-10-30,0209,2457,SOUTH,6,5,7,3801,0,0,0,,0,3B13E,"FOLSOM ST","HAWTHORNE ST",0.00,,Y,A,-,N,,,,,,,,,,Y,4,0,2,2,A,-,12,21453,A,F,D,C,A,A,H,-,C,A,0,,,,,Y,,A,07,0,0,2,0,0,0,0,0,0,"- ","- ",,,"SAN FRANCISCO","SAN FRANCISCO",-122.39783477783203,37.784683227539062
9365902,2021,2021-12-06,3801,2021-10-12,1642,2286,TRAFF,2,5,7,3801,0,0,0,,0,4B4E,"MARKET ST","EUREKA ST",0.00,,Y,A,-,N,,,,,,,,,,Y,2,0,2,2,A,-,09,21801,A,N,D,C,A,A,H,-,A,A,0,,,Y,,Y,,A,01,1,1,0,0,0,0,0,0,1,"- ","- ",,,"SAN FRANCISCO","SAN FRANCISCO",-122.43834686279297,37.761722564697266
9365904,2021,2021-12-29,3801,2021-10-14,0920,2089,BAYVI,4,5,7,3801,0,0,0,,0,BAYVIE,"SILVER AV","CAMBRIDGE ST",75.00,E,N,A,-,N,,,,,,,,,,Y,4,0,1,2,A,-,08,22103,,N,D,C,A,A,H,-,A,A,0,,,,,Y,,A,01,0,0,1,0,0,0,0,0,0,"- ","- ",,,"SAN FRANCISCO","SAN FRANCISCO",-122.41926574707031,37.729068756103516
9365907,2021,2021-12-06,3801,2021-10-16,0104,2451,TARAV,6,5,7,3801,0,0,0,,0,3I16E,"GLLERT DR","EVERGLADE DR",0.00,,Y,A,-,N,,,,,,,,,,Y,4,0,1,1,A,-,03,22350,,N,H,J,A,A,H,-,C,D,0,,,,,Y,,A,01,0,0,1,0,0,0,0,0,0,"- ","- ",,,"SAN FRANCISCO","SAN FRANCISCO",-122.48895263671875,37.73052978515625
9365915,2021,2021-12-06,3801,2021-10-05,2245,1750,MISSI,2,5,7,3801,0,0,0,,0,0D4,"HARRISON ST","26TH ST",0.00,,Y,A,-,N,,,,,,,,,,N,4,0,1,2,A,-,12,22450,A,N,D,C,A,A,H,-,C,A,0,,,,,Y,,-,"- ",0,0,1,0,0,0,0,0,0,"- ","- ",,,"SAN FRANCISCO","SAN FRANCISCO",-122.41164398193359,37.749439239501953
9365916,2021,2021-12-06,3801,2021-10-05,2115,2479,NORTH,2,5,7,3801,0,0,0,,0,3E14D,"SUTTER ST","FILLMORE ST",0.00,,Y,A,-,N,,,,,,,,,,N,4,0,1,2,A,-,08,22100,A,N,D,C,A,-,H,-,C,A,0,,Y,,,Y,,L,04,0,0,1,0,0,0,1,0,0,"- ","- ",,,"SAN FRANCISCO","SAN FRANCISCO",-122.43326568603516,37.786087036132812
9366729,2021,2021-12-24,3801,2021-11-23,2119,460,INGLE,2,5,7,3801,0,0,0,,0,3H15E,"GENEVA AV","CAYUGA AV",0.00,,Y,A,-,N,,,,,,,,,,Y,4,0,1,2,A,-,12,21453,A,N,D,C,A,A,H,-,C,A,0,,,,,Y,,A,01,0,0,1,0,0,0,0,0,0,"- ","- ",,,"SAN FRANCISCO","SAN FRANCISCO",-122.44367980957031,37.718917846679688
9368365,2021,2021-12-04,3801,2021-10-29,1207,1065,TENDE,5,5,7,3801,0,0,0,,0,3J4,"TURK ST","LEAVENWORTH ST",0.00,,Y,A,-,N,,,,,,,,,,N,4,0,1,2,A,-,21,22106,,N,G,B,-,A,H,-,A,A,0,Y,,,,Y,,A,01,0,0,1,0,1,0,0,0,0,"- ","- ",,,"SAN FRANCISCO","SAN FRANCISCO",-122.41403961181641,37.782802581787109
9370082,2021,2022-02-11,3801,2021-10-13,1702,312,TARAV,3,5,7,3801,0,0,0,,0,1CAR,"IRVING ST","8TH AV",0.00,,Y,A,-,N,,,,,,,,,,N,4,0,1,2,A,-,09,21802,A,N,D,F,A,A,H,-,A,D,0,,,,,Y,,A,01,0,0,1,0,0,0,0,0,0,"- ","- ",,,"SAN FRANCISCO","SAN FRANCISCO",-122.46524810791016,37.764091491699219
9372324,2021,2021-12-13,3801,2021-10-13,1435,677,SOUTH,3,5,7,3801,0,0,0,,0,3B11C,"BRYANT ST","9TH ST",0.00,,Y,A,-,N,,,,,,,,,,Y,3,0,2,3,A,-,08,22107,,N,H,-,B,A,H,-,A,A,0,Y,,Y,,Y,,C,02,0,2,0,0,1,0,0,0,1,"- ","- ",,,"SAN FRANCISCO","SAN FRANCISCO",-122.40853118896484,37.771289825439453
9372327,2021,2021-12-14,3801,2021-10-14,1129,4301,NORTH,4,5,7,3801,0,0,0,,0,3E13A,"SUTTER ST","FRANKLIN ST",0.00,,Y,A,-,N,,,,,,,,,,Y,4,0,1,3,A,-,12,21453,A,N,D,C,A,A,H,-,A,A,0,,,,,Y,,A,01,0,0,1,0,0,0,0,0,0,"- ","- ",,,"SAN FRANCISCO","SAN FRANCISCO",-122.42340087890625,37.787345886230469
9372330,2021,2021-12-14,3801,2021-10-12,1031,1061,SOUTH,2,5,7,3801,0,0,0,,0,3B12A,"4TH ST","HOWARD ST",0.00,,Y,A,-,N,,,,,,,,,,Y,4,0,2,2,A,-,08,22107,,N,F,C,A,A,H,-,A,D,0,,,,,Y,,A,07,0,0,2,0,0,0,0,0,0,"- ","- ",,,"SAN FRANCISCO","SAN FRANCISCO",-122.40270233154297,37.783267974853516
9372357,2021,2021-12-06,3801,2021-10-27,0658,2466,RICHM,3,5,7,3801,0,0,0,,0,003,"GEARY BL","12TH AV",0.00,,Y,A,-,N,,,,,,,,,,N,4,0,1,2,A,-,10,21950,A,N,-,B,B,A,H,-,C,A,0,Y,,,,Y,,A,01,0,0,1,0,1,0,0,0,0,"- ","- ",,,"SAN FRANCISCO","SAN FRANCISCO",-122.470703125,37.780792236328125
9372360,2021,2021-12-06,3801,2021-10-08,2010,76,TRAFF,5,5,7,3801,0,0,0,,0,4B3B,"EDDY ST","TALOR ST",166.00,E,N,A,-,N,,,,,,,,,,Y,4,0,6,5,A,-,08,22107,,N,B,E,A,A,H,-,C,D,0,,,,,Y,,A,07,0,0,6,0,0,0,0,0,0,"- ","- ",,,"SAN FRANCISCO","SAN FRANCISCO",-122.41038513183594,37.784233093261719
9372369,2021,2021-12-04,3801,2021-10-19,1846,327,MISSI,2,5,7,3801,0,0,0,,0,3D15C,"16TH ST","CAPP ST",0.00,,Y,A,-,N,,,,,,,,,,N,2,0,1,2,A,-,08,22107,,N,A,C,A,A,H,-,C,A,0,,,,,Y,,A,01,1,0,0,0,0,0,0,0,0,"- ","- ",,,"SAN FRANCISCO","SAN FRANCISCO",-122.418701171875,37.765098571777344
9372371,2021,2021-12-03,3801,2021-10-19,1453,2746,RICHM,2,5,7,3801,0,0,0,,0,3G43,"BALBOA ST","46TH AV",0.00,,Y,A,-,N,,,,,,,,,,Y,4,0,2,2,A,-,12,22450,,F,D,C,A,A,H,-,A,D,0,,,,,Y,,A,01,0,0,2,0,0,0,0,0,0,"- ","- ",,,"SAN FRANCISCO","SAN FRANCISCO",-122.50698852539062,37.775276184082031
9372375,2021,2021-12-04,3801,2021-10-31,0543,1066,NORTH,7,5,7,3801,0,0,0,,0,3E5,"LOMBARD ST","STEINER ST",0.00,,Y,A,-,N,,,,,,,,,,Y,4,0,3,2,A,-,09,21801,A,N,D,C,A,B,H,-,C,A,0,,,,,Y,,A,01,0,0,3,0,0,0,0,0,0,"- ","- ",,,"SAN FRANCISCO","SAN FRANCISCO",-122.43769073486328,37.799640655517578
9372376,2021,2021-12-04,3801,2021-10-31,0953,2039,TARAV,7,5,7,3801,0,0,0,,0,005,"WINSTON DR","20TH AV",0.00,,Y,A,-,N,,,,,,,,,,N,4,0,1,2,A,-,09,21801,A,N,D,C,A,A,H,-,A,A,0,,,,,Y,,A,01,0,0,1,0,0,0,0,0,0,"- ","- ",,,"SAN FRANCISCO","SAN FRANCISCO",-122.47597503662109,37.730087280273438
9372378,2021,2021-12-09,3801,2021-10-20,0934,1297,BAYVI,3,5,7,3801,0,0,0,,0,3C11A,"VERMONT ST","22ND ST",0.00,,Y,A,-,N,,,,,,,,,,N,4,0,1,2,A,-,03,22350,,F,D,C,A,A,H,-,A,D,0,,,Y,,Y,,C,02,0,0,1,0,0,0,0,0,1,"- ","- ",,,"SAN FRANCISCO","SAN FRANCISCO",-122.4039306640625,37.756942749023438
9372388,2021,2021-12-09,3801,2021-10-24,1720,2058,MISSI,7,5,7,3801,0,0,0,,0,,"24TH ST","SHOTWELL ST",25.00,E,N,C,-,N,,,,,,,,,,N,4,0,1,2,A,-,10,21954,B,F,G,B,E,B,H,-,A,D,0,Y,,,,Y,,A,01,0,0,1,0,1,0,0,0,0,"- ","- ",,,"SAN FRANCISCO","SAN FRANCISCO",-122.41509246826172,37.752452850341797
9372396,2021,2021-12-09,3801,2021-10-22,1224,1086,CENTR,5,5,7,3801,0,0,0,,0,3CAR,"NORTH POINT ST","TAYLOR ST",0.00,,Y,B,-,N,,,,,,,,,,Y,4,0,1,3,A,-,12,21453,A,F,D,C,A,A,H,-,A,A,0,,,,,Y,,A,01,0,0,1,0,0,0,0,0,0,"- ","- ",,,"SAN FRANCISCO","SAN FRANCISCO",-122.41543579101562,37.806362152099609
9375695,2021,2022-01-06,3801,2021-11-20,0210,4039,CENTR,6,5,7,3801,0,0,0,,0,3A3,"BAY ST","NORTH VIEW CT",8.00,E,N,A,-,N,,,,,,,,,,Y,3,0,1,2,A,-,03,22350,,N,F,C,A,B,H,-,C,A,0,,,,,Y,,A,01,0,1,0,0,0,0,0,0,0,"- ","- ",,,"SAN FRANCISCO","SAN FRANCISCO",-122.42253112792969,37.804473876953125
9375704,2021,2021-12-31,3801,2021-11-17,1452,2379,INGLE,3,5,7,3801,0,0,0,,0,3H11C,"BAYSHORE BL","ARLETA AV",0.00,,Y,A,-,N,,,,,,,,,,N,3,0,1,2,A,-,10,21950,A,N,D,B,B,A,H,-,A,A,0,Y,,,,Y,,A,07,0,1,0,0,1,0,0,0,0,"- ","- ",,,"SAN FRANCISCO","SAN FRANCISCO",-122.40261077880859,37.712268829345703
9375717,2021,2021-12-30,3801,2021-11-19,0006,1332,CENTR,5,5,7,3801,0,0,0,,0,3A11E,"GEARY ST","LARKIN ST",0.00,,Y,A,-,N,,,,,,,,,,Y,3,0,1,2,A,-,11,21954,A,F,A,B,-,A,H,-,C,D,0,Y,,,,Y,,N,60,0,1,0,0,1,0,0,0,0,"- ","- ",,,"SAN FRANCISCO","SAN FRANCISCO",-122.41810607910156,37.786113739013672
9375720,2021,2021-12-30,3801,2021-11-13,1324,4124,INGLE,6,5,7,3801,0,0,0,,0,INGLES,"ALEMANY BL","SANTA ROSA AV",0.00,,Y,A,-,N,,,,,,,,,,N,4,0,1,2,A,-,09,21801,B,N,D,C,A,A,H,-,A,A,0,,,Y,,Y,,A,01,0,0,1,0,0,0,0,0,1,"- ","- ",,,"SAN FRANCISCO","SAN FRANCISCO",-122.43605804443359,37.726757049560547
9375721,2021,2021-12-31,3801,2021-11-13,1700,628,RICHM,6,5,7,3801,0,0,0,,0,0G4,"CLEMENT ST","18TH AV",0.00,,Y,A,-,N,,,,,,,,,,N,3,0,1,1,A,-,"- ",,,N,F,A,A,A,H,-,C,D,0,,Y,,,Y,,L,04,0,1,0,0,0,0,1,0,0,"- ","- ",,,"SAN FRANCISCO","SAN FRANCISCO",-122.47737884521484,37.782352447509766
9375730,2021,2021-12-31,3801,2021-11-29,0827,326,INGLE,1,5,7,3801,0,0,0,,0,3H15A,"MISSION ST","CRESCENT AV",0.00,,Y,A,-,N,,,,,,,,,,N,4,0,1,2,A,-,08,22107,,N,C,C,A,A,H,-,A,D,0,,,,,Y,,A,01,0,0,1,0,0,0,0,0,0,"- ","- ",,,"SAN FRANCISCO","SAN FRANCISCO",-122.42469024658203,37.735408782958984
9375735,2021,2021-12-31,3801,2021-11-01,0012,1414,MISSI,1,5,7,3801,0,0,0,,0,3D11E,"SOUTH VAN NESS AV","ERIE ST",0.00,,Y,B,-,N,,,,,,,,,,N,3,0,1,2,-,-,"- ",,,N,H,-,A,A,H,-,C,D,0,,Y,,,Y,Y,-,"- ",0,1,0,0,0,0,1,0,0,"- ","- ",,,"SAN FRANCISCO","SAN FRANCISCO",-122.41783142089844,37.769203186035156
9375744,2021,2022-01-04,3801,2021-11-02,1516,2181,NORTH,2,5,7,3801,0,0,0,,0,3E12D,"WEBSTER ST","OFARRELL ST",91.00,S,N,A,-,N,,,,,,,,,,Y,3,0,3,3,A,-,03,22350,,N,C,C,A,A,H,-,A,A,0,,,,,Y,Y,A,08,0,1,2,0,0,0,0,0,0,"- ","- ",,,"SAN FRANCISCO","SAN FRANCISCO",-122.43099975585938,37.783252716064453
9375748,2021,2022-01-03,3801,2021-11-03,1158,2089,BAYVI,3,5,7,3801,0,0,0,,0,BAYVIE,"OAKDALE AV","SELBY ST",0.00,,Y,A,-,N,,,,,,,,,,Y,4,0,1,2,A,-,09,21800,A,N,D,C,A,A,H,-,A,A,0,,,,,Y,,A,01,0,0,1,0,0,0,0,0,0,"- ","- ",,,"SAN FRANCISCO","SAN FRANCISCO",-122.39969635009766,37.739933013916016
9375757,2021,2022-01-03,3801,2021-11-30,2051,1878,MISSI,2,5,7,3801,0,0,0,,0,0D4,"CESAR CHAVEZ ST","MISSION ST",0.00,,Y,A,-,N,,,,,,,,,,N,4,0,1,2,A,-,10,21950,A,N,G,B,B,-,H,-,C,A,0,Y,,,,Y,,-,,0,0,1,0,1,0,0,0,0,"- ","- ",,,"SAN FRANCISCO","SAN FRANCISCO",-122.41819763183594,37.748222351074219
9376220,2021,2021-12-30,3801,2021-11-04,1930,2705,BAYVI,4,5,7,3801,0,0,0,,0,3C61,"BACON ST","BACON ST 729",0.00,,-,A,-,N,,,,,,,,,,N,4,0,1,2,A,-,07,21658,A,F,B,C,A,A,H,-,C,D,0,,,,,Y,,A,01,0,0,1,0,0,0,0,0,0,"- ","- ",,,"SAN FRANCISCO","SAN FRANCISCO",-122.410017,37.72598