CASE_ID,ACCIDENT_YEAR,PROC_DATE,JURIS,COLLISION_DATE,COLLISION_TIME,OFFICER_ID,REPORTING_DISTRICT,DAY_OF_WEEK,CHP_SHIFT,POPULATION,CNTY_CITY_LOC,SPECIAL_COND,BEAT_TYPE,CHP_BEAT_TYPE,CITY_DIVISION_LAPD,CHP_BEAT_CLASS,BEAT_NUMBER,PRIMARY_RD,SECONDARY_RD,DISTANCE,DIRECTION,INTERSECTION,WEATHER_1,WEATHER_2,STATE_HWY_IND,CALTRANS_COUNTY,CALTRANS_DISTRICT,STATE_ROUTE,ROUTE_SUFFIX,POSTMILE_PREFIX,POSTMILE,LOCATION_TYPE,RAMP_INTERSECTION,SIDE_OF_HWY,TOW_AWAY,COLLISION_SEVERITY,NUMBER_KILLED,NUMBER_INJURED,PARTY_COUNT,PRIMARY_COLL_FACTOR,PCF_CODE_OF_VIOL,PCF_VIOL_CATEGORY,PCF_VIOLATION,PCF_VIOL_SUBSECTION,HIT_AND_RUN,TYPE_OF_COLLISION,MVIW,PED_ACTION,ROAD_SURFACE,ROAD_COND_1,ROAD_COND_2,LIGHTING,CONTROL_DEVICE,CHP_ROAD_TYPE,PEDESTRIAN_ACCIDENT,BICYCLE_ACCIDENT,MOTORCYCLE_ACCIDENT,TRUCK_ACCIDENT,NOT_PRIVATE_PROPERTY,ALCOHOL_INVOLVED,STWD_VEHTYPE_AT_FAULT,CHP_VEHTYPE_AT_FAULT,COUNT_SEVERE_INJ,COUNT_VISIBLE_INJ,COUNT_COMPLAINT_PAIN,COUNT_PED_KILLED,COUNT_PED_INJURED,COUNT_BICYCLIST_KILLED,COUNT_BICYCLIST_INJURED,COUNT_MC_KILLED,COUNT_MC_INJURED,PRIMARY_RAMP,SECONDARY_RAMP,LATITUDE,LONGITUDE,COUNTY,CITY,POINT_X,POINT_Y
9634774,2023,2024-01-10,3801,2023-11-14,1655,905,MISSI,2,5,7,3801,0,0,0,,0,3D90B,"17TH ST","HOFF ST",0.00,,Y,A,-,N,,,,,,,,,,N,4,0,1,2,A,-,09,21801,,N,D,-,A,A,H,-,B,A,0,,Y,,,Y,,A,01,0,0,1,0,0,0,1,0,0,"- ","- ",,,"SAN FRANCISCO","SAN FRANCISCO",-122.42041778564453,37.763370513916016
9634780,2023,2024-01-05,3801,2023-11-11,1257,2289,NORTH,6,5,7,3801,0,0,0,,0,,"DIVISADERO ST","BUSH ST",26.00,S,N,A,-,N,,,,,,,,,,N,3,0,1,2,A,-,08,22107,,N,C,C,A,A,H,-,A,A,0,,,Y,,Y,,C,03,0,1,0,0,0,0,0,0,1,"- ","- ",,,"SAN FRANCISCO","SAN FRANCISCO",-122.44003295898438,37.786117553710938
9634782,2023,2024-01-20,3801,2023-11-11,1115,1825,SOUTH,6,5,7,3801,0,0,0,,0,3B14A,"S VAN NESS AV","13TH ST",0.00,,Y,A,-,N,,,,,,,,,,Y,4,0,1,2,A,-,08,22107,,N,B,D,A,A,H,-,A,A,0,,,,,Y,,A,01,0,0,1,0,0,0,0,0,0,"- ","- ",,,"SAN FRANCISCO","SAN FRANCISCO",-122.41777801513672,37.7696533203125
9634800,2023,2024-01-20,3801,2023-11-06,1500,1057,SOUTH,1,5,7,3801,0,0,0,,0,3B12D,"FOLSOM ST","4TH ST",0.00,,Y,A,-,N,,,,,,,,,,N,4,0,1,2,A,-,12,21453,A,N,D,-,A,A,H,-,A,A,0,,Y,,,Y,,L,04,0,0,1,0,0,0,1,0,0,"- ","- ",,,"SAN FRANCISCO","SAN FRANCISCO",-122.40116119384766,37.782035827636719
9634801,2023,2024-01-20,3801,2023-11-07,"750 ",2180,BAYVI,2,5,7,3801,0,0,0,,0,3C11A,"MISSOURI ST","MARIPOSA ST",0.00,,Y,A,-,N,,,,,,,,,,N,4,0,1,2,A,-,12,22450,A,F,D,C,A,A,H,-,A,A,0,,,,,Y,,A,01,0,0,1,0,0,0,0,0,0,"- ","- ",,,"SAN FRANCISCO","SAN FRANCISCO",-122.39665985107422,37.763847351074219
9634804,2023,2024-01-20,3801,2023-11-07,1500,359,TARAV,2,5,7,3801,0,0,0,,0,3I3B,"MARKET ST","GOUGH ST",0.00,,Y,A,-,N,,,,,,,,,,Y,4,0,1,2,A,-,03,22350,,N,C,C,A,A,H,-,A,A,0,,,,,Y,,A,07,0,0,1,0,0,0,0,0,0,"- ","- ",,,"SAN FRANCISCO","SAN FRANCISCO",-122.42221069335938,37.772872924804688
9634848,2023,2023-12-07,3801,2023-10-22,1551,274,MISSI,7,5,7,3801,0,0,0,,0,,"GUERRERO ST","26TH ST",0.00,,Y,C,-,N,,,,,,,,,,,4,0,1,1,D,-,00,,,N,H,A,A,B,-,-,A,A,0,,,Y,,Y,,-,"- ",0,0,1,0,0,0,0,0,1,"- ","- ",,,"SAN FRANCISCO","SAN FRANCISCO",-122.42256927490234,37.748790740966797
9634855,2023,2023-12-07,3801,2023-10-23,1153,1500,CENTR,1,5,7,3801,0,0,0,,0,3A14A,"SANSOME ST","JACKSON ST",143.00,N,N,A,-,N,,,,,,,,,,N,3,0,1,2,A,-,17,22517,,N,H,G,A,A,H,-,A,D,0,,Y,,,Y,,A,01,0,1,0,0,0,0,1,0,0,"- ","- ",,,"SAN FRANCISCO","SAN FRANCISCO",-122.40193939208984,37.797019958496094
9635319,2023,2024-01-18,3801,2023-11-20,1030,1580,SOUTH,1,5,7,3801,0,0,0,,0,3B4A,"HOWARD ST","3RD ST",0.00,,Y,A,-,N,,,,,,,,,,N,4,0,1,3,A,-,12,21453,A,F,B,C,A,A,H,-,A,A,0,,,,,Y,,D,22,0,0,1,0,0,0,0,0,0,"- ","- ",,,"SAN FRANCISCO","SAN FRANCISCO",-122.40049743652344,37.785007476806641
9635495,2023,2024-01-02,3801,2023-08-09,"930 ",455,SOUTH,3,5,7,3801,0,0,0,,0,03B,"BRANNAN ST","5TH ST",87.00,W,N,A,-,N,,,,,,,,,,N,4,0,1,2,A,-,06,21755,A,N,D,G,A,A,H,-,A,D,0,,,Y,,Y,,C,02,0,0,1,0,0,0,0,0,0,"- ","- ",,,"SAN FRANCISCO","SAN FRANCISCO",-122.39898681640625,37.776412963867188
9635980,2023,2024-03-02,3801,2023-12-26,1700,4314,RICHM,2,5,7,3801,0,0,0,,0,0G3,"GEARY BL","2ND AV",20.00,W,N,B,-,N,,,,,,,,,,N,4,0,1,2,A,-,08,22100,A,N,B,C,A,A,H,-,C,D,0,,,Y,,Y,,A,07,0,0,1,0,0,0,0,0,1,"- ","- ",,,"SAN FRANCISCO","SAN FRANCISCO",-122.46009063720703,37.781276702880859
9635990,2023,2024-02-12,3801,2023-12-20,1002,1557,TARAV,3,5,7,3801,0,0,0,,0,3I16A,"RANDOLPH ST","ORIZABA AV",0.00,,Y,C,-,N,,,,,,,,,,N,4,0,1,2,A,-,03,22350,,N,D,C,A,B,H,-,A,D,0,,,,,Y,,A,01,0,0,1,0,0,0,0,0,0,"- ","- ",,,"SAN FRANCISCO","SAN FRANCISCO",-122.46263885498047,37.714302062988281
9635992,2023,2024-02-12,3801,2023-12-23,1738,2732,CENTR,6,5,7,3801,0,0,0,,0,3A14D,"TAYLOR ST","SUTTER ST",0.00,,Y,A,-,N,,,,,,,,,,Y,3,0,3,2,A,-,12,21453,A,N,D,C,A,A,H,-,C,A,0,,,,,Y,,A,01,0,1,2,0,0,0,0,0,0,"- ","- ",,,"SAN FRANCISCO","SAN FRANCISCO",-122.41188049316406,37.788814544677734
9636245,2023,2024-02-13,3801,2023-12-21,"840 ",2163,,4,5,7,3801,0,0,0,,0,3J93A,"LEAVENWORTH ST","TURK ST",0.00,,N,A,-,N,,,,,,,,,,N,4,0,1,2,A,-,13,22500,F,N,G,B,F,A,H,-,A,A,0,Y,,,,Y,,I,20,0,0,1,0,1,0,0,0,0,"- ","- ",,,"SAN FRANCISCO","SAN FRANCISCO",-122.41403961181641,37.782802581787109
9636254,2023,2024-02-12,3801,2023-12-20,1543,2443,,3,5,7,3801,0,0,0,,0,3C13D,"INGALLS ST","HUDSON AV",0.00,,Y,B,-,N,,,,,,,,,,Y,4,0,1,1,D,-,00,,,N,F,I,A,A,H,-,A,A,0,,,,,Y,,-,"- ",0,0,1,0,0,0,0,0,0,"- ","- ",,,"SAN FRANCISCO","SAN FRANCISCO",-122.37961578369141,37.73248291015625
9636257,2023,2024-02-12,3801,2023-12-19,2011,1428,,2,5,7,3801,0,0,0,,0,3D14D,"24TH ST","CAPP ST",0.00,,Y,A,-,N,,,,,,,,,,N,4,0,1,2,A,-,09,21801,A,F,D,D,A,A,H,-,A,A,0,,,,,Y,,-,99,0,0,1,0,0,0,0,0,0,"- ","- ",,,"SAN FRANCISCO","SAN FRANCISCO",-122.41733551025391,37.752307891845703
9636261,2023,2024-02-15,3801,2023-12-19,1817,746,INGLE,2,5,7,3801,0,0,0,,0,,"MISSION ST","29TH ST",190.00,S,N,A,-,N,,,,,,,,,,N,4,0,1,1,C,-,18,,,N,E,J,A,A,A,-,C,D,0,,,Y,,Y,,-,"- ",0,0,1,0,0,0,0,0,1,"- ","- ",,,"SAN FRANCISCO","SAN FRANCISCO",-122.42121887207031,37.743614196777344
9636263,2023,2024-02-15,3801,2023-12-24,1125,1457,TARAV,7,5,7,3801,0,0,0,,0,002,"IRVING ST","24TH AV",6.00,W,N,B,-,N,,,,,,,,,,N,3,0,1,2,A,-,10,21950,A,N,-,B,B,A,H,-,A,A,0,Y,,,,Y,,A,01,0,1,0,0,1,0,0,0,0,"- ","- ",,,"SAN FRANCISCO","SAN FRANCISCO",-122.48251342773438,37.763328552246094
9636294,2023,2024-02-28,3801,2023-12-16,1135,2124,MISSI,6,5,7,3801,0,0,0,,0,3D3A,"18TH ST","CHURCH ST",0.00,,Y,A,-,N,,,,,,,,,,N,3,0,1,2,A,-,09,21801,A,N,D,G,A,A,H,-,A,D,0,,Y,,,Y,,A,01,0,1,0,0,0,0,1,0,0,"- ","- ",,,"SAN FRANCISCO","SAN FRANCISCO",-122.42838287353516,37.761299133300781
9636300,2023,2024-02-29,3801,2023-12-15,2310,2113,BAYVI,5,5,7,3801,0,0,0,,0,3C11E,"26TH ST","TENNESSEE ST",0.00,,Y,A,-,N,,,,,,,,,,Y,4,0,1,2,A,-,12,22450,A,N,D,C,A,A,H,-,C,C,0,,,,,Y,,A,01,0,0,1,0,0,0,0,0,0,"- ","- ",,,"SAN FRANCISCO","SAN FRANCISCO",-122.38864898681641,37.751499176025391
9636316,2023,2024-02-15,3801,2023-12-11,1747,141,INGLE,1,5,7,3801,0,0,0,,0,3H12D,"MISSION ST","29TH ST",0.00,,Y,A,-,N,,,,,,,,,,N,4,0,1,2,A,-,08,22107,,N,D,C,A,A,H,-,C,A,0,,,,,Y,,-,"- ",0,0,1,0,0,0,0,0,0,"- ","- ",,,"SAN FRANCISCO","SAN FRANCISCO",-122.42092132568359,37.744083404541016
9636318,2023,2024-02-15,3801,2023-12-14,1723,1185,TENDE,4,5,7,3801,0,0,0,,0,,"GEARY ST","HYDE ST",0.00,,Y,A,-,N,,,,,,,,,,N,4,0,1,2,A,-,10,21950,A,N,G,B,B,A,-,-,C,A,0,Y,,,,Y,,A,01,0,0,1,0,1,0,0,0,0,"- ","- ",,,"SAN FRANCISCO","SAN FRANCISCO",-122.41645050048828,37.786319732666016
9636320,2023,2024-02-15,3801,2023-12-14,1343,788,SOUTH,4,5,7,3801,0,0,0,,0,005,"15TH ST","HENRY ADAMS ST",0.00,,Y,A,-,N,,,,,,,,,,N,4,0,1,2,A,-,10,21950,A,N,G,B,B,A,H,-,A,A,0,Y,,,,Y,,A,01,0,0,1,0,1,0,0,0,0,"- ","- ",,,"SAN FRANCISCO","SAN FRANCISCO",-122.43732452392578,37.766189575195312
9636343,2023,2023-11-15,3801,2023-10-18,1503,1263,BAYVI,3,5,7,3801,0,0,0,,0,0C3,"ILLINOIS ST","AMADOR ST",0.00,,Y,A,-,N,,,,,,,,,,N,4,0,1,2,A,-,04,21703,,F,C,D,A,A,H,-,A,D,0,,,Y,,Y,,A,01,0,0,1,0,0,0,0,0,1,"- ","- ",,,"SAN FRANCISCO","SAN FRANCISCO",-122.38603973388672,37.745765686035156
9636505,2023,2023-12-12,3801,2023-10-19,1656,1460,,4,5,7,3801,0,0,0,,0,003,"VALLEY BL","LIVE OAK",60.00,W,N,A,-,N,,,,,,,,,,Y,3,0,3,3,A,-,08,22107,,N,C,C,A,A,H,-,B,A,0,,,,,Y,,D,22,0,1,2,0,0,0,0,0,0,"- ","- ",,,"SAN FRANCISCO","SAN FRANCISCO",-123.31015014648438,39.4132080078125
9636607,2023,2023-11-20,3801,2023-09-30,"28  ",1988,INGLE,6,5,7,3801,0,0,0,,0,3H13E,"OCEAN AV","RT 280",0.00,,Y,C,-,Y,SF,4,280,-,R,1.852,R,4,N,Y,3,0,1,2,A,-,12,21453,A,F,D,C,A,B,H,-,C,A,0,,,,,Y,,A,01,0,1,0,0,0,0,0,0,0,"- ",NO,,,"SAN FRANCISCO","SAN FRANCISCO",-122.44725036621094,37.724140167236328
9636609,2023,2023-11-14,3801,2023-09-28,1430,2202,INGLE,4,5,7,3801,0,0,0,,0,3H13A,"ALEMANY BL","CONGDON ST",0.00,,Y,A,-,N,,,,,,,,,,Y,3,0,1,2,A,-,08,22101,D,N,D,C,A,A,H,-,A,A,0,,,,,Y,,A,07,0,1,0,0,0,0,0,0,0,"- ","- ",,,"SAN FRANCISCO","SAN FRANCISCO",-122.42619323730469,37.731166839599609
9638521,2023,2024-01-18,3801,2023-12-08,"249 ",2457,SOUTH,5,5,7,3801,0,0,0,,0,3B4E,"LEAVENWORTH ST","MCALLISTER ST",0.00,,Y,A,-,N,,,,,,,,,,N,4,0,3,4,A,-,13,22515,A,N,H,B,F,A,H,-,C,D,0,Y,,,,Y,,J,48,0,0,3,0,3,0,0,0,0,"- ","- ",,,"SAN FRANCISCO","SAN FRANCISCO",-122.41368865966797,37.780929565429688
9639715,2023,2023-11-20,3800,2023-10-18,"958 ",2445,NORTH,3,5,7,3801,0,0,0,,0,,"POLK ST","REDWOOD ST",0.00,,Y,A,-,N,,,,,,,,,,N,4,0,1,2,A,-,05,21460,A,N,D,C,A,A,H,-,A,D,0,,,Y,,Y,,A,01,0,0,1,0,0,0,0,0,1,"- ","- ",,,"SAN FRANCISCO","SAN FRANCISCO",-122.41868591308594,37.780750274658203
9640372,2024,2024-04-10,3801,2024-02-25,1840,707,TRAFF,7,5,7,3801,0,0,0,,0,4B3G,"ALEMANY BL","ROUSSEAU ST",1.00,E,N,A,-,N,,,,,,,,,,N,1,1,0,2,A,-,10,21950,A,N,G,B,B,A,H,-,C,B,0,Y,,,,Y,,A,01,0,0,0,1,0,0,0,0,0,"- ","- ",,,"SAN FRANCISCO","SAN FRANCISCO",-122.42960357666016,37.731040954589844
9640780,2024,2026-02-27,3801,2024-06-15,2336,4375,TRAFF,6,5,7,3801,0,0,0,,0,4B1F,BROADWAY,"RT 101",15.00,W,N,A,-,Y,SF,4,101,-,-,6.320,I,5,N,Y,1,1,0,2,A,-,11,21453,D,N,G,B,B,A,H,-,C,A,0,Y,,,,Y,,N,60,0,0,0,1,0,0,0,0,0,"- ","- ",,,"SAN FRANCISCO","SAN FRANCISCO",-122.42333221435547,37.795757293701172
9641803,2023,2023-12-11,3801,2023-10-31,"919 ",1511,BAYVI,2,5,7,3801,0,0,0,,0,3C11A,"DE HARO ST","DE HARO ST 1322",0.00,,Y,A,-,N,,,,,,,,,,Y,4,0,1,2,A,-,03,22350,,N,F,A,A,A,E,-,A,D,0,,,,,Y,,A,01,0,0,1,0,0,0,0,0,0,"- ","- ",,,"SAN FRANCISCO","SAN FRANCISCO",,
9641824,2023,2023-12-08,3801,2023-10-31,1442,2398,NORTH,2,5,7,3801,0,0,0,,0,0IE,"FRANKLIN ST","LINDEN ST",3.00,N,N,A,-,N,,,,,,,,,,N,2,0,1,2,A,-,17,21657,,N,A,G,A,A,H,-,A,A,0,,Y,,,Y,,L,04,1,0,0,0,0,0,1,0,0,"- ","- ",,,"SAN FRANCISCO","SAN FRANCISCO",-122.42124176025391,37.776626586914062
9641875,2023,2024-02-23,3801,2023-11-03,"850 ",2402,TARAV,5,5,7,3801,0,0,0,,0,3I1A,"KIRKHAM ST","10TH AV",0.00,,Y,A,-,N,,,,,,,,,,N,4,0,1,2,D,-,00,,,N,D,-,A,A,H,-,A,A,0,,,,,Y,,-,"- ",0,0,1,0,0,0,0,0,0,"- ","- ",,,"SAN FRANCISCO","SAN FRANCISCO",-122.46714019775391,37.760246276855469
9641877,2023,2024-01-23,3801,2023-11-02,1741,1823,MISSI,4,5,7,3801,0,0,0,,0,004,"MISSION ST","25TH ST",205.00,S,N,A,-,N,,,,,,,,,,N,3,0,1,2,A,-,08,22102,,N,D,C,A,A,H,-,A,D,0,,,Y,,Y,,A,01,0,1,0,0,0,0,0,0,1,"- ","- ",,,"SAN FRANCISCO","SAN FRANCISCO",-122.41824340820312,37.750099182128906
9642024,2023,2024-01-17,3801,2023-11-05,2330,2724,,7,5,7,3801,0,0,0,,0,3C15E,"BRIDGEVIEW DR","BRIDGEVIEW DR 146",0.00,,-,A,-,N,,,,,,,,,,Y,4,0,1,7,C,-,18,,,N,E,E,A,A,H,-,C,D,0,,,,,Y,,-,"- ",0,0,1,0,0,0,0,0,0,"- ","- ",,,"SAN FRANCISCO","SAN FRANCISCO",-121.08625793457031,38.676544189453125
9642033,2023,2024-01-17,3801,2023-11-03,1900,158,,5,5,7,3801,0,0,0,,0,3E14D,"GREEN ST","LARKIN ST",135.00,W,N,A,-,N,,,,,,,,,,N,4,0,1,2,A,-,09,21804,A,N,D,C,A,A,H,-,C,A,0,,,Y,,Y,,A,01,0,0,1,0,0,0,0,0,1,"- ","- ",,,"SAN FRANCISCO","SAN FRANCISCO",-122.42095184326172,37.797996520996094
9642034,2023,2024-01-17,3801,2023-11-04,1328,282,,6,5,7,3801,0,0,0,,0,3I2B,"IRVING ST","20TH AVE",0.00,,Y,A,-,N,,,,,,,,,,Y,4,0,1,2,A,-,12,21453,A,N,D,C,A,A,H,-,A,A,0,,,,,Y,,A,01,0,0,1,0,0,0,0,0,0,"- ","- ",,,"SAN FRANCISCO","SAN FRANCISCO",-122.47821044921875,37.763515472412109
9642036,2023,2024-01-17,3801,2023-11-03,1349,1250,,5,5,7,3801,0,0,0,,0,3B12A,"3RD ST","BRYANT ST",0.00,,Y,A,-,N,,,,,,,,,,Y,4,0,1,2,A,-,12,21453,A,N,D,C,A,A,H,-,A,A,0,,,,,Y,,A,01,0,0,1,0,0,0,0,0,0,"- ","- ",,,"SAN FRANCISCO","SAN FRANCISCO",-122.39585113525391,37.781307220458984
9642043,2023,2024-01-23,3801,2023-11-08,1731,364,SOUTH,3,5,7,3801,0,0,0,,0,3B12D,"BRANNAN ST","4TH ST",0.00,,Y,A,-,N,,,,,,,,,,N,3,0,1,1,C,-,18,,,N,H,A,A,A,H,-,C,D,0,,,Y,,Y,,-,"- ",0,1,0,0,0,0,0,0,1,"- ","- ",,,"SAN FRANCISCO","SAN FRANCISCO",-122.39653778076172,37.778327941894531
9642046,2023,2024-01-23,3801,2023-11-09,1004,484,NORTH,4,5,7,3801,0,0,0,,0,3E15A,"LOMBARD ST","FRANKLIN ST",0.00,,Y,A,-,N,,,,,,,,,,N,4,0,1,2,A,-,12,21453,A,N,D,-,A,A,H,-,A,A,0,,,Y,,Y,,A,01,0,0,1,0,0,0,0,0,1,"- ","- ",,,"SAN FRANCISCO","SAN FRANCISCO",-122.42620086669922,37.801105499267578
9642048,2023,2024-01-23,3801,2023-11-08,1530,1374,TARAV,3,5,7,3801,0,0,0,,0,3I16D,"SAN JOSE AV","SICKLES AV",0.00,,Y,A,-,N,,,,,,,,,,N,4,0,2,3,A,-,04,21703,,N,C,C,A,A,H,-,A,A,0,,,,,Y,,A,01,0,0,2,0,0,0,0,0,0,"- ","- ",,,"SAN FRANCISCO","SAN FRANCISCO",-122.45581817626953,37.71124267578125
9642053,2023,2024-01-23,3801,2023-11-04,2300,2035,MISSI,6,5,7,3801,0,0,0,,0,3D13E,"15TH ST","RAMONA AV",0.00,,Y,A,-,N,,,,,,,,,,N,4,0,1,2,A,-,06,21750,A,N,B,C,A,A,H,-,C,D,0,,,Y,,Y,,C,03,0,0,1,0,0,0,0,0,1,"- ","- ",,,"SAN FRANCISCO","SAN FRANCISCO",-122.42517852783203,37.766349792480469
9646227,2023,2024-01-12,3801,2023-11-30,1751,1851,TENDE,4,5,7,3801,0,0,0,,0,3J14D,"5TH ST","STEVENSON ST",0.00,,Y,A,-,N,,,,,,,,,,N,2,0,1,2,A,-,08,22105,,N,C,C,A,A,H,-,C,A,0,,,,,Y,,A,01,1,0,0,0,0,0,0,0,0,"- ","- ",,,"SAN FRANCISCO","SAN FRANCISCO",-122.40746307373047,37.783512115478516
9646754,2023,2024-02-13,3801,2023-12-21,1623,1454,NORTH,4,5,7,3801,0,0,0,,0,3E14D,"BUSH ST","BUCHANAN ST",0.00,,Y,A,-,N,,,,,,,,,,Y,4,0,1,2,A,-,03,22350,,N,C,C,A,A,H,-,A,D,0,,,,,Y,,A,07,0,0,1,0,0,0,0,0,0,"- ","- ",,,"SAN FRANCISCO","SAN FRANCISCO",-122.43015289306641,37.787437438964844
9647795,2023,2024-05-17,3801,2023-11-06,"845 ",202,TRAFF,1,5,7,3801,0,0,0,,0,4B2D,"CASTRO ST","LIBERTY ST",11.00,N,N,B,-,N,,,,,,,,,,Y,4,0,4,10,D,-,00,,,N,H,C,A,A,H,-,A,D,0,,,,,Y,,-,"- ",0,0,4,0,0,0,0,0,0,"- ","- ",,,"SAN FRANCISCO","SAN FRANCISCO",-122.43462371826172,37.756919860839844
9649367,2023,2024-02-16,3801,2023-12-19,1628,1279,BAYVI,2,5,7,3801,0,0,0,,0,3C13D,"SILLIMAN ST","BOWDOIN ST",0.00,,Y,A,-,N,,,,,,,,,,N,4,0,3,2,A,-,09,21800,A,N,-,-,A,-,-,-,B,A,0,,,,,Y,Y,A,01,0,0,3,0,0,0,0,0,0,"- ","- ",,,"SAN FRANCISCO","SAN FRANCISCO",-122.4119873046875,37.72943115234375
9650195,2023,2024-02-21,3801,2023-12-07,"506 ",2463,SOUTH,4,5,7,3801,0,0,0,,0,3B60,"HARRISON ST","6TH ST",0.00,,Y,A,-,N,,,,,,,,,,Y,3,0,2,2,A,-,12,21453,A,F,D,C,A,B,H,-,C,A,0,,,,,Y,,A,01,0,1,1,0,0,0,0,0,0,"- ","- ",,,"SAN FRANCISCO","SAN FRANCISCO",-122.40408325195312,37.777309417724609
9650247,2023,2024-01-22,3801,2023-11-25,2230,1740,CENTR,6,5,7,3801,0,0,0,,0,3A13D,"UNION ST","LARKIN ST",0.00,,Y,A,-,N,,,,,,,,,,Y,4,0,3,2,A,-,12,22450,,F,D,C,A,A,H,-,C,-,0,,,,,Y,,-,99,0,0,3,0,0,0,0,0,0,"- ","- ",,,"SAN FRANCISCO","SAN FRANCISCO",-122.42066955566406,37.798984527587891
9650249,2023,2024-01-11,3801,2023-11-13,1635,2088,INGLE,1,5,7,3801,0,0,0,,0,3H90,"MISSION ST","RUSSIA AV",0.00,,Y,-,-,N,,,,,,,,,,N,3,0,2,3,A,-,11,21950,B,N,D,B,B,A,H,-,B,D,0,Y,,,,Y,,N,60,0,2,0,0,2,0,0,0,0,"- ","- ",,,"SAN FRANCISCO","SAN FRANCISCO",-122.43717956542969,37.721572875976562
9650252,2023,2024-01-19,3801,2023-11-29,1405,4275,TARAV,3,5,7,3801,0,0,0,,0,3I3A,"KIRKHAM ST","44TH AV",0.00,,Y,A,-,N,,,,,,,,,,N,4,0,1,2,A,-,09,21802,A,N,D,C,A,A,H,-,A,A,0,,,,,Y,,D,22,0,0,1,0,0,0,0,0,0,"- ","- ",,,"SAN FRANCISCO","SAN FRANCISCO",-122.50364685058594,37.758663177490234
9650258,2023,2024-01-11,3801,2023-11-28,"950 ",189,NORTH,2,5,7,3801,0,0,0,,0,001,"BUCHANAN ST","LILY ST",0.00,,Y,A,-,N,,,,,,,,,,N,4,0,1,3,A,-,09,21804,A,N,B,E,A,A,H,-,A,D,0,,,,,Y,,A,01,0,0,1,0,0,0,0,0,0,"- ","- ",,,"SAN FRANCISCO","SAN FRANCISCO",-122.42744445800781,37.773918151855469
9650259,2023,2024-01-11,3801,2023-11-24,2211,2157,RICHM,5,5,7,3801,0,0,0,,0,001,"CROSSOVER DR","MARTIN LUTHER KING JR DR",90.00,N,N,A,-,N,,,,,,,,,,Y,3,0,2,2,A,-,04,21703,,N,C,C,A,A,H,-,C,D,0,,,,,Y,,A,01,0,1,1,0,0,0,0,0,0,"- ","- ",,,"SAN FRANCISCO","SAN FRANCISCO",-122.47742462158203,37.766284942626953
9650263,2023,2024-02-13,3801,2023-12-11,"951 ",2180,BAYVI,1,5,7,3801,0,0,0,,0,3C12A,"INDUSTRIAL ST","SHAFTER AV",0.00,,Y,A,-,N,,,,,,,,,,Y,3,0,1,2,A,-,03,22350,,N,D,C,A,A,H,-,A,A,0,,,,,Y,,A,01,0,1,0,0,0,0,0,0,0,"- ","- ",,,"SAN FRANCISCO","SAN FRANCISCO",-122.40398406982422,37.738674163818359
9650265,2023,2024-02-13,3801,2023-12-05,1728,2139,TARAV,2,5,7,3801,0,0,0,,0,901,"18TH AV","NORIEGA ST",0.00,,Y,A,-,N,,,,,,,,,,N,3,0,1,2,A,-,09,21800,A,N,D,C,A,A,H,-,C,A,0,,,,,Y,,A,07,0,1,0,0,0,0,0,0,0,"- ","- ",,,"SAN FRANCISCO","SAN FRANCISCO",-122.47540283203125,37.754261016845703
9650271,2023,2024-02-13,3801,2023-12-04,2020,19,BAYVI,1,5,7,3801,0,0,0,,0,901,"3RD ST","UNDERWOOD AV",0.00,,Y,A,-,N,,,,,,,,,,N,2,0,1,1,C,-,18,,,N,H,A,A,A,H,-,C,A,0,,Y,,,Y,,-,"- ",1,0,0,0,0,0,1,0,0,"- ","- ",,,"SAN FRANCISCO","SAN FRANCISCO",-122.39244842529297,37.730060577392578
9650272,2023,2024-02-13,3801,2023-12-05,"133 ",2497,BAYVI,2,5,7,3801,0,0,0,,0,3C12E,"BAYSHORE BL","BOUTWELL ST",0.00,,Y,B,-,N,,,,,,,,,,Y,3,0,2,2,A,-,07,21658,A,N,A,C,A,A,H,-,C,A,0,,,,,Y,,A,01,0,1,1,0,0,0,0,0,0,"- ","- ",,,"SAN FRANCISCO","SAN FRANCISCO",-122.40565490722656,37.734481811523438
9650274,2023,2024-02-13,3801,2023-12-04,1700,327,MISSI,1,5,7,3801,0,0,0,,0,3D16C,"17TH ST","POTRERO AV",110.00,E,N,A,-,N,,,,,,,,,,,4,0,1,2,A,-,17,21209,A,N,D,C,A,A,H,-,B,D,0,,,Y,,Y,,C,02,0,0,1,0,0,0,0,0,1,"- ","- ",,,"SAN FRANCISCO","SAN FRANCISCO",-122.40705108642578,37.764507293701172
9650280,2023,2024-02-13,3801,2023-12-02,1609,221,RICHM,6,5,7,3801,0,0,0,,0,3G13D,"GEARY BL","15TH AV",0.00,,Y,C,-,N,,,,,,,,,,,4,0,1,2,A,-,08,22107,,N,B,C,A,B,-,-,A,A,0,,,,,Y,,A,01,0,0,1,0,0,0,0,0,0,"- ","- ",,,"SAN FRANCISCO","SAN FRANCISCO",-122.47399139404297,37.780632019042969
9650284,2023,2024-02-05,3801,2023-12-09,1239,1352,MISSI,6,5,7,3801,0,0,0,,0,3D14C,"16TH ST","CAPP ST",0.00,,Y,A,-,N,,,,,,,,,,N,4,0,1,3,A,-,05,21460,A,N,-,C,A,A,H,-,A,A,0,,,,,Y,,A,01,0,0,1,0,0,0,0,0,0,"- ","- ",,,"SAN FRANCISCO","SAN FRANCISCO",-122.418701171875,37.765098571777344