CASE_ID,ACCIDENT_YEAR,PROC_DATE,JURIS,COLLISION_DATE,COLLISION_TIME,OFFICER_ID,REPORTING_DISTRICT,DAY_OF_WEEK,CHP_SHIFT,POPULATION,CNTY_CITY_LOC,SPECIAL_COND,BEAT_TYPE,CHP_BEAT_TYPE,CITY_DIVISION_LAPD,CHP_BEAT_CLASS,BEAT_NUMBER,PRIMARY_RD,SECONDARY_RD,DISTANCE,DIRECTION,INTERSECTION,WEATHER_1,WEATHER_2,STATE_HWY_IND,CALTRANS_COUNTY,CALTRANS_DISTRICT,STATE_ROUTE,ROUTE_SUFFIX,POSTMILE_PREFIX,POSTMILE,LOCATION_TYPE,RAMP_INTERSECTION,SIDE_OF_HWY,TOW_AWAY,COLLISION_SEVERITY,NUMBER_KILLED,NUMBER_INJURED,PARTY_COUNT,PRIMARY_COLL_FACTOR,PCF_CODE_OF_VIOL,PCF_VIOL_CATEGORY,PCF_VIOLATION,PCF_VIOL_SUBSECTION,HIT_AND_RUN,TYPE_OF_COLLISION,MVIW,PED_ACTION,ROAD_SURFACE,ROAD_COND_1,ROAD_COND_2,LIGHTING,CONTROL_DEVICE,CHP_ROAD_TYPE,PEDESTRIAN_ACCIDENT,BICYCLE_ACCIDENT,MOTORCYCLE_ACCIDENT,TRUCK_ACCIDENT,NOT_PRIVATE_PROPERTY,ALCOHOL_INVOLVED,STWD_VEHTYPE_AT_FAULT,CHP_VEHTYPE_AT_FAULT,COUNT_SEVERE_INJ,COUNT_VISIBLE_INJ,COUNT_COMPLAINT_PAIN,COUNT_PED_KILLED,COUNT_PED_INJURED,COUNT_BICYCLIST_KILLED,COUNT_BICYCLIST_INJURED,COUNT_MC_KILLED,COUNT_MC_INJURED,PRIMARY_RAMP,SECONDARY_RAMP,LATITUDE,LONGITUDE,COUNTY,CITY,POINT_X,POINT_Y
9705163,2024,2024-07-18,3801,2024-05-01,1731,2017,MISSI,3,5,7,3801,0,0,0,,0,3D1D,"CASTRO ST","MARKET ST",0.00,,Y,A,-,N,,,,,,,,,,N,4,0,1,2,A,-,04,21703,,N,C,C,A,A,H,-,A,A,0,,,Y,,Y,,A,01,0,0,1,0,0,0,0,0,1,"- ","- ",,,"SAN FRANCISCO","SAN FRANCISCO",-122.43515777587891,37.762641906738281
9705170,2024,2024-07-18,3801,2024-05-04,1323,1432,BAYVI,6,5,7,3801,0,0,0,,0,3C15A,"3RD ST","JAMESTOWN AV",0.00,,Y,C,-,N,,,,,,,,,,N,4,0,2,2,A,-,08,22107,,N,A,C,A,B,H,-,A,A,0,,,,,Y,,A,01,0,0,2,0,0,0,0,0,0,"- ","- ",,,"SAN FRANCISCO","SAN FRANCISCO",-122.39671325683594,37.720260620117188
9705171,2024,2024-07-18,3801,2024-05-04,"355 ",2452,CENTR,6,5,7,3801,0,0,0,,0,3A62,"PINE ST","TAYLOR ST",0.00,,Y,C,-,N,,,,,,,,,,Y,4,0,1,2,A,-,12,21453,A,N,D,C,A,D,H,-,C,A,0,,,,,Y,,A,01,0,0,1,0,0,0,0,0,0,"- ","- ",,,"SAN FRANCISCO","SAN FRANCISCO",-122.41224670410156,37.790657043457031
9705238,2024,2024-06-28,3801,2024-04-17,1745,186,TRAFF,3,5,7,3801,0,0,0,,0,4B103,"PRECITA AV","FOLSOM ST",0.00,,Y,A,-,N,,,,,,,,,,N,3,0,1,2,A,-,12,21453,A,N,D,G,A,A,H,-,A,A,0,,Y,,,Y,Y,L,04,0,1,0,0,0,0,1,0,0,"- ","- ",,,"SAN FRANCISCO","SAN FRANCISCO",-122.41358184814453,37.747188568115234
9705242,2024,2024-06-27,3801,2024-04-17,"956 ",788,SOUTH,3,5,7,3801,0,0,0,,0,3B4A,"DIVISION ST","HENRY ADAMS ST",75.00,E,N,A,-,N,,,,,,,,,,N,4,0,1,2,A,-,10,21950,A,N,G,B,B,A,H,-,A,A,0,Y,,,,Y,,A,01,0,0,1,0,1,0,0,0,0,"- ","- ",,,"SAN FRANCISCO","SAN FRANCISCO",,
9705258,2024,2024-06-27,3801,2024-04-30,"849 ",1075,SOUTH,2,5,7,3801,0,0,0,,0,3B13A,"NATOMA ST","7TH ST",0.00,,Y,A,-,N,,,,,,,,,,N,4,0,1,2,A,-,09,21804,A,N,D,G,A,A,H,-,A,A,0,,Y,,,Y,,A,01,0,0,1,0,0,0,1,0,0,"- ","- ",,,"SAN FRANCISCO","SAN FRANCISCO",-122.40989685058594,37.778400421142578
9705284,2024,2024-06-27,3801,2024-03-24,1400,2728,TENDE,7,5,7,3801,0,0,0,,0,908,"MCALLISTER ST","LARKIN ST",0.00,,Y,-,-,N,,,,,,,,,,N,2,0,1,2,D,-,00,,,F,-,B,-,-,-,-,-,A,0,Y,,,,Y,,-,"- ",1,0,0,0,1,0,0,0,0,"- ","- ",,,"SAN FRANCISCO","SAN FRANCISCO",-122.41693878173828,37.780498504638672
9708086,2024,2024-09-04,3801,2024-06-04,1155,4259,RICHM,2,5,7,3801,0,0,0,,0,3G14A,"22ND AV","LAKE ST",250.00,,N,A,-,N,,,,,,,,,,Y,4,0,2,2,A,-,03,22350,,N,C,C,A,A,H,-,A,D,0,,,,,Y,,A,01,0,0,2,0,0,0,0,0,0,"- ","- ",,,"SAN FRANCISCO","SAN FRANCISCO",-122.48193359375,37.785888671875
9708088,2024,2024-08-09,3801,2024-06-07,2234,1827,TENDE,5,5,7,3801,0,0,0,,0,3J15E,"OFARRELL ST","CYRIL MAGNIN ST",0.00,,Y,A,-,N,,,,,,,,,,Y,4,0,1,1,A,-,01,23152,,N,H,I,A,A,-,-,C,A,0,,,,,Y,,A,01,0,0,1,0,0,0,0,0,0,"- ","- ",,,"SAN FRANCISCO","SAN FRANCISCO",-122.40894317626953,37.786312103271484
9708090,2024,2024-08-30,3801,2024-06-07,"824 ",2124,MISSI,5,5,7,3801,0,0,0,,0,3D14A,"24TH ST","SHOTWELL ST",0.00,,Y,A,-,N,,,,,,,,,,N,4,0,1,2,A,-,04,21703,,N,C,-,A,A,H,-,A,A,0,,,,,Y,,A,01,0,0,1,0,0,0,0,0,0,"- ","- ",,,"SAN FRANCISCO","SAN FRANCISCO",-122.41517639160156,37.752452850341797
9708094,2024,2024-08-09,3801,2024-06-06,1552,2705,BAYVI,4,5,7,3801,0,0,0,,0,3C11D,"PENNSYLVANIA AV","25TH ST",0.00,,Y,B,-,N,,,,,,,,,,N,4,0,1,2,A,-,12,22450,A,N,D,C,A,A,H,-,A,A,0,,,,,Y,,-,,0,0,1,0,0,0,0,0,0,"- ","- ",,,"SAN FRANCISCO","SAN FRANCISCO",-122.39266204833984,37.752544403076172
9708105,2024,2024-09-09,3801,2024-06-20,"143 ",1051,MISSI,4,5,7,3801,0,0,0,,0,3D94,"VALENCIA ST","25TH ST",219.00,S,N,A,-,N,,,,,,,,,,Y,4,0,2,2,A,-,01,23153,A,N,C,E,A,A,H,-,D,D,0,,,,,Y,Y,A,01,0,0,2,0,0,0,0,0,0,"- ","- ",,,"SAN FRANCISCO","SAN FRANCISCO",-122.42044067382812,37.749908447265625
9708130,2024,2024-08-12,3801,2024-06-08,"357 ",141,INGLE,6,5,7,3801,0,0,0,,0,3H14E,"30TH ST","CASTRO ST",0.00,,Y,A,-,N,,,,,,,,,,Y,2,0,1,1,A,-,07,21658,A,N,E,J,A,A,F,-,C,D,0,,,,,Y,,A,01,1,0,0,0,0,0,0,0,0,"- ","- ",,,"SAN FRANCISCO","SAN FRANCISCO",-122.43325805664062,37.741859436035156
9708131,2024,2024-08-12,3801,2024-06-07,1917,158,NORTH,5,5,7,3801,0,0,0,,0,3E13D,"FELL ST","WEBSTER ST",0.00,,Y,A,-,N,,,,,,,,,,Y,3,0,1,2,A,-,13,22515,A,N,H,C,A,A,H,-,A,A,0,,,,,Y,,A,01,0,1,0,0,0,0,0,0,0,"- ","- ",,,"SAN FRANCISCO","SAN FRANCISCO",-122.42932891845703,37.775123596191406
9708135,2024,2024-08-12,3801,2024-06-07,"852 ",1371,NORTH,5,5,7,3801,0,0,0,,0,005,"LOMBARD ST","LAGUNA ST",0.00,,Y,A,-,N,,,,,,,,,,Y,4,0,3,3,A,-,04,21703,,N,C,C,A,A,H,-,A,A,0,,,,,Y,,A,01,0,0,3,0,0,0,0,0,0,"- ","- ",,,"SAN FRANCISCO","SAN FRANCISCO",-122.43110656738281,37.80047607421875
9708137,2024,2024-08-12,3801,2024-06-06,1728,4046,INGLE,4,5,7,3801,0,0,0,,0,3H11D,"TAYLOR ST","EDDY ST",56.00,S,N,F,-,N,,,,,,,,,,N,3,0,1,2,A,-,07,21658,A,F,B,C,A,-,D,-,A,D,0,,,Y,,Y,,-,99,0,1,0,0,0,0,0,0,1,"- ","- ",,,"SAN FRANCISCO","SAN FRANCISCO",-122.41091918945312,37.784008026123047
9708145,2024,2024-07-26,3801,2024-06-11,1827,2214,INGLE,2,5,7,3801,0,0,0,,0,3H15D,"ALEMANY BL","ALEMANY BL 2627",0.00,,N,A,-,N,,,,,,,,,,Y,3,0,2,4,A,-,03,22350,,N,C,C,A,A,H,-,A,A,0,,,,,Y,,A,01,0,1,1,0,0,0,0,0,0,"- ","- ",,,"SAN FRANCISCO","SAN FRANCISCO",-122.45372772216797,37.710872650146484
9708153,2024,2024-08-08,3801,2024-06-11,2119,1750,NORTH,2,5,7,3801,0,0,0,,0,0E5,"RICHARDSON ST","LYON ST",0.00,,Y,A,-,Y,SF,4,101,-,-,8.050,I,5,N,N,2,0,1,2,A,-,12,21453,A,N,D,G,A,A,H,-,C,A,0,,Y,,,Y,,L,04,1,0,0,0,0,0,1,0,0,"- ","- ",,,"SAN FRANCISCO","SAN FRANCISCO",-122.44791412353516,37.800971984863281
9708163,2024,2024-09-13,3801,2024-06-02,2315,740,MISSI,7,5,7,3801,0,0,0,,0,0D4,"CESAR CHAVEZ ST","SHOTWELL ST",54.00,W,N,A,-,N,,,,,,,,,,Y,4,0,1,2,A,-,01,23153,A,N,C,C,A,A,H,-,C,A,0,,,,,Y,Y,A,07,0,0,1,0,0,0,0,0,0,"- ","- ",,,"SAN FRANCISCO","SAN FRANCISCO",-122.41510009765625,37.748165130615234
9708173,2024,2024-09-13,3801,2024-06-11,1250,829,MISSI,2,5,7,3801,0,0,0,,0,3D41A,"25TH ST","CASTRO ST",0.00,,Y,A,-,N,,,,,,,,,,,4,0,1,2,A,-,09,21800,B,N,D,C,A,A,H,-,A,A,0,,,,,Y,,A,01,0,0,1,0,0,0,0,0,0,"- ","- ",,,"SAN FRANCISCO","SAN FRANCISCO",-122.43392944335938,37.749671936035156
9708211,2024,2024-08-07,3801,2024-06-08,2347,318,INGLE,6,5,7,3801,0,0,0,,0,004,"CIRCULAR AV","JUDSON AV",0.00,,Y,A,-,N,,,,,,,,,,N,3,0,1,2,A,-,00,23103,,F,G,B,F,A,H,-,C,D,0,Y,,,,Y,Y,A,01,0,1,0,0,1,0,0,0,0,"- ","- ",,,"SAN FRANCISCO","SAN FRANCISCO",-122.44425964355469,37.728279113769531
9708213,2024,2024-08-07,3801,2024-06-02,1619,4178,TRAFF,7,5,7,3801,0,0,0,,0,4B3A,"14TH ST","GUERRERO ST",0.00,,Y,A,-,N,,,,,,,,,,N,2,0,2,2,A,-,12,21453,A,N,D,G,A,A,H,-,A,A,0,,Y,,,Y,,L,04,1,0,1,0,0,0,1,0,0,"- ","- ",,,"SAN FRANCISCO","SAN FRANCISCO",-122.42440795898438,37.768024444580078
9708218,2024,2024-08-07,3801,2024-06-11,"708 ",1826,CENTR,2,5,7,3801,0,0,0,,0,002,"MONTGOMERY ST","PINE ST",72.00,W,N,A,-,N,,,,,,,,,,N,3,0,1,2,A,-,17,21235,G,N,G,B,F,A,H,-,A,D,0,Y,,,,Y,,M,94,0,1,0,0,0,0,0,0,0,"- ","- ",,,"SAN FRANCISCO","SAN FRANCISCO",-122.40259552001953,37.7921142578125
9708381,2024,2024-08-16,3801,2024-06-24,1137,2412,INGLE,1,5,7,3801,0,0,0,,0,3H12A,"CORTLAND AV","ANDOVER ST",0.00,,Y,A,-,N,,,,,,,,,,N,4,0,1,2,A,-,21,22106,,N,G,B,-,A,H,-,A,D,0,Y,,,,Y,,A,01,0,0,1,0,1,0,0,0,0,"- ","- ",,,"SAN FRANCISCO","SAN FRANCISCO",-122.41651153564453,37.739059448242188
9708582,2024,2024-07-11,3801,2024-05-26,1652,1119,SOUTH,7,5,7,3801,0,0,0,,0,3B1,"03RD ST","BRANNAN ST",0.00,,Y,A,-,N,,,,,,,,,,Y,4,0,4,2,D,-,00,,,N,A,C,A,A,H,-,A,A,0,,,,,Y,,-,"- ",0,0,4,0,0,0,0,0,0,"- ","- ",,,"SAN FRANCISCO","SAN FRANCISCO",-122.394317,37.780084000000002
9708583,2024,2024-07-11,3801,2024-05-30,2212,1952,CENTR,4,5,7,3801,0,0,0,,0,902,"POWELL ST","BUSH ST",0.00,,Y,A,-,N,,,,,,,,,,N,3,0,1,2,A,-,11,21453,D,N,G,B,B,A,H,-,C,A,0,Y,,,,Y,,N,60,0,1,0,0,1,0,0,0,0,"- ","- ",,,"SAN FRANCISCO","SAN FRANCISCO",-122.40879058837891,37.790172576904297
9708586,2024,2024-07-11,3801,2024-05-24,1359,4102,SOUTH,5,5,7,3801,0,0,0,,0,3B47,"FOLSOM ST","3RD ST",0.00,,Y,A,-,N,,,,,,,,,,N,4,0,1,2,A,-,05,21650,1,N,D,G,A,A,H,-,A,A,0,,Y,,,Y,,L,04,0,0,1,0,0,0,1,0,0,"- ","- ",,,"SAN FRANCISCO","SAN FRANCISCO",-122.39896392822266,37.783782958984375
9708597,2024,2024-07-11,3801,2024-05-26,1811,2732,CENTR,7,5,7,3801,0,0,0,,0,3A14D,"BEACH ST","STOCKTON ST",191.00,W,N,A,-,N,,,,,,,,,,N,4,0,1,2,A,-,08,22107,A,N,B,C,A,A,H,-,A,D,0,,,,,Y,,A,01,0,0,1,0,0,0,0,0,0,"- ","- ",,,"SAN FRANCISCO","SAN FRANCISCO",-122.41136932373047,37.807826995849609
9710080,2024,2024-07-30,3801,2024-06-11,"808 ",1819,NORTH,2,5,7,3801,0,0,0,,0,3CAR,"VAN NESS AVE","POST ST",0.00,,Y,A,-,N,,,,,,,,,,N,4,0,2,2,A,-,17,21461,A,N,B,C,A,A,H,-,A,A,0,,,,,Y,,A,01,0,0,2,0,0,0,0,0,0,"- ","- ",,,"SAN FRANCISCO","SAN FRANCISCO",-122.42153167724609,37.786624908447266
9710171,2024,2024-08-05,3801,2024-06-01,"218 ",664,MISSI,6,5,7,3801,0,0,0,,0,04D,"CESAR CHAVEZ ST","SOUTH VAN NESS AV",0.00,,Y,A,-,N,,,,,,,,,,Y,4,0,3,2,A,-,01,23153,A,N,C,C,A,A,H,-,C,A,0,,,,,Y,Y,D,22,0,0,3,0,0,0,0,0,0,"- ","- ",,,"SAN FRANCISCO","SAN FRANCISCO",-122.41593170166016,37.748260498046875
9710186,2024,2024-08-05,3801,2024-06-26,2025,1452,MISSI,3,5,7,3801,0,0,0,,0,3D15D,"24TH ST","BARTLETT ST",0.00,,Y,A,-,N,,,,,,,,,,Y,3,0,2,2,A,-,12,22450,A,N,D,C,A,A,H,-,B,A,0,,,Y,,Y,,C,02,0,2,0,0,0,0,0,0,1,"- ","- ",,,"SAN FRANCISCO","SAN FRANCISCO",-122.41954803466797,37.752182006835938
9710195,2024,2024-08-05,3801,2024-06-06,1338,1440,SOUTH,4,5,7,3801,0,0,0,,0,004,"FOLSOM ST","JUNIPER ST",0.00,,Y,A,-,N,,,,,,,,,,N,3,0,1,3,A,-,00,21955,A,N,G,B,D,A,D,-,A,D,0,Y,,,,Y,,N,60,0,1,0,0,1,0,0,0,0,"- ","- ",,,"SAN FRANCISCO","SAN FRANCISCO",-122.41339874267578,37.772361755371094
9710196,2024,2024-07-18,3801,2024-05-30,"831 ",4005,PARK,4,5,7,3801,0,0,0,,0,3F12A,"KEZAR DR","JFK DR",651.00,S,N,A,-,N,,,,,,,,,,Y,2,0,1,2,A,-,05,21460,A,N,A,C,A,A,H,-,A,D,0,,,,Y,Y,,A,01,1,0,0,0,0,0,0,0,0,"- ","- ",37.768978118896484,-122.45488739013672,"SAN FRANCISCO","SAN FRANCISCO",-122.45487213134766,37.769180297851562
9710199,2024,2024-08-05,3801,2024-06-07,"940 ",2126,CENTR,5,5,7,3801,0,0,0,,0,3A11A,"BATTERY ST","SACRAMENTO ST",89.00,N,N,A,-,N,,,,,,,,,,N,4,0,1,2,A,-,08,22107,,N,D,J,A,A,H,-,A,D,0,,Y,,,Y,,D,22,0,0,1,0,0,0,1,0,0,"- ","- ",,,"SAN FRANCISCO","SAN FRANCISCO",-122.40021514892578,37.794422149658203
9710200,2024,2024-08-14,3801,2024-06-02,1423,1394,MISSI,7,5,7,3801,0,0,0,,0,006,"16TH ST","POTRERO AV",135.00,W,N,A,-,N,,,,,,,,,,N,3,0,1,2,A,-,06,21751,,F,B,C,A,A,H,-,A,D,0,,,Y,,Y,Y,D,23,0,1,0,0,0,0,0,0,1,"- ","- ",,,"SAN FRANCISCO","SAN FRANCISCO",-122.40802764892578,37.765735626220703
9710222,2024,2024-07-18,3801,2024-05-13,"920 ",1242,CENTR,1,5,7,3801,0,0,0,,0,3A15A,"MARKET ST","FRONT ST",0.00,,-,A,B,N,,,,,,,,,,,3,0,1,2,B,-,22,,,N,G,B,B,A,H,-,A,A,0,Y,,,,Y,,N,60,0,1,0,0,1,0,0,0,0,"- ","- ",,,"SAN FRANCISCO","SAN FRANCISCO",-122.39833831787109,37.791694641113281
9710224,2024,2024-08-27,3801,2024-06-25,1500,4115,TARAV,2,5,7,3801,0,0,0,,0,315D,"19TH AVE","BUCKINGHAM WY",42.00,N,N,A,-,N,,,,,,,,,,Y,4,0,2,2,A,-,04,21703,,N,C,C,A,A,H,-,A,D,0,,,,,Y,,A,01,0,0,2,0,0,0,0,0,0,"- ","- ",,,"SAN FRANCISCO","SAN FRANCISCO",-122.47509765625,37.725826263427734
9712368,2023,2024-09-23,3801,2023-07-12,1321,2707,TARAV,3,5,7,3801,0,0,0,,0,"3 CAR","SUNSET BL","MORAGA ST",0.00,,Y,A,-,N,,,,,,,,,,Y,3,0,1,1,A,-,08,22107,,N,A,I,A,A,H,-,A,A,0,,,,,Y,,A,01,0,1,0,0,0,0,0,0,0,"- ","- ",,,"SAN FRANCISCO","SAN FRANCISCO",-122.49545288085938,37.755279541015625
9721822,2024,2024-08-30,3801,2024-07-05,1900,2420,NORTH,5,5,7,3801,0,0,0,,0,3E12D,"OAK ST","OCTAVIA ST",0.00,,Y,A,-,N,,,,,,,,,,Y,4,0,1,2,A,-,12,21453,A,N,D,C,A,A,H,-,A,A,0,,,,,Y,,A,01,0,0,1,0,0,0,0,0,0,"- ","- ",,,"SAN FRANCISCO","SAN FRANCISCO",-122.42430114746094,37.774799346923828
9721828,2024,2024-09-09,3801,2024-07-04,"711 ",4275,TARAV,4,5,7,3801,0,0,0,,0,3I1A,"JUDAH ST","19TH AV",0.00,,Y,A,-,N,,,,,,,,,,N,3,0,1,2,A,-,11,21453,D,N,D,B,E,A,H,-,A,A,0,Y,,,,Y,,N,60,0,1,0,0,1,0,0,0,0,"- ","- ",,,"SAN FRANCISCO","SAN FRANCISCO",-122.47702789306641,37.761695861816406
9721839,2024,2024-08-30,3801,2024-07-06,1301,2748,SOUTH,6,5,7,3801,0,0,0,,0,3B12A,"MISSION ST","JULIA ST",0.00,,-,A,-,N,,,,,,,,,,N,4,0,1,2,D,-,00,,,N,H,G,A,A,H,-,A,D,0,,Y,,,Y,,-,"- ",0,0,1,0,0,0,1,0,0,"- ","- ",,,"SAN FRANCISCO","SAN FRANCISCO",-122.41241455078125,37.778049468994141
9721844,2024,2024-08-30,3801,2024-07-08,1932,1823,INGLE,1,5,7,3801,0,0,0,,0,005,"OTSEGO AV","OCEAN AV",28.00,S,N,A,-,N,,,,,,,,,,N,4,0,1,3,A,-,17,22517,,N,B,E,A,A,H,-,A,D,0,,,,,Y,,A,01,0,0,1,0,0,0,0,0,0,"- ","- ",,,"SAN FRANCISCO","SAN FRANCISCO",-122.44110107421875,37.723239898681641
9721848,2024,2024-08-30,3801,2024-07-20,2251,4310,SOUTH,6,5,7,3801,0,0,0,,0,3B12E,"6TH ST","FOLSOM ST",0.00,,Y,A,-,N,,,,,,,,,,Y,4,0,1,2,A,-,04,21703,,N,C,D,A,A,H,-,C,A,0,,,,,Y,,A,01,0,0,1,0,0,0,0,0,0,"- ","- ",,,"SAN FRANCISCO","SAN FRANCISCO",-122.40560150146484,37.778499603271484
9721849,2024,2024-08-30,3801,2024-07-20,2215,1300,PARK,6,5,7,3801,0,0,0,,0,3F13E,"STANYAN ST","OAK ST",0.00,,Y,A,-,N,,,,,,,,,,Y,4,0,1,2,A,-,09,21801,A,N,A,C,A,A,H,-,C,A,0,,,,,Y,,A,01,0,0,1,0,0,0,0,0,0,"- ","- ",,,"SAN FRANCISCO","SAN FRANCISCO",-122.45395660400391,37.771354675292969
9721850,2024,2024-08-30,3801,2024-07-20,1422,610,MISSI,6,5,7,3801,0,0,0,,0,3D41A,"GUERRERO ST","24TH ST",0.00,,Y,A,-,N,,,,,,,,,,Y,2,0,2,2,A,-,09,21801,A,N,D,I,A,A,H,-,A,A,0,,,,,Y,,A,01,1,0,1,0,0,0,0,0,0,"- ","- ",,,"SAN FRANCISCO","SAN FRANCISCO",-122.42286682128906,37.752002716064453
9721856,2024,2024-08-30,3801,2024-07-19,2500,564,NORTH,5,5,7,3801,0,0,0,,0,3E12D,"GEARY BL","DIVISADERO ST",0.00,,Y,A,-,N,,,,,,,,,,N,3,0,1,2,A,-,11,21453,D,N,G,B,-,A,H,-,B,A,0,Y,,,,Y,,N,60,0,1,0,0,1,0,0,0,0,"- ","- ",,,"SAN FRANCISCO","SAN FRANCISCO",-122.43947601318359,37.783359527587891
9721864,2024,2024-08-30,3801,2024-07-03,1515,385,CENTR,3,5,7,3801,0,0,0,,0,3A60,"PINE ST","LEIDESDORFF ST",0.00,,Y,A,-,N,,,,,,,,,,Y,4,0,1,2,A,-,08,22107,,N,D,-,A,A,H,-,A,D,0,,,,,Y,,A,01,0,0,1,0,0,0,0,0,0,"- ","- ",,,"SAN FRANCISCO","SAN FRANCISCO",-122.40177917480469,37.791999816894531
9721878,2024,2024-08-30,3801,2024-07-24,1921,2487,BAYVI,3,5,7,3801,0,0,0,,0,3C11D,"ILLINOIS ST","20TH ST",0.00,,Y,A,-,N,,,,,,,,,,N,3,0,1,2,A,-,17,22517,,F,C,E,A,A,H,-,A,A,0,,,,,Y,,A,07,0,1,0,0,0,0,0,0,0,"- ","- ",,,"SAN FRANCISCO","SAN FRANCISCO",-122.38758087158203,37.760562896728516
9721885,2024,2024-09-03,3801,2024-07-26,1900,2705,BAYVI,5,5,7,3801,0,0,0,,0,901,"5TH ST","SHIPLEY ST",0.00,,Y,A,-,N,,,,,,,,,,N,4,0,1,2,A,-,08,22107,,F,D,G,A,A,G,-,A,D,0,,Y,,,Y,,A,01,0,0,1,0,0,0,1,0,0,"- ","- ",,,"SAN FRANCISCO","SAN FRANCISCO",-122.40283966064453,37.779823303222656
9721886,2024,2024-09-03,3801,2024-07-26,2056,2374,CENTR,5,5,7,3801,0,0,0,,0,005,"MARKET ST","3RD ST",0.00,,Y,A,-,N,,,,,,,,,,N,3,0,1,2,A,-,11,21950,B,N,G,B,D,A,H,-,C,A,0,Y,,,,Y,,A,08,0,1,0,0,1,0,0,0,0,"- ","- ",,,"SAN FRANCISCO","SAN FRANCISCO",-122.40345764160156,37.787662506103516
9721891,2024,2024-09-03,3801,2024-07-22,1854,4314,RICHM,1,5,7,3801,0,0,0,,0,0G3,"FULTON ST","6TH AV",12.00,E,N,B,-,N,,,,,,,,,,Y,3,0,1,2,A,-,01,23152,A,N,C,C,A,A,H,-,A,A,0,,,Y,,Y,Y,C,02,0,1,0,0,0,0,0,0,1,"- ","- ",,,"SAN FRANCISCO","SAN FRANCISCO",-122.46372222900391,37.773612976074219
9721893,2024,2024-09-03,3801,2024-07-17,2254,740,MISSI,3,5,7,3801,0,0,0,,0,0D4,"24TH ST","MISSION ST",78.00,W,N,B,-,N,,,,,,,,,,N,3,0,1,2,A,-,03,22350,,F,A,G,A,A,H,-,C,D,0,,Y,,,Y,,A,01,0,1,0,0,0,0,1,0,0,"- ","- ",,,"SAN FRANCISCO","SAN FRANCISCO",-122.41875457763672,37.752235412597656
9721902,2024,2024-08-30,3801,2024-07-28,"21  ",1926,NORTH,7,5,7,3801,0,0,0,,0,3E12E,"GEARY BL","STEINER ST",0.00,,Y,A,-,N,,,,,,,,,,Y,2,0,1,2,A,-,11,21453,D,N,G,B,B,A,H,-,C,A,0,Y,,,,Y,,N,60,1,0,0,0,1,0,0,0,0,"- ","- ",,,"SAN FRANCISCO","SAN FRANCISCO",-122.43457794189453,37.784320831298828
9721904,2024,2024-08-30,3801,2024-07-27,"300 ",2457,SOUTH,6,5,7,3801,0,0,0,,0,3B14E,"SOUTH VAN NESS AV","12TH ST",0.00,,Y,A,-,N,,,,,,,,,,N,3,0,1,2,A,-,"- ",,,N,D,G,A,A,-,-,C,D,0,,,,,Y,,M,94,0,1,0,0,0,0,0,0,0,"- ","- ",,,"SAN FRANCISCO","SAN FRANCISCO",-122.41876983642578,37.773540496826172
9721908,2024,2024-09-12,3801,2024-07-20,1349,1572,SOUTH,6,5,7,3801,0,0,0,,0,3B1A,"FOLSOM ST","MAIN ST",0.00,,Y,A,-,N,,,,,,,,,,N,4,0,1,2,A,-,00,21760,B,N,B,G,A,A,H,-,A,A,0,,Y,,,Y,,A,01,0,0,1,0,0,0,1,0,0,"- ","- ",,,"SAN FRANCISCO","SAN FRANCISCO",-122.39186096191406,37.789398193359375
9721912,2024,2024-08-30,3801,2024-07-29,1627,1066,NORTH,1,5,7,3801,0,0,0,,0,3E2,"TURK ST","WEBSTER ST",0.00,,Y,A,-,N,,,,,,,,,,Y,4,0,1,2,A,-,12,21453,A,N,D,C,A,A,H,-,A,A,0,,,,,Y,,A,07,0,0,1,0,0,0,0,0,0,"- ","- ",,,"SAN FRANCISCO","SAN FRANCISCO",-122.43048858642578,37.780685424804688
9722425,2024,2024-09-18,3801,2024-08-11,"319 ",1574,INGLE,7,5,7,3801,0,0,0,,0,3H15E,"ALEMANY BL","SICKLES AV",0.00,,Y,A,-,N,,,,,,,,,,Y,4,0,1,1,A,-,08,22107,,F,E,I,A,B,H,-,C,A,0,,,,,Y,,A,01,0,0,1,0,0,0,0,0,0,"- ","- ",,,"SAN FRANCISCO","SAN FRANCISCO",-122.45491790771484,37.710514068603516
9722431,2024,2024-09-27,3801,2024-08-04,2142,1902,MISSI,7,5,7,3801,0,0,0,,0,3D16E,"13TH ST","S VAN NESS AV",0.00,,Y,A,-,N,,,,,,,,,,Y,4,0,1,2,A,-,12,21453,A,F,D,C,A,A,H,-,C,A,0,,,,,Y,,A,01,0,0,1,0,0,0,0,0,0,"- ","- ",,,"SAN FRANCISCO","SAN FRANCISCO",-122.41777801513672,37.7696533203125
9722439,2024,2024-09-19,3801,2024-08-07,1516,1857,SOUTH,3,5,7,3801,0,0,0,,0,004,"BRANNAN ST","8TH ST",100.00,W,N,A,-,N,,,,,,,,,,N,3,0,1,2,A,-,05,21650,,N,B,G,A,A,H,-,A,A,0,,Y,,,Y,,L,04,0,1,0,0,0,0,1,0,0,"- ","- ",,,"SAN FRANCISCO","SAN FRANCISCO",-122.40567016601562,37.771095275878906
9722446,2024,2024-09-19,3801,2024-08-07,1111,2453,MISSI,3,5,7,3801,0,0,0,,0,3D16A,"FOLSOM ST","14TH ST",0.00,,Y,A,-,N,,,,,,,,,,N,3,0,1,2,A,-,08,22107,,N,B,-,A,A,H,-,A,A,0,,Y,,,Y,,A,01,0,1,0,0,0,0,1,0,0,"- ","- ",,,"SAN FRANCISCO","SAN FRANCISCO",-122.41561126708984,37.768535614013672