CASE_ID,ACCIDENT_YEAR,PROC_DATE,JURIS,COLLISION_DATE,COLLISION_TIME,OFFICER_ID,REPORTING_DISTRICT,DAY_OF_WEEK,CHP_SHIFT,POPULATION,CNTY_CITY_LOC,SPECIAL_COND,BEAT_TYPE,CHP_BEAT_TYPE,CITY_DIVISION_LAPD,CHP_BEAT_CLASS,BEAT_NUMBER,PRIMARY_RD,SECONDARY_RD,DISTANCE,DIRECTION,INTERSECTION,WEATHER_1,WEATHER_2,STATE_HWY_IND,CALTRANS_COUNTY,CALTRANS_DISTRICT,STATE_ROUTE,ROUTE_SUFFIX,POSTMILE_PREFIX,POSTMILE,LOCATION_TYPE,RAMP_INTERSECTION,SIDE_OF_HWY,TOW_AWAY,COLLISION_SEVERITY,NUMBER_KILLED,NUMBER_INJURED,PARTY_COUNT,PRIMARY_COLL_FACTOR,PCF_CODE_OF_VIOL,PCF_VIOL_CATEGORY,PCF_VIOLATION,PCF_VIOL_SUBSECTION,HIT_AND_RUN,TYPE_OF_COLLISION,MVIW,PED_ACTION,ROAD_SURFACE,ROAD_COND_1,ROAD_COND_2,LIGHTING,CONTROL_DEVICE,CHP_ROAD_TYPE,PEDESTRIAN_ACCIDENT,BICYCLE_ACCIDENT,MOTORCYCLE_ACCIDENT,TRUCK_ACCIDENT,NOT_PRIVATE_PROPERTY,ALCOHOL_INVOLVED,STWD_VEHTYPE_AT_FAULT,CHP_VEHTYPE_AT_FAULT,COUNT_SEVERE_INJ,COUNT_VISIBLE_INJ,COUNT_COMPLAINT_PAIN,COUNT_PED_KILLED,COUNT_PED_INJURED,COUNT_BICYCLIST_KILLED,COUNT_BICYCLIST_INJURED,COUNT_MC_KILLED,COUNT_MC_INJURED,PRIMARY_RAMP,SECONDARY_RAMP,LATITUDE,LONGITUDE,COUNTY,CITY,POINT_X,POINT_Y
9740414,2024,2024-10-09,3801,2024-09-02,1957,798,NORTH,1,5,7,3801,0,0,0,,0,3E12D,"GOLDEN GATE AV","DIVISADERO ST",146.00,E,N,-,-,N,,,,,,,,,,Y,4,0,2,3,A,-,05,21651,B,N,A,C,A,A,H,-,C,D,0,,,,,Y,,A,01,0,0,2,0,0,0,0,0,0,"- ","- ",,,"SAN FRANCISCO","SAN FRANCISCO",-122.43804168701172,37.778797149658203
9740415,2024,2024-10-09,3801,2024-09-04,1329,1371,NORTH,3,5,7,3801,0,0,0,,0,002,"MARKET ST","GOUGH ST",0.00,,Y,A,-,N,,,,,,,,,,N,4,0,1,1,A,-,17,21205,,N,F,J,A,A,H,-,A,A,0,,Y,,,Y,,L,04,0,0,1,0,0,0,1,0,0,"- ","- ",,,"SAN FRANCISCO","SAN FRANCISCO",-122.42221069335938,37.772872924804688
9740423,2024,2024-10-09,3801,2024-09-04,"816 ",1015,PARK,3,5,7,3801,0,0,0,,0,3CAR,"BLAKE ST","ANZA ST",0.00,,Y,A,-,N,,,,,,,,,,N,3,0,1,2,A,-,21,22106,,N,-,B,D,A,H,-,A,D,0,Y,,,,Y,,A,01,0,1,0,0,1,0,0,0,0,"- ","- ",,,"SAN FRANCISCO","SAN FRANCISCO",-122.45082092285156,37.7806396484375
9740424,2024,2024-10-09,3801,2024-09-05,1835,2407,MISSI,4,5,7,3801,0,0,0,,0,3D4D,"22ND ST","HARRISON ST",2.00,E,N,A,-,N,,,,,,,,,,N,4,0,1,2,A,-,12,22450,A,N,D,B,B,A,H,-,A,A,0,Y,,,,Y,,A,01,0,0,1,0,1,0,0,0,0,"- ","- ",,,"SAN FRANCISCO","SAN FRANCISCO",-122.41221618652344,37.755840301513672
9740434,2024,2024-10-09,3801,2024-09-16,"830 ",1948,MISSI,1,5,7,3801,0,0,0,,0,001,"VALENCIA ST","SYCAMORE ST",0.00,,Y,A,-,N,,,,,,,,,,N,4,0,1,2,A,-,08,22107,,N,B,G,A,A,H,-,A,D,0,,Y,,,Y,,A,01,0,0,1,0,0,0,1,0,0,"- ","- ",,,"SAN FRANCISCO","SAN FRANCISCO",-122.42164611816406,37.762550354003906
9740437,2024,2024-10-11,3801,2024-09-12,2030,2186,INGLE,4,5,7,3801,0,0,0,,0,03H,"BOSWORTH ST","LIPPARD AV",0.00,,Y,F,-,N,,,,,,,,,,N,4,0,1,2,A,-,10,21950,A,F,G,B,B,-,G,-,-,A,0,Y,,,,Y,,A,01,0,0,1,0,1,0,0,0,0,"- ","- ",,,"SAN FRANCISCO","SAN FRANCISCO",-122.43581390380859,37.73388671875
9740443,2024,2024-10-09,3801,2024-09-14,1127,1188,INGLE,6,5,7,3801,0,0,0,,0,3H14A,"ALEMANY BL","SANTA ROSA AV",0.00,,Y,A,-,N,,,,,,,,,,N,4,0,1,2,A,-,08,22107,,F,B,C,A,A,H,-,A,D,0,,,,,Y,,A,07,0,0,1,0,0,0,0,0,0,"- ","- ",,,"SAN FRANCISCO","SAN FRANCISCO",-122.43605804443359,37.726757049560547
9740452,2024,2024-10-09,3801,2024-09-04,"948 ",863,PARK,3,5,7,3801,0,0,0,,0,,"OAK ST",DIVISADERO,246.00,W,N,A,-,N,,,,,,,,,,Y,4,0,2,3,A,-,04,21703,,N,C,C,A,A,H,-,A,-,0,,,,,Y,Y,A,01,0,0,2,0,0,0,0,0,0,"- ","- ",,,"SAN FRANCISCO","SAN FRANCISCO",-122.43827056884766,37.773021697998047
9740453,2024,2024-10-09,3801,2024-09-12,1930,1316,RICHM,4,5,7,3801,0,0,0,,0,3G12D,"MASONIC AV","GEARY BL",200.00,N,N,A,-,N,,,,,,,,,,N,4,0,1,2,A,-,08,22107,,N,B,C,A,A,H,-,B,A,0,,,,,Y,,A,01,0,0,1,0,0,0,0,0,0,"- ","- ",,,"SAN FRANCISCO","SAN FRANCISCO",-122.44786834716797,37.782279968261719
9740462,2024,2024-10-09,3801,2024-09-17,1210,1580,SOUTH,2,5,7,3801,0,0,0,,0,3B5A,"HARRISON ST","4TH ST",0.00,,Y,B,-,N,,,,,,,,,,N,4,0,1,2,A,-,10,21950,A,N,G,B,B,A,H,-,A,A,0,Y,,,,Y,,A,01,0,0,1,0,1,0,0,0,0,"- ","- ",,,"SAN FRANCISCO","SAN FRANCISCO",-122.39962768554688,37.780776977539062
9740467,2024,2024-10-14,3801,2024-09-23,1113,624,NORTH,1,5,7,3801,0,0,0,,0,002,"GOLDEN GATE AV","LAGUNA ST",126.00,W,N,A,-,N,,,,,,,,,,N,4,0,1,2,A,-,08,22107,,N,D,G,A,A,D,-,A,D,0,,Y,,,Y,,M,91,0,0,1,0,0,0,1,0,0,"- ","- ",,,"SAN FRANCISCO","SAN FRANCISCO",-122.42745208740234,37.780139923095703
9740469,2024,2024-10-11,3801,2024-09-11,"807 ",1964,INGLE,3,5,7,3801,0,0,0,,0,,"PARK ST","PARK ST 156",0.00,,Y,A,-,N,,,,,,,,,,Y,3,0,1,2,A,-,00,22350,B,M,C,C,A,A,H,-,A,A,0,,,Y,,Y,,C,02,0,1,0,0,0,0,0,0,1,"- ","- ",,,"SAN FRANCISCO","SAN FRANCISCO",-119.58942413330078,35.245502471923828
9740515,2024,2024-10-09,3801,2024-08-31,2130,4310,SOUTH,6,5,7,3801,0,0,0,,0,3B11E,"BRYANT ST","2ND ST",0.00,,Y,A,-,N,,,,,,,,,,Y,4,0,2,3,A,-,01,23153,,N,C,C,A,A,H,-,C,D,0,,,,,Y,Y,A,01,0,0,2,0,0,0,0,0,0,"- ","- ",,,"SAN FRANCISCO","SAN FRANCISCO",-122.39363098144531,37.7830810546875
9741507,2024,2024-10-10,3801,2024-09-13,1447,10,SOUTH,5,5,7,3801,0,0,0,,0,0B3,"8TH ST","HERNON ST",0.00,,Y,A,-,N,,,,,,,,,,N,4,0,2,2,A,-,09,21804,A,N,-,C,A,A,H,-,A,D,0,,,,,Y,,A,01,0,0,2,0,0,0,0,0,0,"- ","- ",,,"SAN FRANCISCO","SAN FRANCISCO",-122.4090576171875,37.774204254150391
9741514,2024,2024-10-10,3801,2024-09-11,2000,A24568,PARK,3,5,7,3801,0,0,0,,0,3F90,"WILLARD ST","CARL ST",0.00,,Y,B,-,N,,,,,,,,,,N,4,0,1,2,A,-,03,22350,,N,D,C,A,B,H,-,C,A,0,,,,,Y,,A,01,0,0,1,0,0,0,0,0,0,"- ","- ",,,"SAN FRANCISCO","SAN FRANCISCO",-122.45439910888672,37.765232086181641
9741524,2024,2024-10-22,3801,2024-09-01,1406,2289,NORTH,7,5,7,3801,0,0,0,,0,3E6A,"LOMBARD ST","GOUGH ST",0.00,,Y,B,-,N,,,,,,,,,,Y,4,0,1,2,A,-,09,21801,A,N,D,C,A,A,H,-,A,A,0,,,Y,,Y,,A,01,0,0,1,0,0,0,0,0,1,"- ","- ",,,"SAN FRANCISCO","SAN FRANCISCO",-122.42781829833984,37.800899505615234
9741528,2024,2024-10-22,3801,2024-09-24,1637,1061,SOUTH,2,5,7,3801,0,0,0,,0,3B13D,"HOWARD ST","11TH ST",0.00,,Y,A,-,N,,,,,,,,,,N,3,0,1,2,A,-,10,21950,A,N,G,B,B,A,H,-,A,A,0,Y,,,,Y,,A,01,0,1,0,0,1,0,0,0,0,"- ","- ",,,"SAN FRANCISCO","SAN FRANCISCO",-122.41557312011719,37.773117065429688
9741534,2024,2024-10-22,3801,2024-09-09,1326,54,TARAV,1,5,7,3801,0,0,0,,0,3115A,"JUNIPERO SERRA BL","WINSTON DR",28.00,,N,A,-,N,,,,,,,,,,N,4,0,1,2,A,-,21,22106,,N,C,C,A,A,H,-,A,A,0,,,,,Y,,A,01,0,0,1,0,0,0,0,0,0,"- ","- ",,,"SAN FRANCISCO","SAN FRANCISCO",-122.47236633300781,37.726837158203125
9741659,2024,2024-10-11,3801,2024-08-24,"500 ",2491,INGLE,6,5,7,3801,0,0,0,,0,,"OSHAUGHNESSY BL","BOSWORTH ST",318.00,W,N,C,-,N,,,,,,,,,,,3,0,2,2,A,-,05,21460,A,N,A,C,A,-,H,-,C,A,0,,,,,Y,,A,01,0,2,0,0,0,0,0,0,0,"- ","- ",,,"SAN FRANCISCO","SAN FRANCISCO",-122.44295501708984,37.7357177734375
9741663,2024,2025-04-09,3801,2024-08-20,"915 ",2186,INGLE,2,5,7,3801,0,0,0,,0,3H15A,"LOWELL ST","LOWELL ST 131",0.00,,N,A,-,N,,,,,,,,,,N,4,0,1,2,A,-,11,21955,,N,G,B,A,A,H,-,A,D,0,,,,,Y,,-,,0,0,1,0,0,0,0,0,0,"- ","- ",,,"SAN FRANCISCO","SAN FRANCISCO",,
9741670,2024,2024-10-09,3801,2024-08-27,1530,1061,SOUTH,2,5,7,3801,0,0,0,,0,3B14D,"FOLSOM ST","9TH ST",0.00,,Y,A,-,N,,,,,,,,,,N,4,0,1,2,A,-,08,22104,,M,B,C,A,A,H,-,A,A,0,,,,,Y,,A,01,0,0,1,0,0,0,0,0,0,"- ","- ",,,"SAN FRANCISCO","SAN FRANCISCO",-122.41161346435547,37.773773193359375
9741853,2024,2024-10-11,3801,2024-07-09,1715,2325,MISSI,2,5,7,3801,0,0,0,,0,PATROL,"MARKET ST","EUREKA ST",0.00,,Y,A,-,N,,,,,,,,,,N,3,0,1,2,A,-,17,21461,A,N,D,C,A,A,H,-,A,A,0,,,Y,,Y,,C,02,0,1,0,0,0,0,0,0,1,"- ","- ",,,"SAN FRANCISCO","SAN FRANCISCO",-122.43834686279297,37.761722564697266
9741885,2024,2024-10-11,3801,2024-07-17,1325,4307,NORTH,3,5,7,3801,0,0,0,,0,3E15A,"FILBERT ST","DIVISADERO ST",0.00,,Y,A,-,N,,,,,,,,,,Y,3,0,1,3,A,-,03,22350,,N,C,E,A,A,H,-,A,D,0,,,,,Y,,A,07,0,1,0,0,0,0,0,0,0,"- ","- ",,,"SAN FRANCISCO","SAN FRANCISCO",-122.44228363037109,37.797172546386719
9742726,2024,2024-11-06,3801,2024-10-17,1920,2452,CENTR,4,5,7,3801,0,0,0,,0,3A61,"WASHINGTON ST","DRUMM ST",0.00,,Y,A,-,N,,,,,,,,,,N,4,0,1,2,A,-,09,21804,A,N,D,G,A,A,H,-,C,D,0,,Y,,,Y,,L,04,0,0,1,0,0,0,1,0,0,"- ","- ",,,"SAN FRANCISCO","SAN FRANCISCO",-122.39698028564453,37.796371459960938
9742730,2024,2024-11-06,3801,2024-10-09,1141,1389,BAYVI,3,5,7,3801,0,0,0,,0,3C12A,"BAYSHORE BL","OAKDALE AV",0.00,,Y,A,-,N,,,,,,,,,,Y,4,0,3,3,A,-,12,21453,A,N,D,E,A,A,H,-,A,A,0,,,,,Y,,A,01,0,0,3,0,0,0,0,0,0,"- ","- ",,,"SAN FRANCISCO","SAN FRANCISCO",-122.40522003173828,37.743038177490234
9742740,2024,2024-11-06,3801,2024-10-11,1830,2748,SOUTH,5,5,7,3801,0,0,0,,0,3B12D,"THE EMBARCADERO","FOLSOM ST",0.00,,Y,A,-,N,,,,,,,,,,N,3,0,1,2,A,-,17,22517,,N,H,G,A,A,H,-,A,A,0,,Y,,,Y,,A,01,0,1,0,0,0,0,1,0,0,"- ","- ",,,"SAN FRANCISCO","SAN FRANCISCO",-122.39015960693359,37.790756225585938
9742750,2024,2024-11-06,3801,2024-10-03,1739,359,TARAV,4,5,7,3801,0,0,0,,0,316D,"LINCOLN WY","11TH AV",0.00,,Y,A,-,N,,,,,,,,,,Y,3,0,1,2,A,-,09,21802,A,N,D,C,A,A,H,-,A,A,0,,,,,Y,,A,01,0,1,0,0,0,0,0,0,0,"- ","- ",,,"SAN FRANCISCO","SAN FRANCISCO",-122.46858215332031,37.765827178955078
9742759,2024,2024-11-06,3801,2024-10-03,1730,1173,RICHM,4,5,7,3801,0,0,0,,0,901,"26TH AV","GEARY BL",168.00,S,N,A,-,N,,,,,,,,,,N,3,0,2,2,A,-,08,22107,,N,A,G,A,A,H,-,A,D,0,,Y,,,Y,,A,01,0,2,0,0,0,0,2,0,0,"- ","- ",,,"SAN FRANCISCO","SAN FRANCISCO",-122.48577880859375,37.779640197753906
9742782,2024,2024-11-07,3801,2024-10-25,"233 ",499,PARK,5,5,7,3801,0,0,0,,0,3F13E,"PAGE ST","ASHBURY ST",0.00,,Y,A,-,N,,,,,,,,,,N,3,0,1,1,A,-,03,22350,,N,H,J,A,A,H,-,C,D,0,,,Y,,Y,,C,03,0,1,0,0,0,0,0,0,1,"- ","- ",,,"SAN FRANCISCO","SAN FRANCISCO",-122.44711303710938,37.770919799804688
9742790,2024,2024-11-12,3801,2024-10-23,1628,2711,TENDE,3,5,7,3801,0,0,0,,0,3J14D,"MARKET ST","STOCKTON ST",0.00,,Y,A,-,N,,,,,,,,,,N,2,0,1,2,A,-,12,21453,A,N,G,-,B,A,H,-,A,A,0,Y,Y,,,Y,,L,04,1,0,0,0,1,0,0,0,0,"- ","- ",,,"SAN FRANCISCO","SAN FRANCISCO",-122.40589141845703,37.785697937011719
9742799,2024,2025-04-10,3801,2024-10-22,1520,1810,MISSI,2,5,7,3801,0,0,0,,0,3D13D,"SOUTH VAN NESS AV","19TH ST",0.00,,Y,A,-,N,,,,,,,,,,N,4,0,1,2,A,-,06,21755,A,N,B,D,A,A,H,-,A,A,0,,,Y,,Y,,C,02,0,0,1,0,0,0,0,0,1,"- ","- ",,,"SAN FRANCISCO","SAN FRANCISCO",-122.41706085205078,37.760364532470703
9742815,2024,2024-11-06,3801,2024-10-27,1314,643,TARAV,7,5,7,3801,0,0,0,,0,3115A,"SKYLINE BL","GREAT HWY",470.00,S,N,A,-,N,,,,,,,,,,N,2,0,1,2,A,-,03,22350,,N,C,G,A,A,H,-,A,D,0,,Y,,,Y,,A,07,1,0,0,0,0,0,1,0,0,"- ","- ",,,"SAN FRANCISCO","SAN FRANCISCO",-122.50290679931641,37.723991394042969
9742817,2024,2024-11-06,3801,2024-10-26,"150 ",1454,NORTH,6,5,7,3801,0,0,0,,0,3E14E,"SACRAMENTO ST","VAN NESS AV",0.00,,Y,A,-,N,,,,,,,,,,Y,2,0,3,3,A,-,03,22350,,F,D,I,A,A,H,-,C,A,0,,,,,Y,,A,01,3,0,0,0,0,0,0,0,0,"- ","- ",,,"SAN FRANCISCO","SAN FRANCISCO",-122.42243957519531,37.791297912597656
9742820,2024,2024-11-06,3801,2024-10-13,"658 ",54,TARAV,7,5,7,3801,0,0,0,,0,3I5A,"WINSTON DR","20TH AV",0.00,,Y,E,-,N,,,,,,,,,,Y,4,0,2,2,A,-,09,21801,A,N,D,C,A,B,H,-,A,A,0,,,,,Y,,A,01,0,0,2,0,0,0,0,0,0,"- ","- ",,,"SAN FRANCISCO","SAN FRANCISCO",-122.47597503662109,37.730087280273438
9742833,2024,2024-11-07,3801,2024-10-23,2040,2147,NORTH,3,5,7,3801,0,0,0,,0,4CAR,"STEINER ST","BUSH ST",0.00,,Y,A,-,N,,,,,,,,,,Y,2,0,1,2,A,-,09,21801,A,N,A,C,A,A,H,-,C,A,0,,,Y,,Y,,A,07,1,0,0,0,0,0,0,0,1,"- ","- ",,,"SAN FRANCISCO","SAN FRANCISCO",-122.43511199951172,37.786823272705078
9742837,2024,2024-11-07,3801,2024-10-23,"639 ",1188,INGLE,3,5,7,3801,0,0,0,,0,3H13A,"NAPLES ST","AVALON ST",0.00,,Y,A,-,N,,,,,,,,,,N,4,0,1,2,A,-,12,22450,,F,G,B,B,A,H,-,B,A,0,Y,,,,Y,,A,01,0,0,1,0,1,0,0,0,0,"- ","- ",,,"SAN FRANCISCO","SAN FRANCISCO",-122.42768096923828,37.725532531738281
9742844,2024,2024-11-06,3801,2024-10-19,"930 ",1680,MISSI,6,5,7,3801,0,0,0,,0,3D00,"GUERRERO ST","26TH ST",0.00,,Y,A,-,N,,,,,,,,,,N,3,0,1,2,A,-,17,21235,G,N,H,C,A,A,H,-,A,A,0,,,Y,,Y,,C,03,0,1,0,0,0,0,0,0,1,"- ","- ",,,"SAN FRANCISCO","SAN FRANCISCO",-122.42256927490234,37.748790740966797
9742857,2024,2024-11-06,3801,2024-10-17,2115,1246,BAYVI,4,5,7,3801,0,0,0,,0,3C4E,"EVANS AV","KEITH ST",105.00,E,N,A,-,N,,,,,,,,,,Y,4,0,1,1,A,-,08,22107,,N,F,I,A,A,H,-,C,D,0,,,,,Y,,A,01,0,0,1,0,0,0,0,0,0,"- ","- ",,,"SAN FRANCISCO","SAN FRANCISCO",-122.3807373046875,37.738567352294922
9742867,2024,2024-11-06,3801,2024-10-17,1650,1148,MISSI,4,5,7,3801,0,0,0,,0,3D15D,"SAN BRUNO AV","DIVISION ST",25.00,S,N,A,-,N,,,,,,,,,,N,4,0,1,2,A,-,08,22107,,F,D,C,A,A,H,-,A,A,0,,,Y,,Y,Y,M,47,0,0,1,0,0,0,0,0,1,"- ","- ",,,"SAN FRANCISCO","SAN FRANCISCO",-122.40615081787109,37.769393920898438
9742868,2024,2024-11-06,3801,2024-10-17,1249,1695,NORTH,4,5,7,3801,0,0,0,,0,004,"BUCHANAN ST","SACRAMENTO ST",0.00,,Y,A,-,N,,,,,,,,,,N,4,0,1,2,A,-,10,21950,A,N,G,B,B,A,H,-,A,A,0,Y,,,,Y,,A,01,0,0,1,0,1,0,0,0,0,"- ","- ",,,"SAN FRANCISCO","SAN FRANCISCO",-122.43073272705078,37.790252685546875
9742869,2024,2024-11-06,3801,2024-10-17,"923 ",2431,3E13A,4,5,7,3801,0,0,0,,0,3E13A,"GEARY BL","LAGUNA ST",0.00,,Y,A,-,N,,,,,,,,,,N,4,0,1,2,A,-,08,22107,,N,G,B,B,A,H,-,A,A,0,Y,,,,Y,,A,01,0,0,1,0,1,0,0,0,0,"- ","- ",,,"SAN FRANCISCO","SAN FRANCISCO",-122.42800140380859,37.785041809082031
9742870,2024,2024-11-06,3801,2024-10-11,1354,307,NORTH,5,5,7,3801,0,0,0,,0,3E5D,"FELL ST","WEBSTER ST",0.00,,Y,A,-,N,,,,,,,,,,N,3,0,1,2,A,-,10,21950,A,N,G,B,B,A,H,-,A,A,0,Y,,,,Y,,A,08,0,1,0,0,1,0,0,0,0,"- ","- ",,,"SAN FRANCISCO","SAN FRANCISCO",-122.42932891845703,37.775123596191406
9742873,2024,2024-11-06,3801,2024-10-21,1509,2704,SOUTH,1,5,7,3801,0,0,0,,0,0B4,"10TH ST","HOWARD ST",100.00,S,N,A,-,N,,,,,,,,,,N,4,0,1,3,A,-,17,22517,,N,D,G,A,A,H,-,A,D,0,,Y,,,Y,,-,,0,0,1,0,0,0,1,0,0,"- ","- ",,,"SAN FRANCISCO","SAN FRANCISCO",-122.41412353515625,37.773838043212891
9742878,2024,2024-11-06,3801,2024-10-18,1650,1857,SOUTH,5,5,7,3801,0,0,0,,0,001,"1ST ST","HARRISON ST",200.00,S,N,A,-,N,,,,,,,,,,Y,3,0,1,1,D,-,00,,,N,E,I,A,A,H,-,A,D,0,,,,,Y,,-,"- ",0,1,0,0,0,0,0,0,0,"- ","- ",,,"SAN FRANCISCO","SAN FRANCISCO",-122.39263153076172,37.785900115966797
9742889,2024,2024-11-07,3801,2024-10-15,1710,226,BAYVI,2,5,7,3801,0,0,0,,0,3C13D,"PAUL AV","SAN BRUNO AV",0.00,,Y,A,-,N,,,,,,,,,,N,3,0,1,2,A,-,10,21950,A,N,G,B,B,A,H,-,A,A,0,Y,,,,Y,,A,01,0,1,0,0,1,0,0,0,0,"- ","- ",,,"SAN FRANCISCO","SAN FRANCISCO",-122.40205383300781,37.723922729492188
9742897,2024,2024-11-07,3801,2024-10-13,1450,2143,TARAV,7,5,7,3801,0,0,0,,0,316B,"ORTEGA ST","31ST AV",0.00,,Y,A,-,N,,,,,,,,,,N,3,0,2,2,A,-,12,22450,A,N,D,C,A,A,H,-,A,D,0,,,,,Y,,A,01,0,1,1,0,0,0,0,0,0,"- ","- ",,,"SAN FRANCISCO","SAN FRANCISCO",-122.48918914794922,37.751823425292969
9742903,2024,2024-11-12,3801,2024-10-07,1508,1288,NORTH,1,5,7,3801,0,0,0,,0,3E13D,"GOUGH ST","AUSTIN ST",21.00,S,N,A,-,N,,,,,,,,,,N,4,0,1,2,A,-,08,22107,,N,B,C,A,A,H,-,A,A,0,,,Y,,Y,,A,01,0,0,1,0,0,0,0,0,1,"- ","- ",,,"SAN FRANCISCO","SAN FRANCISCO",-122.42530822753906,37.788482666015625
9742909,2024,2024-11-06,3801,2024-10-09,1231,1633,TENDE,3,5,7,3801,0,0,0,,0,3J11A,"MARKET ST","8TH ST",0.00,,Y,B,-,N,,,,,,,,,,N,3,0,1,1,A,-,03,22350,,N,E,G,A,A,H,-,A,D,0,,Y,,,Y,,L,04,0,1,0,0,0,0,1,0,0,"- ","- ",,,"SAN FRANCISCO","SAN FRANCISCO",-122.41475677490234,37.778705596923828
9742917,2024,2024-11-07,3801,2024-10-09,2033,2374,CENTR,3,5,7,3801,0,0,0,,0,0A5,"SANSOME ST","BUSH ST",0.00,,Y,A,-,N,,,,,,,,,,,3,0,1,2,A,-,10,21950,A,N,G,B,B,A,H,-,C,A,0,Y,,,,Y,,A,01,0,1,0,0,1,0,0,0,0,"- ","- ",,,"SAN FRANCISCO","SAN FRANCISCO",-122.40071105957031,37.79119873046875
9742922,2024,2025-04-10,3801,2024-09-23,"919 ",415,PARK,1,5,7,3801,0,0,0,,0,3F13A,"FULTON ST","CLAYTON ST",0.00,,Y,A,-,N,,,,,,,,,,N,4,0,2,3,A,-,10,21950,A,N,G,B,B,A,H,-,A,D,0,Y,,,,Y,,A,01,0,0,2,0,2,0,0,0,0,"- ","- ",,,"SAN FRANCISCO","SAN FRANCISCO",-122.44972229003906,37.775394439697266
9742923,2024,2024-11-06,3801,2024-09-25,1857,1039,MISSI,3,5,7,3801,0,0,0,,0,003,"19TH ST","LINDA LN",0.00,,Y,A,-,N,,,,,,,,,,N,4,0,2,2,A,-,09,21802,A,N,D,C,A,A,H,-,A,D,0,,,,,Y,,A,01,0,0,2,0,0,0,0,0,0,"- ","- ",,,"SAN FRANCISCO","SAN FRANCISCO",-122.42285919189453,37.760021209716797
9742929,2024,2024-11-06,3801,2024-09-28,2135,1803,RICHM,6,5,7,3801,0,0,0,,0,3G15E,"FULTON ST","ARGUELLO BL",0.00,,Y,A,-,N,,,,,,,,,,Y,4,0,1,2,A,-,12,21453,A,N,D,C,A,A,H,-,C,A,0,,,,,Y,Y,A,01,0,0,1,0,0,0,0,0,0,"- ","- ",,,"SAN FRANCISCO","SAN FRANCISCO",-122.45835113525391,37.774288177490234
9742930,2024,2024-11-06,3801,2024-09-26,2249,2305,TRAFF,4,5,7,3801,0,0,0,,0,4B3F,"CESAR CHAVEZ ST","HAMPSHIRE ST",362.00,E,N,A,-,N,,,,,,,,,,Y,4,0,2,3,C,-,18,,,N,G,B,E,A,H,-,C,D,0,Y,,,,Y,,-,"- ",0,0,2,0,2,0,0,0,0,"- ","- ",,,"SAN FRANCISCO","SAN FRANCISCO",-122.40554809570312,37.749008178710938
9742936,2024,2024-11-06,3801,2024-09-28,1139,2038,PARK,6,5,7,3801,0,0,0,,0,,FULTON,CENTRAL,13.00,E,N,A,-,N,,,,,,,,,,N,4,0,1,2,A,-,21,22106,,N,D,C,A,A,H,-,A,D,0,,,,,Y,,A,01,0,0,1,0,0,0,0,0,0,"- ","- ",,,"SAN FRANCISCO","SAN FRANCISCO",-122.44474792480469,37.776004791259766
9742955,2024,2024-11-12,3801,2024-09-17,1600,2325,MISSI,2,5,7,3801,0,0,0,,0,3D4D,"SOUTH VAN NESS AV","14TH ST",5.00,N,N,A,-,N,,,,,,,,,,N,4,0,1,2,D,-,00,,,N,C,C,A,A,G,-,A,A,0,,,,,Y,,-,"- ",0,0,1,0,0,0,0,0,0,"- ","- ",,,"SAN FRANCISCO","SAN FRANCISCO",-122.41780090332031,37.7684326171875
9742956,2024,2024-11-12,3801,2024-09-17,1400,2743,SOUTH,2,5,7,3801,0,0,0,,0,3B1,"BEALE ST","FOLSOM ST",130.00,N,N,A,-,N,,,,,,,,,,N,4,0,1,2,A,-,"- ",,,N,D,G,A,A,H,-,A,D,0,,Y,,,Y,,L,04,0,0,1,0,0,0,1,0,0,"- ","- ",,,"SAN FRANCISCO","SAN FRANCISCO",-122.39304351806641,37.788955688476562
9743033,2024,2024-11-12,3801,2024-09-27,1530,1286,SOUTH,5,5,7,3801,0,0,0,,0,3A91A,"POST ST","POWELL ST",0.00,,N,A,-,N,,,,,,,,,,N,4,0,1,2,A,-,03,22350,,N,D,J,A,A,H,-,A,A,0,,,,,Y,,M,94,0,0,1,0,0,0,0,0,0,"- ","- ",,,"SAN FRANCISCO","SAN FRANCISCO",-122.40840148925781,37.788291931152344
9743034,2024,2024-11-12,3801,2024-09-27,1525,2465,TENDE,5,5,7,3801,0,0,0,,0,3J13D,"LEAVENWORTH ST","EDDY ST",0.00,,Y,A,-,N,,,,,,,,,,N,3,0,1,2,A,-,11,21954,A,F,D,G,A,A,H,-,A,A,0,,Y,,,Y,,L,04,0,1,0,0,0,0,1,0,0,"- ","- ",,,"SAN FRANCISCO","SAN FRANCISCO",-122.41423797607422,37.783729553222656
9747646,2024,2025-03-21,3801,2024-12-09,1013,788,SOUTH,1,5,7,3801,0,0,0,,0,3B12A,"BRYANT ST","OAK GROVE ST",0.00,,Y,A,-,N,,,,,,,,,,N,4,0,1,2,A,-,08,22107,,N,D,C,A,A,H,-,A,D,0,,,Y,,Y,,A,01,0,0,1,0,0,0,0,0,1,"- ","- ",,,"SAN FRANCISCO","SAN FRANCISCO",-122.40140533447266,37.776931762695312
9748549,2024,2024-11-08,3801,2024-10-18,1202,1,NORTH,5,5,7,3801,0,0,0,,0,006,"POLK ST","SACRAMENTO ST",0.00,,Y,A,-,N,,,,,,,,,,N,4,0,1,2,A,-,10,21950,A,N,G,B,D,A,H,-,A,A,0,Y,,,,Y,,-,99,0,0,1,0,1,0,0,0,0,"- ","- ",,,"SAN FRANCISCO","SAN FRANCISCO",-122.42086791992188,37.79150390625
9748931,2024,2024-12-13,3801,2024-11-15,1132,4275,TARAV,5,5,7,3801,0,0,0,,0,313A,"SANTIAGO ST","35TH AV",0.00,,Y,A,-,N,,,,,,,,,,Y,4,0,1,2,A,-,09,21804,A,N,D,C,A,A,-,-,A,A,0,,,,,Y,,A,01,0,0,1,0,0,0,0,0,0,"- ","- ",,,"SAN FRANCISCO","SAN FRANCISCO",-122.49295043945312,37.744171142578125