CASE_ID,ACCIDENT_YEAR,PROC_DATE,JURIS,COLLISION_DATE,COLLISION_TIME,OFFICER_ID,REPORTING_DISTRICT,DAY_OF_WEEK,CHP_SHIFT,POPULATION,CNTY_CITY_LOC,SPECIAL_COND,BEAT_TYPE,CHP_BEAT_TYPE,CITY_DIVISION_LAPD,CHP_BEAT_CLASS,BEAT_NUMBER,PRIMARY_RD,SECONDARY_RD,DISTANCE,DIRECTION,INTERSECTION,WEATHER_1,WEATHER_2,STATE_HWY_IND,CALTRANS_COUNTY,CALTRANS_DISTRICT,STATE_ROUTE,ROUTE_SUFFIX,POSTMILE_PREFIX,POSTMILE,LOCATION_TYPE,RAMP_INTERSECTION,SIDE_OF_HWY,TOW_AWAY,COLLISION_SEVERITY,NUMBER_KILLED,NUMBER_INJURED,PARTY_COUNT,PRIMARY_COLL_FACTOR,PCF_CODE_OF_VIOL,PCF_VIOL_CATEGORY,PCF_VIOLATION,PCF_VIOL_SUBSECTION,HIT_AND_RUN,TYPE_OF_COLLISION,MVIW,PED_ACTION,ROAD_SURFACE,ROAD_COND_1,ROAD_COND_2,LIGHTING,CONTROL_DEVICE,CHP_ROAD_TYPE,PEDESTRIAN_ACCIDENT,BICYCLE_ACCIDENT,MOTORCYCLE_ACCIDENT,TRUCK_ACCIDENT,NOT_PRIVATE_PROPERTY,ALCOHOL_INVOLVED,STWD_VEHTYPE_AT_FAULT,CHP_VEHTYPE_AT_FAULT,COUNT_SEVERE_INJ,COUNT_VISIBLE_INJ,COUNT_COMPLAINT_PAIN,COUNT_PED_KILLED,COUNT_PED_INJURED,COUNT_BICYCLIST_KILLED,COUNT_BICYCLIST_INJURED,COUNT_MC_KILLED,COUNT_MC_INJURED,PRIMARY_RAMP,SECONDARY_RAMP,LATITUDE,LONGITUDE,COUNTY,CITY,POINT_X,POINT_Y
6546102,2014,2014-07-21,3801,2014-01-12,2110,002380,PARK,7,5,7,3801,0,0,0,,0,3F14E,"STANYAN ST","HAIGHT ST",8.00,S,N,A,-,N,,,,,,,,,,N,4,0,1,2,A,-,03,22350,,N,G,B,B,A,H,-,C,A,0,Y,,,,Y,Y,A,01,0,0,1,0,1,0,0,0,0,"- ","- ",,,"SAN FRANCISCO","SAN FRANCISCO",-122.45352637000001,37.769128209999998
6546103,2014,2015-10-12,3801,2014-01-21,1400,749,,2,5,7,3801,0,0,0,,0,3A60,"PINE ST","TAYLOR ST",0.00,,Y,A,-,N,,,,,,,,,,N,4,0,1,2,A,-,10,21950,A,N,G,G,A,A,H,-,A,A,0,,Y,,,Y,,A,01,0,0,1,0,0,0,1,0,0,"- ","- ",,,"SAN FRANCISCO","SAN FRANCISCO",-122.41224988,37.790659949999998
6546105,2014,2014-07-21,3801,2014-01-13,1850,2343,SOUTH,1,5,7,3801,0,0,0,,0,3B12D,"11TH ST","FOLSOM ST",0.00,,Y,A,-,N,,,,,,,,,,Y,4,0,4,2,A,-,09,21801,A,N,D,C,A,A,H,-,C,A,0,,,,,Y,,A,07,0,0,4,0,0,0,0,0,0,"- ","- ",,,"SAN FRANCISCO","SAN FRANCISCO",-122.4140099,37.771879890000001
6546121,2014,2014-07-18,3801,2014-01-25,1440,529,INGLE,6,5,7,3801,0,0,0,,0,3H11C,"CESAR CHAVEZ DR","ALABAMA ST",0.00,,Y,A,-,N,,,,,,,,,,N,4,0,1,2,A,-,03,22350,,N,C,C,A,A,H,-,A,A,0,,,,,Y,,A,01,0,0,1,0,0,0,0,0,0,"- ","- ",,,"SAN FRANCISCO","SAN FRANCISCO",-122.41053993,37.748329890000001
6546127,2014,2014-07-18,3801,2014-01-17,1930,2343,SOUTH,5,5,7,3801,0,0,0,,0,3B62,"2ND ST","FOLSOM ST",0.00,,Y,A,-,N,,,,,,,,,,N,3,0,1,2,A,-,05,21650,1,N,D,G,A,A,H,-,C,A,0,,Y,,,Y,,L,04,0,1,0,0,0,0,1,0,0,"- ","- ",,,"SAN FRANCISCO","SAN FRANCISCO",-122.39672994,37.785559990000003
6546128,2014,2014-07-21,3801,2014-01-17,1934,002342,SOUTH,5,5,7,3801,0,0,0,,0,3B12D,"5TH ST","CLARA ST",0.00,,Y,A,-,N,,,,,,,,,,N,4,0,1,2,A,-,11,21954,A,N,G,B,D,A,H,-,C,D,0,Y,,,,Y,Y,N,60,0,0,1,0,1,0,0,0,0,"- ","- ",,,"SAN FRANCISCO","SAN FRANCISCO",-122.40237988,37.779449900000003
6546138,2014,2014-07-21,3801,2014-01-18,1957,000251,RICHA,6,5,7,3801,0,0,0,,0,3G60,"CALIFORNIA ST","LOCUST ST",116.00,W,N,A,-,N,,,,,,,,,,N,4,0,1,2,A,-,07,21658,A,F,B,G,A,A,H,-,C,D,0,,Y,,,Y,,A,07,0,0,1,0,0,0,1,0,0,"- ","- ",,,"SAN FRANCISCO","SAN FRANCISCO",-122.45214652999999,37.786559840000002
6546141,2014,2014-07-18,3801,2014-01-11,1915,004187,NORTH,6,5,7,3801,0,0,0,,0,3E12D,"VALLEJO ST","WEBSTER ST",0.00,,Y,A,-,N,,,,,,,,,,N,4,0,1,2,A,-,03,22350,,N,C,C,A,A,H,-,C,A,0,,,,,Y,,A,07,0,0,1,0,0,0,0,0,0,"- ","- ",,,"SAN FRANCISCO","SAN FRANCISCO",-122.43343998,37.795449959999999
6546147,2014,2014-07-18,3801,2014-01-10,1540,1637,BAYVI,5,5,7,3801,0,0,0,,0,3C12C,"JERROLD ST","3RD ST",0.00,,Y,A,-,N,,,,,,,,,,Y,4,0,1,2,A,-,12,21453,A,N,D,C,A,A,H,-,A,A,0,,,,,Y,,A,01,0,0,1,0,0,0,0,0,0,"- ","- ",,,"SAN FRANCISCO","SAN FRANCISCO",-122.38935993,37.738779979999997
6546148,2014,2014-07-21,3801,2014-01-22,0800,1430,BAYVI,3,5,7,3801,0,0,0,,0,4B6C,"BOWDOIN ST","FELTON ST",6.00,N,N,A,-,N,,,,,,,,,,N,4,0,1,2,A,-,10,21950,A,N,G,B,B,A,H,-,A,A,0,Y,,,,Y,,A,01,0,0,1,0,1,0,0,0,0,"- ","- ",,,"SAN FRANCISCO","SAN FRANCISCO",-122.41151628,37.728245710000003
6546153,2014,2014-07-18,3801,2014-01-28,0740,001241,SOUTH,2,5,7,3801,0,0,0,,0,3B12A,"MARKET ST","POWELL ST",280.00,E,N,A,-,N,,,,,,,,,,N,4,0,1,1,A,-,03,22350,,N,H,I,A,B,H,-,B,D,0,,,Y,,Y,,C,03,0,0,1,0,0,0,0,0,1,"- ","- ",,,"SAN FRANCISCO","SAN FRANCISCO",-122.40687847,37.784925790000003
6546155,2014,2014-07-18,3801,2014-01-10,1122,1887,,5,5,7,3801,0,0,0,,0,4K1C,"GOLDEN GATE AV","HYDE ST",7.00,E,N,A,-,N,,,,,,,,,,Y,3,0,1,2,A,-,10,21950,A,F,G,B,B,A,H,-,A,A,0,Y,,,,Y,,A,01,0,1,0,0,1,0,0,0,0,"- ","- ",,,"SAN FRANCISCO","SAN FRANCISCO",-122.41547613,37.78165328
6546168,2014,2016-03-05,3801,2014-02-19,1301,001675,NORTH,3,5,7,3801,0,0,0,,0,3E14C,"SUTTER ST","VAN NESS AV",0.00,,Y,A,-,Y,SF,4,101,-,-,5.740,I,5,N,Y,4,0,1,2,A,-,12,21453,A,N,D,C,A,A,H,-,A,A,0,,,,,Y,,A,01,0,0,1,0,0,0,0,0,0,"- ","- ",,,"SAN FRANCISCO","SAN FRANCISCO",-122.42167383,37.78759024
6546170,2014,2014-07-22,3801,2014-02-25,0846,1043,INGLE,2,5,7,3801,0,0,0,,0,4B1H,"BOSWORTH ST","ROUSSEAU ST",0.00,,Y,B,-,N,,,,,,,,,,N,4,0,1,2,A,-,10,21950,A,F,G,B,B,A,H,-,A,A,0,Y,,,,Y,,A,08,0,0,1,0,1,0,0,0,0,"- ","- ",,,"SAN FRANCISCO","SAN FRANCISCO",-122.43030987,37.73331993
6546171,2014,2014-07-21,3801,2014-02-08,2119,001542,NORTH,6,5,7,3801,0,0,0,,0,3E11E,"HAIGHT ST","OCTAVIA ST",0.00,,Y,C,-,N,,,,,,,,,,N,3,0,1,2,A,-,10,21950,A,N,G,B,B,B,H,-,C,A,0,Y,,,,Y,,A,07,0,1,0,0,1,0,0,0,0,"- ","- ",,,"SAN FRANCISCO","SAN FRANCISCO",-122.42392996,37.772959929999999
6546174,2014,2014-07-22,3801,2014-02-27,1014,000934,SOUTH,4,5,7,3801,0,0,0,,0,3B15C,"6TH ST","FOLSOM ST",0.00,,Y,B,-,N,,,,,,,,,,N,4,0,2,3,A,-,03,22350,,N,C,C,A,A,H,-,A,A,0,,,,,Y,,A,07,0,0,2,0,0,0,0,0,0,"- ","- ",,,"SAN FRANCISCO","SAN FRANCISCO",-122.40559986,37.778500000000001
6546191,2014,2014-07-30,3801,2014-02-26,1515,004208,BAYVI,3,5,7,3801,0,0,0,,0,03C,"ELLIOT ST","RAYMOND ST",132.00,S,N,B,C,N,,,,,,,,,,Y,3,0,2,2,A,-,03,22350,,F,E,C,A,D,G,-,A,D,0,,,,,Y,,A,07,0,1,1,0,0,0,0,0,0,"- ","- ",,,"SAN FRANCISCO","SAN FRANCISCO",-122.41147685,37.714029459999999
6546197,2014,2014-07-21,3801,2014-02-24,0700,1584,PARK,1,5,7,3801,0,0,0,,0,4K2D,"MASONIC AV","TURK BL",0.00,,Y,A,-,N,,,,,,,,,,Y,4,0,2,2,A,-,12,21453,A,N,D,C,A,A,H,-,A,A,0,,,,,Y,,A,01,0,0,2,0,0,0,0,0,0,"- ","- ",,,"SAN FRANCISCO","SAN FRANCISCO",-122.44705,37.778629960000004
6546201,2014,2014-07-21,3801,2014-02-23,2011,A20300,SOUTH,7,5,7,3801,0,0,0,,0,3B5D,"ESSEX WY","HARRISON ST",0.00,,Y,A,-,N,,,,,,,,,,N,4,0,5,2,A,-,08,22107,,N,B,C,A,A,H,-,C,A,0,,,,,Y,,A,01,0,0,5,0,0,0,0,0,0,"- ","- ",,,"SAN FRANCISCO","SAN FRANCISCO",-122.39405988,37.785209909999999
6546209,2014,2014-07-21,3801,2014-02-23,1055,000900,COE,7,5,7,3801,0,0,0,,0,3E14C,"MCALLISTER ST","WEBSTER ST",0.00,,Y,A,-,N,,,,,,,,,,Y,4,0,3,2,D,-,00,,,N,D,C,A,A,H,-,A,A,0,,,,,Y,,-,"- ",0,0,3,0,0,0,0,0,0,"- ","- ",,,"SAN FRANCISCO","SAN FRANCISCO",-122.43010988,37.778840000000002
6546211,2014,2014-07-21,3801,2014-02-26,1710,001533,INGLE,3,5,7,3801,0,0,0,,0,3H16D,"GENEVA AV","GENEVA AV 1723",0.00,,N,C,-,N,,,,,,,,,,Y,4,0,2,2,A,-,03,22350,,N,C,C,A,B,H,-,C,A,0,,,,,Y,,A,08,0,0,2,0,0,0,0,0,0,"- ","- ",,,"SAN FRANCISCO","SAN FRANCISCO",-122.42610096999999,37.71094334
6546216,2014,2014-07-22,3801,2014-02-20,2055,001533,INGLE,4,5,7,3801,0,0,0,,0,3H11D,"LAPHAM WY","ROBINSON DR",0.00,,Y,A,-,N,,,,,,,,,,N,3,0,1,1,A,-,03,22350,,N,H,A,A,A,H,-,C,-,0,,Y,,,Y,,L,04,0,1,0,0,0,0,1,0,0,"- ","- ",,,"SAN FRANCISCO","SAN FRANCISCO",-122.42923991000001,37.709589889999997
6546227,2014,2014-07-30,3801,2014-02-27,0610,790,BAYVI,4,5,7,3801,0,0,0,,0,3C14A,"PALOU ST","LANE ST",0.00,,Y,C,-,N,,,,,,,,,,N,4,0,1,2,A,-,10,21950,A,N,G,B,B,B,H,-,C,A,0,Y,,,,Y,,A,07,0,0,1,0,1,0,0,0,0,"- ","- ",,,"SAN FRANCISCO","SAN FRANCISCO",-122.38902996,37.732929980000002
6546232,2014,2014-07-22,3801,2014-02-20,1020,1560,TENDE,4,5,7,3801,0,0,0,,0,3JRA,"233 ELLIS ST","TAYLOR ST",120.00,,N,A,-,N,,,,,,,,,,N,4,0,1,2,A,-,21,22106,,N,G,B,F,A,H,-,A,D,0,Y,,,,Y,,A,01,0,0,1,0,1,0,0,0,0,NO,"- ",,,"SAN FRANCISCO","SAN FRANCISCO",-122.41112987,37.785099899999999
6547378,2014,2016-04-20,9335,2014-06-24,1805,019084,,2,2,7,3801,0,1,1,,1,081,"RT 80","RT 80 YERBA BUENA TUNNEL",250.00,E,N,A,-,Y,SF,4,80,-,-,7.770,H,-,W,N,3,0,1,2,A,-,03,22350,,N,C,C,A,A,H,-,A,D,4,,,,,Y,,A,01,0,1,0,0,0,0,0,0,0,"- ","- ",,,"SAN FRANCISCO","SAN FRANCISCO",-122.36628734,37.80897701
6547444,2014,2014-07-25,3801,2014-02-16,2304,004322,INGLE,7,5,7,3801,0,0,0,,0,3H14E,"ALEMANY BL","FOOTE AV",0.00,,Y,A,-,N,,,,,,,,,,N,4,0,2,2,A,-,09,21802,A,N,D,D,A,A,H,-,D,A,0,,,,,Y,,A,01,0,0,2,0,0,0,0,0,0,"- ","- ",,,"SAN FRANCISCO","SAN FRANCISCO",-122.44731993000001,37.714669899999997
6547450,2014,2014-07-23,3801,2014-02-06,1856,104,CENTR,4,5,7,3801,0,0,0,,0,3A13D,"CLAY ST","WAVERLY PL",0.00,,Y,B,C,N,,,,,,,,,,N,4,0,1,2,A,-,11,21954,A,N,G,B,D,B,H,-,C,A,0,Y,,,,Y,,N,60,0,0,1,0,1,0,0,0,0,"- ","- ",,,"SAN FRANCISCO","SAN FRANCISCO",-122.40678991999999,37.794209979999998
6547452,2014,2014-07-25,3801,2014-02-17,0913,1171,TARAV,1,5,7,3801,0,0,0,,0,4B61,"SUNSET BL","MORAGA ST",84.00,S,N,A,-,N,,,,,,,,,,Y,4,0,2,3,A,-,03,22350,,N,C,C,A,A,H,-,A,D,0,,,,,Y,,A,01,0,0,2,0,0,0,0,0,0,"- ","- ",,,"SAN FRANCISCO","SAN FRANCISCO",-122.49543380999999,37.7550496
6547461,2014,2014-07-22,3801,2014-02-28,1745,24,SOUTH,5,5,7,3801,0,0,0,,0,03B,"MARKET ST","2ND ST",0.00,,Y,C,-,N,,,,,,,,,,N,3,0,1,2,A,-,11,21950,B,N,G,B,B,B,H,-,A,A,0,Y,,,,Y,,N,60,0,1,0,0,1,0,0,0,0,"- ","- ",,,"SAN FRANCISCO","SAN FRANCISCO",-122.40139995,37.789239940000002
6547473,2014,2014-07-22,3801,2014-02-15,1425,002137,,6,5,7,3801,0,0,0,,0,002,"JONES ST","TURK ST",0.00,,Y,B,-,N,,,,,,,,,,N,4,0,1,2,A,-,03,22350,,N,G,B,C,A,H,-,A,A,0,Y,,,,Y,,A,01,0,0,1,0,1,0,0,0,0,"- ","- ",,,"SAN FRANCISCO","SAN FRANCISCO",-122.41240990999999,37.782999940000003
6547478,2014,2014-07-23,3801,2014-02-11,0905,73,MISSI,2,5,7,3801,0,0,0,,0,4B6D,"SOUTH VAN NESS","13TH ST",0.00,,Y,A,-,N,,,,,,,,,,N,3,0,1,2,A,-,09,21801,A,N,D,C,A,A,H,-,A,A,0,,,Y,,Y,,A,01,0,1,0,0,0,0,0,0,1,"- ","- ",,,"SAN FRANCISCO","SAN FRANCISCO",-122.41776996,37.769719979999998
6547479,2014,2014-07-24,3801,2014-02-06,1800,001763,MISSI,4,5,7,3801,0,0,0,,0,3D14D,"MISSION ST","24TH ST",15.00,N,N,B,-,N,,,,,,,,,,N,4,0,1,2,A,-,04,21703,,F,C,D,A,B,H,-,A,A,0,,,,,Y,,A,07,0,0,1,0,0,0,0,0,0,"- ","- ",,,"SAN FRANCISCO","SAN FRANCISCO",-122.41849293999999,37.75230114
6547480,2014,2014-07-25,3801,2014-02-27,1844,1939,,4,5,7,3801,0,0,0,,0,4B7H,"LOS PALMOS","RP UTILITY POLE #110034221",29.00,E,N,A,-,N,,,,,,,,,,Y,3,0,1,2,C,-,18,,,N,C,E,A,A,H,-,C,D,0,,,,,Y,,-,"- ",0,1,0,0,0,0,0,0,0,"- ","- ",,,"SAN FRANCISCO","SAN FRANCISCO",,
6547493,2014,2014-07-21,3801,2014-02-14,1620,202,PARK,5,5,7,3801,0,0,0,,0,3F14D,"DIVISADERO ST","OFARRELL ST",0.00,,Y,A,-,N,,,,,,,,,,N,3,0,1,2,A,-,09,21801,B,N,D,G,A,A,H,-,A,A,0,,Y,,,Y,,L,04,0,1,0,0,0,0,1,0,0,"- ","- ",,,"SAN FRANCISCO","SAN FRANCISCO",-122.43929998999999,37.782429899999997
6547526,2014,2014-07-22,3801,2014-01-04,2142,1957,RICHM,6,5,7,3801,0,0,0,,0,4B7G,"17TH AV","CALIFORNIA AV",206.00,S,N,A,-,N,,,,,,,,,,,3,0,1,2,A,-,11,21954,A,N,G,B,D,A,H,-,C,D,0,Y,,,,Y,Y,N,60,0,1,0,0,1,0,0,0,0,"- ","- ",,,"SAN FRANCISCO","SAN FRANCISCO",-122.47639748,37.783685089999999
6547527,2014,2014-07-22,3801,2014-01-29,2330,2260,SOUTH,3,5,7,3801,0,0,0,,0,3E61,"VAN NESS AV","MARKET ST",0.00,,Y,-,-,N,,,,,,,,,,N,4,0,1,2,A,-,10,21950,A,N,D,G,A,A,H,-,C,A,0,,Y,,,Y,,A,01,0,0,1,0,0,0,1,0,0,"- ","- ",,,"SAN FRANCISCO","SAN FRANCISCO",-122.41925990999999,37.775169959999999
6547534,2014,2014-07-22,3801,2014-01-03,1909,000398,SOUTH,5,5,7,3801,0,0,0,,0,3B13D,"MISSION ST","7TH ST",0.00,,Y,D,-,N,,,,,,,,,,N,3,0,1,2,A,-,08,22101,D,N,A,G,A,A,H,-,C,A,0,,Y,,,Y,,A,01,0,1,0,0,0,0,1,0,0,"- ","- ",,,"SAN FRANCISCO","SAN FRANCISCO",-122.41089991,37.779209899999998
6547535,2014,2014-07-22,3801,2014-01-31,1917,209,,5,5,7,3801,0,0,0,,0,3E12D,"VAN NESS AV","GROVE ST",0.00,,Y,A,-,N,,,,,,,,,,Y,2,0,1,2,A,-,09,21801,A,N,A,C,A,A,H,-,C,A,0,,,Y,,Y,Y,A,01,1,0,0,0,0,0,0,0,1,"- ","- ",,,"SAN FRANCISCO","SAN FRANCISCO",-122.41995987999999,37.778249930000001
6547537,2014,2014-07-21,3801,2014-01-06,1848,001112,RICHM,1,5,7,3801,0,0,0,,0,3G14D,"CROSSOVER DR","MARTIN LUTHER KING DR",0.00,,Y,A,-,N,,,,,,,,,,Y,4,0,3,2,A,-,08,22107,,N,A,C,A,A,H,-,C,A,0,,,,,Y,,A,01,0,0,3,0,0,0,0,0,0,"- ","- ",,,"SAN FRANCISCO","SAN FRANCISCO",-122.47737995999999,37.766039999999997
6547539,2014,2014-07-23,3801,2014-01-28,0720,2001,INGLE,2,5,7,3801,0,0,0,,0,3H4A,"ALEMANY BL",NAGLEE,12.00,S,N,A,-,N,,,,,,,,,,N,4,0,1,2,A,-,10,21950,A,N,G,B,B,A,H,-,B,D,0,Y,,,,Y,,A,01,0,0,1,0,1,0,0,0,0,"- ","- ",,,"SAN FRANCISCO","SAN FRANCISCO",-122.44904706,37.713925170000003
6547541,2014,2014-07-21,3801,2014-01-31,1635,000845,CENTR,5,5,7,3801,0,0,0,,0,4K3C,"SANSOME ST","BUSH ST",80.00,N,N,A,-,N,,,,,,,,,,N,4,0,1,2,A,-,08,22102,,N,D,C,A,A,H,-,A,A,0,,,Y,,Y,,A,01,0,0,1,0,0,0,0,0,1,"- ","- ",,,"SAN FRANCISCO","SAN FRANCISCO",-122.40076042,37.791416099999999
6547545,2014,2014-07-21,3801,2014-01-30,0758,4288,PARK,4,5,7,3801,0,0,0,,0,3F12A,"LAGUNA HONDA BL","HERNANDEZ AV",0.00,,Y,A,-,N,,,,,,,,,,Y,4,0,1,2,A,-,09,21802,A,N,D,C,A,B,H,-,A,A,0,,,,,Y,,-,,0,0,1,0,0,0,0,0,0,"- ","- ",,,"SAN FRANCISCO","SAN FRANCISCO",-122.45684993,37.744809889999999
6547580,2014,2014-07-23,3801,2014-01-08,1830,0845,RICHM,3,5,7,3801,0,0,0,,0,4K3F,"GEARY BL","4TH AV",0.00,,Y,A,-,N,,,,,,,,,,N,4,0,1,2,A,-,10,21950,A,N,G,B,B,A,H,-,C,A,0,Y,,,,Y,,A,01,0,0,1,0,1,0,0,0,0,"- ","- ",,,"SAN FRANCISCO","SAN FRANCISCO",-122.4621499,37.781189980000001
6547581,2014,2015-10-13,3801,2014-01-29,1702,001763,MISSI,3,5,7,3801,0,0,0,,0,3D14D,"FOLSOM ST","22ND ST",0.00,,Y,A,-,N,,,,,,,,,,N,3,0,1,2,A,-,11,21453,D,N,G,B,B,A,H,-,A,A,0,Y,,,,Y,,N,60,0,1,0,0,1,0,0,0,0,"- ","- ",,,"SAN FRANCISCO","SAN FRANCISCO",-122.41438997,37.755719900000003
6547588,2014,2014-07-22,3801,2014-01-07,1007,529,INGLE,2,5,7,3801,0,0,0,,0,3H11C,"MISSION ST","EUGENIA ST",0.00,,Y,A,B,N,,,,,,,,,,N,3,0,1,2,A,-,09,21801,A,N,H,G,A,A,H,-,A,A,0,,Y,,,Y,,A,01,0,1,0,0,0,0,1,0,0,"- ","- ",,,"SAN FRANCISCO","SAN FRANCISCO",-122.42207993,37.742219919999997
6547590,2014,2014-07-21,3801,2014-01-30,2059,1485,3F,4,5,7,3801,0,0,0,,0,14D,"ANZAVISTA AV","FORTUNA AV",30.00,W,N,A,-,N,,,,,,,,,,Y,3,0,1,3,A,-,03,22350,,N,F,E,A,A,H,-,C,D,0,,,,,Y,,A,01,0,1,0,0,0,0,0,0,0,"- ","- ",,,"SAN FRANCISCO","SAN FRANCISCO",-122.44269237,37.779696199999997
6547598,2014,2014-07-21,3801,2014-01-30,1635,202,PARK,4,5,7,3801,0,0,0,,0,3F14D,"HAIGHT ST","SCOTT ST",180.00,E,N,A,-,N,,,,,,,,,,N,3,0,2,2,A,-,01,21200,5,N,G,B,F,A,H,-,A,D,0,Y,Y,,,Y,Y,L,04,0,1,1,0,1,0,1,0,0,"- ","- ",,,"SAN FRANCISCO","SAN FRANCISCO",-122.43477482,37.771557829999999
6549602,2014,2016-05-28,9335,2014-07-08,1010,019799,,2,1,7,3801,0,1,2,,2,015,"RT 101","RT 80 REVERSE GORE POINT",350.00,N,N,A,-,Y,SF,4,80,-,L,4.050,H,-,E,Y,4,0,1,1,A,-,08,22107,,N,E,I,A,A,H,-,A,D,1,,,,,Y,,A,01,0,0,1,0,0,0,0,0,0,"- ","- ",,,"SAN FRANCISCO","SAN FRANCISCO",-122.4056515,37.769251300000001
6549606,2014,2016-05-28,9335,2014-07-09,1450,013740,,3,2,7,3801,0,1,1,,2,080,"RT 80","5TH ST",400.00,E,N,A,-,Y,ALA,4,80,-,-,5.120,H,-,W,N,4,0,1,4,A,-,03,22350,,N,C,C,A,A,H,-,A,D,1,,,,,Y,,A,01,0,0,1,0,0,0,0,0,0,"- ","- ",,,"SAN FRANCISCO","SAN FRANCISCO",-122.30108430999999,37.856823380000002
6550874,2014,2016-05-28,9335,2014-07-05,1635,020198,,6,2,7,3801,0,1,2,,2,014,"RT 101","18TH ST",200.00,S,N,B,-,Y,SF,4,101,-,-,3.920,H,-,N,N,4,0,2,4,A,-,03,22350,,M,C,C,A,A,H,-,A,D,1,,,,,Y,,-,99,0,0,2,0,0,0,0,0,0,"- ","- ",37.761620000000001,-122.40591999999999,"SAN FRANCISCO","SAN FRANCISCO",-122.40594504000001,37.7616181
6553200,2014,2016-05-13,9335,2014-07-03,1751,020403,,4,2,7,3801,0,1,1,,2,024,"RT 280","BACON ST",580.00,S,N,A,-,Y,SF,4,101,-,-,1.425,R,2,S,N,4,0,1,2,A,-,03,22350,,N,C,C,A,A,H,-,A,D,1,,,,,Y,,A,01,0,0,1,0,0,0,0,0,0,"- ","- ",37.739319999999999,-122.40347,"SAN FRANCISCO","SAN FRANCISCO",-122.40306278,37.727992380000003
6555269,2014,2014-08-25,3801,2014-02-05,1120,4265,RICHM,3,5,7,3801,0,0,0,,0,3G13C,"FULTON ST","11TH AV",127.00,E,N,A,-,N,,,,,,,,,,Y,4,0,1,2,A,-,08,22103,,N,D,C,A,A,H,-,A,D,0,,,Y,,Y,,A,01,0,0,1,0,0,0,0,0,1,"- ","- ",,,"SAN FRANCISCO","SAN FRANCISCO",-122.46867095,37.773266409999998
6556973,2014,2014-07-22,3801,2014-03-03,2215,000900,NORTH,1,5,7,3801,0,0,0,,0,3E61,"POLK ST","SUTTER ST",0.00,,Y,C,-,N,,,,,,,,,,N,3,0,1,2,A,-,10,21950,A,F,G,B,B,B,H,-,C,A,0,Y,,,,Y,,A,01,0,1,0,0,1,0,0,0,0,"- ","- ",,,"SAN FRANCISCO","SAN FRANCISCO",-122.42009991,37.78775993
6556974,2014,2014-07-22,3801,2014-03-02,0312,001605,BAYVI,7,5,7,3801,0,0,0,,0,3C14E,"PALOU AV","QUINT ST",75.00,E,N,A,-,N,,,,,,,,,,Y,4,0,1,3,A,-,05,21651,C,F,D,C,A,A,H,-,C,A,0,,,,,Y,,A,01,0,0,1,0,0,0,0,0,0,"- ","- ",,,"SAN FRANCISCO","SAN FRANCISCO",-122.39630726,37.737081439999997
6556979,2014,2014-07-22,3801,2014-03-15,1405,004335,BAYVI,6,5,7,3801,0,0,0,,0,3C12C,"OAKDALE AV","TOLAND ST",141.00,E,N,A,-,N,,,,,,,,,,Y,2,0,1,2,A,-,07,21658,A,N,A,E,A,A,H,-,A,D,0,,,,,Y,,A,01,1,0,0,0,0,0,0,0,0,"- ","- ",,,"SAN FRANCISCO","SAN FRANCISCO",-122.40114466999999,37.740734570000001
6556991,2014,2014-07-22,3801,2014-03-11,2250,1006,MISSI,2,5,7,3801,0,0,0,,0,,"16TH ST","GUERRERO ST",310.00,E,N,A,-,N,,,,,,,,,,N,3,0,1,2,A,-,11,21954,A,N,H,J,D,A,H,-,C,D,0,Y,,Y,,Y,Y,N,60,0,1,0,0,0,0,0,0,1,"- ","- ",,,"SAN FRANCISCO","SAN FRANCISCO",-122.42303019000001,37.764842790000003
6556996,2014,2014-07-22,3801,2014-03-10,2040,2310,SOUTH,1,5,7,3801,0,0,0,,0,3B96E,"MARKET ST","CYRIL MAGNIN",0.00,,Y,A,-,N,,,,,,,,,,N,3,0,1,2,A,-,12,21453,A,N,D,G,A,A,H,-,C,A,0,,Y,,,Y,,L,04,0,1,0,0,0,0,1,0,0,"- ","- ",,,"SAN FRANCISCO","SAN FRANCISCO",-122.40805989,37.783999919999999
6557009,2014,2014-07-21,3801,2014-03-26,1727,4259,MISSI,3,5,7,3801,0,0,0,,0,908,"18TH ST","OAKWOOD ST",70.00,E,N,A,-,N,,,,,,,,,,N,4,0,2,2,A,-,11,21954,A,N,G,B,D,A,H,-,A,D,0,Y,Y,,,Y,,N,60,0,0,2,0,1,0,1,0,0,"- ","- ",,,"SAN FRANCISCO","SAN FRANCISCO",-122.42476883,37.761507940000001
6557027,2014,2014-07-26,3801,2014-03-22,0807,2345,TARAV,6,5,7,3801,0,0,0,,0,313A,"NORIEGA ST","32ND AV",0.00,,Y,A,-,N,,,,,,,,,,N,4,0,2,3,A,-,10,21950,A,N,G,B,B,A,H,-,A,A,0,Y,,,,Y,,A,01,0,0,2,0,2,0,0,0,0,"- ","- ",,,"SAN FRANCISCO","SAN FRANCISCO",-122.49039987,37.753629979999999
6557035,2014,2014-07-21,3801,2014-03-24,0852,73,MISSI,1,5,7,3801,0,0,0,,0,4B6D,"CHURCH ST","CUMBERLAND ST",0.00,,Y,A,-,N,,,,,,,,,,Y,4,0,1,2,A,-,09,21801,A,N,D,C,A,A,H,-,A,D,0,,,,,Y,,A,01,0,0,1,0,0,0,0,0,0,"- ","- ",,,"SAN FRANCISCO","SAN FRANCISCO",-122.42815992,37.758899980000002
6557036,2014,2014-07-21,3801,2014-03-24,1118,1241,SOUTH,1,5,7,3801,0,0,0,,0,3B3A,"9TH ST","CLEMENTINA ST",17.00,S,N,A,-,N,,,,,,,,,,N,4,0,1,2,A,-,03,22350,,N,C,C,A,A,H,-,A,D,0,,,,,Y,,A,01,0,0,1,0,0,0,0,0,0,"- ","- ",,,"SAN FRANCISCO","SAN FRANCISCO",-122.4121176,37.774157619999997