CASE_ID,ACCIDENT_YEAR,PROC_DATE,JURIS,COLLISION_DATE,COLLISION_TIME,OFFICER_ID,REPORTING_DISTRICT,DAY_OF_WEEK,CHP_SHIFT,POPULATION,CNTY_CITY_LOC,SPECIAL_COND,BEAT_TYPE,CHP_BEAT_TYPE,CITY_DIVISION_LAPD,CHP_BEAT_CLASS,BEAT_NUMBER,PRIMARY_RD,SECONDARY_RD,DISTANCE,DIRECTION,INTERSECTION,WEATHER_1,WEATHER_2,STATE_HWY_IND,CALTRANS_COUNTY,CALTRANS_DISTRICT,STATE_ROUTE,ROUTE_SUFFIX,POSTMILE_PREFIX,POSTMILE,LOCATION_TYPE,RAMP_INTERSECTION,SIDE_OF_HWY,TOW_AWAY,COLLISION_SEVERITY,NUMBER_KILLED,NUMBER_INJURED,PARTY_COUNT,PRIMARY_COLL_FACTOR,PCF_CODE_OF_VIOL,PCF_VIOL_CATEGORY,PCF_VIOLATION,PCF_VIOL_SUBSECTION,HIT_AND_RUN,TYPE_OF_COLLISION,MVIW,PED_ACTION,ROAD_SURFACE,ROAD_COND_1,ROAD_COND_2,LIGHTING,CONTROL_DEVICE,CHP_ROAD_TYPE,PEDESTRIAN_ACCIDENT,BICYCLE_ACCIDENT,MOTORCYCLE_ACCIDENT,TRUCK_ACCIDENT,NOT_PRIVATE_PROPERTY,ALCOHOL_INVOLVED,STWD_VEHTYPE_AT_FAULT,CHP_VEHTYPE_AT_FAULT,COUNT_SEVERE_INJ,COUNT_VISIBLE_INJ,COUNT_COMPLAINT_PAIN,COUNT_PED_KILLED,COUNT_PED_INJURED,COUNT_BICYCLIST_KILLED,COUNT_BICYCLIST_INJURED,COUNT_MC_KILLED,COUNT_MC_INJURED,PRIMARY_RAMP,SECONDARY_RAMP,LATITUDE,LONGITUDE,COUNTY,CITY,POINT_X,POINT_Y
6557039,2014,2014-07-21,3801,2014-03-28,0941,4036,,5,5,7,3801,0,0,0,,0,,"43RD AV","SANTIAGO ST",109.00,N,N,A,-,N,,,,,,,,,,N,3,0,1,2,A,-,21,22106,,N,G,B,F,A,H,-,A,D,0,Y,,,,Y,,A,01,0,1,0,0,1,0,0,0,0,"- ","- ",,,"SAN FRANCISCO","SAN FRANCISCO",-122.50158397,37.74407884
6557042,2014,2014-07-21,3801,2014-03-03,0908,1265,SOUTH,1,5,7,3801,0,0,0,,0,03B,"MISSION ST","BEALE ST",0.00,,Y,A,-,N,,,,,,,,,,N,3,0,1,2,A,-,09,21801,A,N,H,G,A,A,H,-,A,A,0,,Y,,,Y,,A,01,0,1,0,0,0,0,1,0,0,"- ","- ",,,"SAN FRANCISCO","SAN FRANCISCO",-122.39583991000001,37.791159960000002
6557056,2014,2014-07-21,3801,2014-03-18,0656,1900,TARAV,2,5,7,3801,0,0,0,,0,3I12A,"GREAT HWY","ULLOA ST",40.00,S,N,A,-,N,,,,,,,,,,N,3,0,1,2,D,-,00,,,N,C,G,A,-,G,-,A,D,0,,Y,,,Y,,-,"- ",0,1,0,0,0,0,1,0,0,"- ","- ",,,"SAN FRANCISCO","SAN FRANCISCO",-122.50669517999999,37.739720740000003
6557066,2014,2014-07-21,3801,2014-03-18,1850,184,NORTH,2,5,7,3801,0,0,0,,0,3E15D,"BAY ST","OCTAVIA ST",132.00,E,N,A,-,N,,,,,,,,,,N,4,0,2,3,A,-,07,21658,A,N,B,C,A,A,H,-,B,D,0,,,Y,,Y,,C,02,0,0,2,0,0,0,0,0,2,"- ","- ",,,"SAN FRANCISCO","SAN FRANCISCO",-122.42958005,37.803591670000003
6557069,2014,2014-07-21,3801,2014-03-18,1722,001994,SOUTH,2,5,7,3801,0,0,0,,0,,"MISSION ST","ANNIE ALLEY",5.00,W,N,A,-,N,,,,,,,,,,Y,4,0,1,2,A,-,08,22102,,N,C,C,A,A,H,-,A,A,0,,,Y,,Y,,A,01,0,0,1,0,0,0,0,0,1,"- ","- ",,,"SAN FRANCISCO","SAN FRANCISCO",-122.40124258,37.786840570000003
6557070,2014,2014-07-30,3801,2014-03-18,1510,4246,B,2,5,7,3801,0,0,0,,0,001,"HARRISON ST","FREMONT ST",0.00,,Y,A,-,N,,,,,,,,,,Y,4,0,1,2,A,-,09,21801,A,N,D,C,A,A,C,-,A,A,0,,,Y,,Y,,A,01,0,0,1,0,0,0,0,0,1,"- ","- ",,,"SAN FRANCISCO","SAN FRANCISCO",-122.39205998,37.786789990000003
6557100,2014,2014-07-21,3801,2014-03-06,1940,001848,TARAV,4,5,7,3801,0,0,0,,0,3I15D,"SLOAT BL","19TH AV",0.00,,Y,A,-,N,,,,,,,,,,Y,4,0,1,2,A,-,08,22101,D,N,D,C,A,A,H,-,C,A,0,,,,,Y,,A,01,0,0,1,0,0,0,0,0,0,"- ","- ",,,"SAN FRANCISCO","SAN FRANCISCO",-122.4751299,37.734719910000003
6557106,2014,2014-07-30,3801,2014-03-06,1419,1420,TARAV,4,5,7,3801,0,0,0,,0,4K3A,"LAKE MERCED BL","FONT BL",643.00,S,N,A,-,N,,,,,,,,,,Y,4,0,2,8,A,-,03,22350,,N,F,E,A,A,H,-,A,D,0,,,,,Y,,A,01,0,0,2,0,0,0,0,0,0,"- ","- ",,,"SAN FRANCISCO","SAN FRANCISCO",-122.48513441,37.722404509999997
6557108,2014,2014-07-21,3801,2014-03-05,2038,000868,,3,5,7,3801,0,0,0,,0,4K8G,"POST ST","BAKER AV",0.00,,Y,B,-,N,,,,,,,,,,N,3,0,1,2,A,-,17,21451,A,N,D,G,A,A,H,-,C,A,0,,Y,,,Y,,L,04,0,1,0,0,0,0,1,0,0,"- ","- ",,,"SAN FRANCISCO","SAN FRANCISCO",-122.44299995999999,37.783889950000003
6557111,2014,2014-07-21,3801,2014-03-04,1141,1882,RICHM,2,5,7,3801,0,0,0,,0,3G60,"JOHN F KENNEDY DR","TRANSVERSE DR",1584.00,W,N,A,-,N,,,,,,,,,,N,3,0,1,2,A,-,08,22107,,N,D,G,A,A,H,-,A,D,0,,Y,,,Y,,A,01,0,1,0,0,0,0,1,0,0,"- ","- ",,,"SAN FRANCISCO","SAN FRANCISCO",-122.48521058999999,37.770086579999997
6561403,2014,2014-09-25,3801,2014-03-24,2000,000454,TARAV,1,5,7,3801,0,0,0,,0,3111D,"19TH AV","TARAVAL ST",0.00,,Y,A,-,N,,,,,,,,,,Y,4,0,1,6,A,-,03,22350,,F,C,C,A,A,H,-,C,-,0,,,,,Y,,D,22,0,0,1,0,0,0,0,0,0,"- ","- ",,,"SAN FRANCISCO","SAN FRANCISCO",-122.47565998,37.74302995
6561404,2014,2014-08-19,3801,2014-04-06,2306,1598,MISSI,7,5,7,3801,0,0,0,,0,,"MARKET ST","CHURCH ST",16.00,S,N,A,-,N,,,,,,,,,,N,4,0,1,2,A,-,11,21453,D,N,G,B,B,A,H,-,C,A,0,Y,,,,Y,Y,N,60,0,0,1,0,1,0,0,0,0,"- ","- ",,,"SAN FRANCISCO","SAN FRANCISCO",-122.42897850999999,37.76757842
6565844,2014,2015-03-05,3801,2014-04-11,1940,A21169,SOUTH,5,5,7,3801,0,0,0,,0,COB,"MISSION ST","3RD ST",20.00,E,N,A,-,N,,,,,,,,,,Y,4,0,1,2,A,-,09,21801,A,N,A,C,A,A,H,-,C,A,0,,,,,Y,,A,01,0,0,1,0,0,0,0,0,0,"- ","- ",,,"SAN FRANCISCO","SAN FRANCISCO",-122.40194988,37.786307899999997
6565848,2014,2015-03-19,3801,2014-04-10,1940,4178,TARAV,4,5,7,3801,0,0,0,,0,4K7I,"MIRAMAR AV","GRAFTON AV",0.00,,Y,-,-,N,,,,,,,,,,Y,4,0,1,2,A,-,12,22450,A,N,-,C,A,-,-,-,B,-,0,,,,,Y,,A,08,0,0,1,0,0,0,0,0,0,"- ","- ",,,"SAN FRANCISCO","SAN FRANCISCO",-122.45817987,37.720019899999997
6565853,2014,2015-03-05,3801,2014-04-18,1745,739,CENTR,5,5,7,3801,0,0,0,,0,3A61,"CALIFORNIA ST","HYDE ST",0.00,,Y,A,-,N,,,,,,,,,,N,4,0,1,2,A,-,07,21658,A,N,C,G,A,A,H,-,A,A,0,,Y,,,Y,,L,04,0,0,1,0,0,0,1,0,0,"- ","- ",,,"SAN FRANCISCO","SAN FRANCISCO",-122.41739993,37.790989969999998
6565863,2014,2015-03-09,3801,2014-04-11,2025,761,RICHM,5,5,7,3801,0,0,0,,0,03G,"ARGUELLO BL","TURK ST",0.00,,Y,A,-,N,,,,,,,,,,N,3,0,1,2,A,-,09,21801,A,N,D,G,A,A,H,-,C,A,0,,Y,,,Y,,A,01,0,1,0,0,0,0,1,0,0,"- ","- ",,,"SAN FRANCISCO","SAN FRANCISCO",-122.45858998,37.777249949999998
6565925,2014,2014-07-24,3801,2014-04-20,2145,1110,RICHM,7,5,7,3801,0,0,0,,0,3G3E,"FELL ST","STANYAN ST",0.00,,Y,A,-,N,,,,,,,,,,N,4,0,2,3,A,-,10,21950,A,F,G,B,B,A,H,-,C,A,0,Y,,,,Y,,A,01,0,0,2,0,2,0,0,0,0,"- ","- ",,,"SAN FRANCISCO","SAN FRANCISCO",-122.45406996,37.771969919999997
6565929,2014,2014-07-24,3801,2014-04-04,0605,1714,CENTR,5,5,7,3801,0,0,0,,0,"4 CAR","STOCKTON ST","SACRAMENTO ST",0.00,,Y,C,-,N,,,,,,,,,,Y,3,0,1,2,A,-,10,21950,A,N,G,B,B,B,H,-,C,A,0,Y,,,,Y,,A,01,0,1,0,0,1,0,0,0,0,"- ","- ",,,"SAN FRANCISCO","SAN FRANCISCO",-122.40769994999999,37.793189990000002
6565933,2014,2016-04-14,3801,2014-04-02,1345,1590,NORTH,3,5,7,3801,0,0,0,,0,3E5,"LOMBARD ST","WEBSTER ST",117.00,W,N,A,-,Y,SF,4,101,-,-,7.270,H,-,S,Y,4,0,1,4,A,-,03,22350,,N,C,E,A,A,H,-,A,A,0,,,,,Y,,A,01,0,0,1,0,0,0,0,0,0,"- ","- ",,,"SAN FRANCISCO","SAN FRANCISCO",-122.43473619,37.799994939999998
6565935,2014,2014-07-24,3801,2014-04-12,1819,4267,RICHM,6,5,7,3801,0,0,0,,0,901,"PARK PRESIDIO DR","FULTON ST",0.00,,Y,A,-,N,,,,,,,,,,Y,3,0,1,1,A,-,03,22350,,N,H,A,A,A,B,-,A,D,0,,,Y,,Y,,C,02,0,1,0,0,0,0,0,0,1,"- ","- ",,,"SAN FRANCISCO","SAN FRANCISCO",-122.47177991,37.773129959999999
6565941,2014,2014-07-24,3801,2014-04-01,2130,1593,SOUTH,2,5,7,3801,0,0,0,,0,"CO B","MISSION ST","6TH ST",205.00,W,N,C,-,N,,,,,,,,,,N,4,0,1,2,A,-,11,21954,A,N,G,B,D,B,H,-,C,D,0,Y,,Y,,Y,,N,60,0,0,1,0,1,0,0,0,0,"- ","- ",,,"SAN FRANCISCO","SAN FRANCISCO",-122.40918974,37.780580209999997
6565952,2014,2014-07-24,3801,2014-04-25,1015,1196,INGLE,5,5,7,3801,0,0,0,,0,3H5A,"SAN JOSE AV","OCEAN AV",375.00,N,N,A,C,N,,,,,,,,,,N,3,0,1,2,A,-,03,22350,,N,C,E,A,B,H,-,A,D,0,,,Y,,Y,,C,02,0,1,0,0,0,0,0,0,1,"- ","- ",,,"SAN FRANCISCO","SAN FRANCISCO",-122.44408928,37.723786490000002
6565956,2014,2014-07-24,3801,2014-04-26,0730,2179,CENTR,6,5,7,3801,0,0,0,,0,3A60,"CLAY ST","LEAVENWORTH ST",0.00,,Y,A,-,N,,,,,,,,,,N,4,0,1,2,A,-,10,21950,A,N,G,B,B,A,H,-,A,A,0,Y,,,,Y,,A,01,0,0,1,0,1,0,0,0,0,"- ","- ",,,"SAN FRANCISCO","SAN FRANCISCO",-122.41610991,37.793009900000001
6565965,2014,2014-07-24,3801,2014-04-05,0453,2038,F,6,5,7,3801,0,0,0,,0,3F3E,"7TH AV","LAGUNA HONDA BL",60.00,N,N,A,-,N,,,,,,,,,,Y,3,0,1,1,A,-,03,22350,,N,A,I,A,A,H,-,C,D,0,,,,,Y,,A,01,0,1,0,0,0,0,0,0,0,"- ","- ",,,"SAN FRANCISCO","SAN FRANCISCO",-122.46358744,37.755032790000001
6565969,2014,2014-07-24,3801,2014-04-03,0810,4160,3B,4,5,7,3801,0,0,0,,0,,"BRANNAN ST","COLIN P KELLY ST",128.00,E,N,A,-,N,,,,,,,,,,N,4,0,1,2,A,-,05,21650,,N,D,G,A,A,H,-,A,D,0,,Y,,,Y,,L,04,0,0,1,0,0,0,1,0,0,"- ","- ",,,"SAN FRANCISCO","SAN FRANCISCO",-122.39095688,37.782711280000001
6565993,2014,2014-07-24,3801,2014-04-04,1408,4178,TARAV,5,5,7,3801,0,0,0,,0,4K71,"QUINTARA ST","17TH AV",21.00,E,N,A,-,N,,,,,,,,,,Y,4,0,1,4,A,-,03,22350,,N,A,E,A,A,H,-,A,A,0,,,,,Y,,A,07,0,0,1,0,0,0,0,0,0,"- ","- ",,,"SAN FRANCISCO","SAN FRANCISCO",-122.47387747000001,37.748743359999999
6565994,2014,2014-07-25,3801,2014-04-06,1436,1766,,7,5,7,3801,0,0,0,,0,4K4D,"MARKET ST","SPEAR ST",90.00,W,N,A,-,N,,,,,,,,,,,4,0,1,1,D,-,00,,,N,E,-,A,A,H,-,A,A,0,,Y,,,Y,,-,"- ",0,0,1,0,0,0,1,0,0,"- ","- ",,,"SAN FRANCISCO","SAN FRANCISCO",-122.39594853,37.793573770000002
6565995,2014,2014-07-25,3801,2014-04-08,0800,1430,PARK,2,5,7,3801,0,0,0,,0,4K6F,"OAK AV","SCOTT ST",0.00,,Y,A,-,N,,,,,,,,,,N,3,0,1,2,A,-,12,21453,A,N,D,G,A,A,H,-,A,A,0,,Y,,,Y,,L,04,0,1,0,0,0,0,1,0,0,"- ","- ",,,"SAN FRANCISCO","SAN FRANCISCO",-122.43576998,37.773329959999998
6566257,2014,2016-05-28,9335,2014-07-14,0525,020311,,1,3,7,3801,0,1,2,,2,015,"RT 101","BRYANT ST",80.00,N,N,A,-,Y,SF,4,101,-,R,4.740,H,-,N,Y,3,0,1,3,A,-,07,21658,A,N,B,C,A,A,H,-,A,D,1,,,,Y,Y,,D,22,0,1,0,0,0,0,0,0,0,"- ","- ",37.76952,-122.41123,"SAN FRANCISCO","SAN FRANCISCO",-122.41129890000001,37.769513869999997
6567656,2014,2014-08-20,3801,2014-04-25,1502,1462,BAYVI,5,5,7,3801,0,0,0,,0,3C11D,"EVANS AV","MARIN ST",0.00,,Y,A,-,N,,,,,,,,,,N,4,0,1,2,A,-,03,22350,,N,C,C,A,A,H,-,A,A,0,,,,,Y,,I,11,0,0,1,0,0,0,0,0,0,"- ","- ",,,"SAN FRANCISCO","SAN FRANCISCO",-122.39663998,37.748339940000001
6567658,2014,2014-08-08,3801,2014-04-19,1018,001114,BAYVI,6,5,7,3801,0,0,0,,0,3C71,"EVANS AV","MENDELL ST",0.00,,Y,A,-,N,,,,,,,,,,Y,2,0,2,2,A,-,03,22350,,F,D,C,A,A,H,-,A,A,0,,,,,Y,,A,01,1,1,0,0,0,0,0,0,0,"- ","- ",,,"SAN FRANCISCO","SAN FRANCISCO",-122.38475995,37.740849910000001
6567660,2014,2014-08-19,3801,2014-04-12,1550,1438,TENDE,6,5,7,3801,0,0,0,,0,002,"HYDE ST","GROVE ST",0.00,,Y,A,-,N,,,,,,,,,,N,4,0,1,3,A,-,21,22106,,N,C,C,A,A,H,-,A,A,0,,,,,Y,,D,22,0,0,1,0,0,0,0,0,0,"- ","- ",,,"SAN FRANCISCO","SAN FRANCISCO",-122.4149,37.778859990000001
6567673,2014,2014-08-15,3801,2014-04-29,0815,1053,TARAV,2,5,7,3801,0,0,0,,0,3I16A,"HOWTH ST","MOUNT VERNON AV",0.00,,Y,A,-,N,,,,,,,,,,Y,3,0,2,2,A,-,06,21750,,N,D,C,A,A,H,-,A,A,0,,,,,Y,,A,01,0,1,1,0,0,0,0,0,0,"- ","- ",,,"SAN FRANCISCO","SAN FRANCISCO",-122.45162997,37.719669969999998
6567676,2014,2014-08-07,3801,2014-04-05,1258,1661,MISSI,6,5,7,3801,0,0,0,,0,3D11A,"CHURCH ST","16TH ST",200.00,S,N,A,-,N,,,,,,,,,,N,4,0,1,2,A,-,21,22106,,N,C,C,A,A,H,-,A,A,0,,,,,Y,,D,22,0,0,1,0,0,0,0,0,0,"- ","- ",,,"SAN FRANCISCO","SAN FRANCISCO",-122.42860285,37.763951849999998
6568914,2014,2016-05-28,9335,2014-07-17,1938,19542,,4,2,7,3801,0,1,1,,2,080,"RT 80","2ND ST",200.00,W,N,B,-,Y,SF,4,80,-,-,5.240,H,-,E,N,4,0,1,2,A,-,03,22350,,N,C,C,A,A,H,-,A,D,1,,,,,Y,,A,01,0,0,1,0,0,0,0,0,0,"- ","- ",37.78302,-122.39528,"SAN FRANCISCO","SAN FRANCISCO",-122.39435852,37.783723119999998
6572523,2014,2016-05-28,9335,2014-07-18,1800,19510,,5,2,7,3801,0,1,2,,2,014,"RT 101",23RD,50.00,N,N,A,-,Y,SF,4,101,-,-,3.380,H,-,N,Y,4,0,1,2,A,-,07,21658,A,N,B,C,A,A,H,-,A,D,1,,,Y,,Y,,A,01,0,0,1,0,0,0,0,0,1,"- ","- ",37.45176,-122.24106,"SAN FRANCISCO","SAN FRANCISCO",-122.40295173,37.754729279999999
6572558,2014,2016-05-28,9335,2014-07-24,1800,020068,,4,2,7,3801,0,1,2,,2,014,"RT 101","18TH ST",800.00,S,N,A,-,Y,SF,4,101,-,-,3.810,H,-,N,N,4,0,1,2,A,-,04,21703,,N,C,C,A,A,H,-,A,D,1,,,,,Y,,A,01,0,0,1,0,0,0,0,0,0,"- ","- ",,,"SAN FRANCISCO","SAN FRANCISCO",-122.40625319999999,37.760089600000001
6592294,2014,2016-05-13,9335,2014-07-26,1015,019510,,6,1,7,3801,0,1,1,,2,023,"RT 101","SAN BRUNO AV",1500.00,S,N,B,-,Y,SF,4,280,-,R,3.830,H,-,N,N,3,0,1,1,A,-,08,22107,,N,F,A,A,A,H,-,A,D,1,,,Y,,Y,,C,02,0,1,0,0,0,0,0,0,1,"- ","- ",37.435960000000001,-122.24426,"SAN FRANCISCO","SAN FRANCISCO",-122.41523106,37.732031120000002
6592712,2014,2016-05-13,9335,2014-08-06,0635,019521,,3,1,7,3801,0,1,1,,2,022,"RT 280","MISSION ST",250.00,N,N,B,-,Y,SF,4,280,-,R,3.160,H,-,N,N,3,0,4,1,A,-,08,22107,,N,E,I,A,A,H,-,A,D,1,,,,,Y,,A,01,0,3,1,0,0,0,0,0,0,"- ","- ",37.424489999999999,-122.27112,"SAN FRANCISCO","SAN FRANCISCO",-122.42736982,37.731665530000001
6595510,2014,2016-05-28,9335,2014-08-11,2143,020779,,1,2,7,3801,0,1,2,,2,015,"RT 101","DIVISION ST",36.00,N,N,A,-,Y,SF,4,80,-,L,4.080,H,-,E,Y,2,0,2,1,A,-,08,22107,,N,E,I,A,A,H,-,C,D,1,,,,,Y,,A,01,1,0,1,0,0,0,0,0,0,"- ","- ",37.769840000000002,-122.4054,"SAN FRANCISCO","SAN FRANCISCO",-122.40544214000001,37.76972378
6601397,2014,2016-05-28,9335,2014-08-27,0640,017411,,3,1,7,3801,0,1,2,,2,013,"RT 101","CESAR CHAVEZ ST",200.00,S,N,A,-,Y,SF,4,101,-,-,3.160,H,-,N,Y,4,0,2,5,A,-,03,22350,,N,C,C,A,A,H,-,A,D,1,,,,,Y,,D,22,0,0,2,0,0,0,0,0,0,"- ",SO,,,"SAN FRANCISCO","SAN FRANCISCO",-122.40295008,37.75154019
6601713,2014,2016-05-06,9335,2014-08-19,1830,020157,,2,2,7,3801,0,1,2,,2,013,"RT 101","PAUL AV",120.00,N,N,A,-,Y,SF,4,101,-,-,1.443,R,1,N,Y,4,0,1,2,A,-,07,21658,A,N,B,C,A,A,H,-,A,D,1,,,,,Y,,A,01,0,0,1,0,0,0,0,0,0,"- ","- ",37.723999999999997,-122.401,"SAN FRANCISCO","SAN FRANCISCO",-122.40283721999999,37.728330990000003
6604171,2014,2016-05-28,9335,2014-08-07,0735,020157,,4,1,7,3801,0,1,2,,2,013,"RT 101","PAUL AV",800.00,N,N,A,-,Y,SF,4,101,-,-,1.290,H,-,S,N,3,0,1,3,A,-,03,22350,,N,C,C,A,A,H,-,A,D,1,,,,,Y,,A,08,0,1,0,0,0,0,0,0,0,"- ","- ",37.726900000000001,-122.4016,"SAN FRANCISCO","SAN FRANCISCO",-122.40230158,37.726112620000002
6604214,2014,2016-05-14,9335,2014-08-18,0800,13058,,1,1,7,3801,0,1,2,,2,015,"RT 101","VAN NESS AV",75.00,N,N,B,-,Y,SF,4,101,-,R,5.103,R,1,S,N,4,0,2,2,A,-,03,22350,,N,C,C,A,A,H,-,A,D,1,,,,,Y,,A,01,0,0,2,0,0,0,0,0,0,FR,"- ",,,"SAN FRANCISCO","SAN FRANCISCO",-122.41794292,37.769782599999999
6605354,2014,2014-09-30,3801,2014-03-23,1131,1430,BAYVI,7,5,7,3801,0,0,0,,0,4K6F,"FITZGERALD AV","INGALLS ST",0.00,,Y,A,-,N,,,,,,,,,,Y,4,0,2,2,B,-,22,,,N,D,C,A,A,H,-,A,A,0,,,,,Y,,J,48,0,0,2,0,0,0,0,0,0,"- ","- ",,,"SAN FRANCISCO","SAN FRANCISCO",-122.39133991,37.720959950000001
6605358,2014,2014-09-30,3801,2014-03-29,1049,004036,CENTR,6,5,7,3801,0,0,0,,0,4B51,"PINE ST","KEARRY ST",0.00,,Y,C,-,N,,,,,,,,,,Y,4,0,1,2,A,-,09,21806,A,N,D,C,A,B,H,-,A,A,0,,,,,Y,,A,01,0,0,1,0,0,0,0,0,0,"- ","- ",,,"SAN FRANCISCO","SAN FRANCISCO",-122.4042099,37.791689890000001
6609869,2014,2016-05-28,9335,2014-08-20,0034,019666,,3,3,7,3801,0,1,1,,2,080,"RT 80","HARRISON ST",150.00,E,N,A,-,Y,SF,4,80,-,-,5.044,R,2,W,Y,3,0,1,1,A,-,03,22350,,N,E,I,A,A,H,-,D,D,1,,,,,Y,,A,01,0,1,0,0,0,0,0,0,0,"- ","- ",37.779000000000003,-122.40069,"SAN FRANCISCO","SAN FRANCISCO",-122.39682489,37.782100389999997
6623957,2014,2016-05-28,9335,2014-09-10,1520,017411,,3,2,7,3801,0,1,2,,2,013,"RT 101","CESAR CHAVEZ ST",100.00,N,N,A,-,Y,SF,4,101,-,-,2.760,H,-,N,Y,4,0,1,3,A,-,03,22350,,N,C,C,A,A,H,-,A,D,1,,,,,Y,,A,07,0,0,1,0,0,0,0,0,0,"- ","- ",,,"SAN FRANCISCO","SAN FRANCISCO",-122.4047353,37.745882760000001
6628483,2014,2016-05-13,9335,2014-09-15,0730,018053,,1,1,7,3801,0,1,1,,2,023,"RT 280","MISSION ST",450.00,N,N,A,-,Y,SF,4,280,-,R,3.200,H,-,S,Y,4,0,1,2,A,-,08,22107,,N,D,C,A,A,H,-,A,D,1,,,,,Y,,A,01,0,0,1,0,0,0,0,0,0,"- ","- ",,,"SAN FRANCISCO","SAN FRANCISCO",-122.42654185000001,37.731696759999998
6640517,2014,2016-05-13,9335,2014-09-20,1015,020212,,6,1,7,3801,0,1,1,,2,024,"RT 280","REVERE AV",431.00,S,N,A,-,Y,SF,4,280,-,R,4.620,H,-,S,Y,4,0,2,3,A,-,07,21658,A,F,B,C,A,A,H,-,A,D,1,,,,,Y,,-,"- ",0,0,2,0,0,0,0,0,0,"- ","- ",37.736649999999997,-122.40347,"SAN FRANCISCO","SAN FRANCISCO",-122.40253258,37.737283470000001
6640626,2014,2016-05-28,9335,2014-09-28,1530,020132,,7,2,7,3801,0,1,1,,1,081,"RT 80","YERBA BUENA ISLAND TUNNEL",93.00,W,N,B,-,Y,SF,4,80,-,-,7.700,H,-,W,N,3,0,2,2,A,-,03,22350,,N,C,C,A,A,H,-,A,D,4,,,,,Y,,A,07,0,1,1,0,0,0,0,0,0,"- ","- ",37.483159999999998,-122.21590999999999,"SAN FRANCISCO","SAN FRANCISCO",-122.36713927,37.80811044
6642593,2014,2016-05-13,9335,2014-09-26,1033,019521,,5,1,7,3801,0,1,1,,2,023,"RT 280","RT 101",100.00,S,N,A,-,Y,SF,4,280,-,R,4.170,H,-,N,Y,3,0,1,1,A,-,08,22107,,N,E,I,A,A,H,-,A,D,1,,,,,Y,,A,01,0,1,0,0,0,0,0,0,0,"- ","- ",37.444479999999999,-122.24341,"SAN FRANCISCO","SAN FRANCISCO",-122.40962084,37.734157089999997
6643034,2014,2014-11-14,9335,2014-10-03,1520,013738,,5,2,7,3801,0,1,1,,1,083,"RT 80","1ST ST",300.00,E,N,A,-,Y,,,,,,,,,,N,4,0,1,2,A,-,03,22350,,N,C,C,A,A,H,-,A,D,0,,,,,Y,,A,01,0,0,1,0,0,0,0,0,0,"- ","- ",,,"SAN FRANCISCO","SAN FRANCISCO",-122.40615438,37.773792030000003
6644187,2014,2014-10-08,3801,2014-09-24,2330,,,3,5,7,3801,0,0,0,,0,,"CAPP ST","24TH ST",0.00,,Y,B,-,N,,,,,,,,,,Y,3,0,3,5,A,-,01,23152,E,F,B,D,A,A,H,-,C,A,0,,,,,Y,,A,01,0,1,2,0,0,0,0,0,0,"- ","- ",37.752310000000001,-122.41739,"SAN FRANCISCO","SAN FRANCISCO",-122.41733997,37.752309910000001
6648127,2014,2014-11-24,9335,2014-10-04,0846,020779,,6,1,7,3801,0,1,1,,1,083,"RT 80","FOREST RD",485.00,W,N,A,-,Y,,,80,,,,,,,Y,4,0,1,2,A,-,03,22350,,N,C,C,A,A,H,-,A,D,0,,,,,Y,,A,01,0,0,1,0,0,0,0,0,0,"- ","- ",37.808430000000001,-122.36705000000001,"SAN FRANCISCO","SAN FRANCISCO",-122.36692997,37.80831233
6648307,2014,2014-11-24,9335,2014-10-01,2100,13397,,3,2,7,3801,0,1,1,,2,080,"RT 80","BRYANT ST",200.00,E,N,A,-,Y,,,80,,,,,,,N,4,0,2,3,A,-,03,22350,,N,C,C,A,A,H,-,C,D,0,,,,,Y,,A,01,0,0,2,0,0,0,0,0,0,"- ","- ",37.773420000000002,-122.4066,"SAN FRANCISCO","SAN FRANCISCO",-122.40654751,37.773410089999999
6651330,2014,2016-06-18,9335,2014-10-01,0830,018053,,3,1,7,3801,0,1,1,,2,022,"RT 280","SAN JOSE AV",1400.00,S,N,A,-,Y,SF,4,280,-,R,1.190,H,-,N,N,4,0,1,3,A,-,03,22350,,M,C,C,A,A,H,-,A,D,1,,,,Y,Y,,G,25,0,0,1,0,0,0,0,0,0,"- ","- ",,,"SAN FRANCISCO","SAN FRANCISCO",-122.45039378,37.714773950000001
6659814,2014,2014-10-29,3801,2014-09-30,1847,00001,,2,5,7,3801,0,0,0,,0,,"HARRISON ST","5TH ST",0.00,,Y,A,-,N,,,,,,,,,,Y,3,0,5,2,A,-,12,21453,A,F,D,C,A,A,H,-,A,A,0,,,,,Y,,A,01,0,1,4,0,0,0,0,0,0,"- ","- ",37.77908,-122.40186,"SAN FRANCISCO","SAN FRANCISCO",-122.40186989,37.779059920000002
6660203,2014,2016-06-18,9335,2014-10-10,1518,019631,,5,2,7,3801,0,1,2,,2,013,"RT 101","BAYSHORE BL",450.00,S,N,A,-,Y,SF,4,101,-,-,1.050,H,-,N,Y,3,0,1,3,A,-,07,21658,A,N,B,C,A,A,H,-,A,D,1,,,Y,,Y,,A,07,0,1,0,0,0,0,0,0,1,"- ","- ",37.44502,-122.24155,"SAN FRANCISCO","SAN FRANCISCO",-122.40067860000001,37.722732329999999