CASE_ID,ACCIDENT_YEAR,PROC_DATE,JURIS,COLLISION_DATE,COLLISION_TIME,OFFICER_ID,REPORTING_DISTRICT,DAY_OF_WEEK,CHP_SHIFT,POPULATION,CNTY_CITY_LOC,SPECIAL_COND,BEAT_TYPE,CHP_BEAT_TYPE,CITY_DIVISION_LAPD,CHP_BEAT_CLASS,BEAT_NUMBER,PRIMARY_RD,SECONDARY_RD,DISTANCE,DIRECTION,INTERSECTION,WEATHER_1,WEATHER_2,STATE_HWY_IND,CALTRANS_COUNTY,CALTRANS_DISTRICT,STATE_ROUTE,ROUTE_SUFFIX,POSTMILE_PREFIX,POSTMILE,LOCATION_TYPE,RAMP_INTERSECTION,SIDE_OF_HWY,TOW_AWAY,COLLISION_SEVERITY,NUMBER_KILLED,NUMBER_INJURED,PARTY_COUNT,PRIMARY_COLL_FACTOR,PCF_CODE_OF_VIOL,PCF_VIOL_CATEGORY,PCF_VIOLATION,PCF_VIOL_SUBSECTION,HIT_AND_RUN,TYPE_OF_COLLISION,MVIW,PED_ACTION,ROAD_SURFACE,ROAD_COND_1,ROAD_COND_2,LIGHTING,CONTROL_DEVICE,CHP_ROAD_TYPE,PEDESTRIAN_ACCIDENT,BICYCLE_ACCIDENT,MOTORCYCLE_ACCIDENT,TRUCK_ACCIDENT,NOT_PRIVATE_PROPERTY,ALCOHOL_INVOLVED,STWD_VEHTYPE_AT_FAULT,CHP_VEHTYPE_AT_FAULT,COUNT_SEVERE_INJ,COUNT_VISIBLE_INJ,COUNT_COMPLAINT_PAIN,COUNT_PED_KILLED,COUNT_PED_INJURED,COUNT_BICYCLIST_KILLED,COUNT_BICYCLIST_INJURED,COUNT_MC_KILLED,COUNT_MC_INJURED,PRIMARY_RAMP,SECONDARY_RAMP,LATITUDE,LONGITUDE,COUNTY,CITY,POINT_X,POINT_Y
6866906,2014,2015-08-17,3801,2014-10-03,1515,1939,,5,5,7,3801,0,0,0,,0,4K3F,"GEARY BL","STEINER ST",0.00,,Y,A,-,N,,,,,,,,,,Y,3,0,4,4,A,-,01,23152,E,F,D,D,A,A,H,-,A,A,0,,,,Y,Y,,A,07,0,1,3,0,0,0,0,0,0,"- ","- ",,,"SAN FRANCISCO","SAN FRANCISCO",-122.4345799,37.784319949999997
6866932,2014,2015-08-17,3801,2014-06-30,1445,001114,,1,5,7,3801,0,0,0,,0,3C71,"CESAR CHAVEZ ST","CONNECTICUT ST",30.00,W,N,A,-,N,,,,,,,,,,Y,4,0,2,2,A,-,03,22350,,N,C,C,A,A,H,-,A,A,0,,,,,Y,,A,01,0,0,2,0,0,0,0,0,0,"- ","- ",,,"SAN FRANCISCO","SAN FRANCISCO",-122.39637353000001,37.749744079999999
6866936,2014,2015-08-17,3801,2014-06-06,2350,004262,,5,5,7,3801,0,0,0,,0,3190E,"9TH AV","BUCKINGHAM DR",244.00,S,N,A,-,N,,,,,,,,,,Y,4,0,2,4,A,-,01,23153,A,N,C,C,-,A,H,-,C,D,0,Y,,,,Y,Y,A,01,0,0,2,0,1,0,0,0,0,"- ","- ",,,"SAN FRANCISCO","SAN FRANCISCO",-122.47489572000001,37.725020200000003
6866951,2014,2015-08-17,3801,2014-05-05,1200,002135,,1,5,7,3801,0,0,0,,0,3H15C,"AMAZON ST","AMAZON ST 115",0.00,,-,A,-,N,,,,,,,,,,N,4,0,1,2,A,-,21,22106,,N,B,C,A,A,H,-,A,A,0,,,,,Y,,D,22,0,0,1,0,0,0,0,0,0,"- ","- ",,,"SAN FRANCISCO","SAN FRANCISCO",-122.43927419000001,37.716809499999997
6870381,2015,2016-09-06,9335,2015-03-28,2215,20435,,6,3,7,3801,0,1,1,,2,080,"RT 80","BRANNAN ST",83.00,E,N,A,-,Y,SF,4,80,-,-,4.160,H,-,W,N,4,0,1,3,A,-,03,22350,,N,C,C,A,A,H,-,C,D,1,,,,,Y,,A,07,0,0,1,0,0,0,0,0,0,"- ","- ",37.771120000000003,-122.40613,"SAN FRANCISCO","SAN FRANCISCO",-122.40631562,37.771416330000001
6887441,2015,2016-12-17,9335,2015-04-10,2356,020509,,5,3,7,3801,0,1,2,,2,014,"RT 101","23RD ST",65.00,S,N,A,-,Y,SF,4,101,-,-,3.360,H,-,S,Y,4,0,2,2,A,-,03,22350,,N,C,C,A,A,H,-,C,D,1,,,,,Y,,A,01,0,0,2,0,0,0,0,0,0,"- ","- ",37.451529999999998,-122.24111000000001,"SAN FRANCISCO","SAN FRANCISCO",-122.40313380000001,37.754426649999999
6887453,2015,2016-12-17,9335,2015-04-11,0715,020157,,6,1,7,3801,0,1,1,,1,083,"RT 80","YERBA BUENA ISL TUNNEL",2640.00,W,N,A,-,Y,SF,4,80,-,-,7.220,H,-,E,Y,4,0,1,2,A,-,03,22350,,N,C,C,A,A,H,-,A,D,4,,,,,Y,,A,01,0,0,1,0,0,0,0,0,0,"- ","- ",37.805999999999997,-122.369,"SAN FRANCISCO","SAN FRANCISCO",-122.37239895,37.803260649999999
6887461,2015,2016-12-17,9335,2015-04-06,1745,018379,,1,2,7,3801,0,1,1,,1,083,"RT 80","TREASURE ISLAND",500.00,E,N,A,-,Y,SF,4,80,-,R,8.050,H,-,E,Y,4,0,1,2,A,-,03,22350,,N,C,C,A,A,H,-,A,D,4,,,,,Y,,A,01,0,0,1,0,0,0,0,0,0,"- ",TO,,,"SAN FRANCISCO","SAN FRANCISCO",-122.36287437999999,37.812444110000001
6887554,2015,2016-12-17,9335,2015-04-14,1834,18829,,2,2,7,3801,0,1,2,,2,014,"RT 101","DIVISION ST",204.00,N,N,A,-,Y,SF,4,101,-,-,4.110,H,-,N,Y,4,0,1,2,A,-,06,21750,,N,B,C,A,A,H,-,A,D,1,,,Y,,Y,,C,02,0,0,1,0,0,0,0,0,1,"- ","- ",37.770310000000002,-122.40537999999999,"SAN FRANCISCO","SAN FRANCISCO",-122.40498905,37.763561449999997
6895112,2015,2016-12-17,9335,2015-04-23,1655,020068,,4,2,7,3801,0,1,1,,1,081,"RT 80",EMBARCADERO,171.00,E,N,A,-,Y,SF,4,80,-,-,5.870,H,-,W,N,4,0,2,2,A,-,03,22350,,N,C,C,A,A,H,-,A,D,4,,,,,Y,,A,01,0,0,2,0,0,0,0,0,0,"- ","- ",37.472099999999998,-122.23139999999999,"SAN FRANCISCO","SAN FRANCISCO",-122.38697596999999,37.789396070000002
6895117,2015,2016-12-17,9335,2015-04-20,1812,019202,,1,2,7,3801,0,1,1,,1,083,"RT 80","YERBA BUENA ISLAND",5280.00,W,N,B,-,Y,SF,4,80,-,-,6.720,H,-,E,N,4,0,2,2,A,-,07,21658,A,M,B,C,A,A,H,-,A,D,4,,,,,Y,,A,01,0,0,2,0,0,0,0,0,0,"- ","- ",37.798270000000002,-122.37752999999999,"SAN FRANCISCO","SAN FRANCISCO",-122.37790081999999,37.798225809999998
6895167,2015,2016-11-03,9335,2015-04-23,1505,019631,,4,2,7,3801,0,1,2,,2,015,"RT 101","HARRISON ST",21.00,S,N,A,-,Y,SF,4,101,-,R,4.830,H,-,S,Y,4,0,1,3,A,-,03,22350,,N,C,C,A,A,H,-,A,D,1,,,,,Y,,A,08,0,0,1,0,0,0,0,0,0,"- ","- ",37.46996,-122.24476,"SAN FRANCISCO","SAN FRANCISCO",-122.4132166,37.769461120000003
6897264,2015,2016-11-03,9335,2015-04-19,2320,20889,,7,3,7,3801,0,1,1,,2,022,"RT 280",SICKLES,800.00,N,N,A,-,Y,SF,4,280,-,R,0.960,H,-,N,Y,4,0,1,3,A,-,01,23152,E,N,B,C,A,A,H,-,D,D,1,,,,,Y,,A,01,0,0,1,0,0,0,0,0,0,"- ","- ",37.713270000000001,-122.45211,"SAN FRANCISCO","SAN FRANCISCO",-122.45339245,37.712234530000003
6905006,2015,2016-12-17,9335,2015-04-24,1430,13738,,5,2,7,3801,0,1,1,,1,081,"RT 80","FREMONT ST",500.00,E,N,A,-,Y,SF,4,80,-,-,5.650,H,-,W,Y,4,0,1,2,A,-,03,22350,,N,C,C,A,A,H,-,A,D,4,,,,,Y,,I,11,0,0,1,0,0,0,0,0,0,"- ","- ",,,"SAN FRANCISCO","SAN FRANCISCO",-122.38942759,37.787191960000001
6914589,2015,2016-12-17,9335,2015-05-04,0150,20461,,1,3,7,3801,0,1,1,,1,081,"RT 80","THE EMBARCADERO",3696.00,E,N,A,-,Y,SF,4,80,-,-,6.540,H,-,W,Y,4,0,1,2,A,-,03,22350,,N,C,C,A,A,H,-,C,D,4,,,,,Y,,A,01,0,0,1,0,0,0,0,0,0,"- ","- ",37.79636,-122.37961,"SAN FRANCISCO","SAN FRANCISCO",-122.37989912,37.79636781
6914912,2015,2016-12-17,9335,2015-05-01,0745,020157,,5,1,7,3801,0,1,2,,2,013,"RT 101","SILVER AV",10.00,S,N,A,-,Y,SF,4,101,-,-,1.770,H,-,N,N,4,0,2,2,A,-,03,22350,,N,C,C,A,A,H,-,A,D,1,,,,,Y,,A,01,0,0,2,0,0,0,0,0,0,"- ","- ",,,"SAN FRANCISCO","SAN FRANCISCO",-122.40512277000001,37.732660189999997
6918985,2015,2015-11-14,3801,2015-10-14,0146,000315,SOUTH,3,5,7,3801,0,0,0,,0,5CAR,"5TH ST","BRANNAN ST",0.00,,Y,A,-,N,,,,,,,,,,N,3,0,1,1,A,-,03,22350,,N,H,A,A,A,H,-,C,D,0,,Y,,,Y,,L,04,0,1,0,0,0,0,1,0,0,"- ","- ",,,"SAN FRANCISCO","SAN FRANCISCO",-122.39875995,37.776569889999998
6918987,2015,2015-11-14,3801,2015-10-01,1230,002317,SOUTH,4,5,7,3801,0,0,0,,0,3B5C,"BERRY ST","5TH ST",0.00,,Y,A,-,N,,,,,,,,,,N,4,0,1,2,-,-,"- ",,,N,C,C,A,A,H,-,A,D,0,,,,,Y,,-,"- ",0,0,1,0,0,0,0,0,0,"- ","- ",,,"SAN FRANCISCO","SAN FRANCISCO",-122.39554996,37.774029890000001
6918993,2015,2015-11-16,3801,2015-10-13,1220,001533,TARAV,2,5,7,3801,0,0,0,,0,3116B,"JOHN MUIR DR","LAKE MERCED BL",167.00,W,N,A,-,N,,,,,,,,,,N,4,0,2,2,A,-,04,21703,,N,C,C,A,A,H,-,A,D,0,,,,,Y,,A,01,0,0,2,0,0,0,0,0,0,"- ","- ",,,"SAN FRANCISCO","SAN FRANCISCO",-122.48623619,37.708344689999997
6918998,2015,2015-11-14,3801,2015-10-02,1720,004187,MISSI,5,5,7,3801,0,0,0,,0,3D11D,"19TH ST","CASTRO ST",0.00,,Y,A,-,N,,,,,,,,,,N,4,0,2,3,A,-,10,21950,A,N,G,B,B,A,H,-,A,A,0,Y,,,,Y,,A,01,0,0,2,0,2,0,0,0,0,"- ","- ",,,"SAN FRANCISCO","SAN FRANCISCO",-122.43485993,37.759289969999998
6924136,2015,2015-06-02,9335,2015-05-15,0830,20212,,5,1,7,3801,1,4,S,,2,901,"20TH AV","IRVING ST",0.00,,Y,A,-,N,,,,,,,,,,N,4,0,1,1,C,-,18,,,N,H,A,A,A,H,-,A,A,0,,,,,Y,,-,"- ",0,0,1,0,0,0,0,0,0,"- ","- ",37.764400000000002,-122.47839999999999,"SAN FRANCISCO","SAN FRANCISCO",-122.47820996999999,37.763509910000003
6928703,2015,2016-12-17,9335,2015-05-15,0650,020157,,5,1,7,3801,0,1,2,,2,015,"RT 101","SAN BRUNO",20.00,S,N,A,-,Y,SF,4,80,-,L,4.050,H,-,E,Y,4,0,1,1,A,-,08,22107,,N,E,I,A,A,H,-,A,D,1,,,,,Y,,A,01,0,0,1,0,0,0,0,0,0,"- ","- ",37.768999999999998,-122.40689999999999,"SAN FRANCISCO","SAN FRANCISCO",-122.4056515,37.769251300000001
6933112,2014,2015-07-15,9335,2014-05-20,1653,019799,,2,2,7,3801,0,1,2,,2,014,"RT 101","25TH ST",40.00,N,N,B,-,Y,,,,,,,,,,N,4,0,1,2,A,-,03,22350,,N,C,C,A,A,H,-,A,D,0,,,,,Y,,D,22,0,0,1,0,0,0,0,0,0,"- ","- ",,,"SAN FRANCISCO","SAN FRANCISCO",,
6934103,2015,2016-11-03,9335,2015-05-14,1500,020217,,4,2,7,3801,0,1,1,,2,023,"RT 280","ALEMANY BL",200.00,S,N,A,-,Y,SF,4,280,-,R,4.147,R,1,N,N,3,0,1,2,A,-,03,22350,,N,C,C,A,A,H,-,A,D,1,,,,,Y,,A,01,0,1,0,0,0,0,0,0,0,TO,"- ",,,"SAN FRANCISCO","SAN FRANCISCO",-122.41000009,37.734013670000003
6938271,2015,2015-09-19,3801,2015-08-29,1825,4335,MISSI,6,5,7,3801,0,0,0,,0,901,"MARKET ST","15TH ST",150.00,W,N,A,-,N,,,,,,,,,,Y,2,0,1,1,A,-,03,22350,,N,F,I,A,A,H,-,A,D,0,,,Y,,Y,,C,03,1,0,0,0,0,0,0,0,1,"- ","- ",,,"SAN FRANCISCO","SAN FRANCISCO",-122.43136249,37.765677830000001
6938287,2015,2015-09-19,3801,2015-08-29,1253,1846,MISSI,6,5,7,3801,0,0,0,,0,3D41C,"MARKET ST","CHURCH ST",0.00,,Y,A,-,N,,,,,,,,,,N,3,0,1,2,A,-,11,21950,B,N,B,G,A,A,H,-,A,A,0,,Y,,,Y,,L,04,0,1,0,0,0,0,1,0,0,"- ","- ",,,"SAN FRANCISCO","SAN FRANCISCO",-122.42893989,37.767609890000003
6938303,2015,2015-09-19,3801,2015-08-30,1725,2135,RICHM,7,5,7,3801,0,0,0,,0,3G13D,"15TH AV","CALIFORNIA ST",0.00,,Y,A,-,N,,,,,,,,,,N,4,0,1,3,A,-,09,21802,A,N,D,C,A,A,H,-,A,A,0,,,,,Y,,A,01,0,0,1,0,0,0,0,0,0,"- ","- ",,,"SAN FRANCISCO","SAN FRANCISCO",-122.47425989,37.784369949999999
6938307,2015,2015-09-19,3801,2015-08-31,1705,1533,TARAV,1,5,7,3801,0,0,0,,0,3I13D,"LINCOLN WY","48TH AV",60.00,W,N,A,-,N,,,,,,,,,,Y,4,0,1,3,A,-,03,22350,,N,F,E,A,A,H,-,A,D,0,,,,,Y,,A,01,0,0,1,0,0,0,0,0,0,"- ","- ",,,"SAN FRANCISCO","SAN FRANCISCO",-122.5085474,37.764072249999998
6938315,2015,2015-09-19,3801,2015-08-31,0945,1312,MISSI,1,5,7,3801,0,0,0,,0,3D16A,"16TH ST","S VAN NESS AV",0.00,,Y,A,-,N,,,,,,,,,,N,4,0,1,2,A,-,10,21950,A,N,G,B,B,A,H,-,A,A,0,Y,,,,Y,,A,01,0,0,1,0,1,0,0,0,0,"- ","- ",,,"SAN FRANCISCO","SAN FRANCISCO",-122.41748986,37.765179910000001
6944516,2015,2016-12-17,9335,2015-05-21,1322,20108,,4,1,7,3801,0,1,2,,2,014,"RT 101","23RD ST",100.00,S,N,A,-,Y,SF,4,101,-,-,3.350,H,-,N,N,4,0,3,3,A,-,03,22350,,N,C,C,A,A,H,-,A,D,1,,,,,Y,,A,01,0,0,3,0,0,0,0,0,0,"- ","- ",,,"SAN FRANCISCO","SAN FRANCISCO",-122.40291179,37.754292360000001
6946420,2015,2016-12-17,9335,2015-05-31,1700,020108,,7,2,7,3801,0,1,1,,1,081,"RT 80","CECTER ANCHORAGE",2500.00,W,N,A,-,Y,SF,4,80,-,-,6.200,H,-,W,N,3,0,2,2,A,-,03,22350,,N,C,C,A,A,H,-,A,D,4,,,,,Y,,A,08,0,1,1,0,0,0,0,0,0,"- ","- ",37.473390000000002,-122.23029,"SAN FRANCISCO","SAN FRANCISCO",-122.38347515,37.792820460000002
6960164,2015,2016-12-17,9335,2015-06-10,1850,13058,,3,2,7,3801,0,1,1,,1,083,"RT 80","TREASURE ISLAND",1320.00,W,N,A,-,Y,SF,4,80,-,-,7.430,H,-,E,N,4,0,1,2,A,-,03,22350,,N,C,C,A,A,H,-,A,D,4,,,,,Y,,A,01,0,0,1,0,0,0,0,0,0,"- ",EF,,,"SAN FRANCISCO","SAN FRANCISCO",-122.37009272,37.80537743
6960168,2015,2016-12-17,9335,2015-06-07,0256,20888,,7,3,7,3801,0,1,1,,1,083,"RT 80","STERLING ST",1400.00,E,N,A,-,Y,SF,4,80,-,-,5.760,H,-,E,Y,4,0,1,1,A,-,01,23152,A,N,E,I,A,A,H,-,C,D,4,,,,,Y,Y,A,01,0,0,1,0,0,0,0,0,0,"- ",EO,37.788420000000002,-122.38809000000001,"SAN FRANCISCO","SAN FRANCISCO",-122.38815089000001,37.788356659999998
6960268,2015,2016-11-03,9335,2015-06-03,1220,020072,,3,1,7,3801,0,1,1,,2,023,"RT 280","ALEMANY BL",200.00,N,N,A,-,Y,SF,4,280,-,R,3.910,H,-,N,Y,3,0,2,2,A,-,07,21658,A,N,B,C,A,A,H,-,A,D,1,,,,,Y,,-,"- ",0,1,1,0,0,0,0,0,0,"- ","- ",37.732959999999999,-122.41225,"SAN FRANCISCO","SAN FRANCISCO",-122.41388401,37.732462779999999
6960300,2015,2016-12-17,9335,2015-06-03,2320,13058,,3,3,7,3801,0,1,1,,2,080,"RT 80","RT 101",300.00,W,N,A,-,Y,SF,4,80,-,-,4.070,H,-,E,Y,3,0,1,2,A,-,07,21658,A,N,B,C,A,A,H,-,C,D,1,,,,,Y,,A,01,0,1,0,0,0,0,0,0,0,"- ","- ",,,"SAN FRANCISCO","SAN FRANCISCO",-122.40522621,37.769814949999997
6961250,2015,2016-12-17,9335,2015-05-29,1555,020212,,5,2,7,3801,0,1,1,,2,080,"RT 80","7TH ST",250.00,E,N,A,-,Y,SF,4,80,-,-,4.560,H,-,E,Y,3,0,1,2,A,-,07,21658,A,N,B,C,A,A,H,-,A,D,1,,,Y,,Y,,A,01,0,1,0,0,0,0,0,0,1,"- ","- ",37.706600000000002,-122.40519999999999,"SAN FRANCISCO","SAN FRANCISCO",-122.40304980000001,37.777092250000003
6961258,2015,2016-12-17,9335,2015-05-30,2240,020889,,6,3,7,3801,0,1,1,,2,080,"RT 80","4TH ST",600.00,W,N,A,-,Y,SF,4,80,-,-,4.800,H,-,W,N,4,0,1,2,A,-,07,21658,A,N,C,C,A,A,H,-,D,D,1,,,,,Y,,A,01,0,0,1,0,0,0,0,0,0,"- ","- ",37.777430000000003,-122.40300000000001,"SAN FRANCISCO","SAN FRANCISCO",-122.39969694,37.779897980000001
6962888,2015,2016-12-17,9335,2015-06-10,0928,019521,,3,1,7,3801,0,1,1,,1,083,"RT 80",EMBARCADERO,80.00,W,N,B,C,Y,SF,4,80,-,-,5.820,H,-,E,Y,4,0,1,4,A,-,03,22350,,N,C,C,A,B,H,-,A,D,4,,,,,Y,,D,22,0,0,1,0,0,0,0,0,0,"- ","- ",37.471829999999997,-122.23173,"SAN FRANCISCO","SAN FRANCISCO",-122.38748325,37.78895567
6963214,2015,2016-12-17,9335,2015-06-04,1520,19799,,4,2,7,3801,0,1,2,,2,013,"RT 101","3RD ST",200.00,N,N,A,-,Y,SF,4,101,-,-,0.740,H,-,N,Y,3,0,1,1,C,-,18,,,N,E,J,A,A,C,-,A,D,1,,,Y,,Y,,-,"- ",0,1,0,0,0,0,0,0,1,"- ","- ",,,"SAN FRANCISCO","SAN FRANCISCO",-122.39930674999999,37.718489599999998
6963226,2015,2016-11-03,9335,2015-06-10,1010,20892,,3,1,7,3801,0,1,1,,2,022,"RT 280","SAN JOSE AV O/C",900.00,S,N,B,-,Y,SF,4,280,-,R,1.310,H,-,N,Y,3,0,2,1,A,-,08,22107,,N,E,I,A,B,H,-,A,D,1,,,,,Y,,A,07,0,1,1,0,0,0,0,0,0,"- ","- ",37.717030000000001,-122.44856,"SAN FRANCISCO","SAN FRANCISCO",-122.44902308,37.71628862
6968776,2015,2016-11-03,9335,2015-06-16,2225,020311,,2,3,7,3801,0,1,1,,2,024,"RT 280","23RD ST",500.00,N,N,A,-,Y,SF,4,280,-,R,0.640,H,-,S,Y,4,0,1,1,A,-,08,22107,,N,E,I,A,A,H,-,C,D,1,,,,,Y,,A,01,0,0,1,0,0,0,0,0,0,"- ","- ",37.756169999999997,-122.39239000000001,"SAN FRANCISCO","SAN FRANCISCO",-122.45851001,37.710578939999998
6970872,2014,2015-08-11,3801,2014-07-02,2358,4167,,3,5,7,3801,0,0,0,,0,,"TAYLOR ST","EDDY ST",0.00,,Y,A,-,N,,,,,,,,,,N,4,0,1,2,A,-,10,21950,A,N,G,B,B,A,H,-,C,A,0,Y,,,,Y,,I,11,0,0,1,0,1,0,0,0,0,"- ","- ",,,"SAN FRANCISCO","SAN FRANCISCO",-122.41094996,37.784159959999997
6970886,2014,2015-08-17,3801,2014-07-29,0934,38,SOUTH,2,5,7,3801,0,0,0,,0,4CAR,"MISSION ST","13TH ST",42.00,N,N,A,-,N,,,,,,,,,,N,3,0,1,2,A,-,09,21803,A,N,B,G,A,A,H,-,A,A,0,,Y,,,Y,,D,22,0,1,0,0,0,0,1,0,0,"- ","- ",,,"SAN FRANCISCO","SAN FRANCISCO",-122.42018,37.76999
6970895,2014,2015-08-11,3801,2014-07-03,1141,1900,CO1,4,5,7,3801,0,0,0,,0,3I2A,"JUDAH ST","21ST AV",0.00,,Y,B,-,N,,,,,,,,,,N,4,0,2,3,A,-,08,22107,,N,D,C,A,A,G,-,A,D,0,,,,,Y,,A,01,0,0,2,0,0,0,0,0,0,"- ","- ",,,"SAN FRANCISCO","SAN FRANCISCO",-122.47914,37.76160995
6970917,2014,2015-08-12,3801,2014-07-09,2205,02314,PARK,3,5,7,3801,0,0,0,,0,3F14E,"DIVISADERO ST","OAK ST",0.00,,Y,A,-,N,,,,,,,,,,N,4,0,4,2,A,-,09,21801,A,F,A,C,A,A,H,-,C,A,0,,,,,Y,,A,01,0,0,4,0,0,0,0,0,0,"- ","- ",,,"SAN FRANCISCO","SAN FRANCISCO",-122.43742994999999,37.773139929999999
6970941,2014,2015-08-11,3801,2014-07-07,1733,552,,1,5,7,3801,0,0,0,,0,,"11TH ST",FOLSOM,218.00,S,N,A,-,N,,,,,,,,,,Y,3,0,4,3,A,-,21,22106,,N,A,E,A,A,H,-,A,D,0,,,,,Y,,A,01,0,4,0,0,0,0,0,0,0,"- ","- ",,,"SAN FRANCISCO","SAN FRANCISCO",-122.41348249000001,37.771451839999997
6905636,2015,2015-05-15,3801,2015-04-20,0620,001714,,1,5,7,3801,0,0,0,,0,4B2A,"41ST AV","PACHECO ST",5.00,N,N,B,-,N,,,,,,,,,,Y,1,1,0,2,A,-,10,21950,A,N,G,B,B,A,H,-,B,D,0,Y,,,,Y,,A,08,0,0,0,1,0,0,0,0,0,"- ","- ",,,"SAN FRANCISCO","SAN FRANCISCO",-122.49979069,37.749473729999998
6897220,2015,2016-12-17,9335,2015-04-29,1654,20403,,3,2,7,3801,0,1,2,,2,014,"RT 101","MARIPOSA AV",100.00,S,N,A,-,Y,SF,4,101,-,-,4.030,H,-,S,Y,3,0,1,2,A,-,03,22350,,N,F,A,A,A,H,-,A,D,1,,,Y,,Y,,C,02,0,1,0,0,0,0,0,0,1,"- ","- ",37.761699999999998,-122.40600000000001,"SAN FRANCISCO","SAN FRANCISCO",-122.40566602,37.762439129999997
6895738,2015,2016-12-22,9335,2015-04-16,2240,015263,,4,3,7,3801,0,1,1,,2,023,"RT 280","ALEMANY BL",100.00,N,N,A,-,Y,SF,4,280,-,R,4.147,R,2,N,N,4,0,1,2,D,-,00,,,N,C,C,A,A,H,-,D,A,1,,,Y,,Y,,-,"- ",0,0,1,0,0,0,0,0,1,TO,"- ",,,"SAN FRANCISCO","SAN FRANCISCO",-122.41000009,37.734013670000003
6863677,2015,2016-10-13,9335,2015-03-22,1628,020132,,7,2,7,3801,0,1,2,,2,014,"RT 101","15TH ST",100.00,N,N,B,-,Y,SF,4,80,-,-,3.950,H,-,E,Y,4,0,1,2,A,-,03,22350,,N,C,C,A,A,H,-,A,D,1,,,,,Y,,A,01,0,0,1,0,0,0,0,0,0,TO,"- ",37.76755,-122.40503,"SAN FRANCISCO","SAN FRANCISCO",-122.40500953999999,37.767591000000003
6863602,2015,2016-09-08,9335,2015-03-22,0642,020234,,7,1,7,3801,0,1,1,,2,022,"RT 280","ALEMANY BL",1700.00,N,N,B,-,Y,SF,4,280,-,R,0.840,H,-,S,Y,3,0,1,1,A,-,08,22107,,N,F,I,A,A,H,-,D,D,1,,,,,Y,,A,01,0,1,0,0,0,0,0,0,0,"- ","- ",37.423819999999999,-122.27267000000001,"SAN FRANCISCO","SAN FRANCISCO",-122.45526636,37.711203359999999
6836481,2015,2016-09-08,9335,2015-02-26,0105,18845,,4,3,7,3801,0,1,1,,2,024,"RT 280","CESAR CHAVEZ ST",72.00,S,N,B,-,Y,SF,4,280,-,R,5.610,H,-,S,Y,3,0,1,1,A,-,01,23152,A,N,E,I,A,A,H,-,C,D,1,,,,,Y,Y,A,01,0,1,0,0,0,0,0,0,0,"- ","- ",37.749470000000002,-122.39268,"SAN FRANCISCO","SAN FRANCISCO",-122.39232355999999,37.74992443
6829042,2015,2016-10-07,9335,2015-02-14,1605,20234,,6,2,7,3801,0,1,2,,2,014,"RT 101","18TH ST",100.00,N,N,A,-,Y,SF,4,101,-,-,3.980,H,-,N,N,4,0,1,2,A,-,03,22350,,N,C,C,A,A,H,-,A,D,1,,,,Y,Y,,F,26,0,0,1,0,0,0,0,0,0,"- ","- ",37.454279999999997,-122.24209,"SAN FRANCISCO","SAN FRANCISCO",-122.40560800999999,37.762190920000002
6756539,2014,2016-06-18,9335,2014-12-11,1320,19510,,4,1,7,3801,0,1,1,,2,024,"RT 280","EVANS ST",170.00,N,N,B,C,Y,SF,4,280,-,R,5.182,R,2,N,Y,3,0,1,1,A,-,03,22350,,N,E,I,A,B,H,-,A,D,1,,,,,Y,,A,01,0,1,0,0,0,0,0,0,0,TO,"- ",37.444580000000002,-122.23362,"SAN FRANCISCO","SAN FRANCISCO",-122.39586472000001,37.743990150000002
6978119,2015,2016-11-03,9335,2015-06-28,1130,020212,,7,1,7,3801,0,1,2,,2,015,"RT 101","VALENCIA ST",50.00,S,N,A,-,Y,SF,4,101,-,M,5.360,H,-,S,N,3,0,1,1,A,-,08,22107,,N,E,I,A,A,H,-,A,D,0,,,Y,,Y,,C,02,0,1,0,0,0,0,0,0,1,"- ","- ",37.770099999999999,-122.4221,"SAN FRANCISCO","SAN FRANCISCO",-122.42232977,37.770574500000002
6983318,2015,2017-01-21,9335,2015-07-02,0735,17806,,4,1,7,3801,0,1,1,,2,024,"RT 280","BRANNAN ST",2112.00,S,N,B,-,Y,SF,4,280,-,T,7.056,R,2,N,Y,3,0,3,2,A,-,03,22350,,N,C,C,A,A,H,-,A,D,0,,,,,Y,,D,22,0,3,0,0,0,0,0,0,0,TO,"- ",37.769359999999999,-122.30712,"SAN FRANCISCO","SAN FRANCISCO",-122.3969185,37.768838860000002
6984265,2015,2016-12-20,9335,2015-07-06,1215,16533,,1,1,7,3801,0,1,2,,2,014,"RT 101","18TH ST",850.00,N,N,A,-,Y,SF,4,101,-,-,4.120,H,-,S,Y,4,0,1,6,A,-,21,22106,,F,C,C,A,A,H,-,A,D,1,,,,,Y,,A,08,0,0,1,0,0,0,0,0,0,"- ","- ",,,"SAN FRANCISCO","SAN FRANCISCO",-122.4050771,37.764370820000003