CASE_ID,ACCIDENT_YEAR,PROC_DATE,JURIS,COLLISION_DATE,COLLISION_TIME,OFFICER_ID,REPORTING_DISTRICT,DAY_OF_WEEK,CHP_SHIFT,POPULATION,CNTY_CITY_LOC,SPECIAL_COND,BEAT_TYPE,CHP_BEAT_TYPE,CITY_DIVISION_LAPD,CHP_BEAT_CLASS,BEAT_NUMBER,PRIMARY_RD,SECONDARY_RD,DISTANCE,DIRECTION,INTERSECTION,WEATHER_1,WEATHER_2,STATE_HWY_IND,CALTRANS_COUNTY,CALTRANS_DISTRICT,STATE_ROUTE,ROUTE_SUFFIX,POSTMILE_PREFIX,POSTMILE,LOCATION_TYPE,RAMP_INTERSECTION,SIDE_OF_HWY,TOW_AWAY,COLLISION_SEVERITY,NUMBER_KILLED,NUMBER_INJURED,PARTY_COUNT,PRIMARY_COLL_FACTOR,PCF_CODE_OF_VIOL,PCF_VIOL_CATEGORY,PCF_VIOLATION,PCF_VIOL_SUBSECTION,HIT_AND_RUN,TYPE_OF_COLLISION,MVIW,PED_ACTION,ROAD_SURFACE,ROAD_COND_1,ROAD_COND_2,LIGHTING,CONTROL_DEVICE,CHP_ROAD_TYPE,PEDESTRIAN_ACCIDENT,BICYCLE_ACCIDENT,MOTORCYCLE_ACCIDENT,TRUCK_ACCIDENT,NOT_PRIVATE_PROPERTY,ALCOHOL_INVOLVED,STWD_VEHTYPE_AT_FAULT,CHP_VEHTYPE_AT_FAULT,COUNT_SEVERE_INJ,COUNT_VISIBLE_INJ,COUNT_COMPLAINT_PAIN,COUNT_PED_KILLED,COUNT_PED_INJURED,COUNT_BICYCLIST_KILLED,COUNT_BICYCLIST_INJURED,COUNT_MC_KILLED,COUNT_MC_INJURED,PRIMARY_RAMP,SECONDARY_RAMP,LATITUDE,LONGITUDE,COUNTY,CITY,POINT_X,POINT_Y
8292741,2017,2017-07-20,3801,2017-06-04,1844,321,COG,7,5,7,3801,0,0,0,,0,3G13D,"FULTON ST","8TH AV",0.00,,Y,A,-,N,,,,,,,,,,N,4,0,1,2,A,-,09,21801,A,N,D,G,A,A,H,-,A,A,0,,Y,,,Y,,L,04,0,0,1,0,0,0,1,0,0,"- ","- ",,,"SAN FRANCISCO","SAN FRANCISCO",-122.46587996,37.77337996
8292745,2017,2017-07-20,3801,2017-06-04,1625,1427,TENDE,7,5,7,3801,0,0,0,,0,04D,"EDDY ST","TAYLOR ST",0.00,,Y,A,-,N,,,,,,,,,,N,4,0,1,2,A,-,21,22106,,N,G,B,-,A,H,-,A,A,0,Y,,,,Y,,A,01,0,0,1,0,1,0,0,0,0,"- ","- ",,,"SAN FRANCISCO","SAN FRANCISCO",-122.41094996,37.784159959999997
8305164,2017,2017-02-15,3801,2017-01-24,0925,1092,TRAVE,2,5,7,3801,0,0,0,,0,3114A,"VICENTE ST","15TH AV",72.00,E,N,A,-,N,,,,,,,,,,Y,3,0,1,4,A,-,03,22350,,N,C,E,A,A,H,-,A,D,0,,,,,Y,,A,01,0,1,0,0,0,0,0,0,0,"- ","- ",,,"SAN FRANCISCO","SAN FRANCISCO",-122.47085118,37.739508890000003
8305171,2017,2017-02-16,3801,2017-01-05,2315,2483,TENDE,4,5,7,3801,0,0,0,,0,3J12E,"6TH ST","MISSION ST",84.00,N,N,A,-,N,,,,,,,,,,N,4,0,1,3,A,-,08,22107,,F,B,C,A,A,H,-,C,D,0,,,,,Y,,A,07,0,0,1,0,0,0,0,0,0,"- ","- ",,,"SAN FRANCISCO","SAN FRANCISCO",-122.40889378,37.781144589999997
8305222,2017,2017-02-15,3801,2017-01-27,2335,2449,COH,5,5,7,3801,0,0,0,,0,3H13E,"MADRID ST","EXCELSIOR AV",0.00,,Y,A,-,N,,,,,,,,,,N,4,0,1,5,A,-,16,24002,A,N,B,E,A,A,H,-,C,D,0,,,,,Y,,A,08,0,0,1,0,0,0,0,0,0,"- ","- ",,,"SAN FRANCISCO","SAN FRANCISCO",-122.43041993999999,37.724719919999998
8305285,2017,2017-06-20,3801,2017-01-16,2105,715,NORTH,1,5,7,3801,0,0,0,,0,3E16D,"LOMBARD ST","FRANKLIN ST",0.00,,Y,A,-,Y,SF,4,101,-,-,6.806,I,5,S,Y,4,0,2,2,A,-,12,21453,A,N,D,C,A,A,H,-,C,A,0,,,,,Y,,A,01,0,0,2,0,0,0,0,0,0,"- ","- ",,,"SAN FRANCISCO","SAN FRANCISCO",-122.42622625999999,37.801073799999998
8305287,2017,2017-02-16,3801,2017-01-14,1302,1826,CENTR,6,5,7,3801,0,0,0,,0,3A14C,"BAY ST","KEARNY ST",0.00,,Y,A,-,N,,,,,,,,,,N,4,0,1,2,A,-,10,21950,A,N,G,B,B,A,H,-,A,A,0,Y,,,,Y,,A,01,0,0,1,0,1,0,0,0,0,"- ","- ",,,"SAN FRANCISCO","SAN FRANCISCO",-122.40716988,37.806439900000001
8305290,2017,2017-02-22,3801,2017-01-05,1453,311,SOUTH,4,5,7,3801,0,0,0,,0,901,"1ST ST","FOLSOM ST",0.00,,Y,A,-,N,,,,,,,,,,N,4,0,1,4,A,-,07,21658,A,N,-,C,B,A,D,-,A,A,0,Y,,,,Y,,A,01,0,0,1,0,1,0,0,0,0,"- ","- ",,,"SAN FRANCISCO","SAN FRANCISCO",-122.39446989,37.787319889999999
8305302,2017,2017-02-15,3801,2017-01-04,1832,426,TENDE,3,5,7,3801,0,0,0,,0,3J12D,"MASON ST","EDDY ST",0.00,,Y,C,-,N,,,,,,,,,,N,4,0,1,2,A,-,10,21950,A,N,G,B,B,B,H,-,C,A,0,Y,,,,Y,,A,01,0,0,1,0,1,0,0,0,0,"- ","- ",,,"SAN FRANCISCO","SAN FRANCISCO",-122.40929991,37.784379960000003
8305307,2017,2017-02-16,3801,2017-01-19,0203,2734,TENDE,4,5,7,3801,0,0,0,,0,TENDER,"OFARRELL ST","HYDE ST",0.00,,Y,A,-,N,,,,,,,,,,N,4,0,1,2,A,-,12,21453,A,N,D,C,A,B,H,-,C,A,0,,,,,Y,,A,01,0,0,1,0,0,0,0,0,0,"- ","- ",,,"SAN FRANCISCO","SAN FRANCISCO",-122.41625994,37.785389969999997
8305315,2017,2017-02-16,3801,2017-01-20,1643,1126,CENTR,5,5,7,3801,0,0,0,,0,3A11D,"TAYLOR ST","PINE ST",0.00,,Y,C,-,N,,,,,,,,,,N,4,0,1,2,A,-,10,21950,A,N,G,B,B,B,H,-,A,A,0,Y,,,,Y,,-,,0,0,1,0,1,0,0,0,0,"- ","- ",,,"SAN FRANCISCO","SAN FRANCISCO",-122.41224988,37.790659949999998
8305349,2017,2017-02-16,3801,2017-01-08,2326,185,TENDE,7,5,7,3801,0,0,0,,0,901,"TURK ST","LARKIN ST",49.00,W,N,C,-,N,,,,,,,,,,Y,4,0,1,2,A,-,01,23153,A,N,B,E,A,B,H,-,C,D,0,,,,,Y,Y,A,01,0,0,1,0,0,0,0,0,0,"- ","- ",,,"SAN FRANCISCO","SAN FRANCISCO",-122.41750746,37.78235866
8305351,2017,2017-02-22,3801,2017-01-30,1748,529,INGLE,1,5,7,3801,0,0,0,,0,3H13D,"MISSION ST","SICKLES AV",50.00,N,N,A,-,N,,,,,,,,,,Y,4,0,1,2,A,-,09,21801,A,N,D,C,A,A,H,-,B,D,0,,,,,Y,,A,01,0,0,1,0,0,0,0,0,0,"- ","- ",,,"SAN FRANCISCO","SAN FRANCISCO",-122.45260057,37.708853140000002
8305355,2017,2017-02-16,3801,2017-01-23,0426,2216,CENTR,1,5,7,3801,0,0,0,,0,3A12E,EMBARCADERO,"GREEN ST",0.00,,Y,C,-,N,,,,,,,,,,Y,4,0,1,1,A,-,00,20001,A,F,E,I,A,B,H,-,C,A,0,,,,,Y,Y,-,"- ",0,0,1,0,0,0,0,0,0,"- ","- ",,,"SAN FRANCISCO","SAN FRANCISCO",-122.3992215,37.800837000000001
8305360,2017,2017-06-19,3801,2017-01-20,0645,251,INGLE,5,5,7,3801,0,0,0,,0,H10,"SILVER AV","MISSION ST",0.00,,Y,B,C,N,,,,,,,,,,N,4,0,1,2,A,-,10,21950,A,F,G,B,B,B,H,-,D,A,0,Y,,,,Y,,A,01,0,0,1,0,1,0,0,0,0,"- ","- ",,,"SAN FRANCISCO","SAN FRANCISCO",-122.43127993,37.728739920000002
8305426,2017,2017-05-31,3801,2017-01-10,1814,2132,MISSI,2,5,7,3801,0,0,0,,0,3D62,"GUERRERO ST","19TH ST",60.00,N,N,C,G,N,,,,,,,,,,N,3,0,1,2,A,-,11,21955,,N,G,B,D,B,H,-,C,A,0,Y,,,,Y,,N,60,0,1,0,0,1,0,0,0,0,"- ","- ",,,"SAN FRANCISCO","SAN FRANCISCO",-122.42364745,37.760144250000003
8305428,2017,2017-02-21,3801,2017-01-17,1538,2091,TARAV,2,5,7,3801,0,0,0,,0,3I11D,"OCEAN AV","JUNIPERO SERRA",0.00,,Y,A,-,N,,,,,,,,,,N,2,0,1,2,A,-,"- ",,,N,G,B,D,A,H,-,A,A,0,Y,,,,Y,,N,60,1,0,0,0,1,0,0,0,0,"- ","- ",,,"SAN FRANCISCO","SAN FRANCISCO",-122.47213992,37.731159890000001
8305434,2017,2017-02-15,3801,2017-01-09,1100,4374,BAYVI,1,5,7,3801,0,0,0,,0,3C13B,"CESAR CHAVEZ","EVANS AV",0.00,,Y,A,-,N,,,,,,,,,,N,4,0,1,2,A,-,12,21453,A,N,D,G,A,A,H,-,A,A,0,,Y,,,Y,,L,04,0,0,1,0,0,0,1,0,0,"- ","- ",,,"SAN FRANCISCO","SAN FRANCISCO",-122.39731995,37.749689979999999
8305436,2016,2017-02-15,3801,2016-12-30,1357,899,INGLE,5,5,7,3801,0,0,0,,0,4B3E,"MISSION ST","ALLISON ST",15.00,S,N,A,-,N,,,,,,,,,,Y,4,0,2,2,A,-,12,21453,A,N,D,C,A,A,H,-,A,A,0,,,,,Y,,A,01,0,0,2,0,0,0,0,0,0,"- ","- ",,,"SAN FRANCISCO","SAN FRANCISCO",-122.44268374000001,37.714578699999997
8305438,2016,2017-05-22,3801,2016-10-17,2129,1364,NORTH,1,5,7,3801,0,0,0,,0,3E13E,"VAN NESS AV","OFARRELL ST",0.00,,Y,A,-,Y,SF,4,101,-,-,5.550,I,5,N,N,3,0,1,2,A,-,10,21950,A,N,G,B,B,-,H,-,C,A,0,Y,,,,Y,,A,01,0,1,0,0,1,0,0,0,0,"- ","- ",,,"SAN FRANCISCO","SAN FRANCISCO",-122.42113308,37.78480613
8305465,2017,2017-02-21,3801,2017-01-14,1805,836,MISSI,6,5,7,3801,0,0,0,,0,3D61,"MISSION ST","15TH ST",400.00,N,N,A,-,N,,,,,,,,,,N,4,0,1,2,A,-,04,21703,,F,C,C,A,A,H,-,C,D,0,,,,,Y,,-,"- ",0,0,1,0,0,0,0,0,0,"- ","- ",,,"SAN FRANCISCO","SAN FRANCISCO",-122.41992187,37.767765879999999
8305484,2017,2017-02-27,3801,2017-01-09,0151,920,MISSI,1,5,7,3801,0,0,0,,0,3D13E,"CAPP ST","20TH ST",292.00,N,N,C,-,N,,,,,,,,,,Y,4,0,2,2,A,-,01,23153,A,N,A,C,A,B,H,-,C,D,0,,,,,Y,Y,A,01,0,0,2,0,0,0,0,0,0,"- ","- ",,,"SAN FRANCISCO","SAN FRANCISCO",-122.41803573999999,37.759479910000003
8305492,2017,2017-03-03,3801,2017-01-26,1851,311,SOUTH,4,5,7,3801,0,0,0,,0,3B14D,"9TH ST","CLEMENTINA ST",0.00,,Y,A,-,N,,,,,,,,,,N,4,0,1,2,A,-,04,21703,,N,C,C,A,A,H,-,C,A,0,,,,,Y,,A,01,0,0,1,0,0,0,0,0,0,"- ","- ",,,"SAN FRANCISCO","SAN FRANCISCO",-122.41215993,37.774189970000002
8305500,2017,2017-03-02,3801,2017-01-26,0700,2297,BAYVI,4,5,7,3801,0,0,0,,0,002,SILVER,"CHARTER OAK",0.00,,N,A,-,N,,,,,,,,,,N,4,0,1,2,A,-,11,21955,,N,-,B,D,A,H,-,A,A,0,Y,,,,Y,,N,60,0,0,1,0,1,0,0,0,0,"- ","- ",,,"SAN FRANCISCO","SAN FRANCISCO",-122.40435998,37.733159950000001
8305505,2017,2017-02-21,3801,2017-01-31,1111,4259,BAYVI,2,5,7,3801,0,0,0,,0,3C15A,"MARIPOSA ST","CONNECTICUT ST",0.00,,Y,A,-,N,,,,,,,,,,N,3,0,1,2,A,-,12,22450,A,F,G,B,B,A,H,-,A,A,0,Y,,,,Y,,A,08,0,1,0,0,1,0,0,0,0,"- ","- ",,,"SAN FRANCISCO","SAN FRANCISCO",-122.39763988,37.763789959999997
8305513,2017,2017-03-08,3801,2017-01-30,1852,160,MISSI,1,5,7,3801,0,0,0,,0,901,"SOUTH VAN NESS AV","16TH ST",0.00,,Y,A,-,N,,,,,,,,,,Y,4,0,1,2,A,-,09,21801,A,N,A,C,A,A,H,-,C,A,0,,,Y,,Y,,A,01,0,0,1,0,0,0,0,0,0,"- ","- ",,,"SAN FRANCISCO","SAN FRANCISCO",-122.41748986,37.765179910000001
8305514,2017,2017-03-08,3801,2017-01-25,1521,311,SOUTH,3,5,7,3801,0,0,0,,0,3B13D,"2ND ST","BRANNAN ST",0.00,,Y,A,-,N,,,,,,,,,,Y,4,0,2,2,A,-,09,21801,A,N,D,C,A,A,H,-,A,A,0,,,,,Y,,A,01,0,0,2,0,0,0,0,0,0,"- ","- ",,,"SAN FRANCISCO","SAN FRANCISCO",-122.39205999000001,37.781839949999998
8305528,2017,2017-02-21,3801,2017-01-13,1010,4036,MISSI,5,5,7,3801,0,0,0,,0,4B5C,"CESAR CHAVEZ ST","HARRISON ST",18.00,E,N,A,-,N,,,,,,,,,,N,4,0,3,3,A,-,10,21950,A,N,G,B,B,A,H,-,A,A,0,Y,,,,Y,,A,01,0,0,3,0,2,0,0,0,0,"- ","- ",,,"SAN FRANCISCO","SAN FRANCISCO",-122.41145777,37.748301910000002
8305547,2017,2017-02-21,3801,2017-01-18,1720,2713,,3,5,7,3801,0,0,0,,0,3F11D,"BOWLING GREEN DR","MARTIN LUTHER KING DR",0.00,,Y,B,C,N,,,,,,,,,,N,4,0,1,2,A,-,10,21950,,N,G,B,B,B,H,-,A,D,0,Y,,,,Y,,A,01,0,0,1,0,1,0,0,0,0,"- ","- ",,,"SAN FRANCISCO","SAN FRANCISCO",-122.46063989,37.767419940000003
8305552,2017,2017-02-21,3801,2017-01-04,2000,696,TARAV,3,5,7,3801,0,0,0,,0,3I11E,"16TH AV","IRVING ST",0.00,,Y,C,-,N,,,,,,,,,,N,4,0,1,3,A,-,10,21950,A,N,G,B,B,B,H,-,C,A,0,Y,,,,Y,,A,01,0,0,1,0,1,0,0,0,0,"- ","- ",,,"SAN FRANCISCO","SAN FRANCISCO",-122.47392991,37.763699959999997
8305563,2017,2017-02-21,3801,2017-01-18,1841,400,INGLE,3,5,7,3801,0,0,0,,0,3H15D,"ALEMANY BL","SICKLES AV",0.00,,Y,C,-,N,,,,,,,,,,N,4,0,1,2,A,-,09,21801,A,M,A,C,A,B,H,-,C,A,0,,,,,Y,,-,"- ",0,0,1,0,0,0,0,0,0,"- ","- ",,,"SAN FRANCISCO","SAN FRANCISCO",-122.45491998999999,37.710509950000002
8305564,2017,2017-02-21,3801,2017-01-04,0620,987,TARAV,3,5,7,3801,0,0,0,,0,,"VICENTE ST","45TH AV",0.00,,Y,C,-,N,,,,,,,,,,N,4,0,1,2,A,-,10,21950,A,N,G,B,B,B,H,-,C,A,0,Y,,,,Y,Y,A,07,0,0,1,0,1,0,0,0,0,"- ","- ",,,"SAN FRANCISCO","SAN FRANCISCO",-122.50329988999999,37.738089940000002
8305571,2017,2017-02-21,3801,2017-01-14,0040,402,,6,5,7,3801,0,0,0,,0,3A11E,"CALIFORNIA ST","LEAVENWORTH ST",0.00,,Y,A,-,N,,,,,,,,,,Y,4,0,1,2,A,-,12,21453,A,F,D,C,A,A,H,-,C,A,0,,,,,Y,,A,01,0,0,1,0,0,0,0,0,0,"- ","- ",,,"SAN FRANCISCO","SAN FRANCISCO",-122.41574989,37.791209950000002
8305583,2017,2017-02-21,3801,2017-01-15,0115,215,MISSI,7,5,7,3801,0,0,0,,0,3D15E,"VALENCIA ST","15TH ST",7.00,N,N,A,-,N,,,,,,,,,,N,2,0,1,2,A,-,03,22350,,N,B,G,A,A,H,-,C,A,0,,Y,,,Y,Y,L,04,1,0,0,0,0,0,1,0,0,"- ","- ",,,"SAN FRANCISCO","SAN FRANCISCO",-122.42203167,37.766549179999998
8306746,2017,2017-02-27,3801,2017-01-29,1537,192,NORTH,7,5,7,3801,0,0,0,,0,3E16C,"LARKIN ST","MCALLISTER ST",0.00,,Y,B,-,N,,,,,,,,,,N,4,0,1,2,A,-,09,21806,A,N,D,C,A,A,H,-,A,A,0,,,,,Y,,A,01,0,0,1,0,0,0,0,0,0,"- ","- ",,,"SAN FRANCISCO","SAN FRANCISCO",-122.41693994000001,37.780499919999997
8307722,2017,2017-03-22,3801,2017-02-03,1234,1764,SOUTH,5,5,7,3801,0,0,0,,0,3B15A,"3RD ST","16TH ST",0.00,,Y,B,-,N,,,,,,,,,,Y,4,0,2,2,A,-,09,21453,C,N,D,F,A,B,H,-,A,A,0,,,,,Y,,A,01,0,0,2,0,0,0,0,0,0,"- ","- ",37.766930000000002,-122.38878,"SAN FRANCISCO","SAN FRANCISCO",-122.38920994999999,37.766939970000003
8310358,2017,2017-02-28,3801,2017-01-02,1241,2179,0,1,5,7,3801,0,0,0,,0,,"LL TB3 DOORS # 6 & #7",RP,11.00,W,N,A,-,N,,,,,,,,,,N,3,0,1,2,A,-,06,21750,,N,B,C,A,A,H,-,A,D,0,,,,,Y,,A,01,0,1,0,0,0,0,0,0,0,"- ","- ",,,"SAN FRANCISCO","SAN FRANCISCO",,
8324522,2017,2017-03-27,3801,2017-01-28,1046,395,0,6,5,7,3801,0,0,0,,0,,"LL TB2","POLE 343",9.00,E,N,A,-,N,,,,,,,,,,N,4,0,1,2,A,-,"- ",,,N,G,B,C,A,H,-,A,D,0,Y,,,,Y,,A,01,0,0,1,0,1,0,0,0,0,"- ","- ",,,"SAN FRANCISCO","SAN FRANCISCO",,
8327249,2017,2018-03-08,3801,2017-02-27,2211,826,BAYVI,1,5,7,3801,0,0,0,,0,4CAR,"RT 101","SAN BRUNO AV",10.00,E,N,A,-,Y,SF,4,101,-,-,1.049,R,2,S,Y,4,0,1,1,A,-,03,22350,,M,E,I,A,A,H,-,C,A,0,,,,,Y,Y,A,01,0,0,1,0,0,0,0,0,0,"- ","- ",,,"SAN FRANCISCO","SAN FRANCISCO",-122.40094882,37.722723129999999
8333232,2017,2017-06-19,3801,2017-03-01,0601,625,NORTH,3,5,7,3801,0,0,0,,0,3E11A,"POLK ST","CALIFORNIA ST",0.00,,Y,A,-,N,,,,,,,,,,N,3,0,1,2,A,-,09,21801,A,N,D,G,A,A,H,-,B,A,0,,Y,,,Y,,A,01,0,1,0,0,0,0,1,0,0,"- ","- ",,,"SAN FRANCISCO","SAN FRANCISCO",-122.42067992,37.790569959999999
8333264,2017,2017-06-19,3801,2017-03-16,0834,662,NORTH,4,5,7,3801,0,0,0,,0,3E27,"MCALLISTER ST","LARKIN ST",0.00,W,N,A,-,N,,,,,,,,,,N,4,0,1,2,A,-,09,21801,A,N,D,G,A,A,H,-,A,D,0,,Y,,,Y,,A,01,0,0,1,0,0,0,1,0,0,"- ","- ",,,"SAN FRANCISCO","SAN FRANCISCO",-122.41693994000001,37.780499919999997
8335628,2017,2017-04-20,3801,2017-03-20,1250,2417,RICHM,1,5,7,3801,0,0,0,,0,3G60,"7TH AV","7TH AV 735",0.00,,-,A,-,N,,,,,,,,,,Y,3,0,2,2,A,-,09,21804,A,N,D,C,A,B,H,-,A,D,0,,,,,Y,,A,01,0,1,1,0,0,0,0,0,0,"- ","- ",,,"SAN FRANCISCO","SAN FRANCISCO",-122.4649027,37.774503439999997
8335640,2017,2017-08-28,3801,2017-03-27,1100,002452,CENTR,1,5,7,3801,0,0,0,,0,3A60,"1ST ST","1ST ST 50",0.00,,N,A,-,N,,,,,,,,,,N,4,0,1,2,A,-,07,21658,A,N,C,C,A,A,H,-,A,D,0,,,,,Y,,A,01,0,0,1,0,0,0,0,0,0,"- ","- ",,,"SAN FRANCISCO","SAN FRANCISCO",-122.39839554,37.790420089999998
8335652,2017,2017-08-28,3801,2017-03-23,0814,2375,RICHM,4,5,7,3801,0,0,0,,0,3G60,"CALIFORNIA ST","19TH AV",9.00,E,N,A,-,N,,,,,,,,,,N,3,0,1,2,A,-,10,21950,A,N,G,B,B,A,H,-,A,A,0,Y,,,,Y,,A,01,0,1,0,0,1,0,0,0,0,"- ","- ",,,"SAN FRANCISCO","SAN FRANCISCO",-122.47855887999999,37.78417116
8335801,2017,2017-06-21,3801,2017-03-02,1815,000312,TARAV,4,5,7,3801,0,0,0,,0,5CAR,"SKYLINE BL","SKYLINE BL 599",0.00,,-,A,-,Y,SF,4,35,-,-,0.120,I,5,N,Y,4,0,2,2,A,-,09,21804,A,N,D,C,A,A,H,-,B,D,0,,,,,Y,,A,07,0,0,2,0,0,0,0,0,0,"- ","- ",,,"SAN FRANCISCO","SAN FRANCISCO",-122.49796735,37.710001259999999
8335813,2017,2017-11-30,3801,2017-03-26,1219,2104,TENDE,7,5,7,3801,0,0,0,,0,3J11A,"POST ST","VAN NESS AV",120.00,E,N,A,-,N,,,,,,,,,,N,4,0,1,2,A,-,17,21235,G,N,H,J,A,A,H,-,A,D,0,,,Y,,Y,,C,03,0,0,1,0,0,0,0,0,1,"- ","- ",,,"SAN FRANCISCO","SAN FRANCISCO",-122.42124067,37.786665499999998
8335859,2017,2017-04-13,3801,2017-04-01,1206,2375,RICHM,6,5,7,3801,0,0,0,,0,3G60,"ARGUELLO BL","JACKSON ST",180.00,S,N,A,-,N,,,,,,,,,,N,3,0,1,2,A,-,06,21750,,N,H,G,A,A,H,-,A,D,0,,Y,,,Y,,L,04,0,1,0,0,0,0,1,0,0,"- ","- ",,,"SAN FRANCISCO","SAN FRANCISCO",-122.45942363,37.788816359999998
8336908,2017,2017-05-13,3801,2017-04-14,1009,548,NORTH,5,5,7,3801,0,0,0,,0,3E12C,"HAIGHT ST","BUCHANAN ST",222.00,W,N,A,-,N,,,,,,,,,,N,4,0,1,2,A,-,03,22350,,N,C,C,A,A,A,D,A,A,0,,,,,Y,,A,01,0,0,1,0,0,0,0,0,0,"- ","- ",,,"SAN FRANCISCO","SAN FRANCISCO",-122.42792907,37.772435710000003
8336911,2017,2017-05-13,3801,2017-04-16,0938,2452,CENRT,7,5,7,3801,0,0,0,,0,3A60,"BAY ST","KEARNY ST",0.00,,Y,C,-,N,,,,,,,,,,Y,4,0,1,2,A,-,08,22100,5,N,B,D,A,B,H,-,A,A,0,,,,,Y,,A,01,0,0,1,0,0,0,0,0,0,"- ","- ",,,"SAN FRANCISCO","SAN FRANCISCO",-122.40716988,37.806439900000001
8336915,2017,2017-05-13,3801,2017-04-16,0730,002452,CNRAL,7,5,7,3801,0,0,0,,0,3A60,"BAY ST","HYDE ST",0.00,,Y,B,-,N,,,,,,,,,,Y,4,0,1,2,A,-,12,21453,A,N,D,C,A,A,G,H,A,A,0,,,,,Y,,A,01,0,0,1,0,0,0,0,0,0,"- ","- ",,,"SAN FRANCISCO","SAN FRANCISCO",-122.42015995,37.804789919999997
8336943,2017,2017-05-15,3801,2017-04-20,0829,4060,PARK,4,5,7,3801,0,0,0,,0,3F4A,"ASHBURY ST","PIEDMONT ST",144.00,S,N,A,-,N,,,,,,,,,,N,3,0,1,2,A,-,21,22106,,N,B,G,A,A,H,-,A,D,0,,Y,,,Y,,A,01,0,1,0,0,0,0,1,0,0,"- ","- ",,,"SAN FRANCISCO","SAN FRANCISCO",-122.44589806,37.764819799999998
8336947,2017,2017-05-13,3801,2017-04-19,1730,202,PARK,3,5,7,3801,0,0,0,,0,3F91,"17TH ST","EUREKA ST",0.00,,Y,A,-,N,,,,,,,,,,N,2,0,1,2,A,-,03,22350,,N,G,B,E,A,-,-,A,D,0,Y,,,,Y,,N,60,1,0,0,0,1,0,0,0,0,"- ","- ",,,"SAN FRANCISCO","SAN FRANCISCO",-122.43841998000001,37.762289920000001
8336987,2017,2017-05-20,3801,2017-04-12,0800,2376,SOUTH,3,5,7,3801,0,0,0,,0,3B5A,"BRANNAN ST","9TH ST",0.00,,Y,B,C,N,,,,,,,,,,N,4,0,1,2,A,-,08,22102,,N,D,C,A,B,H,-,A,D,0,,,,,Y,,A,01,0,0,1,0,0,0,0,0,0,"- ","- ",,,"SAN FRANCISCO","SAN FRANCISCO",-122.40698998000001,37.770059930000002
8340738,2017,2017-04-27,3801,2017-03-08,0600,1325,TENDE,3,5,7,3801,0,0,0,,0,3J14A,"MCALLISTER ST","CHARLES J BRENHAM ST",0.00,,Y,A,-,N,,,,,,,,,,Y,4,0,3,2,A,-,00,21453,,N,C,C,A,B,H,-,A,A,0,,,,Y,Y,,A,01,0,0,3,0,0,0,0,0,0,"- ","- ",,,"SAN FRANCISCO","SAN FRANCISCO",-122.41308999,37.78099993
8340755,2017,2017-04-17,3801,2017-03-02,1735,004286,RICHM,4,5,7,3801,0,0,0,,0,0G3,"GEARY ST","11TH AV",0.00,,Y,A,-,N,,,,,,,,,,N,4,0,2,2,A,-,09,21801,A,N,A,C,A,A,H,-,A,A,0,,,,,Y,,A,01,0,0,2,0,0,0,0,0,0,"- ","- ",,,"SAN FRANCISCO","SAN FRANCISCO",-122.46966,37.780829959999998
8342536,2017,2017-06-27,3801,2017-03-03,0920,640,INGLE,5,5,7,3801,0,0,0,,0,3H2A,"29TH ST","DOLORES ST",0.00,,Y,A,-,N,,,,,,,,,,N,4,0,1,2,A,-,08,22107,,N,B,G,A,A,H,-,A,A,0,,Y,,,Y,,A,01,0,0,1,0,0,0,1,0,0,"- ","- ",,,"SAN FRANCISCO","SAN FRANCISCO",-122.42446986,37.743839909999998
8342544,2017,2017-04-13,3801,2017-03-16,0048,1938,NORTH,4,5,7,3801,0,0,0,,0,3E15E,"CHESTNUT ST","FILLMORE ST",0.00,,Y,A,-,N,,,,,,,,,,N,3,0,1,3,A,-,03,22350,,N,B,G,D,A,H,-,C,A,0,Y,Y,,,Y,Y,L,04,0,1,0,0,0,0,1,0,0,"- ","- ",,,"SAN FRANCISCO","SAN FRANCISCO",-122.43623986999999,37.800829950000001
8342964,2017,2017-04-13,3801,2017-03-26,1957,529,INGLE,7,5,7,3801,0,0,0,,0,3H15D,"ALEMANY BL","FOOTE AV",0.00,,Y,C,-,N,,,,,,,,,,Y,3,0,4,2,A,-,09,21801,A,N,D,C,A,B,H,-,C,D,0,,,,,Y,,A,07,0,2,2,0,0,0,0,0,0,"- ","- ",,,"SAN FRANCISCO","SAN FRANCISCO",-122.44731993000001,37.714669899999997
8343010,2017,2017-04-13,3801,2017-02-11,1528,1113,PARK,6,5,7,3801,0,0,0,,0,3F12D,"JOHN F KENNEDY DR","CONSERVATORY DR EAST",139.00,W,N,A,-,N,,,,,,,,,,N,2,0,1,3,A,-,03,22350,,N,G,B,E,A,H,-,A,D,0,Y,,,,Y,,A,01,1,0,0,0,1,0,0,0,0,"- ","- ",,,"SAN FRANCISCO","SAN FRANCISCO",-122.45734581000001,37.771045479999998
8343016,2017,2017-04-13,3801,2017-03-26,1720,2422,BAYVI,7,5,7,3801,0,0,0,,0,3C11D,"MISSISSIPPI ST","19TH ST",58.00,S,N,C,-,N,,,,,,,,,,Y,3,0,1,2,A,-,03,22350,,N,B,C,A,B,H,-,A,-,0,,,,,Y,,A,01,0,1,0,0,0,0,0,0,0,"- ","- ",,,"SAN FRANCISCO","SAN FRANCISCO",-122.39446522,37.761271100000002