CASE_ID,ACCIDENT_YEAR,PROC_DATE,JURIS,COLLISION_DATE,COLLISION_TIME,OFFICER_ID,REPORTING_DISTRICT,DAY_OF_WEEK,CHP_SHIFT,POPULATION,CNTY_CITY_LOC,SPECIAL_COND,BEAT_TYPE,CHP_BEAT_TYPE,CITY_DIVISION_LAPD,CHP_BEAT_CLASS,BEAT_NUMBER,PRIMARY_RD,SECONDARY_RD,DISTANCE,DIRECTION,INTERSECTION,WEATHER_1,WEATHER_2,STATE_HWY_IND,CALTRANS_COUNTY,CALTRANS_DISTRICT,STATE_ROUTE,ROUTE_SUFFIX,POSTMILE_PREFIX,POSTMILE,LOCATION_TYPE,RAMP_INTERSECTION,SIDE_OF_HWY,TOW_AWAY,COLLISION_SEVERITY,NUMBER_KILLED,NUMBER_INJURED,PARTY_COUNT,PRIMARY_COLL_FACTOR,PCF_CODE_OF_VIOL,PCF_VIOL_CATEGORY,PCF_VIOLATION,PCF_VIOL_SUBSECTION,HIT_AND_RUN,TYPE_OF_COLLISION,MVIW,PED_ACTION,ROAD_SURFACE,ROAD_COND_1,ROAD_COND_2,LIGHTING,CONTROL_DEVICE,CHP_ROAD_TYPE,PEDESTRIAN_ACCIDENT,BICYCLE_ACCIDENT,MOTORCYCLE_ACCIDENT,TRUCK_ACCIDENT,NOT_PRIVATE_PROPERTY,ALCOHOL_INVOLVED,STWD_VEHTYPE_AT_FAULT,CHP_VEHTYPE_AT_FAULT,COUNT_SEVERE_INJ,COUNT_VISIBLE_INJ,COUNT_COMPLAINT_PAIN,COUNT_PED_KILLED,COUNT_PED_INJURED,COUNT_BICYCLIST_KILLED,COUNT_BICYCLIST_INJURED,COUNT_MC_KILLED,COUNT_MC_INJURED,PRIMARY_RAMP,SECONDARY_RAMP,LATITUDE,LONGITUDE,COUNTY,CITY,POINT_X,POINT_Y
8553169,2018,2018-02-14,3801,2018-01-21,0705,1574,BAYVI,7,5,7,3801,0,0,0,,0,3C15A,"KEITH ST","SHAFTER AV",0.00,,Y,A,-,N,,,,,,,,,,Y,4,0,2,2,A,-,12,22450,,F,-,C,A,A,H,-,A,A,0,,,,,Y,,A,01,0,0,2,0,0,0,0,0,0,"- ","- ",,,"SAN FRANCISCO","SAN FRANCISCO",-122.38887023925781,37.72998046875
8553181,2018,2018-03-13,3801,2018-01-17,1254,4175,NORTH,3,5,7,3801,0,0,0,,0,4B3B,"VAN NESS AV","HAYES ST",0.00,,Y,B,-,N,,,101,,,,,,,N,4,0,1,2,A,-,09,21801,A,N,B,C,A,A,D,-,A,D,0,,,,,Y,,A,01,0,0,1,0,0,0,0,0,0,"- ","- ",37.777168273925781,-122.41959381103516,"SAN FRANCISCO","SAN FRANCISCO",-122.41960144042969,37.777168273925781
8553185,2018,2018-02-13,3801,2018-01-16,1830,1469,MISSI,2,5,7,3801,0,0,0,,0,3D14D,"25TH ST","UTAH ST",0.00,,Y,A,-,N,,,,,,,,,,Y,3,0,1,11,B,-,22,,,N,B,E,A,A,H,-,C,D,0,,,,,Y,,A,01,0,1,0,0,0,0,0,0,0,"- ","- ",,,"SAN FRANCISCO","SAN FRANCISCO",-122.40519714355469,37.751800537109375
8553193,2018,2018-02-13,3801,2018-01-12,0813,203,MISSI,5,5,7,3801,0,0,0,,0,904,"14TH ST",GUERRERO,0.00,,Y,A,-,N,,,,,,,,,,N,3,0,1,2,A,-,06,21755,A,N,B,G,A,A,H,-,A,A,0,,Y,,,Y,,L,04,0,1,0,0,0,0,1,0,0,"- ","- ",,,"SAN FRANCISCO","SAN FRANCISCO",-122.42440795898438,37.768020629882812
8553195,2018,2018-02-14,3801,2018-01-08,1400,662,RICHM,1,5,7,3801,0,0,0,,0,003,"GEARY BL","6TH AV",0.00,,Y,C,-,N,,,,,,,,,,N,4,0,1,2,A,-,10,21950,A,N,G,B,B,B,H,-,A,A,0,Y,,,,Y,,-,,0,0,1,0,1,0,0,0,0,"- ","- ",,,"SAN FRANCISCO","SAN FRANCISCO",-122.46428680419922,37.781089782714844
8553209,2018,2018-02-15,3801,2018-01-11,0455,A22051,CENTR,4,5,7,3801,0,0,0,,0,3A14E,"131 BAY ST","MIDWAY ST",25.00,W,N,A,-,N,,,,,,,,,,N,3,0,1,2,A,-,11,21954,A,F,G,B,E,A,H,-,C,D,0,Y,,,,Y,,N,60,0,1,0,0,1,0,0,0,0,"- ","- ",,,"SAN FRANCISCO","SAN FRANCISCO",-122.40956878662109,37.806129455566406
8553257,2018,2018-02-15,3801,2018-01-06,0350,1246,TENDE,6,5,7,3801,0,0,0,,0,001,"MARKET ST","5TH ST",0.00,,Y,A,-,N,,,,,,,,,,N,3,0,1,2,A,-,03,22350,,F,G,B,B,B,H,-,C,A,0,Y,,,,Y,,A,01,0,1,0,0,1,0,0,0,0,"- ","- ",,,"SAN FRANCISCO","SAN FRANCISCO",-122.40805816650391,37.784000396728516
8553265,2018,2018-02-15,3801,2018-01-08,1727,887,NORTH,1,5,7,3801,0,0,0,,0,3E12C,"FELL ST",LAGUNA,5.00,W,N,C,-,N,,,,,,,,,,N,3,0,1,2,A,-,11,21950,B,N,G,B,B,B,H,-,C,A,0,Y,,,,Y,,A,01,0,1,0,0,1,0,0,0,0,"- ","- ",,,"SAN FRANCISCO","SAN FRANCISCO",-122.42606353759766,37.775539398193359
8553279,2018,2018-03-06,3801,2018-02-01,0157,1017,MISSI,4,5,7,3801,0,0,0,,0,3D13E,"21ST ST","S VAN NESS AV",0.00,,Y,A,-,N,,,,,,,,,,Y,4,0,1,2,A,-,12,21453,A,N,D,C,A,A,H,-,C,A,0,,,,,Y,,A,01,0,0,1,0,0,0,0,0,0,"- ","- ",,,"SAN FRANCISCO","SAN FRANCISCO",-122.416748046875,37.757160186767578
8553375,2017,2018-02-21,3801,2017-10-23,1553,A20689,SOUTH,1,5,7,3801,0,0,0,,0,3B14B,"MISSION ST","7TH ST",0.00,,Y,A,-,N,,,,,,,,,,Y,3,0,1,2,A,-,08,22101,D,N,D,C,A,A,H,-,A,A,0,,,Y,,Y,Y,A,01,0,1,0,0,0,0,0,0,1,"- ","- ",,,"SAN FRANCISCO","SAN FRANCISCO",-122.41089991,37.779209899999998
8555570,2018,2018-02-16,3801,2018-01-01,0842,2375,RICHM,1,5,7,3801,0,0,0,,0,6G60,"FULTON ST","12TH AV",0.00,,Y,B,-,N,,,,,,,,,,Y,2,0,2,2,A,-,03,22350,,N,D,C,A,A,H,-,A,A,0,,,Y,,Y,,C,02,1,1,0,0,0,0,0,0,1,"- ","- ",,,"SAN FRANCISCO","SAN FRANCISCO",-122.47016906738281,37.773208618164062
8555655,2018,2018-02-16,3801,2018-01-07,0159,A20991,"CO H",7,5,7,3801,0,0,0,,0,3H11E,"MISSION ST","COLLEGE AV",83.00,S,N,A,B,N,,,,,,,,,,Y,4,0,1,2,A,-,03,22350,,N,B,I,A,A,H,-,C,D,0,,,,,Y,,A,01,0,0,1,0,0,0,0,0,0,"- ","- ",,,"SAN FRANCISCO","SAN FRANCISCO",-122.42498779296875,37.735080718994141
8557524,2018,2018-03-15,3801,2018-02-07,2215,A22047,,3,5,7,3801,0,0,0,,0,0F4,"MASONIC AV","FELL ST",0.00,,Y,A,-,N,,,,,,,,,,Y,4,0,1,2,A,-,09,21801,A,N,A,C,A,A,H,-,C,A,0,,,,,Y,,A,01,0,0,1,0,0,0,0,0,0,"- ","- ",,,"SAN FRANCISCO","SAN FRANCISCO",-122.4459228515625,37.772979736328125
8558114,2018,2018-06-22,3801,2018-05-13,2233,4003,SOUTH,7,5,7,3801,0,0,0,,0,3B90,"NAVY RD","NAVY RD 65",0.00,,-,A,-,N,,,,,,,,,,N,4,0,1,2,A,-,10,21954,,N,G,B,D,A,H,-,C,D,0,Y,,,,Y,,N,60,0,0,1,0,1,0,0,0,0,"- ","- ",,,"SAN FRANCISCO","SAN FRANCISCO",-122.379795,37.729632000000002
8560085,2017,2018-02-23,3801,2017-11-28,1750,A23067,INGLE,2,5,7,3801,0,0,0,,0,3H14D,"ALEMANY BL","COTTER ST",0.00,,Y,A,-,N,,,,,,,,,,Y,4,0,3,2,A,-,10,21950,A,N,D,C,A,A,H,-,C,D,0,,,,,Y,,A,01,0,0,3,0,0,0,0,0,0,"- ","- ",,,"SAN FRANCISCO","SAN FRANCISCO",-122.43501997,37.728199920000002
8560089,2017,2018-02-23,3801,2017-11-27,1327,933,INGLE,1,5,7,3801,0,0,0,,0,3H12C,"AMAZON AV","PARIS ST",0.00,,Y,A,-,N,,,,,,,,,,N,4,0,1,2,A,-,10,21950,A,N,A,B,B,A,H,-,A,-,0,Y,,,,Y,,-,,0,0,1,0,1,0,0,0,0,"- ","- ",,,"SAN FRANCISCO","SAN FRANCISCO",-122.43874987,37.716619960000003
8562269,2018,2018-02-27,3801,2018-01-04,1400,276,MISSI,4,5,7,3801,0,0,0,,0,3D13D,"DUBOCE AV BIKEWAY","BUCHANAN ST",0.00,,Y,C,-,N,,,,,,,,,,N,3,0,1,2,A,-,21,22106,,F,C,G,A,B,H,-,A,D,0,,Y,,,Y,,A,01,0,1,0,0,0,0,1,0,0,"- ","- ",,,"SAN FRANCISCO","SAN FRANCISCO",-122.42655000000001,37.769680000000001
8568824,2018,2018-03-20,3801,2018-02-13,0835,1990,1CAR,2,5,7,3801,0,0,0,,0,1CAR,"FREMONT ST","HOWARD ST",201.00,S,N,A,-,N,,,,,,,,,,N,2,0,1,3,A,-,17,22517,,N,H,G,A,A,H,-,A,A,0,,Y,,,Y,,A,01,1,0,0,0,0,0,1,0,0,"- ","- ",,,"SAN FRANCISCO","SAN FRANCISCO",-122.39463806152344,37.788845062255859
8572482,2018,2018-03-20,3801,2018-02-27,0607,2375,RICHM,2,5,7,3801,0,0,0,,0,3G60,"MASONIC AV","GEARY BL",280.00,N,N,A,-,N,,,,,,,,,,Y,4,0,1,5,A,-,03,22350,,N,B,C,A,A,H,-,A,D,0,,,,,Y,,A,01,0,0,1,0,0,0,0,0,0,"- ","- ",,,"SAN FRANCISCO","SAN FRANCISCO",-122.44786834716797,37.782279968261719
8572483,2018,2018-03-21,3801,2018-02-11,1739,1058,INGLE,7,5,7,3801,0,0,0,,0,3H11D,"TUCKER AV","RUTLAND ST",0.00,E,N,A,-,N,,,,,,,,,,Y,4,0,1,2,A,-,01,23152,A,M,C,E,A,A,H,-,A,D,0,,,,,Y,Y,A,08,0,0,1,0,0,0,0,0,0,"- ","- ",,,"SAN FRANCISCO","SAN FRANCISCO",-122.40589904785156,37.715930938720703
8572494,2018,2018-07-23,3801,2018-02-06,1421,2743,INGLE,2,5,7,3801,0,0,0,,0,,"RT 101","3RD ST",0.00,,N,A,-,Y,SF,4,101,-,-,0.844,R,2,S,Y,4,0,1,2,A,-,08,22107,,N,B,C,A,A,H,-,A,D,0,,,,Y,Y,,A,01,0,0,1,0,0,0,0,0,0,"- ","- ",,,"SAN FRANCISCO","SAN FRANCISCO",-122.39992523193359,37.719753265380859
8572505,2018,2018-03-16,3801,2018-02-12,2150,2457,SOUTH,1,5,7,3801,0,0,0,,0,3B14E,"MISSION ST","MAIN ST",0.00,,Y,A,-,N,,,,,,,,,,N,3,0,1,2,A,-,10,21950,A,N,G,B,B,A,H,-,C,A,0,Y,,,,Y,,I,11,0,1,0,0,1,0,0,0,0,"- ","- ",,,"SAN FRANCISCO","SAN FRANCISCO",-122.39497375488281,37.791858673095703
8572506,2018,2018-03-20,3801,2018-02-22,0651,222,BAYVI,4,5,7,3801,0,0,0,,0,3C67,"BAYSHORE ST","INDUSTRIAL ST",0.00,,Y,A,-,N,,,,,,,,,,Y,4,0,2,2,A,-,09,21453,C,N,A,C,A,A,H,-,A,A,0,,,,,Y,,D,22,0,0,2,0,0,0,0,0,0,"- ","- ",,,"SAN FRANCISCO","SAN FRANCISCO",-122.40695953369141,37.737998962402344
8572808,2018,2018-03-14,3801,2018-02-06,1408,185,BAYVI,2,5,7,3801,0,0,0,,0,3D44C,"LOOMIS ST","MCKINNON AV",0.00,,Y,A,-,N,,,,,,,,,,N,4,0,1,2,A,-,03,22350,,F,A,E,A,A,H,-,A,D,0,,,,,Y,Y,-,,0,0,1,0,0,0,0,0,0,"- ","- ",,,"SAN FRANCISCO","SAN FRANCISCO",-122.40322113037109,37.743808746337891
8572816,2018,2018-03-14,3801,2018-02-04,1806,2095,COD,7,5,7,3801,0,0,0,,0,901,"DIAMOND ST","19TH ST",187.00,N,N,A,-,N,,,,,,,,,,N,2,0,1,2,A,-,03,22350,,N,B,G,A,A,H,-,C,D,0,,Y,,,Y,,L,04,1,0,0,0,0,0,1,0,0,"- ","- ",,,"SAN FRANCISCO","SAN FRANCISCO",-122.43707275390625,37.759662628173828
8572824,2018,2018-03-14,3801,2018-02-03,0157,A21523,NORTH,6,5,7,3801,0,0,0,,0,3E15E,"GOUGH ST","OAK ST",0.00,,Y,A,-,N,,,,,,,,,,Y,3,0,1,2,A,-,12,21453,A,N,D,C,A,A,H,-,C,A,0,,,,,Y,,A,01,0,1,0,0,0,0,0,0,0,"- ","- ",,,"SAN FRANCISCO","SAN FRANCISCO",-122.42259216308594,37.775020599365234
8572832,2018,2018-03-14,3801,2018-02-04,1722,611,SOUTH,7,5,7,3801,0,0,0,,0,3B14B,"1ST ST","FOLSOM ST",52.00,S,N,A,-,N,,,,,,,,,,Y,4,0,1,1,A,-,08,22101,D,F,E,I,A,A,H,-,A,A,0,,,,,Y,,A,01,0,0,1,0,0,0,0,0,0,"- ","- ",,,"SAN FRANCISCO","SAN FRANCISCO",-122.39434051513672,37.787220001220703
8572868,2018,2018-03-20,3801,2018-02-02,2104,649,RICHM,5,5,7,3801,0,0,0,,0,3G15E,"FULTON ST","33RD AV",0.00,,Y,A,-,N,,,,,,,,,,Y,4,0,2,2,A,-,09,21801,A,N,D,C,A,A,H,-,C,A,0,,,,,Y,Y,A,01,0,0,2,0,0,0,0,0,0,"- ","- ",,,"SAN FRANCISCO","SAN FRANCISCO",-122.49278259277344,37.772178649902344
8572872,2018,2018-03-14,3801,2018-02-03,0012,1837,BAYVI,6,5,7,3801,0,0,0,,0,11E,"DE HARO ST","19TH ST",25.00,N,N,A,-,N,,,,,,,,,,N,4,0,1,1,D,-,00,,,N,F,A,A,A,H,-,C,D,0,,Y,,,Y,,-,"- ",0,0,1,0,0,0,1,0,0,"- ","- ",,,"SAN FRANCISCO","SAN FRANCISCO",-122.40120697021484,37.761096954345703
8572898,2018,2018-03-20,3801,2018-02-15,1520,2209,3801,4,5,7,3801,0,0,0,,0,3D16C,"HARRISON ST","ALAMEDA ST",0.00,,-,A,-,N,,,,,,,,,,Y,4,0,1,4,A,-,03,22350,,N,C,E,A,A,H,-,A,D,0,,,,,Y,,A,01,0,0,1,0,0,0,0,0,0,"- ","- ",,,"SAN FRANCISCO","SAN FRANCISCO",-122.41338348388672,37.768051147460938
8573766,2018,2018-04-04,3801,2018-02-25,2145,A22852,MISSI,7,5,7,3801,0,0,0,,0,3D11E,"MARKET ST","NOE ST",0.00,,Y,A,-,N,,,,,,,,,,Y,4,0,1,2,A,-,09,21801,A,N,D,C,A,A,H,-,C,A,0,,,Y,,Y,,A,01,0,0,1,0,0,0,0,0,1,"- ","- ",,,"SAN FRANCISCO","SAN FRANCISCO",-122.43314361572266,37.764240264892578
8573778,2018,2018-03-13,3801,2018-02-14,1546,310,TARAV,3,5,7,3801,0,0,0,,0,3I15B,"SUNSET BL","SLOAT BL",10.00,N,N,A,-,N,,,,,,,,,,Y,3,0,1,1,A,-,03,22350,,N,A,I,A,A,H,-,A,A,0,,,,,Y,,A,07,0,1,0,0,0,0,0,0,0,"- ","- ",,,"SAN FRANCISCO","SAN FRANCISCO",-122.49396514892578,37.734039306640625
8573784,2018,2018-03-21,3801,2018-02-17,1400,3E15C,NOTHE,6,5,7,3801,0,0,0,,0,3E15C,"ALHAMBRA ST","PIERCE ST",0.00,,Y,A,-,N,,,,,,,,,,Y,3,0,1,3,A,-,12,22450,A,F,D,C,A,A,H,-,A,A,0,,,,,Y,,A,01,0,1,0,0,0,0,0,0,0,"- ","- ",,,"SAN FRANCISCO","SAN FRANCISCO",-122.43968963623047,37.801540374755859
8573801,2018,2018-08-08,3801,2018-02-21,1715,916,BAYVI,3,5,7,3801,0,0,0,,0,3C11D,"RT 280","CESAR CHAVEZ ST",3.00,S,N,A,-,Y,SF,4,280,-,R,5.182,R,4,N,N,4,0,1,2,A,-,04,21703,,N,C,C,A,A,H,-,A,A,0,,,,,Y,,A,01,0,0,1,0,0,0,0,0,0,NF,"- ",,,"SAN FRANCISCO","SAN FRANCISCO",-122.39586639404297,37.743991851806641
8573802,2018,2018-03-13,3801,2018-02-07,1545,642,SOUTH,3,5,7,3801,0,0,0,,0,001,"EMBARCADERO ST","TOWNSEND ST",50.00,N,N,A,-,N,,,,,,,,,,Y,3,0,1,2,A,-,07,21658,A,N,B,C,A,A,H,-,A,A,0,,,Y,,Y,,A,01,0,1,0,0,0,0,0,0,1,"- ","- ",,,"SAN FRANCISCO","SAN FRANCISCO",-122.38839721679688,37.781959533691406
8573807,2018,2018-03-14,3801,2018-02-17,0221,327,SOUTH,6,5,7,3801,0,0,0,,0,0B4,"10TH ST","BRYANT ST",0.00,,Y,A,-,N,,,,,,,,,,,4,0,2,2,A,-,09,21801,A,N,B,C,A,A,H,-,C,A,0,,,,,Y,,A,01,0,0,2,0,0,0,0,0,0,"- ","- ",,,"SAN FRANCISCO","SAN FRANCISCO",-122.40973663330078,37.770339965820312
8573811,2018,2018-03-14,3801,2018-02-22,1042,417,SOUTH,4,5,7,3801,0,0,0,,0,3B12D,"SPEAR ST","HOWARD ST",0.00,,Y,A,G,N,,,,,,,,,,,4,0,2,2,A,-,09,21801,B,N,D,C,A,A,H,-,A,A,0,,,,,Y,,A,01,0,0,2,0,0,0,0,0,0,"- ","- ",,,"SAN FRANCISCO","SAN FRANCISCO",-122.39254760742188,37.79132080078125
8573812,2018,2018-03-14,3801,2018-02-22,1122,4341,PARK,4,5,7,3801,0,0,0,,0,3F60,"FELL ST","BAKER ST",161.00,E,N,A,-,N,,,,,,,,,,N,4,0,1,2,A,-,08,22107,,N,D,G,A,A,H,-,A,A,0,,Y,,,Y,,A,01,0,0,1,0,0,0,1,0,0,"- ","- ",,,"SAN FRANCISCO","SAN FRANCISCO",-122.44038391113281,37.773693084716797
8573825,2018,2018-04-09,3801,2018-02-17,2313,696,BAYVI,6,5,7,3801,0,0,0,,0,3C11E,"SAN BRUNO AV","SILVER AV",45.00,N,N,A,-,N,,,,,,,,,,Y,3,0,5,3,A,-,03,22350,,N,C,C,A,A,H,-,C,A,0,,,,,Y,,A,01,0,1,4,0,0,0,0,0,0,"- ","- ",,,"SAN FRANCISCO","SAN FRANCISCO",-122.40568542480469,37.732563018798828
8573826,2018,2018-03-15,3801,2018-02-28,1547,386,TENDE,3,5,7,3801,0,0,0,,0,3J11D,"EDDY ST","POLK ST",150.00,E,N,A,-,N,,,,,,,,,,N,4,0,1,2,A,-,11,21955,,N,G,B,D,A,H,-,A,A,0,Y,,,,Y,,N,60,0,0,1,0,1,0,0,0,0,"- ","- ",,,"SAN FRANCISCO","SAN FRANCISCO",-122.41867065429688,37.783149719238281
8573827,2018,2018-03-14,3801,2018-02-22,1242,1190,MISSI,4,5,7,3801,0,0,0,,0,3D13C,"CHURCH ST","CLIPPER ST",18.00,N,N,A,-,N,,,,,,,,,,N,3,0,1,1,A,-,05,21650,1,N,H,-,A,A,H,-,A,A,0,,Y,,,Y,,L,04,0,1,0,0,0,0,1,0,0,"- ","- ",,,"SAN FRANCISCO","SAN FRANCISCO",-122.42723083496094,37.749340057373047
8573831,2018,2018-03-14,3801,2018-02-07,1953,321,RICHM,3,5,7,3801,0,0,0,,0,3G15D,"FULTON ST","30TH AV",0.00,,Y,A,-,N,,,,,,,,,,Y,4,0,2,2,A,-,08,22100,B,N,A,C,A,A,H,-,C,A,0,,,,,Y,,A,01,0,0,2,0,0,0,0,0,0,"- ","- ",,,"SAN FRANCISCO","SAN FRANCISCO",-122.48954010009766,37.772331237792969
8573832,2018,2018-03-14,3801,2018-02-04,2153,392,TENDE,7,5,7,3801,0,0,0,,0,3J13E,"GOLDEN GATE AV","LEAVENWORTH ST",37.00,W,N,A,-,N,,,,,,,,,,N,4,0,1,2,A,-,03,22350,,F,-,C,A,A,H,-,C,A,0,,,,,Y,,A,01,0,0,1,0,0,0,0,0,0,"- ","- ",,,"SAN FRANCISCO","SAN FRANCISCO",-122.41398620605469,37.781852722167969
8573833,2018,2018-03-14,3801,2018-02-10,1427,2365,RICHM,6,5,7,3801,0,0,0,,0,3G14A,"JOHN F KENNEDY DR","30TH AV",1056.00,E,N,A,-,N,,,,,,,,,,N,4,0,1,2,A,-,09,21801,A,N,D,G,A,A,H,-,A,D,0,,Y,,,Y,,A,01,0,0,1,0,0,0,1,0,0,"- ","- ",,,"SAN FRANCISCO","SAN FRANCISCO",-122.48625946044922,37.770595550537109
8573841,2018,2018-03-14,3801,2018-02-08,2104,4102,NORTH,4,5,7,3801,0,0,0,,0,,"FRANKLIN ST","BROADWAY ST",0.00,,Y,A,-,N,,,,,,,,,,Y,2,0,2,2,A,-,08,22107,,N,B,C,A,A,H,-,C,A,0,,,,,Y,,A,01,1,0,1,0,0,0,0,0,0,"- ","- ",,,"SAN FRANCISCO","SAN FRANCISCO",-122.42503356933594,37.795528411865234
8573842,2018,2018-03-14,3801,2018-02-02,0940,897,CENTR,5,5,7,3801,0,0,0,,0,3A14B,"BAY ST","KEARNY ST",0.00,,Y,A,-,N,,,,,,,,,,N,4,0,1,2,A,-,08,22107,,N,D,G,A,A,H,-,A,A,0,,Y,,,Y,,A,01,0,0,1,0,0,0,1,0,0,"- ","- ",,,"SAN FRANCISCO","SAN FRANCISCO",-122.40717315673828,37.806438446044922
8573843,2018,2018-03-15,3801,2018-02-23,1611,A21077,SOUTH,5,5,7,3801,0,0,0,,0,1CAR,"SPEAR ST","HOWARD ST",0.00,,Y,A,-,N,,,,,,,,,,N,4,0,1,2,A,-,09,21801,,N,D,G,A,A,H,-,A,A,0,,Y,,,Y,,A,01,0,0,1,0,0,0,1,0,0,"- ","- ",,,"SAN FRANCISCO","SAN FRANCISCO",-122.39254760742188,37.79132080078125
8573848,2018,2018-03-16,3801,2018-02-17,1854,1613,MISSI,6,5,7,3801,0,0,0,,0,003,"19TH ST","OAKWOOD ST",30.00,E,N,A,-,N,,,,,,,,,,N,3,0,1,1,A,-,03,22350,,N,H,A,A,A,H,-,C,D,0,,,Y,,Y,Y,C,06,0,1,0,0,0,0,0,0,1,"- ","- ",,,"SAN FRANCISCO","SAN FRANCISCO",-122.42475891113281,37.759914398193359
8573849,2018,2018-03-14,3801,2018-02-24,2248,715,CENTR,6,5,7,3801,0,0,0,,0,3A60,"BUCHANAN ST","FELL ST",0.00,,Y,A,-,N,,,,,,,,,,Y,4,0,1,4,A,-,03,22350,,F,H,C,A,A,H,-,C,A,0,,,,,Y,,A,01,0,0,1,0,0,0,0,0,0,"- ","- ",,,"SAN FRANCISCO","SAN FRANCISCO",-122.42771148681641,37.77532958984375
8573877,2018,2018-03-14,3801,2018-02-22,1807,887,NORTH,4,5,7,3801,0,0,0,,0,3E12D,"POLK ST","CALIFORNIA ST",15.00,S,N,A,G,N,,,,,,,,,,,4,0,1,2,A,-,08,22107,,F,B,G,A,A,H,-,C,A,0,,Y,,,Y,,A,07,0,0,1,0,0,0,1,0,0,"- ","- ",,,"SAN FRANCISCO","SAN FRANCISCO",-122.42066955566406,37.790531158447266
8573893,2018,2018-03-14,3801,2018-02-27,2100,2704,PARK,2,5,7,3801,0,0,0,,0,,"MASONIC ST","GROVE ST",0.00,,Y,A,-,N,,,,,,,,,,N,4,0,1,2,A,-,11,21950,B,N,G,B,B,A,H,-,C,A,0,Y,,,,Y,,N,60,0,0,1,0,1,0,0,0,0,"- ","- ",,,"SAN FRANCISCO","SAN FRANCISCO",-122.4462890625,37.774860382080078
8573899,2018,2018-03-15,3801,2018-02-19,1720,1817,CENTR,1,5,7,3801,0,0,0,,0,3A5D,"MARKET ST","3RD ST",20.00,N,N,A,-,N,,,,,,,,,,N,3,0,1,3,A,-,17,22517,,N,B,G,A,-,H,-,A,A,0,,Y,,,Y,,-,,0,1,0,0,0,0,1,0,0,"- ","- ",,,"SAN FRANCISCO","SAN FRANCISCO",-122.40341186523438,37.787696838378906
8573901,2018,2018-07-16,3801,2018-02-06,1304,299,RICHM,2,5,7,3801,0,0,0,,0,3G13A,"GEARY BL","6TH AV",0.00,,Y,A,-,N,,,,,,,,,,N,4,0,1,2,A,-,12,21453,A,N,D,C,A,A,H,-,A,A,0,,,,,Y,,A,01,0,0,1,0,0,0,0,0,0,"- ","- ",,,"SAN FRANCISCO","SAN FRANCISCO",-122.46428680419922,37.781089782714844
8573911,2018,2018-03-24,3801,2018-02-19,0140,2415,SOUTH,1,5,7,3801,0,0,0,,0,3B13E,"7TH ST","NATOMA ST",0.00,,Y,A,-,N,,,,,,,,,,N,4,0,1,2,A,-,08,22107,,N,D,G,A,A,H,-,C,A,0,,Y,,,Y,,A,01,0,0,1,0,0,0,1,0,0,"- ","- ",,,"SAN FRANCISCO","SAN FRANCISCO",-122.40989685058594,37.778400421142578
8574355,2018,2018-03-20,3801,2018-02-21,1105,319,RICHM,3,5,7,3801,0,0,0,,0,3G13A,"10TH AV","CLEMENT ST",0.00,,N,A,-,N,,,,,,,,,,N,3,0,1,1,A,-,03,22350,,N,H,A,A,A,H,-,A,D,0,,Y,,,Y,,J,48,0,1,0,0,0,0,1,0,0,"- ","- ",,,"SAN FRANCISCO","SAN FRANCISCO",-122.46871185302734,37.782730102539062
8574841,2018,2018-04-19,3801,2018-03-30,0026,830,SOUTH,5,5,7,3801,0,0,0,,0,3B13E,"BRANNAN ST","BRANNAN ST 868",0.00,,-,A,-,N,,,,,,,,,,Y,4,0,1,3,A,-,08,22107,,N,C,C,A,A,H,-,C,D,0,,,,,Y,,M,97,0,0,1,0,0,0,0,0,0,"- ","- ",,,"SAN FRANCISCO","SAN FRANCISCO",-122.404146,37.772303999999998
8575274,2018,2018-03-13,3801,2018-02-20,1322,381,3801,2,5,7,3801,0,0,0,,0,3E14C,"GEARY BL","FILLMORE ST",0.00,,Y,A,-,N,,,,,,,,,,N,4,0,2,2,A,-,12,21453,A,N,D,C,A,A,H,-,A,A,0,,,,,Y,,A,01,0,0,2,0,0,0,0,0,0,"- ","- ",,,"SAN FRANCISCO","SAN FRANCISCO",-122.43295288085938,37.784530639648438
8593774,2018,2018-05-29,3801,2018-03-02,1720,4041,TARAV,5,5,7,3801,0,0,0,,0,3116D,"SAN JOSE AV","DE LONG ST",0.00,,Y,B,-,N,,,,,,,,,,N,4,0,2,2,A,-,08,22100,B,N,B,C,A,B,H,-,A,D,0,,,,Y,Y,,F,26,0,0,2,0,0,0,0,0,0,"- ","- ",,,"SAN FRANCISCO","SAN FRANCISCO",-122.45767974853516,37.709529876708984
8593834,2018,2018-04-27,3801,2018-03-04,2153,A21530,INGLE,7,5,7,3801,0,0,0,,0,3H4E,"ALEMANY BL","NAGLEE AV",0.00,,Y,A,-,N,,,,,,,,,,N,4,0,3,3,A,-,03,22350,,N,C,C,A,A,H,-,C,A,0,,,,,Y,,A,01,0,0,3,0,0,0,0,0,0,"- ","- ",,,"SAN FRANCISCO","SAN FRANCISCO",-122.44901275634766,37.713939666748047
8594293,2018,2018-04-24,3801,2018-03-22,1716,274,MISSI,4,5,7,3801,0,0,0,,0,3D45C,"16TH ST","MISSION ST",35.00,E,N,A,-,N,,,,,,,,,,N,4,0,1,2,A,-,07,21658,,N,B,E,A,A,-,-,A,A,0,,,,,Y,,A,01,0,0,1,0,0,0,0,0,0,"- ","- ",,,"SAN FRANCISCO","SAN FRANCISCO",-122.41954803466797,37.765056610107422