CASE_ID,ACCIDENT_YEAR,PROC_DATE,JURIS,COLLISION_DATE,COLLISION_TIME,OFFICER_ID,REPORTING_DISTRICT,DAY_OF_WEEK,CHP_SHIFT,POPULATION,CNTY_CITY_LOC,SPECIAL_COND,BEAT_TYPE,CHP_BEAT_TYPE,CITY_DIVISION_LAPD,CHP_BEAT_CLASS,BEAT_NUMBER,PRIMARY_RD,SECONDARY_RD,DISTANCE,DIRECTION,INTERSECTION,WEATHER_1,WEATHER_2,STATE_HWY_IND,CALTRANS_COUNTY,CALTRANS_DISTRICT,STATE_ROUTE,ROUTE_SUFFIX,POSTMILE_PREFIX,POSTMILE,LOCATION_TYPE,RAMP_INTERSECTION,SIDE_OF_HWY,TOW_AWAY,COLLISION_SEVERITY,NUMBER_KILLED,NUMBER_INJURED,PARTY_COUNT,PRIMARY_COLL_FACTOR,PCF_CODE_OF_VIOL,PCF_VIOL_CATEGORY,PCF_VIOLATION,PCF_VIOL_SUBSECTION,HIT_AND_RUN,TYPE_OF_COLLISION,MVIW,PED_ACTION,ROAD_SURFACE,ROAD_COND_1,ROAD_COND_2,LIGHTING,CONTROL_DEVICE,CHP_ROAD_TYPE,PEDESTRIAN_ACCIDENT,BICYCLE_ACCIDENT,MOTORCYCLE_ACCIDENT,TRUCK_ACCIDENT,NOT_PRIVATE_PROPERTY,ALCOHOL_INVOLVED,STWD_VEHTYPE_AT_FAULT,CHP_VEHTYPE_AT_FAULT,COUNT_SEVERE_INJ,COUNT_VISIBLE_INJ,COUNT_COMPLAINT_PAIN,COUNT_PED_KILLED,COUNT_PED_INJURED,COUNT_BICYCLIST_KILLED,COUNT_BICYCLIST_INJURED,COUNT_MC_KILLED,COUNT_MC_INJURED,PRIMARY_RAMP,SECONDARY_RAMP,LATITUDE,LONGITUDE,COUNTY,CITY,POINT_X,POINT_Y
8594427,2018,2018-05-16,3801,2018-03-17,0141,672/1718,BAYVI,6,5,7,3801,0,0,0,,0,3C15E,"3RD ST","EVANS AV",80.00,S,N,B,-,N,,,,,,,,,,Y,4,0,1,2,D,-,00,,,N,B,C,A,B,H,-,C,D,0,,,,,Y,,-,"- ",0,0,1,0,0,0,0,0,0,"- ","- ",,,"SAN FRANCISCO","SAN FRANCISCO",-122.38808441162109,37.742519378662109
8594438,2018,2018-05-16,3801,2018-03-03,1330,2450,3H3C,6,5,7,3801,0,0,0,,0,INGLES,"SAN JOSE AV","CAPISTRANO AV",0.00,,Y,A,-,N,,,,,,,,,,Y,3,0,1,2,A,-,09,21804,A,N,D,C,A,A,H,-,A,D,0,,,Y,,Y,,A,01,0,1,0,0,0,0,0,0,1,"- ","- ",,,"SAN FRANCISCO","SAN FRANCISCO",-122.43846130371094,37.729930877685547
8594563,2018,2018-04-26,3801,2018-03-09,0857,30,NORTH,5,5,7,3801,0,0,0,,0,3E11A,"PAGE ST","OCTAVIA ST",177.00,W,N,A,-,N,,,,,,,,,,,4,0,1,2,A,-,05,21460,A,N,D,G,A,A,H,-,A,D,0,,Y,,,Y,,-,,0,0,1,0,0,0,1,0,0,"- ","- ",,,"SAN FRANCISCO","SAN FRANCISCO",-122.42471313476562,37.773796081542969
8594567,2018,2018-04-26,3801,2018-03-05,1413,A21529,PARK,1,5,7,3801,0,0,0,,0,3F3B,"STANYAN ST","HAYES ST",3.00,S,N,A,-,N,,,,,,,,,,N,3,0,1,2,A,-,10,21950,A,N,G,B,B,A,H,-,A,A,0,Y,,,,Y,,D,22,0,1,0,0,1,0,0,0,0,"- ","- ",,,"SAN FRANCISCO","SAN FRANCISCO",-122.45429992675781,37.772861480712891
8594574,2018,2018-04-20,3801,2018-03-11,2154,33,RICHM,7,5,7,3801,0,0,0,,0,003,"PARK PRESIDIO BL","BALBOA ST",38.00,S,N,A,-,N,,,,,,,,,,N,4,0,1,3,A,-,04,21703,,N,C,C,A,A,H,-,C,A,0,,,,,Y,,A,01,0,0,1,0,0,0,0,0,0,"- ","- ",,,"SAN FRANCISCO","SAN FRANCISCO",-122.47205352783203,37.776744842529297
8594582,2018,2018-04-20,3801,2018-03-11,1912,367,MISSI,7,5,7,3801,0,0,0,,0,3D00,"22ND ST","HAMPSHIRE ST",0.00,,Y,A,-,N,,,,,,,,,,N,4,0,4,2,A,-,09,21800,A,N,D,C,A,A,H,-,B,D,0,,,,,Y,,A,01,0,0,4,0,0,0,0,0,0,"- ","- ",,,"SAN FRANCISCO","SAN FRANCISCO",-122.40760803222656,37.756118774414062
8594583,2018,2018-05-08,3801,2018-03-02,0345,455,,5,5,7,3801,0,0,0,,0,901,"6TH ST","STEVENSON ST",0.00,,Y,A,-,N,,,,,,,,,,N,4,0,1,2,A,-,10,21950,A,F,G,B,B,A,H,-,C,D,0,Y,,,,Y,,A,01,0,0,1,0,1,0,0,0,0,"- ","- ",,,"SAN FRANCISCO","SAN FRANCISCO",-122.40966796875,37.781768798828125
8594599,2018,2018-04-26,3801,2018-03-03,1737,826,BAYVI,6,5,7,3801,0,0,0,,0,3C15D,"HAWES ST","REVERE AV",0.00,,Y,B,-,N,,,,,,,,,,N,4,0,1,2,A,-,12,22450,A,F,D,C,A,A,H,-,B,A,0,,,,,Y,Y,A,01,0,0,1,0,0,0,0,0,0,"- ","- ",,,"SAN FRANCISCO","SAN FRANCISCO",-122.3826904296875,37.727409362792969
8594608,2018,2018-04-20,3801,2018-03-08,1700,A20688,SOUTH,4,5,7,3801,0,0,0,,0,3B13A,"BRANNAN ST","6TH ST",0.00,,Y,B,F,N,,,,,,,,,,N,4,0,1,2,D,-,00,,,N,G,B,B,A,H,-,A,A,0,Y,,,,Y,,-,"- ",0,0,1,0,1,0,0,0,0,"- ","- ",,,"SAN FRANCISCO","SAN FRANCISCO",-122.40096282958984,37.774829864501953
8594614,2018,2018-04-20,3801,2018-03-02,1804,1420,INGLE,5,5,7,3801,0,0,0,,0,,"SAN JOSE AV","RANDALL ST",8.00,S,N,C,-,N,,,,,,,,,,Y,4,0,1,2,A,-,11,21950,B,N,D,B,B,B,H,-,C,A,0,Y,,,,Y,,N,60,0,0,1,0,1,0,0,0,0,"- ","- ",37.739971160888672,-122.42400360107422,"SAN FRANCISCO","SAN FRANCISCO",-122.42426300048828,37.739837646484375
8594804,2018,2018-05-09,3801,2018-03-15,1816,386,TENDE,4,5,7,3801,0,0,0,,0,3J11D,"MARKET ST","10TH ST",230.00,W,N,C,-,N,,,,,,,,,,N,4,0,1,2,A,-,06,21755,A,N,H,G,A,B,H,-,B,D,0,,Y,,,Y,,L,04,0,0,1,0,0,0,1,0,0,"- ","- ",,,"SAN FRANCISCO","SAN FRANCISCO",-122.4180908203125,37.776081085205078
8594810,2018,2018-04-23,3801,2018-03-22,1945,386,TENDE,4,5,7,3801,0,0,0,,0,3J12D,"JESSIE ST","6TH ST",4.00,E,N,A,-,N,,,,,,,,,,N,2,0,1,2,A,-,00,20001,A,F,G,B,B,A,H,-,C,D,0,Y,,,,Y,Y,-,,1,0,0,0,1,0,0,0,0,"- ","- ",,,"SAN FRANCISCO","SAN FRANCISCO",-122.40920257568359,37.781406402587891
8594818,2018,2018-04-24,3801,2018-03-22,1649,2056,CENTR,4,5,7,3801,0,0,0,,0,0A5,"CALIFORNIA ST","DAVIS ST",0.00,,Y,A,-,N,,,,,,,,,,N,4,0,2,2,D,-,00,,,N,C,C,A,A,H,-,A,A,0,,,,,Y,,-,"- ",0,0,2,0,0,0,0,0,0,"- ","- ",,,"SAN FRANCISCO","SAN FRANCISCO",-122.39762878417969,37.793498992919922
8594835,2018,2018-05-02,3801,2018-03-18,0223,198,RICHM,7,5,7,3801,0,0,0,,0,3G13E,"FULTON ST","5TH AV",0.00,,Y,A,-,N,,,,,,,,,,Y,4,0,1,5,A,-,01,23152,B,N,B,E,A,B,H,-,C,A,0,,,,,Y,Y,A,01,0,0,1,0,0,0,0,0,0,"- ","- ",,,"SAN FRANCISCO","SAN FRANCISCO",-122.46269226074219,37.773761749267578
8594847,2018,2018-04-27,3801,2018-03-17,1708,1782,TENDE,6,5,7,3801,0,0,0,,0,3J12D,"TURK ST","JONES ST",0.00,,Y,A,-,N,,,,,,,,,,N,4,0,1,2,A,-,05,21202,A,N,B,G,A,A,H,-,A,A,0,,Y,,,Y,,L,04,0,0,1,0,0,0,1,0,0,"- ","- ",,,"SAN FRANCISCO","SAN FRANCISCO",-122.41240692138672,37.783000946044922
8594859,2018,2018-05-04,3801,2018-03-17,1238,859,BAYVI,6,5,7,3801,0,0,0,,0,03C,"BAYSHORE BL","MARIN ST",0.00,,Y,B,-,N,,,,,,,,,,Y,3,0,1,2,A,-,04,21703,,N,C,D,A,-,H,-,A,D,0,,,Y,,Y,,C,03,0,1,0,0,0,0,0,0,1,"- ","- ",,,"SAN FRANCISCO","SAN FRANCISCO",-122.40351867675781,37.748119354248047
8594872,2018,2018-05-09,3801,2018-03-07,1855,2059,CENTR,3,5,7,3801,0,0,0,,0,3A3D,"MASON ST","NORTH POINT ST",0.00,,Y,A,-,N,,,,,,,,,,N,2,0,1,2,A,-,00,21955,B,F,G,B,D,A,H,-,C,A,0,Y,,,,Y,,N,60,1,0,0,0,1,0,0,0,0,"- ","- ",,,"SAN FRANCISCO","SAN FRANCISCO",-122.41378021240234,37.80657958984375
8595080,2018,2018-04-25,3801,2018-02-27,1445,A00628,TARAV,2,5,7,3801,0,0,0,,0,3I1B,"GOUGH ST","PINE ST",0.00,,N,A,-,N,,,,,,,,,,N,3,0,1,3,A,-,09,21801,A,N,C,E,A,A,H,-,A,D,0,,,Y,,Y,,A,01,0,1,0,0,0,0,0,0,1,"- ","- ",,,"SAN FRANCISCO","SAN FRANCISCO",-122.42542266845703,37.789009094238281
8597203,2018,2018-04-18,3801,2018-03-20,1641,608,MISSI,2,5,7,3801,0,0,0,,0,001,"CHURCH ST","LIBERTY ST",0.00,,Y,B,-,N,,,,,,,,,,N,4,0,1,1,A,-,03,22350,,N,H,A,A,B,H,-,A,D,0,,,Y,,Y,,C,03,0,0,1,0,0,0,0,0,1,"- ","- ",,,"SAN FRANCISCO","SAN FRANCISCO",-122.42796325683594,37.757301330566406
8597208,2018,2018-04-18,3801,2018-03-12,1905,195,NORTH,1,5,7,3801,0,0,0,,0,4CAR,"BROADWAY ST","LAGUNA ST",0.00,,Y,C,-,N,,,,,,,,,,N,2,0,1,2,A,-,10,21950,A,N,G,B,B,B,H,-,B,D,0,Y,,,,Y,,A,01,1,0,0,0,1,0,0,0,0,"- ","- ",,,"SAN FRANCISCO","SAN FRANCISCO",-122.42997741699219,37.794891357421875
8597210,2018,2018-04-19,3801,2018-03-30,1932,1113,MISSI,5,5,7,3801,0,0,0,,0,3D15D,"GUERRERO ST","14TH ST",0.00,,Y,A,-,N,,,,,,,,,,N,2,0,1,2,A,-,11,21950,B,N,G,B,D,A,H,-,B,A,0,Y,,,,Y,,N,60,1,0,0,0,1,0,0,0,0,"- ","- ",,,"SAN FRANCISCO","SAN FRANCISCO",-122.42440795898438,37.768020629882812
8597215,2018,2018-04-18,3801,2018-03-02,0407,1026,NORTH,5,5,7,3801,0,0,0,,0,3E13E,"VAN NESS AV","OFARRELL ST",25.00,E,N,A,-,N,,,,,,,,,,N,4,0,2,2,A,-,12,21453,A,N,D,C,A,A,H,-,C,A,0,,,,,Y,,A,01,0,0,2,0,0,0,0,0,0,"- ","- ",,,"SAN FRANCISCO","SAN FRANCISCO",-122.42124938964844,37.784671783447266
8597222,2018,2018-04-19,3801,2018-03-28,1707,A22200,MISSI,3,5,7,3801,0,0,0,,0,3DL3D,"VALENCIA ST","15TH ST",0.00,,Y,A,-,N,,,,,,,,,,N,3,0,1,2,A,-,08,22107,,F,D,G,A,A,H,-,A,A,0,,Y,,,Y,,A,01,0,1,0,0,0,0,1,0,0,"- ","- ",,,"SAN FRANCISCO","SAN FRANCISCO",-122.42202758789062,37.766529083251953
8597227,2018,2018-04-18,3801,2018-03-20,1100,A10359,TARAV,2,5,7,3801,0,0,0,,0,3I13A,"LAKE MERCED BL","MIDDLEFIELD DR",0.00,,Y,B,C,N,,,,,,,,,,Y,3,0,1,2,A,-,09,21801,A,N,D,C,A,B,H,-,A,A,0,,,,,Y,,A,01,0,1,0,0,0,0,0,0,0,"- ","- ",,,"SAN FRANCISCO","SAN FRANCISCO",-122.48658752441406,37.729591369628906
8597230,2018,2018-04-19,3801,2018-03-28,0842,1340,RICMO,3,5,7,3801,0,0,0,,0,3G12A,"COLLINS ST","GEARY BL",9.00,S,N,A,-,N,,,,,,,,,,N,4,0,1,2,A,-,10,21950,A,N,G,B,B,A,H,-,A,A,0,Y,,,,Y,,D,22,0,0,1,0,1,0,0,0,0,"- ","- ",,,"SAN FRANCISCO","SAN FRANCISCO",-122.45011901855469,37.782154083251953
8597232,2018,2018-04-18,3801,2018-03-14,0815,2239,INGLE,3,5,7,3801,0,0,0,,0,3H12C,"DOLORES ST","27TH ST",0.00,,Y,C,-,N,,,,,,,,,,N,4,0,1,2,A,-,10,21950,A,N,A,B,B,B,H,-,A,A,0,Y,,,,Y,,A,01,0,0,1,0,1,0,0,0,0,"- ","- ",,,"SAN FRANCISCO","SAN FRANCISCO",-122.42474365234375,37.747028350830078
8597233,2018,2018-04-18,3801,2018-03-24,2015,1092,RICHM,6,5,7,3801,0,0,0,,0,3G4D,"FULTON ST","18TH AV",0.00,,Y,C,-,N,,,,,,,,,,N,4,0,1,2,A,-,04,21703,,N,C,C,A,B,-,-,C,A,0,,,,,Y,,A,01,0,0,1,0,0,0,0,0,0,"- ","- ",,,"SAN FRANCISCO","SAN FRANCISCO",-122.47669982910156,37.772899627685547
8597246,2018,2018-04-18,3801,2018-03-28,1951,564,NORTH,3,5,7,3801,0,0,0,,0,002,"FILLMORE ST","GOLDEN GATE AV",34.00,S,N,A,-,N,,,,,,,,,,Y,3,0,1,3,A,-,01,23152,A,N,C,E,A,A,H,-,C,D,0,,,,,Y,Y,A,07,0,1,0,0,0,0,0,0,0,"- ","- ",,,"SAN FRANCISCO","SAN FRANCISCO",-122.43192291259766,37.779468536376953
8597250,2018,2018-04-19,3801,2018-03-27,2053,1279,BAYVI,2,5,7,3801,0,0,0,,0,3C11D,"BAYSHORE BL","JERROLD AV",0.00,,Y,A,-,N,,,,,,,,,,N,4,0,1,2,A,-,03,22350,,F,D,C,A,A,H,-,C,A,0,,,,,Y,,A,01,0,0,1,0,0,0,0,0,0,"- ","- ",,,"SAN FRANCISCO","SAN FRANCISCO",-122.40361785888672,37.747390747070312
8597257,2018,2018-04-18,3801,2018-03-19,0808,2412,SOUTH,1,5,7,3801,0,0,0,,0,3B5A,"BRANNAN ST","6TH ST",0.00,,Y,A,-,N,,,,,,,,,,N,3,0,1,2,A,-,09,21453,B,N,H,A,A,A,B,-,A,A,0,,,Y,,Y,,-,,0,1,0,0,0,0,0,0,1,"- ","- ",,,"SAN FRANCISCO","SAN FRANCISCO",-122.40096282958984,37.774829864501953
8597264,2018,2018-04-18,3801,2018-03-13,0818,504,PARK,2,5,7,3801,0,0,0,,0,003,"BEAUMONT AV","ANZA ST",0.00,,Y,B,C,N,,,,,,,,,,N,4,0,1,2,A,-,09,21801,A,N,A,G,A,B,H,-,A,D,0,,Y,,,Y,,A,01,0,0,1,0,0,0,1,0,0,"- ","- ",,,"SAN FRANCISCO","SAN FRANCISCO",-122.45500183105469,37.780101776123047
8597269,2018,2018-04-19,3801,2018-03-16,1008,374,NORTH,5,5,7,3801,0,0,0,,0,0E4,"OCTAVIA ST","BUSH ST",0.00,,Y,A,-,N,,,,,,,,,,N,4,0,1,2,A,-,10,21950,A,N,G,B,B,B,H,-,A,A,0,Y,,,,Y,,A,01,0,0,1,0,1,0,0,0,0,"- ","- ",,,"SAN FRANCISCO","SAN FRANCISCO",-122.42687225341797,37.787860870361328
8597274,2018,2018-04-19,3801,2018-03-27,0800,715,MISSI,2,5,7,3801,0,0,0,,0,3D16A,"MARKET ST","CLAYTON ST",0.00,,Y,A,-,N,,,,,,,,,,Y,4,0,1,2,D,-,00,,,N,B,C,A,A,-,-,A,A,0,,,,,Y,,-,"- ",0,0,1,0,0,0,0,0,0,"- ","- ",,,"SAN FRANCISCO","SAN FRANCISCO",-122.44371795654297,37.758148193359375
8597276,2018,2018-04-18,3801,2018-03-12,2130,2483,BAYVI,1,5,7,3801,0,0,0,,0,4CAR,"SAN BRUNO AV","PAUL AV",0.00,,Y,C,-,N,,,,,,,,,,N,4,0,1,2,A,-,11,21954,A,N,G,B,D,B,H,-,C,A,0,Y,,,,Y,Y,N,60,0,0,1,0,1,0,0,0,0,"- ","- ",,,"SAN FRANCISCO","SAN FRANCISCO",-122.40204620361328,37.723918914794922
8597280,2018,2018-04-18,3801,2018-03-16,2146,215,TENDE,5,5,7,3801,0,0,0,,0,3J51D,"LEAVENWORTH ST","MCALLISTER ST",16.00,N,N,A,-,N,,,,,,,,,,N,3,0,1,2,A,-,09,21801,A,N,-,C,A,A,H,-,C,A,0,,,,,Y,,A,01,0,1,0,0,0,0,0,0,0,"- ","- ",,,"SAN FRANCISCO","SAN FRANCISCO",-122.4136962890625,37.780971527099609
8597466,2018,2018-04-24,3801,2018-02-06,2000,181,SOUTH,2,5,7,3801,0,0,0,,0,3B35,"MARKET ST","ROSE ST",0.00,,Y,A,-,N,,,,,,,,,,N,4,0,1,2,A,-,08,22107,,N,B,G,A,A,H,-,C,D,0,,Y,,,Y,,A,01,0,0,1,0,0,0,1,0,0,"- ","- ",,,"SAN FRANCISCO","SAN FRANCISCO",-122.421142578125,37.773689270019531
8597691,2018,2018-04-30,3801,2018-01-21,1540,2422,BAYVI,7,5,7,3801,0,0,0,,0,3C43,"PALOU AV","3RD ST",0.00,,Y,A,-,N,,,,,,,,,,N,4,0,2,2,A,-,04,21703,,N,C,C,A,A,H,-,A,A,0,,,,,Y,,A,01,0,0,2,0,0,0,0,0,0,"- ","- ",,,"SAN FRANCISCO","SAN FRANCISCO",-122.39105987548828,37.734039306640625
8598072,2018,2018-07-24,3801,2018-03-02,0011,1819,NORTH,5,5,7,3801,0,0,0,,0,6CAR,"VAN NESS AV","JACKSON ST",0.00,,Y,A,-,Y,SF,4,101,-,-,6.180,H,-,N,Y,3,0,2,3,A,-,03,22350,,N,C,B,A,A,H,-,C,A,0,,,,,Y,,A,01,0,1,1,0,0,0,0,0,0,"- ","- ",,,"SAN FRANCISCO","SAN FRANCISCO",-122.42293548583984,37.7938232421875
8598269,2018,2018-07-03,3801,2018-03-21,0750,640,MISSI,3,5,7,3801,0,0,0,,0,3D42B,"24TH ST","FAIR OAKS ST",0.00,,Y,B,-,N,,,,,,,,,,N,3,0,3,4,A,-,10,21950,A,N,G,B,B,B,H,-,A,A,0,Y,,,,Y,,A,08,0,2,1,0,3,0,0,0,0,"- ","- ",,,"SAN FRANCISCO","SAN FRANCISCO",-122.42398071289062,37.751918792724609
8598277,2018,2018-08-08,3801,2018-03-21,1820,A05033,INGLE,3,5,7,3801,0,0,0,,0,4T9J,BOSWORTH,"ARLINGTON ST",0.00,,Y,B,C,Y,SF,4,280,-,R,2.574,R,4,S,N,4,0,1,2,A,-,09,21801,A,N,D,C,A,B,-,-,A,D,0,,,,,Y,,A,01,0,0,1,0,0,0,0,0,0,"- ","- ",,,"SAN FRANCISCO","SAN FRANCISCO",-122.43766784667969,37.730731964111328
8599738,2018,2018-04-25,3801,2018-03-29,1556,2200,NORTH,4,5,7,3801,0,0,0,,0,002,"FILLMORE ST","FULTON ST",0.00,,Y,A,-,N,,,,,,,,,,Y,3,0,1,2,A,-,09,21801,,N,D,C,A,A,H,-,A,A,0,,,Y,,Y,,A,01,0,1,0,0,0,0,0,0,1,"- ","- ",,,"SAN FRANCISCO","SAN FRANCISCO",-122.43155670166016,37.777690887451172
8602746,2018,2018-05-23,3801,2018-03-27,0900,2131,RICHM,2,5,7,3801,0,0,0,,0,4B104,"GEARY BL","SPRUCE ST",0.00,,Y,A,-,N,,,,,,,,,,N,4,0,1,2,A,-,09,21801,B,N,D,C,A,A,H,-,A,A,0,,,,,Y,,D,22,0,0,1,0,0,0,0,0,0,"- ","- ",,,"SAN FRANCISCO","SAN FRANCISCO",-122.45317840576172,37.781791687011719
8602887,2018,2018-05-22,3801,2018-03-20,0620,1057,INGLE,2,5,7,3801,0,0,0,,0,4B102,GENEVA,"SAN JOSE",6.00,W,N,C,-,N,,,,,,,,,,N,2,0,1,2,A,-,11,21453,D,N,G,B,B,B,H,-,C,A,0,Y,,,,Y,,N,60,1,0,0,0,1,0,0,0,0,"- ","- ",,,"SAN FRANCISCO","SAN FRANCISCO",-122.44664764404297,37.720737457275391
8602975,2018,2018-05-25,3801,2018-04-28,0127,364,TENDE,6,5,7,3801,0,0,0,,0,3J15E,"HYDE ST","TURK ST",7.00,S,N,A,-,N,,,,,,,,,,N,4,0,1,2,A,-,11,21955,,N,G,B,D,A,H,-,C,A,0,Y,,,,Y,Y,N,60,0,0,1,0,1,0,0,0,0,"- ","- ",,,"SAN FRANCISCO","SAN FRANCISCO",-122.41568756103516,37.782550811767578
8603009,2018,2018-05-22,3801,2018-04-17,1500,917,TENDE,2,5,7,3801,0,0,0,,0,4B4E,"LARKIN ST","EDDY ST",0.00,,Y,A,-,N,,,,,,,,,,Y,4,0,1,2,A,-,10,21950,A,F,G,B,B,A,H,-,A,A,0,Y,,,,Y,,A,01,0,0,1,0,1,0,0,0,0,"- ","- ",,,"SAN FRANCISCO","SAN FRANCISCO",-122.41751861572266,37.783298492431641
8603017,2018,2018-05-22,3801,2018-04-21,1930,A10726,NORTH,6,5,7,3801,0,0,0,,0,3E13D,"FRANKLIN ST","OFARRELL ST",0.00,,Y,A,-,N,,,,,,,,,,N,4,0,2,2,A,-,03,22350,,F,C,D,A,A,H,-,B,D,0,,,,,Y,,A,07,0,0,2,0,0,0,0,0,0,"- ","- ",,,"SAN FRANCISCO","SAN FRANCISCO",-122.42282867431641,37.784549713134766
8603024,2018,2018-05-22,3801,2018-04-05,1020,381,NORTH,4,5,7,3801,0,0,0,,0,3E12A,"MARKET ST","OCTAVIA BL",0.00,,Y,A,-,N,,,,,,,,,,N,3,0,1,2,A,-,08,22101,D,F,D,G,A,A,H,-,A,A,0,,Y,,,Y,,A,01,0,1,0,0,0,0,1,0,0,"- ","- ",,,"SAN FRANCISCO","SAN FRANCISCO",-122.42359161376953,37.771778106689453
8603036,2018,2018-05-22,3801,2018-04-06,0219,608,MISSI,5,5,7,3801,0,0,0,,0,0D3,"S VAN NESS AV","22ND ST",8.00,W,N,B,C,N,,,,,,,,,,N,3,0,1,2,A,-,12,21453,A,F,G,B,B,B,H,-,C,A,0,Y,,,,Y,Y,A,01,0,1,0,0,1,0,0,0,0,"- ","- ",,,"SAN FRANCISCO","SAN FRANCISCO",-122.41658782958984,37.755569458007812
8603044,2018,2018-05-22,3801,2018-04-20,2100,A22407,MISSI,5,5,7,3801,0,0,0,,0,3D13D,"20TH ST","S VAN NESS AV",0.00,,Y,A,-,N,,,,,,,,,,Y,2,0,1,3,A,-,01,23153,A,N,D,C,A,A,H,-,C,A,0,,,Y,,Y,Y,A,01,1,0,0,0,0,0,0,0,1,"- ","- ",,,"SAN FRANCISCO","SAN FRANCISCO",-122.41690826416016,37.758758544921875
8603064,2018,2018-05-22,3801,2018-04-17,1530,A11409,SOUTH,2,5,7,3801,0,0,0,,0,0B1,"HAWTHORNE ST","HAWTHORNE ST 170",0.00,,N,A,-,N,,,,,,,,,,N,4,0,1,2,A,-,17,22517,,N,E,G,A,-,G,-,A,D,0,,Y,,,Y,,A,01,0,0,1,0,0,0,1,0,0,"- ","- ",,,"SAN FRANCISCO","SAN FRANCISCO",-122.397605,37.784505000000003
8603096,2018,2018-05-22,3801,2018-04-11,1242,859,BAYVI,3,5,7,3801,0,0,0,,0,03C,"3RD ST","CARROLL AV",12.00,S,N,A,-,N,,,,,,,,,,N,4,0,1,2,A,-,03,22350,,N,C,-,A,A,H,-,A,A,0,,,,,Y,,A,01,0,0,1,0,0,0,0,0,0,"- ","- ",,,"SAN FRANCISCO","SAN FRANCISCO",-122.39437103271484,37.725460052490234
8603100,2018,2018-05-22,3801,2018-04-12,0900,392,TARAV,4,5,7,3801,0,0,0,,0,3I15A,"18TH AV","KIRKHAM ST",198.00,N,N,A,-,N,,,,,,,,,,N,3,0,1,3,A,-,03,22350,,N,D,C,A,A,H,-,A,D,0,,,Y,,Y,,C,02,0,1,0,0,0,0,0,0,1,"- ","- ",,,"SAN FRANCISCO","SAN FRANCISCO",-122.47583770751953,37.760421752929688
8617520,2018,2018-05-23,3801,2018-04-09,0635,1116,MISSI,1,5,7,3801,0,0,0,,0,3D4A,"16TH ST","POTRERO AV",0.00,,Y,A,-,N,,,,,,,,,,N,3,0,1,2,A,-,11,21456,C,N,G,B,B,A,H,-,C,A,0,Y,,,,Y,Y,N,60,0,1,0,0,1,0,0,0,0,"- ","- ",,,"SAN FRANCISCO","SAN FRANCISCO",-122.40756225585938,37.765769958496094
8619044,2018,2018-05-22,3801,2018-04-30,2045,713,INGLE,1,5,7,3801,0,0,0,,0,3I5D,"ALEMANY BL","THERESA ST",0.00,,Y,A,-,N,,,,,,,,,,Y,4,0,1,2,A,-,09,21801,A,N,H,C,A,A,H,-,C,D,0,,,,,Y,,D,22,0,0,1,0,0,0,0,0,0,"- ","- ",,,"SAN FRANCISCO","SAN FRANCISCO",-122.43453216552734,37.728790283203125
8619076,2018,2018-05-23,3801,2018-04-09,1135,2375,RICHM,1,5,7,3801,0,0,0,,0,3G60,"GEARY BL","35TH AV",0.00,,Y,A,-,N,,,,,,,,,,N,4,0,2,2,A,-,03,22350,,N,D,C,A,A,H,-,A,A,0,,,,,Y,,A,01,0,0,2,0,0,0,0,0,0,"- ","- ",,,"SAN FRANCISCO","SAN FRANCISCO",-122.49543762207031,37.779609680175781
8619091,2018,2018-05-22,3801,2018-04-24,0805,A21865,SOUTH,2,5,7,3801,0,0,0,,0,3B13A,"FOLSOM ST","LANGTON ST",0.00,,Y,A,-,N,,,,,,,,,,N,3,0,1,2,A,-,08,22107,,N,D,G,A,A,H,-,A,D,0,,Y,,,Y,,D,23,0,1,0,0,0,0,1,0,0,"- ","- ",,,"SAN FRANCISCO","SAN FRANCISCO",-122.40840148925781,37.776321411132812
8619103,2018,2018-06-05,3801,2018-04-14,2135,1660,SOUTH,6,5,7,3801,0,0,0,,0,003,"7TH ST","BRYANT ST",0.00,,Y,A,-,N,,,,,,,,,,Y,4,0,1,2,A,-,12,21453,A,N,D,C,A,A,H,-,C,A,0,,,,,Y,,A,01,0,0,1,0,0,0,0,0,0,"- ","- ",,,"SAN FRANCISCO","SAN FRANCISCO",-122.40484619140625,37.774379730224609
8619208,2018,2018-05-21,3801,2018-04-12,1107,529,TARAV,4,5,7,3801,0,0,0,,0,3I16A,"HEAD ST","GARFIELD ST",0.00,,Y,A,-,N,,,,,,,,,,Y,4,0,1,2,A,-,09,21802,A,N,D,C,A,A,H,-,A,A,0,,,,,Y,,A,07,0,0,1,0,0,0,0,0,0,"- ","- ",,,"SAN FRANCISCO","SAN FRANCISCO",-122.46446990966797,37.719680786132812
8619235,2018,2018-05-21,3801,2018-04-24,1830,1182,TENDE,2,5,7,3801,0,0,0,,0,3J13D,"TAYLOR ST","EDDY ST",5.00,N,N,A,-,N,,,,,,,,,,N,2,0,2,3,A,-,10,21950,A,N,G,B,B,A,H,-,B,A,0,Y,,,,Y,,A,01,2,0,0,0,2,0,0,0,0,"- ","- ",,,"SAN FRANCISCO","SAN FRANCISCO",-122.41094970703125,37.784172058105469
8619236,2018,2018-05-22,3801,2018-04-11,0825,2211,BAYVI,3,5,7,3801,0,0,0,,0,3C13A,"CARROLL AV","PHELPS ST",15.00,E,N,A,-,N,,,,,,,,,,N,4,0,1,2,D,-,00,,,N,C,C,A,A,-,-,A,D,0,,,,,Y,,-,"- ",0,0,1,0,0,0,0,0,0,"- ","- ",,,"SAN FRANCISCO","SAN FRANCISCO",-122.40081787109375,37.729164123535156