CASE_ID,ACCIDENT_YEAR,PROC_DATE,JURIS,COLLISION_DATE,COLLISION_TIME,OFFICER_ID,REPORTING_DISTRICT,DAY_OF_WEEK,CHP_SHIFT,POPULATION,CNTY_CITY_LOC,SPECIAL_COND,BEAT_TYPE,CHP_BEAT_TYPE,CITY_DIVISION_LAPD,CHP_BEAT_CLASS,BEAT_NUMBER,PRIMARY_RD,SECONDARY_RD,DISTANCE,DIRECTION,INTERSECTION,WEATHER_1,WEATHER_2,STATE_HWY_IND,CALTRANS_COUNTY,CALTRANS_DISTRICT,STATE_ROUTE,ROUTE_SUFFIX,POSTMILE_PREFIX,POSTMILE,LOCATION_TYPE,RAMP_INTERSECTION,SIDE_OF_HWY,TOW_AWAY,COLLISION_SEVERITY,NUMBER_KILLED,NUMBER_INJURED,PARTY_COUNT,PRIMARY_COLL_FACTOR,PCF_CODE_OF_VIOL,PCF_VIOL_CATEGORY,PCF_VIOLATION,PCF_VIOL_SUBSECTION,HIT_AND_RUN,TYPE_OF_COLLISION,MVIW,PED_ACTION,ROAD_SURFACE,ROAD_COND_1,ROAD_COND_2,LIGHTING,CONTROL_DEVICE,CHP_ROAD_TYPE,PEDESTRIAN_ACCIDENT,BICYCLE_ACCIDENT,MOTORCYCLE_ACCIDENT,TRUCK_ACCIDENT,NOT_PRIVATE_PROPERTY,ALCOHOL_INVOLVED,STWD_VEHTYPE_AT_FAULT,CHP_VEHTYPE_AT_FAULT,COUNT_SEVERE_INJ,COUNT_VISIBLE_INJ,COUNT_COMPLAINT_PAIN,COUNT_PED_KILLED,COUNT_PED_INJURED,COUNT_BICYCLIST_KILLED,COUNT_BICYCLIST_INJURED,COUNT_MC_KILLED,COUNT_MC_INJURED,PRIMARY_RAMP,SECONDARY_RAMP,LATITUDE,LONGITUDE,COUNTY,CITY,POINT_X,POINT_Y
8685902,2018,2018-08-30,3801,2018-07-03,0935,518,SOUTH,2,5,7,3801,0,0,0,,0,4B2H,"BRANNAN ST","05TH ST",84.00,E,N,A,-,N,,,,,,,,,,N,3,0,1,2,B,-,22,,,N,H,-,A,A,H,-,A,D,0,,,,,Y,,M,95,0,1,0,0,0,0,0,0,0,"- ","- ",,,"SAN FRANCISCO","SAN FRANCISCO",-122.3985595703125,37.7767333984375
8685904,2018,2018-09-06,3801,2018-07-31,1903,892,SOUTH,2,5,7,3801,0,0,0,,0,3B15D,"4TH ST","CHANNEL ST",47.00,N,N,A,-,N,,,,,,,,,,,3,0,1,1,A,-,03,22350,,N,E,I,A,A,H,-,A,A,0,,Y,,,Y,,L,04,0,1,0,0,0,0,1,0,0,"- ","- ",,,"SAN FRANCISCO","SAN FRANCISCO",-122.39176177978516,37.774471282958984
8685905,2018,2018-09-06,3801,2018-07-01,1542,831,MISSI,7,5,7,3801,0,0,0,,0,3D44C,"FOLSOM ST","24TH ST",90.00,N,N,B,-,N,,,,,,,,,,Y,4,0,1,2,A,-,21,22106,,F,B,C,A,A,H,-,A,A,0,,,,,Y,,A,01,0,0,1,0,0,0,0,0,0,"- ","- ",,,"SAN FRANCISCO","SAN FRANCISCO",-122.41411590576172,37.752758026123047
8685916,2018,2018-09-06,3801,2018-07-17,1820,1572,TENDE,2,5,7,3801,0,0,0,,0,3J3A,"MARKET ST","4TH ST",0.00,,-,A,-,N,,,,,,,,,,N,3,0,1,1,A,-,03,22350,A,N,H,A,A,A,H,-,A,A,0,,,,,Y,,-,,0,1,0,0,0,0,0,0,0,"- ","- ",,,"SAN FRANCISCO","SAN FRANCISCO",-122.40589141845703,37.785701751708984
8685918,2018,2018-08-30,3801,2018-07-01,1208,1198,BAYVI,7,5,7,3801,0,0,0,,0,,"SAN BRUNO AV","FELTON ST",15.00,S,N,A,-,N,,,,,,,,,,N,4,0,1,2,A,-,21,22106,,F,G,B,D,A,H,-,A,-,0,Y,,,,Y,,A,01,0,0,1,0,1,0,0,0,0,"- ","- ",,,"SAN FRANCISCO","SAN FRANCISCO",-122.40460205078125,37.729991912841797
8685919,2018,2018-08-29,3801,2018-07-13,2047,1113,MISIS,5,5,7,3801,0,0,0,,0,3D16D,"DOLORES ST","14TH ST",0.00,,Y,A,-,N,,,,,,,,,,N,3,0,1,2,A,-,11,21954,A,N,G,B,E,A,H,-,C,A,0,Y,,,,Y,,N,60,0,1,0,0,1,0,0,0,0,"- ","- ",,,"SAN FRANCISCO","SAN FRANCISCO",-122.42677307128906,37.767879486083984
8685925,2018,2018-09-14,3801,2018-07-15,0100,1638,INGLE,7,5,7,3801,0,0,0,,0,3H16E,"MISSION ST","SICKLES AV",0.00,,Y,F,-,N,,,,,,,,,,Y,4,0,3,2,A,-,12,21453,A,N,D,D,A,B,H,-,C,A,0,,,,,Y,,A,01,0,0,3,0,0,0,0,0,0,"- ","- ",,,"SAN FRANCISCO","SAN FRANCISCO",-122.4527587890625,37.70880126953125
8685981,2018,2018-09-06,3801,2018-07-12,1035,311,PARK,4,5,7,3801,0,0,0,,0,3F67,"HAIGHT ST","MASONIC ST",0.00,,Y,A,-,N,,,,,,,,,,N,4,0,2,2,D,-,00,,,N,B,C,A,A,H,-,A,A,0,,,,,Y,,-,"- ",0,0,2,0,0,0,0,0,0,"- ","- ",,,"SAN FRANCISCO","SAN FRANCISCO",-122.44535064697266,37.770210266113281
8688849,2018,2018-11-02,3801,2018-07-08,2247,1125,NORTH,7,5,7,3801,0,0,0,,0,3E14E,"VAN NESS AV","TURK ST",0.00,,Y,A,-,Y,SF,4,101,-,-,5.352,I,5,S,N,2,0,1,2,A,-,08,22101,D,F,D,G,A,A,H,-,C,A,0,,Y,,,Y,,A,01,1,0,0,0,0,0,1,0,0,"- ","- ",,,"SAN FRANCISCO","SAN FRANCISCO",-122.42073059082031,37.781955718994141
8693141,2018,2018-09-28,3801,2018-08-02,2220,375,RICHM,4,5,7,3801,0,0,0,,0,901,"12TH AV","CLEMENT ST",10.00,W,N,A,-,N,,,,,,,,,,N,4,0,1,2,A,-,06,21755,A,N,D,D,A,A,H,-,C,D,0,,,Y,,Y,,C,02,0,0,1,0,0,0,0,0,1,"- ","- ",,,"SAN FRANCISCO","SAN FRANCISCO",-122.47084808349609,37.782630920410156
8693154,2018,2018-09-27,3801,2018-08-05,2212,1263,TENDO,7,5,7,3801,0,0,0,,0,3J11E,"ELLIS ST","JONES ST",20.00,W,N,A,-,N,,,,,,,,,,N,4,0,1,2,A,-,12,21453,A,F,-,B,D,A,H,-,C,A,0,Y,,,,Y,,-,99,0,0,1,0,1,0,0,0,0,"- ","- ",,,"SAN FRANCISCO","SAN FRANCISCO",-122.41284942626953,37.784889221191406
8693162,2018,2018-09-28,3801,2018-08-13,1513,654,PARKD,1,5,7,3801,0,0,0,,0,"3 CAR","MASONIC AV","GROVE ST",95.00,N,N,A,-,N,,,,,,,,,,Y,4,0,1,2,A,-,04,21703,,F,C,C,A,A,H,-,A,D,0,,,,,Y,,A,01,0,0,1,0,0,0,0,0,0,"- ","- ",,,"SAN FRANCISCO","SAN FRANCISCO",-122.44634246826172,37.775119781494141
8693169,2018,2018-09-27,3801,2018-08-03,2030,1148,MISSI,5,5,7,3801,0,0,0,,0,3D11E,"CESAR CHAVEZ ST","VALENCIA ST",0.00,,Y,A,-,N,,,,,,,,,,N,3,0,1,2,A,-,09,21801,A,F,D,G,A,A,H,-,C,A,0,,Y,,,Y,,A,01,0,1,0,0,0,0,1,0,0,"- ","- ",,,"SAN FRANCISCO","SAN FRANCISCO",-122.42024993896484,37.748119354248047
8693190,2018,2018-09-28,3801,2018-08-07,1911,377,TIVHM,2,5,7,3801,0,0,0,,0,3G13D,"CALIFORNIA ST","7TH AV",0.00,,Y,A,-,N,,,,,,,,,,Y,4,0,1,3,A,-,09,21802,A,N,A,C,A,A,H,-,A,D,0,,,,,Y,,A,01,0,0,1,0,0,0,0,0,0,"- ","- ",,,"SAN FRANCISCO","SAN FRANCISCO",-122.46563720703125,37.784858703613281
8693344,2018,2018-09-26,3801,2018-07-01,1123,466,TENDE,7,5,7,3801,0,0,0,,0,002,"6TH ST","STEVENSON ST",0.00,,Y,B,-,N,,,,,,,,,,N,4,0,1,2,A,-,05,21650,,N,D,G,A,A,H,-,A,A,0,,Y,,,Y,,L,04,0,0,1,0,0,0,1,0,0,"- ","- ",,,"SAN FRANCISCO","SAN FRANCISCO",-122.40966796875,37.781768798828125
8693980,2018,2018-09-10,3801,2018-07-11,1030,1572,SOUTH,3,5,7,3801,0,0,0,,0,3B1A,"MAIN ST","MISSION ST",0.00,,-,A,-,N,,,,,,,,,,N,3,0,1,2,A,-,17,22517,,N,B,G,A,A,H,-,A,A,0,,Y,,,Y,,-,,0,1,0,0,0,0,1,0,0,"- ","- ",,,"SAN FRANCISCO","SAN FRANCISCO",-122.39497375488281,37.791858673095703
8697499,2018,2018-09-27,3801,2018-08-08,2110,469,MISSI,3,5,7,3801,0,0,0,,0,3D7D,"CESAR CHAVEZ",ALABAMA,0.00,,Y,A,-,N,,,,,,,,,,Y,4,0,1,3,A,-,03,22350,,N,C,C,A,A,A,-,C,A,0,,,,,Y,,D,22,0,0,1,0,0,0,0,0,0,"- ","- ",,,"SAN FRANCISCO","SAN FRANCISCO",-122.41053771972656,37.748329162597656
8697844,2018,2018-10-03,3801,2018-08-31,1929,195,3E16D,5,5,7,3801,0,0,0,,0,"N 6CAR","BROADWAY ST","VAN NESS AV",0.00,,Y,A,-,N,,,,,,,,,,Y,4,0,1,2,A,-,04,21703,,N,C,C,A,A,H,-,A,A,0,,,,,Y,,-,,0,0,1,0,0,0,0,0,0,"- ","- ",,,"SAN FRANCISCO","SAN FRANCISCO",-122.42350006103516,37.795730590820312
8697867,2018,2018-10-02,3801,2018-08-29,2242,1740,CENTR,3,5,7,3801,0,0,0,,0,3A14E,"FRONT ST","PACIFIC ST",0.00,,Y,A,-,N,,,,,,,,,,Y,4,0,1,3,A,-,01,23152,A,F,D,C,A,A,H,-,C,D,0,,,,,Y,Y,A,01,0,0,1,0,0,0,0,0,0,"- ","- ",,,"SAN FRANCISCO","SAN FRANCISCO",-122.39965057373047,37.797821044921875
8697872,2018,2018-10-03,3801,2018-08-24,1805,1331,SOUTH,5,5,7,3801,0,0,0,,0,3B15D,"BERRY ST","4TH ST",200.00,W,N,A,-,N,,,,,,,,,,N,4,0,1,3,A,-,17,22517,,N,-,G,A,A,H,-,A,A,0,,Y,,,Y,,-,,0,0,1,0,0,0,1,0,0,"- ","- ",,,"SAN FRANCISCO","SAN FRANCISCO",-122.39382171630859,37.775386810302734
8697883,2018,2018-10-15,3801,2018-08-29,0830,1059,CENTR,3,5,7,3801,0,0,0,,0,3A14B,"VALLEJO ST","BATTERY ST",10.00,S,N,A,-,N,,,,,,,,,,N,4,0,1,2,A,-,12,22450,A,M,G,B,B,A,H,-,A,A,0,Y,,,,Y,,N,60,0,0,1,0,1,0,0,0,0,"- ","- ",,,"SAN FRANCISCO","SAN FRANCISCO",-122.40125274658203,37.799526214599609
8697908,2018,2018-10-02,3801,2018-08-05,1645,2700,CENTR,7,5,7,3801,0,0,0,,0,3A12D,"CALIFORNIA ST","KEARNY ST",20.00,E,N,A,-,N,,,,,,,,,,N,3,0,1,2,A,-,04,21703,,N,C,C,A,A,H,-,A,A,0,,,Y,,Y,,C,02,0,1,0,0,0,0,0,0,1,"- ","- ",,,"SAN FRANCISCO","SAN FRANCISCO",-122.40431213378906,37.792690277099609
8697911,2018,2018-10-02,3801,2018-08-31,1256,1620,BAYVI,5,5,7,3801,0,0,0,,0,3C13A,"BARNEVELD AV","INDUSTRIAL AV",51.00,N,N,A,-,N,,,,,,,,,,N,4,0,1,2,A,-,00,24002,D,N,B,E,A,A,H,-,A,D,0,,,,Y,Y,,G,55,0,0,1,0,0,0,0,0,0,"- ","- ",,,"SAN FRANCISCO","SAN FRANCISCO",-122.40431976318359,37.738883972167969
8697915,2018,2018-10-02,3801,2018-08-31,1752,1837,BAYVI,5,5,7,3801,0,0,0,,0,3C14D,"MANSELL ST","SOMERSET ST",0.00,,Y,A,-,N,,,,,,,,,,N,4,0,1,2,A,-,10,21950,A,F,G,B,B,A,H,-,A,B,0,Y,,,,Y,,A,01,0,0,1,0,1,0,0,0,0,"- ","- ",,,"SAN FRANCISCO","SAN FRANCISCO",-122.40505981445312,37.720611572265625
8698092,2018,2018-10-05,3801,2018-08-16,1310,204,TENDE,4,5,7,3801,0,0,0,,0,3J53C,"MARKET ST","6TH ST",0.00,,Y,A,-,N,,,,,,,,,,Y,4,0,3,5,A,-,03,22350,,N,A,C,A,A,H,-,A,A,0,,Y,,,Y,,A,01,0,0,3,0,0,0,1,0,0,"- ","- ",,,"SAN FRANCISCO","SAN FRANCISCO",-122.41030120849609,37.782238006591797
8698120,2018,2018-10-05,3801,2018-08-22,0935,821,MISSI,3,5,7,3801,0,0,0,,0,13A,"HAMPSHIRE ST","21ST ST",0.00,,Y,A,-,N,,,,,,,,,,N,3,0,1,2,A,-,17,22517,,N,H,G,A,A,H,-,A,A,0,,Y,Y,,Y,,C,02,0,1,0,0,0,0,1,0,0,"- ","- ",,,"SAN FRANCISCO","SAN FRANCISCO",-122.40775299072266,37.757698059082031
8698143,2018,2018-10-04,3801,2018-08-14,1020,1580,SOUTH,2,5,7,3801,0,0,0,,0,3B43,"MISSION ST","7TH ST",0.00,,Y,A,-,N,,,,,,,,,,N,4,0,1,2,A,-,08,22107,,N,C,C,A,A,H,-,A,A,0,,Y,,,Y,,L,04,0,0,1,0,0,0,1,0,0,"- ","- ",,,"SAN FRANCISCO","SAN FRANCISCO",-122.41089630126953,37.779209136962891
8698148,2018,2018-10-05,3801,2018-08-21,0730,319,CENTR,2,5,7,3801,0,0,0,,0,3A11A,"THE EMBARCADERO","WASHINGTON ST",315.00,N,N,A,-,N,,,,,,,,,,N,4,0,1,2,A,-,08,22107,,F,B,C,A,A,H,-,A,D,0,,,Y,,Y,,A,01,0,0,1,0,0,0,0,0,1,"- ","- ",,,"SAN FRANCISCO","SAN FRANCISCO",-122.39618682861328,37.797348022460938
8698149,2018,2018-10-03,3801,2018-08-11,1455,4314,RICHM,6,5,7,3801,0,0,0,,0,0G3,"CALIFORNIA ST","16TH AV",0.00,,Y,A,-,N,,,,,,,,,,N,4,0,1,2,A,-,09,21802,B,N,-,D,A,A,H,-,A,A,0,,,,,Y,,A,01,0,0,1,0,0,0,0,0,0,"- ","- ",,,"SAN FRANCISCO","SAN FRANCISCO",-122.47537231445312,37.784309387207031
8698194,2018,2018-10-01,3801,2018-08-06,1621,3C13D,BAYVI,1,5,7,3801,0,0,0,,0,3C13D,"3RD ST","PALOU AV",5.00,N,N,A,-,N,,,,,,,,,,Y,4,0,5,2,A,-,09,21800,A,N,D,C,A,A,H,-,A,A,0,,,,,Y,,A,01,0,0,5,0,0,0,0,0,0,"- ","- ",,,"SAN FRANCISCO","SAN FRANCISCO",-122.39105224609375,37.734054565429688
8698205,2018,2018-10-01,3801,2018-08-26,2034,1033,MISSI,7,5,7,3801,0,0,0,,0,3D114,"19TH ST","LINDA ST",0.00,,Y,A,-,N,,,,,,,,,,N,3,0,1,2,A,-,05,21650,,F,A,G,A,A,H,-,C,D,0,,Y,,,Y,,A,01,0,1,0,0,0,0,1,0,0,"- ","- ",,,"SAN FRANCISCO","SAN FRANCISCO",-122.42285919189453,37.760021209716797
8698210,2018,2018-09-27,3801,2018-08-14,1818,268,MISSI,2,5,7,3801,0,0,0,,0,3D12D,"FOLSOM ST","13TH ST",0.00,,Y,A,-,N,,,,,,,,,,N,4,0,1,2,A,-,09,21801,A,N,D,G,A,A,H,-,A,A,0,,Y,,,Y,,A,01,0,0,1,0,0,0,1,0,0,"- ","- ",,,"SAN FRANCISCO","SAN FRANCISCO",-122.41558837890625,37.769519805908203
8698217,2018,2018-10-01,3801,2018-08-19,1714,2207,CENTR,7,5,7,3801,0,0,0,,0,3A11D,"THE EMBARCADERO","BAY ST",0.00,,Y,A,-,N,,,,,,,,,,N,2,0,2,2,A,-,03,22350,A,N,B,C,A,A,H,-,A,A,0,,,Y,,Y,,C,02,1,0,1,0,0,0,0,0,2,"- ","- ",,,"SAN FRANCISCO","SAN FRANCISCO",-122.40596771240234,37.806629180908203
8698221,2018,2018-10-01,3801,2018-08-21,0743,1350,INGLE,2,5,7,3801,0,0,0,,0,3H11A,"DOLORES ST","28TH ST",0.00,,Y,B,-,N,,,,,,,,,,Y,4,0,1,2,A,-,09,21801,A,N,D,C,A,A,H,-,A,D,0,,,,,Y,,A,01,0,0,1,0,0,0,0,0,0,"- ","- ",,,"SAN FRANCISCO","SAN FRANCISCO",-122.42458343505859,37.745441436767578
8698233,2018,2019-04-15,3801,2018-08-22,0858,2216,BAYVI,3,5,7,3801,0,0,0,,0,4CAR,"MANSELL ST","GOETTINGEN ST",0.00,,Y,A,-,N,,,,,,,,,,Y,3,0,1,2,A,-,12,22450,A,N,D,C,A,A,H,-,A,D,0,,,,,Y,,-,"- ",0,1,0,0,0,0,0,0,0,"- ","- ",,,"SAN FRANCISCO","SAN FRANCISCO",-122.40406036376953,37.720859527587891
8698538,2018,2018-10-01,3801,2018-07-17,2219,812,MISSI,2,5,7,3801,0,0,0,,0,3D13E,"VALENCIA ST","15TH ST",0.00,,Y,A,-,N,,,,,,,,,,N,4,0,1,2,A,-,10,21950,A,N,G,B,B,A,H,-,C,A,0,Y,,,,Y,,A,01,0,0,1,0,1,0,0,0,0,"- ","- ",,,"SAN FRANCISCO","SAN FRANCISCO",-122.42202758789062,37.766529083251953
8699700,2018,2018-10-08,3801,2018-08-20,2110,1588,INGLE,1,5,7,3801,0,0,0,,0,3H4D,"OCEAN AV","HOWTH ST",200.00,E,N,A,-,N,,,,,,,,,,N,4,0,1,2,A,-,10,21950,A,N,G,B,C,A,H,-,C,A,0,Y,,,,Y,,A,01,0,0,1,0,1,0,0,0,0,"- ","- ",,,"SAN FRANCISCO","SAN FRANCISCO",-122.44889068603516,37.72296142578125
8699715,2018,2018-10-04,3801,2018-08-23,1854,654,PARK,4,5,7,3801,0,0,0,,0,"2 CAR","WOODSIDE AV","PORTOLA DR",148.00,N,N,A,-,N,,,,,,,,,,Y,4,0,1,2,A,-,05,21460,A,N,D,C,A,A,H,-,A,D,0,,,Y,,Y,,A,01,0,0,1,0,0,0,0,0,1,"- ","- ",,,"SAN FRANCISCO","SAN FRANCISCO",-122.45227813720703,37.745658874511719
8699724,2018,2018-10-08,3801,2018-08-30,0943,86,TARAV,4,5,7,3801,0,0,0,,0,3I3,"39TH AV","MORAGA ST",0.00,,Y,B,-,N,,,,,,,,,,Y,3,0,1,2,A,-,09,21802,A,N,D,C,A,A,H,-,A,A,0,,,,,Y,,A,01,0,1,0,0,0,0,0,0,0,"- ","- ",,,"SAN FRANCISCO","SAN FRANCISCO",-122.49801635742188,37.755161285400391
8699748,2018,2018-10-08,3801,2018-08-25,1044,993,SOUTH,6,5,7,3801,0,0,0,,0,SECTOR,"3RD ST","MISSION ROCK",52.00,N,N,A,-,N,,,,,,,,,,N,3,0,1,2,A,-,06,21760,B,N,B,G,A,A,H,-,A,D,0,,Y,,,Y,,-,,0,1,0,0,0,0,1,0,0,"- ","- ",,,"SAN FRANCISCO","SAN FRANCISCO",-122.38980865478516,37.773063659667969
8699760,2018,2018-10-08,3801,2018-08-30,2147,2353,NORTH,4,5,7,3801,0,0,0,,0,3E11E,"PAGE ST","BUCHANAN ST",134.00,W,N,-,-,N,,,,,,,,,,Y,3,0,1,2,A,-,06,21751,,N,A,G,A,A,H,-,D,D,0,,Y,,,Y,,A,01,0,1,0,0,0,0,1,0,0,"- ","- ",,,"SAN FRANCISCO","SAN FRANCISCO",-122.42781066894531,37.773391723632812
8699989,2018,2018-10-16,3801,2018-08-17,1310,2065,NORTH,5,5,7,3801,0,0,0,,0,3E11A,"BUCHANAN ST","ROSE ST",0.00,,Y,A,-,N,,,,,,,,,,Y,4,0,1,3,A,-,21,22106,,N,B,C,A,A,H,-,A,A,0,,,,,Y,,A,01,0,0,1,0,0,0,0,0,0,"- ","- ",,,"SAN FRANCISCO","SAN FRANCISCO",-122.42726135253906,37.772998809814453
8700870,2018,2018-10-29,3801,2018-08-29,1430,4003,TARAV,3,5,7,3801,0,0,0,,0,,"19TH AV","IRVING ST",318.00,N,N,A,-,Y,SF,4,1,-,-,3.990,H,-,S,Y,4,0,1,2,A,-,07,21658,,N,A,D,A,A,H,-,A,D,0,,,,,Y,,D,22,0,0,1,0,0,0,0,0,0,"- ","- ",,,"SAN FRANCISCO","SAN FRANCISCO",-122.47734069824219,37.764507293701172
8704062,2018,2018-10-02,3801,2018-08-11,1530,1024,INGLE,6,5,7,3801,0,0,0,,0,3H16D,"BOSWORTH ST","LYELL ST",0.00,,Y,A,-,N,,,,,,,,,,N,4,0,1,2,A,-,09,21800,A,F,D,C,A,A,H,-,A,A,0,,,,,Y,,A,01,0,0,1,0,0,0,0,0,0,"- ","- ",,,"SAN FRANCISCO","SAN FRANCISCO",-122.43213653564453,37.733009338378906
8705815,2018,2018-10-19,3801,2018-09-06,1717,1626,BAYVI,4,5,7,3801,0,0,0,,0,3C11D,"INDIANA ST","22ND ST",295.00,N,N,A,-,N,,,,,,,,,,N,3,0,1,3,A,-,09,21804,A,N,D,C,A,A,H,-,A,D,0,,,Y,Y,Y,,A,01,0,1,0,0,0,0,0,0,1,"- ","- ",,,"SAN FRANCISCO","SAN FRANCISCO",-122.39126586914062,37.758579254150391
8705827,2018,2018-10-18,3801,2018-09-20,1345,257,TENDE,4,5,7,3801,0,0,0,,0,3J46C,"LARKIN ST","MYRTLE ST",5.00,S,N,A,-,N,,,,,,,,,,N,4,0,1,2,A,-,00,21560,,N,A,G,A,A,H,-,A,D,0,,Y,,,Y,,L,04,0,0,1,0,0,0,1,0,0,"- ","- ",,,"SAN FRANCISCO","SAN FRANCISCO",-122.41800689697266,37.785625457763672
8707122,2018,2018-10-11,3801,2018-08-10,2139,907,SOUTH,5,5,7,3801,0,0,0,,0,3B11E,"BRANNAN ST","COLLIN P KELLY ST",0.00,,-,A,-,N,,,,,,,,,,Y,4,0,2,4,A,-,01,23153,A,N,C,D,A,A,H,-,C,D,0,,,,,Y,Y,A,01,0,0,2,0,0,0,0,0,0,"- ","- ",,,"SAN FRANCISCO","SAN FRANCISCO",-122.39127000000001,37.78246
8708663,2018,2018-10-23,3801,2018-09-01,1900,302,NORTH,6,5,7,3801,0,0,0,,0,3E14D,"OCTAVIA ST","HAIGHT ST",0.00,,Y,A,-,N,,,,,,,,,,Y,4,0,2,3,A,-,03,22350,,F,C,C,A,A,H,-,B,D,0,,,,,Y,,A,01,0,0,2,0,0,0,0,0,0,"- ","- ",,,"SAN FRANCISCO","SAN FRANCISCO",-122.42392730712891,37.772960662841797
8708671,2018,2018-10-24,3801,2018-09-11,1245,1147,SOUTH,2,5,7,3801,0,0,0,,0,3B14A,"9TH ST","BRANNAN ST",0.00,,Y,A,-,N,,,,,,,,,,N,3,0,1,2,A,-,08,22100,A,N,G,B,B,A,H,-,A,A,0,Y,,,,Y,,A,01,0,1,0,0,1,0,0,0,0,"- ","- ",,,"SAN FRANCISCO","SAN FRANCISCO",-122.40699005126953,37.770061492919922
8708674,2018,2018-10-24,3801,2018-09-07,0850,278,PARK,5,5,7,3801,0,0,0,,0,3F13A,"TURK ST","TAMALPAIS TER",105.00,W,N,A,-,N,,,,,,,,,,N,4,0,1,2,A,-,04,21703,,N,B,C,A,A,H,-,A,A,0,,,Y,,Y,,C,03,0,0,1,0,0,0,0,0,1,"- ","- ",,,"SAN FRANCISCO","SAN FRANCISCO",-122.44921875,37.778339385986328
8710920,2018,2018-10-19,3801,2018-09-16,1127,1377,INGLE,7,5,7,3801,0,0,0,,0,3H11C,"TIFFANY AV","REFERENCE POINT",173.00,N,N,A,-,N,,,,,,,,,,N,3,0,1,2,A,-,09,21804,A,N,D,G,A,A,H,-,A,D,0,,Y,,,Y,,-,,0,1,0,0,0,0,1,0,0,"- ","- ",,,"SAN FRANCISCO","SAN FRANCISCO",,
8716346,2018,2018-10-23,3801,2018-09-13,0650,293,MISSI,4,5,7,3801,0,0,0,,0,3D14A,"POTRERO ST","16TH ST",220.00,S,N,A,-,N,,,,,,,,,,N,4,0,1,2,A,-,08,22102,,N,D,C,A,A,H,-,A,D,0,,,Y,,Y,,D,22,0,0,1,0,0,0,0,0,1,"- ","- ",,,"SAN FRANCISCO","SAN FRANCISCO",-122.40749359130859,37.765167236328125
8716406,2018,2018-11-09,3801,2018-09-16,1620,1263,TENDE,7,5,7,3801,0,0,0,,0,3J52C,"GOLDEN GATE AV","MARKET ST",0.00,,Y,A,-,N,,,,,,,,,,N,4,0,1,2,A,-,03,22350,,F,C,C,A,A,H,-,A,A,0,,,,,Y,,A,01,0,0,1,0,0,0,0,0,0,"- ","- ",,,"SAN FRANCISCO","SAN FRANCISCO",-122.41030120849609,37.782238006591797
8716412,2018,2018-10-22,3801,2018-09-17,2102,576,TENDE,1,5,7,3801,0,0,0,,0,001,"MARKET ST","HYDE ST",198.00,W,N,A,-,N,,,,,,,,,,N,3,0,1,2,A,-,11,21955,,N,G,B,D,A,H,-,C,A,0,Y,Y,,,Y,,N,60,0,1,0,0,1,0,0,0,0,"- ","- ",,,"SAN FRANCISCO","SAN FRANCISCO",-122.41526031494141,37.778335571289062
8716418,2018,2018-10-19,3801,2018-09-23,1320,1944,INGLE,7,5,7,3801,0,0,0,,0,0H5,"SAN JOSE AV","ALEMANY BL",16.00,S,N,A,-,N,,,,,,,,,,N,4,0,1,2,A,-,04,21703,,N,C,C,A,A,H,-,A,A,0,,,,,Y,,A,08,0,0,1,0,0,0,0,0,0,"- ","- ",,,"SAN FRANCISCO","SAN FRANCISCO",-122.45713806152344,37.710037231445312
8716422,2018,2018-10-19,3801,2018-09-25,1506,2705,,2,5,7,3801,0,0,0,,0,,"HAIGHT ST","BUENA VISTA EAST",0.00,,Y,A,-,N,,,,,,,,,,N,4,0,1,2,A,-,17,21200,,N,D,G,A,-,H,-,A,A,0,,Y,,,Y,,L,04,0,0,1,0,0,0,0,0,0,"- ","- ",,,"SAN FRANCISCO","SAN FRANCISCO",-122.44032287597656,37.770851135253906
8716438,2018,2018-10-19,3801,2018-09-08,1839,1190,TARAV,6,5,7,3801,0,0,0,,0,3I12D,"CERRITOS AV","OCEAN AV",149.00,S,N,A,-,N,,,,,,,,,,Y,4,0,1,3,A,-,03,22350,,N,A,E,A,A,H,-,A,D,0,,,,,Y,,A,01,0,0,1,0,0,0,0,0,0,"- ","- ",,,"SAN FRANCISCO","SAN FRANCISCO",-122.46702575683594,37.726909637451172
8716443,2018,2018-10-22,3801,2018-09-13,1406,3G3A,RICHM,4,5,7,3801,0,0,0,,0,003,"6TH AV","GEARY BL",0.00,,Y,A,-,N,,,,,,,,,,N,3,0,1,2,A,-,10,21950,A,N,G,B,B,A,H,-,A,A,0,Y,,,,Y,,A,01,0,1,0,0,1,0,0,0,0,"- ","- ",,,"SAN FRANCISCO","SAN FRANCISCO",-122.46428680419922,37.781089782714844
8716446,2018,2018-10-19,3801,2018-09-30,1116,1293,INGLE,7,5,7,3801,0,0,0,,0,3H12A,"GENEVA AV","ATHENS ST",100.00,E,N,A,-,N,,,,,,,,,,Y,4,0,1,2,A,-,04,21703,,N,C,C,A,A,H,-,A,A,0,,,,,Y,,A,01,0,0,1,0,0,0,0,0,0,"- ","- ",,,"SAN FRANCISCO","SAN FRANCISCO",-122.43423461914062,37.713340759277344
8716452,2018,2018-10-22,3801,2018-09-13,0900,2117,BAYVI,4,5,7,3801,0,0,0,,0,3C15A,"HARRISON ST","KAMILLE CT",0.00,,Y,A,-,N,,,,,,,,,,Y,3,0,3,2,A,-,09,21801,A,N,A,D,A,A,H,-,A,A,0,,,,,Y,,A,01,0,1,2,0,0,0,0,0,0,"- ","- ",,,"SAN FRANCISCO","SAN FRANCISCO",-122.41158294677734,37.748950958251953