CASE_ID,ACCIDENT_YEAR,PROC_DATE,JURIS,COLLISION_DATE,COLLISION_TIME,OFFICER_ID,REPORTING_DISTRICT,DAY_OF_WEEK,CHP_SHIFT,POPULATION,CNTY_CITY_LOC,SPECIAL_COND,BEAT_TYPE,CHP_BEAT_TYPE,CITY_DIVISION_LAPD,CHP_BEAT_CLASS,BEAT_NUMBER,PRIMARY_RD,SECONDARY_RD,DISTANCE,DIRECTION,INTERSECTION,WEATHER_1,WEATHER_2,STATE_HWY_IND,CALTRANS_COUNTY,CALTRANS_DISTRICT,STATE_ROUTE,ROUTE_SUFFIX,POSTMILE_PREFIX,POSTMILE,LOCATION_TYPE,RAMP_INTERSECTION,SIDE_OF_HWY,TOW_AWAY,COLLISION_SEVERITY,NUMBER_KILLED,NUMBER_INJURED,PARTY_COUNT,PRIMARY_COLL_FACTOR,PCF_CODE_OF_VIOL,PCF_VIOL_CATEGORY,PCF_VIOLATION,PCF_VIOL_SUBSECTION,HIT_AND_RUN,TYPE_OF_COLLISION,MVIW,PED_ACTION,ROAD_SURFACE,ROAD_COND_1,ROAD_COND_2,LIGHTING,CONTROL_DEVICE,CHP_ROAD_TYPE,PEDESTRIAN_ACCIDENT,BICYCLE_ACCIDENT,MOTORCYCLE_ACCIDENT,TRUCK_ACCIDENT,NOT_PRIVATE_PROPERTY,ALCOHOL_INVOLVED,STWD_VEHTYPE_AT_FAULT,CHP_VEHTYPE_AT_FAULT,COUNT_SEVERE_INJ,COUNT_VISIBLE_INJ,COUNT_COMPLAINT_PAIN,COUNT_PED_KILLED,COUNT_PED_INJURED,COUNT_BICYCLIST_KILLED,COUNT_BICYCLIST_INJURED,COUNT_MC_KILLED,COUNT_MC_INJURED,PRIMARY_RAMP,SECONDARY_RAMP,LATITUDE,LONGITUDE,COUNTY,CITY,POINT_X,POINT_Y
8803857,2019,2019-03-14,3801,2019-01-06,1710,2300,TENDE,7,5,7,3801,0,0,0,,0,3J11D,"HARRISON ST","11TH ST",0.00,,Y,-,-,N,,,,,,,,,,N,4,0,1,2,A,-,10,21950,A,F,G,B,E,-,-,-,-,-,0,Y,,,,Y,,A,07,0,0,1,0,1,0,0,0,0,"- ","- ",,,"SAN FRANCISCO","SAN FRANCISCO",-122.41246795654297,37.7706298828125
8803868,2019,2019-03-05,3801,2019-01-05,0735,2439,CENT,6,5,7,3801,0,0,0,,0,3A13A,"BAY ST","TAYLOR ST",0.00,,Y,B,C,N,,,,,,,,,,Y,4,0,1,2,A,-,09,21801,A,N,D,C,A,B,H,-,A,A,0,,,,,Y,,A,07,0,0,1,0,0,0,0,0,0,"- ","- ",,,"SAN FRANCISCO","SAN FRANCISCO",-122.41525268554688,37.805408477783203
8803872,2019,2019-03-05,3801,2019-01-04,1715,2210,INGLE,5,5,7,3801,0,0,0,,0,3H16C,"PORTOLA DR","GLENVIEW DR",10.00,E,N,A,-,N,,,,,,,,,,Y,4,0,1,3,A,-,03,22350,,N,C,E,A,A,H,-,A,A,0,,,,,Y,,A,01,0,0,1,0,0,0,0,0,0,"- ","- ",37.74652099609375,-122.44766235351562,"SAN FRANCISCO","SAN FRANCISCO",-122.44785308837891,37.74688720703125
8803879,2019,2019-02-27,3801,2019-01-24,1132,2078,MISSI,4,5,7,3801,0,0,0,,0,,"DOLORES ST","27TH ST",0.00,,Y,A,-,N,,,,,,,,,,N,4,0,1,2,A,-,09,21800,A,N,D,C,A,A,H,-,A,D,0,,,,,Y,,A,01,0,0,1,0,0,0,0,0,0,"- ","- ",,,"SAN FRANCISCO","SAN FRANCISCO",-122.42474365234375,37.747028350830078
8803882,2019,2019-02-28,3801,2019-01-22,1125,2132,MISSI,2,5,7,3801,0,0,0,,0,3D45C,"14TH ST","MISSION ST",0.00,,Y,A,-,N,,,,,,,,,,N,4,0,1,2,A,-,08,22100,A,N,B,G,A,A,H,-,A,A,0,,Y,,,Y,,A,01,0,0,1,0,0,0,1,0,0,"- ","- ",,,"SAN FRANCISCO","SAN FRANCISCO",-122.41996765136719,37.768291473388672
8803886,2019,2019-02-28,3801,2019-01-16,1751,A21165,TENDE,3,5,7,3801,0,0,0,,0,3J52B,"MARKET ST","HYDE ST",300.00,W,N,C,-,N,,,,,,,,,,Y,4,0,1,2,A,-,03,22350,A,N,B,C,A,B,H,-,C,D,0,,,,,Y,,A,01,0,0,1,0,0,0,0,0,0,"- ","- ",,,"SAN FRANCISCO","SAN FRANCISCO",-122.41551208496094,37.778141021728516
8803888,2019,2019-05-11,3801,2019-01-31,1500,2419,RICHM,4,5,7,3801,0,0,0,,0,002,"MAYFAIR DR","LAUREL ST",0.00,,Y,A,-,N,,,,,,,,,,,4,0,1,2,A,-,10,21950,A,F,G,B,B,A,H,-,A,A,0,Y,,,,Y,,-,99,0,0,1,0,1,0,0,0,0,"- ","- ",,,"SAN FRANCISCO","SAN FRANCISCO",-122.44998931884766,37.786109924316406
8803889,2019,2019-02-28,3801,2019-01-17,1100,1572,SOUTH,4,5,7,3801,0,0,0,,0,3B1A,"HOWARD ST","SPEAR ST",0.00,,Y,A,-,N,,,,,,,,,,Y,4,0,1,2,A,-,08,22102,,N,-,C,A,B,H,-,A,A,0,,,,,Y,,-,,0,0,1,0,0,0,0,0,0,"- ","- ",,,"SAN FRANCISCO","SAN FRANCISCO",-122.39254760742188,37.79132080078125
8803890,2019,2019-02-28,3801,2019-01-22,1751,1179,TENDE,2,5,7,3801,0,0,0,,0,3J13D,"LARKIN ST","EDDY ST",0.00,,Y,A,-,N,,,,,,,,,,N,3,0,1,2,A,-,10,21950,C,N,G,B,B,A,H,-,C,A,0,Y,,,,Y,,A,01,0,1,0,0,1,0,0,0,0,"- ","- ",,,"SAN FRANCISCO","SAN FRANCISCO",-122.41751861572266,37.783298492431641
8803901,2019,2019-02-28,3801,2019-01-17,1846,1605,NORTH,4,5,7,3801,0,0,0,,0,3E6D,"VAN NESS AV","VALLEJO ST",7.00,N,N,A,-,N,,,,,,,,,,N,3,0,1,2,A,-,11,21950,B,N,G,B,B,A,H,-,C,A,0,Y,,,,Y,,N,60,0,1,0,0,1,0,0,0,0,"- ","- ",,,"SAN FRANCISCO","SAN FRANCISCO",-122.42369079589844,37.796699523925781
8803909,2019,2019-02-28,3801,2019-01-17,1810,2207,CENTR,4,5,7,3801,0,0,0,,0,3A14D,"THE EMBARCADERO","BAY ST",0.00,,Y,A,-,N,,,,,,,,,,N,4,0,1,2,D,-,00,,,N,B,G,A,A,H,-,C,A,0,,Y,,,Y,,-,"- ",0,0,1,0,0,0,1,0,0,"- ","- ",,,"SAN FRANCISCO","SAN FRANCISCO",-122.40596771240234,37.806629180908203
8803912,2019,2019-05-11,3801,2019-01-30,0935,807,TARAV,3,5,7,3801,0,0,0,,0,3I13A,"24TH AV","RIVERA ST",210.00,N,N,A,-,N,,,,,,,,,,Y,4,0,1,2,A,-,21,22106,,N,B,C,A,A,H,-,A,-,0,,,,,Y,,A,01,0,0,1,0,0,0,0,0,0,"- ","- ",,,"SAN FRANCISCO","SAN FRANCISCO",-122.48136138916016,37.747085571289062
8803915,2019,2019-02-27,3801,2019-01-12,1930,2443,BAYVI,6,5,7,3801,0,0,0,,0,3C15D,"WAYLAND ST","GIRARD ST",96.00,E,N,A,-,N,,,,,,,,,,N,4,0,1,2,A,-,11,21954,A,N,G,B,E,A,H,-,C,A,0,Y,,,,Y,Y,N,60,0,0,1,0,1,0,0,0,0,"- ","- ",,,"SAN FRANCISCO","SAN FRANCISCO",-122.40378570556641,37.726264953613281
8803917,2019,2019-03-13,3801,2019-01-16,1730,1122,MISSI,3,5,7,3801,0,0,0,,0,,"SAN JOSE AV","24TH ST",0.00,,Y,C,-,N,,,,,,,,,,N,4,0,1,2,A,-,10,21950,A,N,G,B,B,B,H,-,C,A,0,Y,,,,Y,,A,01,0,0,1,0,1,0,0,0,0,"- ","- ",,,"SAN FRANCISCO","SAN FRANCISCO",-122.42160034179688,37.752071380615234
8803951,2019,2019-03-01,3801,2019-01-22,0830,807,TARAV,2,5,7,3801,0,0,0,,0,3I15A,"SLOAT BL","19TH AV",0.00,,N,A,-,N,,,,,,,,,,N,3,0,1,2,A,-,09,21801,A,F,D,G,A,A,H,-,A,A,0,,Y,,,Y,,-,"- ",0,1,0,0,0,0,1,0,0,"- ","- ",,,"SAN FRANCISCO","SAN FRANCISCO",-122.47512817382812,37.734718322753906
8803983,2019,2019-03-01,3801,2019-01-18,0517,2745,BAYVI,5,5,7,3801,0,0,0,,0,3C11E,"3RD ST","MARIN ST",0.00,,Y,C,-,N,,,,,,,,,,Y,4,0,1,1,C,-,18,,,N,E,I,A,B,F,-,C,A,0,,,,,Y,,-,"- ",0,0,1,0,0,0,0,0,0,"- ","- ",,,"SAN FRANCISCO","SAN FRANCISCO",-122.38759613037109,37.749008178710938
8804048,2019,2019-03-05,3801,2019-01-26,1431,1086,MISSI,6,5,7,3801,0,0,0,,0,5CAR,"MARKET ST","15TH ST",0.00,,Y,A,-,N,,,,,,,,,,N,4,0,1,2,A,-,11,21955,,N,G,-,-,A,H,-,A,A,0,Y,,,,Y,,N,60,0,0,1,0,1,0,0,0,0,"- ","- ",,,"SAN FRANCISCO","SAN FRANCISCO",-122.43100738525391,37.765979766845703
8804197,2018,2019-02-28,3801,2018-12-05,0655,1887,SOUTH,3,5,7,3801,0,0,0,,0,4B1B,"ELLIS ST","LARKIN ST",11.00,W,N,C,-,N,,,,,,,,,,N,4,0,1,2,A,-,10,21950,A,N,G,B,B,B,H,-,C,A,0,Y,,,,Y,,A,01,0,0,1,0,1,0,0,0,0,"- ","- ",,,"SAN FRANCISCO","SAN FRANCISCO",-122.41775512695312,37.784244537353516
8806755,2019,2019-03-06,3801,2019-01-24,0205,887,CENTR,4,5,7,3801,0,0,0,,0,3A11E,"LEAVENWORTH ST","GEARY ST",80.00,N,N,A,-,N,,,,,,,,,,Y,3,0,1,2,A,-,03,22350,,N,B,E,A,A,H,-,C,D,0,,,Y,,Y,,C,03,0,1,0,0,0,0,0,0,1,"- ","- ",,,"SAN FRANCISCO","SAN FRANCISCO",-122.41484832763672,37.786754608154297
8809175,2019,2019-03-22,3801,2019-02-16,1226,723,CENTR,6,5,7,3801,0,0,0,,0,3A12A,"KEARNY ST","SACRAMENTO ST",0.00,,Y,B,-,N,,,,,,,,,,Y,4,0,1,2,A,-,12,21453,A,N,D,C,A,B,H,-,A,A,0,,,,,Y,,-,,0,0,1,0,0,0,0,0,0,"- ","- ",,,"SAN FRANCISCO","SAN FRANCISCO",-122.40458679199219,37.793598175048828
8809284,2019,2019-04-02,3801,2019-01-25,1630,1362,RICHM,5,5,7,3801,0,0,0,,0,3G4,"CLEMENT ST","16TH AV",0.00,,Y,A,-,N,,,,,,,,,,Y,3,0,1,2,A,-,12,22450,A,M,D,C,A,A,H,-,A,A,0,,,,,Y,,A,01,0,1,0,0,0,0,0,0,0,"- ","- ",,,"SAN FRANCISCO","SAN FRANCISCO",-122.47524261474609,37.782440185546875
8809301,2019,2019-04-03,3801,2019-01-03,1512,1184,NORTH,4,5,7,3801,0,0,0,,0,3E11E,"FILLMORE ST","GOLDEN GATE AV",0.00,N,N,A,-,N,,,,,,,,,,N,4,0,1,2,A,-,11,21954,A,N,G,B,D,A,-,-,A,A,0,Y,,,,Y,,N,60,0,0,1,0,1,0,0,0,0,"- ","- ",,,"SAN FRANCISCO","SAN FRANCISCO",-122.43193817138672,37.779560089111328
8813953,2019,2019-03-06,3801,2019-01-10,1242,202,TRAFF,4,5,7,3801,0,0,0,,0,4B3I,"BRYANT ST","5TH ST",23.00,W,N,A,-,N,,,,,,,,,,Y,3,0,2,3,A,-,04,21703,,N,C,C,A,A,H,-,A,A,0,,,,,Y,,J,49,0,1,1,0,0,0,0,0,0,"- ","- ",,,"SAN FRANCISCO","SAN FRANCISCO",-122.40034484863281,37.777755737304688
8817451,2019,2019-03-22,3801,2019-02-20,1024,1432,SOUTH,3,5,7,3801,0,0,0,,0,3B14B,"CESAR CHAVEZ ST","HAMPSHIRE ST",15.00,E,N,A,-,N,,,,,,,,,,N,4,0,1,2,A,-,03,22350,,N,C,C,A,A,H,-,A,D,0,,,,,Y,,A,01,0,0,1,0,0,0,0,0,0,"- ","- ",,,"SAN FRANCISCO","SAN FRANCISCO",-122.40672302246094,37.748794555664062
8817507,2019,2019-03-21,3801,2019-02-22,1719,308,MISSI,5,5,7,3801,0,0,0,,0,3D15D,"21ST ST","CHURCH ST",207.00,W,N,A,-,N,,,,,,,,,,N,3,0,1,2,A,-,03,22350,,F,G,B,D,A,H,-,A,D,0,Y,,,,Y,,D,22,0,1,0,0,1,0,0,0,0,"- ","- ",,,"SAN FRANCISCO","SAN FRANCISCO",-122.42861175537109,37.756465911865234
8817604,2019,2019-04-12,3801,2019-02-25,1010,2065,NORTH,1,5,7,3801,0,0,0,,0,3E3A,"FRANKLIN ST","POLK ST",0.00,,Y,B,-,N,,,,,,,,,,N,4,0,1,2,A,-,10,21950,A,N,A,B,B,B,H,-,A,A,0,Y,,,,Y,,D,23,0,0,1,0,1,0,0,0,0,"- ","- ",,,"SAN FRANCISCO","SAN FRANCISCO",,
8817608,2019,2019-04-12,3801,2019-02-09,0923,367,TARA,6,5,7,3801,0,0,0,,0,3I41,"31ST AV","IRVING ST",0.00,,Y,B,-,N,,,,,,,,,,Y,4,0,1,2,A,-,12,22450,A,N,D,C,A,B,H,-,A,A,0,,,,,Y,,-,"- ",0,0,1,0,0,0,0,0,0,"- ","- ",,,"SAN FRANCISCO","SAN FRANCISCO",-122.48998260498047,37.76300048828125
8817624,2019,2019-03-15,3801,2019-02-26,1515,1836,TARAV,2,5,7,3801,0,0,0,,0,3I13D,"32ND AV","LAWTON ST",132.00,S,N,C,-,N,,,,,,,,,,N,3,0,1,2,A,-,21,22106,,N,G,B,D,B,H,-,A,D,0,Y,,,,Y,,A,01,0,1,0,0,1,0,0,0,0,"- ","- ",,,"SAN FRANCISCO","SAN FRANCISCO",-122.49063873291016,37.756996154785156
8817633,2019,2019-03-21,3801,2019-02-08,0644,1887,TRAFF,5,5,7,3801,0,0,0,,0,4B101,"CESAR CHAVEZ ST","MISSISSIPPI ST",0.00,,Y,B,-,N,,,,,,,,,,Y,2,0,2,2,A,-,09,21801,A,N,A,-,A,A,H,-,A,D,0,,,Y,,Y,,A,01,1,0,1,0,0,0,0,0,1,"- ","- ",,,"SAN FRANCISCO","SAN FRANCISCO",-122.39335632324219,37.749931335449219
8817645,2019,2019-03-21,3801,2019-02-03,1620,1052,RICHM,7,5,7,3801,0,0,0,,0,3G3C,"CALIFORNIA ST","ARGUELLO BL",20.00,S,N,A,-,N,,,,,,,,,,N,4,0,1,2,A,-,09,21801,A,N,A,C,A,A,H,-,A,A,0,,,,,Y,,A,01,0,0,1,0,0,0,0,0,0,"- ","- ",,,"SAN FRANCISCO","SAN FRANCISCO",-122.45928192138672,37.785659790039062
8817653,2019,2019-03-21,3801,2019-02-08,1906,4326,SOUTH,5,5,7,3801,0,0,0,,0,0B1,"HARRISON ST","MAIN ST",0.00,,Y,A,-,N,,,,,,,,,,Y,2,0,1,2,A,-,09,21801,A,N,D,C,A,B,H,-,C,A,0,,,Y,,Y,,-,"- ",1,0,0,0,0,0,0,0,1,"- ","- ",,,"SAN FRANCISCO","SAN FRANCISCO",-122.39031982421875,37.788150787353516
8817665,2019,2019-03-21,3801,2019-02-08,1418,RAYMOND,CENTR,5,5,7,3801,0,0,0,,0,3A3C,"POWELL ST","STOCKTON ST",0.00,,Y,B,C,N,,,,,,,,,,N,4,0,1,3,A,-,10,21950,A,N,A,B,B,B,H,-,A,A,0,Y,,,,Y,Y,A,01,0,0,1,0,1,0,0,0,0,"- ","- ",,,"SAN FRANCISCO","SAN FRANCISCO",,
8817681,2019,2019-03-20,3801,2019-02-02,1852,1951,INGLE,6,5,7,3801,0,0,0,,0,3H13D,"SAN JOSE AV","NIAGARA AV",0.00,,Y,C,-,N,,,,,,,,,,N,3,0,2,3,A,-,10,21950,A,N,G,B,B,B,H,-,C,A,0,Y,,,,Y,,A,01,0,2,0,0,2,0,0,0,0,"- ","- ",,,"SAN FRANCISCO","SAN FRANCISCO",-122.44760894775391,37.719478607177734
8817697,2019,2019-03-20,3801,2019-02-12,1334,417,CENTR,2,5,7,3801,0,0,0,,0,3A46B,"POWELL ST","POST ST",0.00,,Y,B,-,N,,,,,,,,,,N,4,0,1,2,A,-,12,21455,,N,B,B,E,A,H,-,A,A,0,Y,,,,Y,,N,60,0,0,1,0,1,0,0,0,0,"- ","- ",,,"SAN FRANCISCO","SAN FRANCISCO",-122.40840148925781,37.788288116455078
8817699,2019,2019-03-20,3801,2019-02-11,1605,278,MISSI,1,5,7,3801,0,0,0,,0,3D60,"FOLSOM ST","22ND ST",220.00,N,N,A,-,N,,,,,,,,,,N,4,0,1,2,A,-,04,21703,,N,C,C,A,A,H,-,A,A,0,,,,,Y,,A,01,0,0,1,0,0,0,0,0,0,"- ","- ",,,"SAN FRANCISCO","SAN FRANCISCO",-122.41443634033203,37.756324768066406
8817701,2019,2019-03-20,3801,2019-02-03,0006,4276,CENTR,7,5,7,3801,0,0,0,,0,"3 CAR","BAY ST","MASON ST",0.00,,Y,C,-,N,,,,,,,,,,N,3,0,1,2,A,-,11,21950,B,N,G,B,D,B,H,-,C,A,0,Y,,,,Y,Y,N,60,0,1,0,0,1,0,0,0,0,"- ","- ",,,"SAN FRANCISCO","SAN FRANCISCO",-122.41358947753906,37.805629730224609
8817702,2019,2019-03-20,3801,2019-02-27,2101,628,RICHM,3,5,7,3801,0,0,0,,0,0G3,"GEARY BL","16TH AV",0.00,,Y,C,-,N,,,,,,,,,,Y,4,0,1,2,A,-,12,21453,A,N,D,-,A,B,H,-,C,A,0,,,,,Y,,A,01,0,0,1,0,0,0,0,0,0,"- ","- ",,,"SAN FRANCISCO","SAN FRANCISCO",-122.47511291503906,37.78057861328125
8817705,2019,2019-03-21,3801,2019-02-02,2142,740,MISSI,6,5,7,3801,0,0,0,,0,3D15E,"DUBOCE AV","VALENCIA ST",0.00,,Y,C,-,N,,,,,,,,,,N,3,0,1,2,A,-,11,21456,C,M,G,B,B,B,H,-,C,A,0,Y,,,,Y,Y,N,60,0,1,0,0,1,0,0,0,0,"- ","- ",,,"SAN FRANCISCO","SAN FRANCISCO",-122.42236328125,37.769870758056641
8817716,2019,2019-03-19,3801,2019-02-14,1023,3G44,RICHM,4,5,7,3801,0,0,0,,0,004,"CLEMENT ST","21ST AV",0.00,,Y,B,C,N,,,,,,,,,,N,3,0,1,2,A,-,10,21950,A,N,G,B,B,B,H,-,A,A,0,Y,,,,Y,,A,08,0,1,0,0,1,0,0,0,0,"- ","- ",,,"SAN FRANCISCO","SAN FRANCISCO",-122.4805908203125,37.782199859619141
8817719,2019,2019-03-20,3801,2019-02-04,0528,1217,PARK,1,5,7,3801,0,0,0,,0,3F13E,"STANYAN ST","OAK ST",0.00,,Y,C,G,N,,,,,,,,,,Y,4,0,1,2,A,-,09,21803,A,M,D,C,A,B,H,-,C,A,0,,,,,Y,,A,01,0,0,1,0,0,0,0,0,0,"- ","- ",,,"SAN FRANCISCO","SAN FRANCISCO",-122.45395660400391,37.771350860595703
8817752,2019,2019-03-19,3801,2019-02-12,2150,1308,TENDE,2,5,7,3801,0,0,0,,0,3J13D,"FULTON ST","LARKIN ST",14.00,W,N,C,-,N,,,,,,,,,,N,4,0,1,2,A,-,10,21950,A,F,G,B,B,B,-,-,C,A,0,Y,,,,Y,,-,"- ",0,0,1,0,1,0,0,0,0,"- ","- ",,,"SAN FRANCISCO","SAN FRANCISCO",-122.41676330566406,37.779590606689453
8817762,2019,2019-04-02,3801,2019-02-22,2250,668,NORTH,5,5,7,3801,0,0,0,,0,3E15E,"CALIFORNIA ST","VAN NESS AV",0.00,,Y,A,-,N,,,,,,,,,,Y,4,0,2,2,A,-,12,21453,A,F,D,C,A,A,D,-,C,A,0,,,,,Y,,A,01,0,0,2,0,0,0,0,0,0,"- ","- ",,,"SAN FRANCISCO","SAN FRANCISCO",-122.42240905761719,37.790348052978516
8817773,2019,2019-03-20,3801,2019-02-15,1830,54,NORTH,5,5,7,3801,0,0,0,,0,0E6,"FRANKLIN ST","LOMBARD ST",0.00,,Y,B,C,N,,,,,,,,,,N,4,0,1,1,A,-,03,22350,,N,H,A,A,B,A,B,C,A,0,,,Y,,Y,,C,02,0,0,1,0,0,0,0,0,1,"- ","- ",,,"SAN FRANCISCO","SAN FRANCISCO",-122.42620086669922,37.801109313964844
8817780,2019,2019-03-20,3801,2019-02-01,1835,426,NORTH,5,5,7,3801,0,0,0,,0,3E11E,"DIVISADERO ST","HAYES ST",0.00,,Y,C,-,N,,,,,,,,,,N,4,0,2,2,A,-,08,22107,,N,B,C,A,B,H,-,C,A,0,,,,,Y,,A,01,0,0,2,0,0,0,0,0,0,"- ","- ",,,"SAN FRANCISCO","SAN FRANCISCO",-122.43778991699219,37.774978637695312
8817789,2019,2019-03-20,3801,2019-02-15,2000,737,NORTH,5,5,7,3801,0,0,0,,0,3E13A,"POLK ST",BROADWAY,0.00,,Y,A,-,N,,,,,,,,,,N,4,0,1,2,A,-,10,21950,A,F,G,B,B,A,H,-,C,A,0,Y,,,,Y,,A,01,0,0,1,0,1,0,0,0,0,"- ","- ",,,"SAN FRANCISCO","SAN FRANCISCO",-122.42176055908203,37.795940399169922
8817791,2019,2019-03-19,3801,2019-02-01,1415,2452,RICHM,5,5,7,3801,0,0,0,,0,3G60,"CALIFORNIA ST","11TH ST",0.00,,Y,C,-,N,,,,,,,,,,N,4,0,1,2,A,-,08,22107,,N,B,C,A,B,H,-,-,D,0,,,,,Y,,A,01,0,0,1,0,0,0,0,0,0,"- ","- ",,,"SAN FRANCISCO","SAN FRANCISCO",-122.46990966796875,37.784568786621094
8817792,2019,2019-03-20,3801,2019-02-28,0626,221,PARK,4,5,7,3801,0,0,0,,0,3F43A,"7TH AV","IRVING ST",0.00,,Y,A,-,N,,,,,,,,,,N,2,0,1,2,A,-,09,21801,A,N,D,G,A,A,H,-,B,D,0,,Y,,,Y,,A,01,1,0,0,0,0,0,1,0,0,"- ","- ",,,"SAN FRANCISCO","SAN FRANCISCO",-122.46415710449219,37.76416015625
8817795,2019,2019-03-19,3801,2019-02-22,1706,2419,RICHM,5,5,7,3801,0,0,0,,0,0G4,"25TH AV","EL CAMINO DEL MAR",0.00,,Y,A,-,N,,,,,,,,,,N,4,0,1,2,A,-,03,22350,,N,D,G,A,A,H,-,B,A,0,,Y,,,Y,,L,04,0,0,1,0,0,0,1,0,0,"- ","- ",,,"SAN FRANCISCO","SAN FRANCISCO",-122.48528289794922,37.787609100341797
8817819,2019,2019-03-19,3801,2019-02-22,2203,2437,BAYVI,5,5,7,3801,0,0,0,,0,3C15E,"GILMAN AV","INGALLS ST",13.00,W,N,A,-,N,,,,,,,,,,N,2,0,2,1,A,-,03,22350,,N,E,I,A,A,H,-,C,A,0,,,,,Y,,A,01,2,0,0,0,0,0,0,0,0,"- ","- ",,,"SAN FRANCISCO","SAN FRANCISCO",-122.39191436767578,37.720359802246094
8817823,2019,2019-03-19,3801,2019-02-21,2200,400,INGLE,4,5,7,3801,0,0,0,,0,3H11D,"ALEMANY BL","SAN BRUNO",82.00,W,N,A,-,N,,,,,,,,,,Y,4,0,1,2,A,-,01,23152,A,N,C,C,A,A,H,-,C,A,0,,,,,Y,Y,A,01,0,0,1,0,0,0,0,0,0,"- ","- ",,,"SAN FRANCISCO","SAN FRANCISCO",-122.408447265625,37.735836029052734
8817825,2019,2019-03-20,3801,2019-02-15,1159,812,PARK,5,5,7,3801,0,0,0,,0,003,"OAK ST","MASONIC AV",0.00,,Y,B,C,N,,,,,,,,,,Y,2,0,2,2,A,-,01,23152,A,N,D,D,A,B,H,-,A,A,0,,,,,Y,,A,01,1,0,1,0,0,0,0,0,0,"- ","- ",,,"SAN FRANCISCO","SAN FRANCISCO",-122.44574737548828,37.772079467773438
8817839,2019,2019-03-19,3801,2019-02-20,2028,1351,88178,3,5,7,3801,0,0,0,,0,3H16D,"GUERRERO ST","CESAR CHAVEZ ST",0.00,,Y,A,-,N,,,,,,,,,,Y,4,0,4,2,A,-,08,22107,,N,D,C,A,A,H,-,C,A,0,,,,,Y,,A,01,0,0,4,0,0,0,0,0,0,"- ","- ",,,"SAN FRANCISCO","SAN FRANCISCO",-122.42247772216797,37.748020172119141
8817870,2019,2019-03-18,3801,2019-02-10,1319,1144,TARAV,7,5,7,3801,0,0,0,,0,3I16B,"20TH AV","WINSTON DR",80.00,S,N,A,-,N,,,,,,,,,,N,4,0,1,2,A,-,11,21954,A,N,G,B,D,A,H,-,A,D,0,Y,,,,Y,,N,60,0,0,1,0,1,0,0,0,0,"- ","- ",,,"SAN FRANCISCO","SAN FRANCISCO",-122.47602081298828,37.726951599121094
8820316,2019,2019-04-12,3801,2019-01-17,1628,A21521,SOUTH,4,5,7,3801,0,0,0,,0,0B4,"VALENCIA ST","MCCOPPIN ST",0.00,,Y,A,-,N,,,,,,,,,,Y,4,0,1,3,A,-,06,21751,,N,B,C,A,A,H,-,C,D,0,,,,,Y,,A,01,0,0,1,0,0,0,0,0,0,"- ","- ",,,"SAN FRANCISCO","SAN FRANCISCO",-122.42253112792969,37.771591186523438
8837657,2019,2019-05-09,3801,2019-03-08,1432,A22028,SOUTH,5,5,7,3801,0,0,0,,0,3B3C,"MISSION ST","7TH ST",0.00,,Y,B,-,N,,,,,,,,,,N,4,0,1,2,A,-,03,22350,,N,C,C,A,A,H,-,A,A,0,,,,,Y,,D,22,0,0,1,0,0,0,0,0,0,"- ","- ",,,"SAN FRANCISCO","SAN FRANCISCO",-122.41089630126953,37.779209136962891
8845164,2019,2019-05-14,3801,2019-03-30,1859,2111,MISSI,6,5,7,3801,0,0,0,,0,3D11D,"18TH ST","NOE ST",220.00,E,N,A,-,N,,,,,,,,,,Y,4,0,2,3,A,-,03,22350,,N,E,E,A,A,H,-,A,D,0,,,,,Y,,D,22,0,0,2,0,0,0,0,0,0,"- ","- ",,,"SAN FRANCISCO","SAN FRANCISCO",-122.43202209472656,37.761058807373047
8845448,2019,2019-05-16,3801,2019-03-26,1135,2363,RICHM,2,5,7,3801,0,0,0,,0,3G2A,"MASONIC AV","PRESIDIO AV",42.00,W,N,B,-,N,,,,,,,,,,N,4,0,1,2,A,-,04,21703,,N,C,C,A,A,H,-,A,D,0,,,,,Y,,A,01,0,0,1,0,0,0,0,0,0,"- ","- ",,,"SAN FRANCISCO","SAN FRANCISCO",-122.44673156738281,37.786235809326172
8845455,2019,2019-05-10,3801,2019-03-25,1538,STARK436,PARK,1,5,7,3801,0,0,0,,0,3F3D,"OAK ST","FILLMORE ST",0.00,,Y,B,C,N,,,,,,,,,,N,3,0,1,2,A,-,09,21801,A,N,A,C,A,B,-,-,A,A,0,,,,,Y,,A,01,0,1,0,0,0,0,0,0,0,"- ","- ",,,"SAN FRANCISCO","SAN FRANCISCO",-122.43080902099609,37.773971557617188
8845464,2019,2019-04-30,3801,2019-03-22,1400,1310,SOUTH,5,5,7,3801,0,0,0,,0,3B13A,"BRANNAN ST","8TH ST",0.00,,Y,C,-,N,,,,,,,,,,N,4,0,1,2,A,-,04,21703,,F,C,C,A,D,A,D,A,A,0,,,,,Y,,A,01,0,0,1,0,0,0,0,0,0,"- ","- ",,,"SAN FRANCISCO","SAN FRANCISCO",-122.40543365478516,37.771289825439453
8845470,2019,2019-04-29,3801,2019-03-05,1010,1689,RICHM,2,5,7,3801,0,0,0,,0,03G,"PARK PRESIDIO","LAKE ST",0.00,,Y,C,-,N,,,,,,,,,,N,4,0,1,2,A,-,10,21950,A,N,G,B,B,B,H,-,A,A,0,Y,,,,Y,,A,01,0,0,1,0,1,0,0,0,0,"- ","- ",,,"SAN FRANCISCO","SAN FRANCISCO",-122.47264099121094,37.786319732666016
8845476,2019,2019-05-01,3801,2019-03-21,1745,836,BAYVI,4,5,7,3801,0,0,0,,0,3C12D,"OAKDALE AV","LOOMIS ST",0.00,,Y,A,-,N,,,,,,,,,,N,4,0,2,2,A,-,12,22450,A,N,D,C,A,A,-,-,A,A,0,,,,,Y,,A,01,0,0,2,0,0,0,0,0,0,"- ","- ",,,"SAN FRANCISCO","SAN FRANCISCO",-122.40431213378906,37.742530822753906