CASE_ID,ACCIDENT_YEAR,PROC_DATE,JURIS,COLLISION_DATE,COLLISION_TIME,OFFICER_ID,REPORTING_DISTRICT,DAY_OF_WEEK,CHP_SHIFT,POPULATION,CNTY_CITY_LOC,SPECIAL_COND,BEAT_TYPE,CHP_BEAT_TYPE,CITY_DIVISION_LAPD,CHP_BEAT_CLASS,BEAT_NUMBER,PRIMARY_RD,SECONDARY_RD,DISTANCE,DIRECTION,INTERSECTION,WEATHER_1,WEATHER_2,STATE_HWY_IND,CALTRANS_COUNTY,CALTRANS_DISTRICT,STATE_ROUTE,ROUTE_SUFFIX,POSTMILE_PREFIX,POSTMILE,LOCATION_TYPE,RAMP_INTERSECTION,SIDE_OF_HWY,TOW_AWAY,COLLISION_SEVERITY,NUMBER_KILLED,NUMBER_INJURED,PARTY_COUNT,PRIMARY_COLL_FACTOR,PCF_CODE_OF_VIOL,PCF_VIOL_CATEGORY,PCF_VIOLATION,PCF_VIOL_SUBSECTION,HIT_AND_RUN,TYPE_OF_COLLISION,MVIW,PED_ACTION,ROAD_SURFACE,ROAD_COND_1,ROAD_COND_2,LIGHTING,CONTROL_DEVICE,CHP_ROAD_TYPE,PEDESTRIAN_ACCIDENT,BICYCLE_ACCIDENT,MOTORCYCLE_ACCIDENT,TRUCK_ACCIDENT,NOT_PRIVATE_PROPERTY,ALCOHOL_INVOLVED,STWD_VEHTYPE_AT_FAULT,CHP_VEHTYPE_AT_FAULT,COUNT_SEVERE_INJ,COUNT_VISIBLE_INJ,COUNT_COMPLAINT_PAIN,COUNT_PED_KILLED,COUNT_PED_INJURED,COUNT_BICYCLIST_KILLED,COUNT_BICYCLIST_INJURED,COUNT_MC_KILLED,COUNT_MC_INJURED,PRIMARY_RAMP,SECONDARY_RAMP,LATITUDE,LONGITUDE,COUNTY,CITY,POINT_X,POINT_Y
8939832,2019,2019-10-25,3801,2019-09-15,0915,1830,INGLE,7,5,7,3801,0,0,0,,0,3H13A,"MONTEREY BL","FORESTER ST",0.00,,Y,A,-,N,,,,,,,,,,N,4,0,1,2,A,-,09,21800,E,N,A,C,A,A,H,-,A,D,0,,,,,Y,,A,01,0,0,1,0,0,0,0,0,0,"- ","- ",,,"SAN FRANCISCO","SAN FRANCISCO",-122.44886779785156,37.731548309326172
8940011,2019,2019-10-31,3801,2019-09-08,1730,2470,CENTR,7,5,7,3801,0,0,0,,0,1730,"MARKET ST","NEW MONTGOMERY ST",50.00,E,N,A,-,N,,,,,,,,,,N,4,0,1,2,A,-,03,22350,,N,C,C,A,A,H,-,A,A,0,,,Y,,Y,,C,03,0,0,1,0,0,0,0,0,1,"- ","- ",,,"SAN FRANCISCO","SAN FRANCISCO",-122.40187072753906,37.788867950439453
8940022,2019,2019-11-13,3801,2019-09-10,1307,1451,SOUTH,2,5,7,3801,0,0,0,,0,901,"7TH ST","MINNA ST",0.00,,Y,A,-,N,,,,,,,,,,Y,4,0,1,2,A,-,03,22350,,N,D,C,A,A,H,-,A,D,0,,,,Y,Y,,A,01,0,0,1,0,0,0,0,0,0,"- ","- ",,,"SAN FRANCISCO","SAN FRANCISCO",-122.41037750244141,37.778789520263672
8940050,2019,2019-10-24,3801,2019-09-12,2047,1709,TENDE,4,5,7,3801,0,0,0,,0,001,"MARKET ST","JONES ST",70.00,E,N,A,-,N,,,,,,,,,,N,3,0,1,2,A,-,08,22107,,N,D,G,A,A,H,-,C,D,0,,Y,,,Y,,D,22,0,1,0,0,0,0,1,0,0,"- ","- ",,,"SAN FRANCISCO","SAN FRANCISCO",-122.41181182861328,37.781047821044922
8940070,2019,2019-10-31,3801,2019-09-14,1202,859,TENDO,6,5,7,3801,0,0,0,,0,03J,"LARKIN ST","GROVE ST",0.00,,Y,A,-,N,,,,,,,,,,N,2,0,1,2,A,-,10,21950,A,N,G,B,B,A,H,-,A,A,0,Y,,,,Y,,I,10,1,0,0,0,1,0,0,0,0,"- ","- ",,,"SAN FRANCISCO","SAN FRANCISCO",-122.41658782958984,37.778659820556641
8943264,2019,2019-09-20,3801,2019-08-04,1525,1062,TARAV,7,5,7,3801,0,0,0,,0,"3 I13D","GREAT HWY","VICENTE ST",35.00,S,N,A,-,N,,,,,,,,,,N,2,0,1,2,A,-,00,23103,A,M,C,C,A,A,H,-,A,A,0,,,Y,,Y,,C,02,1,0,0,0,0,0,0,0,1,"- ","- ",,,"SAN FRANCISCO","SAN FRANCISCO",-122.50644683837891,37.737865447998047
8952440,2019,2020-01-13,3801,2019-10-09,1309,442,CENTR,3,5,7,3801,0,0,0,,0,3A5A,"JESSIE ST","ANNIE ST",22.00,W,N,A,-,N,,,,,,,,,,N,3,0,1,3,A,-,08,22100,B,F,B,E,E,A,H,-,A,D,0,Y,,,Y,Y,,F,21,0,1,0,0,1,0,0,0,0,"- ","- ",,,"SAN FRANCISCO","SAN FRANCISCO",-122.40183258056641,37.787239074707031
8952456,2019,2019-11-27,3801,2019-10-29,1747,2100,TARAV,2,5,7,3801,0,0,0,,0,3I13D,"ULLOA ST","20TH AV",0.00,,Y,A,-,N,,,,,,,,,,N,4,0,1,2,A,-,09,21802,,N,C,B,E,A,H,-,A,A,0,Y,,,,Y,,A,81,0,0,1,0,1,0,0,0,0,"- ","- ",,,"SAN FRANCISCO","SAN FRANCISCO",-122.47663879394531,37.741138458251953
8960244,2019,2020-01-30,3801,2019-09-08,0245,4314,RICHM,7,5,7,3801,0,0,0,,0,0I5,"19TH AV","SLOAT BL",0.00,,Y,A,-,Y,SF,4,1,-,-,1.897,I,5,N,Y,4,0,2,2,A,-,01,23152,A,N,D,C,A,A,H,-,C,A,0,,,,,Y,Y,A,07,0,0,2,0,0,0,0,0,0,"- ","- ",,,"SAN FRANCISCO","SAN FRANCISCO",-122.47508239746094,37.734642028808594
8960254,2019,2019-11-06,3801,2019-09-22,2215,1239,MISSI,7,5,7,3801,0,0,0,,0,3D11D,"LOOMIS ST","WATERLOO ST",12.00,N,N,A,-,N,,,,,,,,,,N,3,0,1,2,A,-,12,22450,A,N,H,G,A,A,H,-,E,A,0,,Y,,,Y,,L,04,0,1,0,0,0,0,1,0,0,"- ","- ",,,"SAN FRANCISCO","SAN FRANCISCO",-122.40555572509766,37.739173889160156
8960293,2019,2019-11-06,3801,2019-09-11,1525,1398,TRAFF,3,5,7,3801,0,0,0,,0,"PARK D","15TH ST","SANCHEZ ST",91.00,W,N,A,-,N,,,,,,,,,,N,2,0,1,3,A,-,08,22105,,N,A,C,A,A,H,-,A,D,0,,,,,Y,,A,01,1,0,0,0,0,0,0,0,0,"- ","- ",,,"SAN FRANCISCO","SAN FRANCISCO",-122.43132781982422,37.765964508056641
8960497,2019,2020-01-02,3801,2019-10-04,1935,4314,RICHM,5,5,7,3801,0,0,0,,0,0G1,"JOHN F KENNEDY DR","ROSE GARDEN TRAIL",136.00,W,N,A,-,N,,,,,,,,,,N,3,0,1,1,A,-,03,22350,,N,H,A,A,A,H,-,D,D,0,,Y,,,Y,,L,04,0,1,0,0,0,0,1,0,0,"- ","- ",,,"SAN FRANCISCO","SAN FRANCISCO",,
8969375,2019,2019-11-14,3801,2019-09-04,1020,1276,MISSI,3,5,7,3801,0,0,0,,0,3D11A,"DOLORES ST","16TH ST",0.00,,Y,A,-,N,,,,,,,,,,N,4,0,1,2,A,-,06,21755,A,N,D,G,A,A,H,-,A,A,0,,Y,,,Y,,L,04,0,0,1,0,0,0,1,0,0,"- ","- ",,,"SAN FRANCISCO","SAN FRANCISCO",-122.42643737792969,37.764640808105469
8969387,2019,2019-11-14,3801,2019-09-30,0925,964,NORTH,1,5,7,3801,0,0,0,,0,3E6A,"TURK ST","STEINER ST",0.00,,Y,A,-,N,,,,,,,,,,Y,3,0,3,2,A,-,12,21453,A,N,D,C,A,A,H,-,A,A,0,,,,,Y,,A,08,0,1,2,0,0,0,0,0,0,"- ","- ",,,"SAN FRANCISCO","SAN FRANCISCO",-122.43376922607422,37.780300140380859
8969391,2019,2019-11-14,3801,2019-09-16,1242,A21781,INGLE,1,5,7,3801,0,0,0,,0,3H16C,"30TH ST","CHENERY ST",0.00,,Y,A,-,N,,,,,,,,,,N,4,0,1,2,A,-,03,22350,,N,H,A,A,A,H,-,A,D,0,,,Y,,Y,,C,02,0,0,1,0,0,0,0,0,1,"- ","- ",,,"SAN FRANCISCO","SAN FRANCISCO",-122.42581176757812,37.742141723632812
8969443,2019,2020-02-18,3801,2019-10-14,0430,2211,NORTH,1,5,7,3801,0,0,0,,0,3E15E,"LOMBARD ST","OCTAVIA ST",8.00,W,N,A,-,N,,,,,,,,,,Y,4,0,3,2,A,-,03,22350,,N,C,C,A,A,H,-,C,A,0,,,,,Y,,D,22,0,0,3,0,0,0,0,0,0,"- ","- ",,,"SAN FRANCISCO","SAN FRANCISCO",-122.42949676513672,37.800685882568359
8969452,2019,2019-12-18,3801,2019-10-10,1639,1945,INGLE,4,5,7,3801,0,0,0,,0,3H16D,"OSHAUGHNESSY BL","PORTOLA DR",0.00,,Y,A,-,N,,,,,,,,,,Y,3,0,3,2,A,-,03,22350,,F,H,I,A,A,H,-,A,A,0,,,,,Y,,A,01,0,2,1,0,0,0,0,0,0,"- ","- ",,,"SAN FRANCISCO","SAN FRANCISCO",-122.45160675048828,37.745479583740234
8969482,2019,2019-12-16,3801,2019-10-27,1234,1404,NORTH,7,5,7,3801,0,0,0,,0,0E3,"OFARRELL ST","VAN NESS AV",0.00,,Y,A,-,N,,,,,,,,,,N,4,0,6,2,A,-,08,22100,A,N,B,C,A,A,H,-,A,A,0,,,,,Y,,A,01,0,0,6,0,0,0,0,0,0,"- ","- ",,,"SAN FRANCISCO","SAN FRANCISCO",-122.42125701904297,37.784740447998047
8969487,2019,2019-12-12,3801,2019-10-31,2042,2142,TENDE,4,5,7,3801,0,0,0,,0,3J13E,"MARKET ST","JONES ST",41.00,E,N,A,-,N,,,,,,,,,,N,2,0,1,2,A,-,11,21955,,N,G,B,D,A,H,-,C,D,0,Y,,,,Y,Y,N,60,1,0,0,0,1,0,0,0,0,"- ","- ",,,"SAN FRANCISCO","SAN FRANCISCO",-122.41188049316406,37.780990600585938
8969495,2019,2020-01-14,3801,2019-10-02,1840,2300,TENDE,3,5,7,3801,0,0,0,,0,3J11D,"HYDE ST","FULTON ST",50.00,S,N,A,-,N,,,,,,,,,,N,4,0,1,2,A,-,03,22350,,F,C,C,A,A,H,-,A,A,0,,,,,Y,,A,01,0,0,1,0,0,0,0,0,0,"- ","- ",,,"SAN FRANCISCO","SAN FRANCISCO",-122.41510772705078,37.779674530029297
8969904,2019,2019-11-21,3801,2019-10-21,0135,1429,INGLE,1,5,7,3801,0,0,0,,0,3H15E,"GENEVA AV","ATHENS ST",0.00,,Y,A,-,N,,,,,,,,,,Y,4,0,1,1,A,-,07,21658,A,N,E,I,A,A,H,-,C,A,0,,,,,Y,Y,A,01,0,0,1,0,0,0,0,0,0,"- ","- ",,,"SAN FRANCISCO","SAN FRANCISCO",-122.43453979492188,37.713470458984375
8969912,2019,2019-11-21,3801,2019-10-20,2050,2209,MISSI,7,5,7,3801,0,0,0,,0,3D41D,"18TH ST","DOLORES ST",0.00,,Y,A,-,N,,,,,,,,,,N,4,0,1,2,A,-,10,21950,A,F,-,B,B,A,H,-,C,A,0,Y,,,,Y,,A,01,0,0,1,0,1,0,0,0,0,"- ","- ",,,"SAN FRANCISCO","SAN FRANCISCO",-122.42616271972656,37.761440277099609
8969926,2019,2019-12-11,3801,2019-10-10,2120,2139,NORTH,4,5,7,3801,0,0,0,,0,901,"VAN NESS AV","ELLIS ST",0.00,,Y,A,-,N,,,,,,,,,,Y,4,0,2,2,A,-,12,21453,A,N,D,C,A,A,D,-,C,A,0,,,,,Y,Y,A,01,0,0,2,0,0,0,0,0,0,"- ","- ",,,"SAN FRANCISCO","SAN FRANCISCO",-122.42106628417969,37.783821105957031
8969931,2019,2019-11-21,3801,2019-10-03,1415,624,NORTH,4,5,7,3801,0,0,0,,0,005,"LAGUNA ST",BROADWAY,0.00,,Y,A,-,N,,,,,,,,,,Y,2,0,1,2,A,-,12,22450,A,N,D,C,A,A,H,-,A,A,0,,,Y,,Y,,A,07,1,0,0,0,0,0,0,0,1,"- ","- ",,,"SAN FRANCISCO","SAN FRANCISCO",-122.42997741699219,37.794891357421875
8969937,2019,2019-11-20,3801,2019-10-18,1820,4040,CENTR,5,5,7,3801,0,0,0,,0,3A11D,"SUTTER ST","HYDE ST",156.00,E,N,A,-,N,,,,,,,,,,N,4,0,1,2,A,-,11,21955,,N,G,B,D,A,H,-,B,D,0,Y,,,,Y,,N,60,0,0,1,0,1,0,0,0,0,"- ","- ",,,"SAN FRANCISCO","SAN FRANCISCO",-122.41627502441406,37.788246154785156
8969939,2019,2019-11-21,3801,2019-10-08,1729,1696,NORTH,2,5,7,3801,0,0,0,,0,3E13D,"PINE ST","POLK ST",0.00,,Y,A,-,N,,,,,,,,,,Y,4,0,1,2,A,-,08,22107,,N,D,C,A,A,H,-,A,A,0,,,,,Y,,A,01,0,0,1,0,0,0,0,0,0,"- ","- ",,,"SAN FRANCISCO","SAN FRANCISCO",-122.42050170898438,37.789638519287109
8969945,2019,2019-11-20,3801,2019-10-18,0825,#8,NORTH,5,5,7,3801,0,0,0,,0,3E6A,"EDDY ST","VAN NESS AV",74.00,W,N,A,-,N,,,,,,,,,,N,4,0,1,2,A,-,08,22107,,N,B,J,A,A,H,-,A,D,0,,,,,Y,,A,01,0,0,1,0,0,0,0,0,0,"- ","- ",,,"SAN FRANCISCO","SAN FRANCISCO",-122.42115020751953,37.7828369140625
8969946,2019,2019-12-11,3801,2019-10-10,1657,1224,MISSI,4,5,7,3801,0,0,0,,0,0D6,"BRYANT ST","ALAMEDA ST",120.00,N,N,A,-,N,,,,,,,,,,N,3,0,1,2,A,-,07,21658,A,N,B,G,A,A,H,-,A,A,0,,Y,,,Y,,L,04,0,1,0,0,0,0,1,0,0,"- ","- ",,,"SAN FRANCISCO","SAN FRANCISCO",-122.41075134277344,37.768508911132812
8969965,2019,2019-11-20,3801,2019-10-18,1000,1920,SOUTH,5,5,7,3801,0,0,0,,0,3B12C,"HOWARD ST","RUSS ST",0.00,,Y,A,-,N,,,,,,,,,,N,3,0,1,2,A,-,08,22107,,F,G,B,E,A,H,-,A,A,0,Y,,,,Y,,A,07,0,1,0,0,1,0,0,0,0,"- ","- ",,,"SAN FRANCISCO","SAN FRANCISCO",-122.40824890136719,37.77886962890625
8969968,2019,2019-11-21,3801,2019-10-14,1930,1462,NORTH,1,5,7,3801,0,0,0,,0,3E13D,"HAYES ST","POLK ST",112.00,E,N,A,-,N,,,,,,,,,,Y,4,0,1,2,A,-,06,21750,A,N,H,C,A,A,H,-,C,D,0,,,Y,,Y,,C,02,0,0,1,0,0,0,0,0,1,"- ","- ",,,"SAN FRANCISCO","SAN FRANCISCO",-122.41765594482422,37.777557373046875
8969972,2019,2019-11-21,3801,2019-10-09,0615,196,CENTR,3,5,7,3801,0,0,0,,0,3A11A,"WASHINGTON ST","KEARNY ST",0.00,,Y,A,-,N,,,,,,,,,,N,3,0,1,2,A,-,10,21950,A,N,A,B,B,A,H,-,C,A,0,Y,,,,Y,,A,01,0,1,0,0,1,0,0,0,0,"- ","- ",,,"SAN FRANCISCO","SAN FRANCISCO",-122.40496063232422,37.795330047607422
8969987,2019,2019-11-21,3801,2019-10-06,2313,1833,TARAV,7,5,7,3801,0,0,0,,0,,"SLOAT BL","19TH AV",0.00,,Y,A,-,N,,,,,,,,,,Y,4,0,1,2,A,-,12,21453,A,N,D,C,A,A,H,-,C,A,0,,,,,Y,,A,01,0,0,1,0,0,0,0,0,0,"- ","- ",,,"SAN FRANCISCO","SAN FRANCISCO",-122.47512817382812,37.734718322753906
8969992,2019,2019-11-21,3801,2019-10-14,0916,1129,TARAV,1,5,7,3801,0,0,0,,0,005,"FONT BL","SERRANO DR",83.00,W,N,A,-,N,,,,,,,,,,N,3,0,1,2,A,-,08,22107,,N,B,G,A,A,H,-,A,D,0,,Y,,,Y,,A,01,0,1,0,0,0,0,1,0,0,"- ","- ",,,"SAN FRANCISCO","SAN FRANCISCO",-122.48003387451172,37.719867706298828
8969994,2019,2019-12-12,3801,2019-10-10,0825,1478,NORTH,4,5,7,3801,0,0,0,,0,0E4,"BUCHANAN ST","CALIFORNIA ST",0.00,,Y,A,-,N,,,,,,,,,,Y,2,0,1,2,A,-,09,21801,A,N,-,C,A,A,H,-,A,A,0,,,,,Y,,A,01,1,0,0,0,0,0,0,0,0,"- ","- ",,,"SAN FRANCISCO","SAN FRANCISCO",-122.4305419921875,37.789310455322266
8975372,2019,2020-02-25,3801,2019-10-20,2327,2148,NORTH,7,5,7,3801,0,0,0,,0,3E13E,"VAN NESS AV","GROVE ST",60.00,S,N,A,-,Y,SF,4,101,-,T,5.070,H,-,N,Y,4,0,5,2,A,-,01,23152,A,N,C,C,A,-,H,-,C,D,0,,,,,Y,Y,A,01,0,0,5,0,0,0,0,0,0,"- ","- ",,,"SAN FRANCISCO","SAN FRANCISCO",-122.41980743408203,37.778205871582031
8981209,2019,2020-02-13,3801,2019-11-22,0912,2136,NORTH,5,5,7,3801,0,0,0,,0,3E13A,"HAYES ST","POLK ST",118.00,W,N,A,-,N,,,,,,,,,,Y,4,0,2,2,-,-,"- ",,,N,B,-,A,A,H,-,A,D,0,,,,Y,Y,,-,"- ",0,0,2,0,0,0,0,0,0,"- ","- ",,,"SAN FRANCISCO","SAN FRANCISCO",-122.41844177246094,37.777458190917969
8981214,2019,2020-02-20,3801,2019-11-14,1920,1533,BAYVI,4,5,7,3801,0,0,0,,0,3C11D,"SILVER AV","REVERE AV",112.00,E,N,A,-,N,,,,,,,,,,Y,4,0,1,2,A,-,07,21658,A,N,A,C,A,B,H,-,C,D,0,,,,,Y,,D,22,0,0,1,0,0,0,0,0,0,"- ","- ",,,"SAN FRANCISCO","SAN FRANCISCO",-122.39825439453125,37.736602783203125
8981242,2019,2020-01-03,3801,2019-11-18,0617,970,SOUTH,1,5,7,3801,0,0,0,,0,,"THE EMBARCADERO","BRYANT ST",0.00,,Y,A,-,N,,,,,,,,,,N,2,0,1,2,B,-,22,,,F,D,J,A,A,H,-,B,A,0,,,,,Y,,-,,1,0,0,0,0,0,0,0,0,"- ","- ",37.787090301513672,-122.38748168945312,"SAN FRANCISCO","SAN FRANCISCO",-122.38800811767578,37.787090301513672
8981257,2019,2020-01-08,3801,2019-11-30,1815,1926,MISSI,6,5,7,3801,0,0,0,,0,3D11C,"GUERRERO ST","18TH ST",20.00,N,N,B,-,N,,,,,,,,,,N,4,0,1,4,A,-,09,21804,A,N,B,C,A,B,H,-,C,A,0,,,Y,,Y,,C,03,0,0,1,0,0,0,0,0,1,"- ","- ",,,"SAN FRANCISCO","SAN FRANCISCO",-122.42380523681641,37.761634826660156
8981361,2019,2020-01-09,3801,2019-11-20,0756,4027,INGLE,3,5,7,3801,0,0,0,,0,3H16A,"VISITACION AV","SAWYER ST",0.00,,Y,A,-,N,,,,,,,,,,N,3,0,3,4,A,-,10,21950,A,N,G,B,B,A,H,-,B,A,0,Y,,,,Y,,A,01,0,1,2,0,3,0,0,0,0,"- ","- ",,,"SAN FRANCISCO","SAN FRANCISCO",-122.41436004638672,37.713260650634766
8981374,2019,2020-01-09,3801,2019-11-06,1521,2342,NORTH,3,5,7,3801,0,0,0,,0,3E14D,"FILLMORE ST","GEARY BL",0.00,,Y,A,-,N,,,,,,,,,,Y,4,0,3,2,A,-,12,21453,A,N,D,C,A,A,H,-,A,A,0,,,,,Y,,A,01,0,0,3,0,0,0,0,0,0,"- ","- ",,,"SAN FRANCISCO","SAN FRANCISCO",-122.43295288085938,37.784530639648438
8981409,2019,2020-01-09,3801,2019-11-14,1324,677,SOUTH,4,5,7,3801,0,0,0,,0,3B45,"7TH ST","HOOPER ST",0.00,,Y,A,-,N,,,,,,,,,,N,4,0,1,2,A,-,08,22107,,N,D,G,A,A,H,-,A,D,0,,Y,,,Y,,A,01,0,0,1,0,0,0,1,0,0,"- ","- ",,,"SAN FRANCISCO","SAN FRANCISCO",-122.39821624755859,37.769031524658203
8981426,2019,2020-01-09,3801,2019-11-15,2034,4067,MISSI,5,5,7,3801,0,0,0,,0,3D15D,"MISSION ST","23RD ST",180.00,N,N,A,-,N,,,,,,,,,,N,4,0,1,2,A,-,05,21650,,N,D,G,A,A,H,-,C,D,0,,Y,,,Y,,L,04,0,0,1,0,0,0,1,0,0,"- ","- ",,,"SAN FRANCISCO","SAN FRANCISCO",-122.41864013671875,37.754322052001953
8981438,2019,2020-01-09,3801,2019-11-15,2017,21195,CENTR,5,5,7,3801,0,0,0,,0,003,"MASON ST","BEACH ST",85.00,N,N,A,-,N,,,,,,,,,,N,4,0,1,2,A,-,08,22107,,F,B,C,A,A,H,-,C,D,0,,,,,Y,,A,01,0,0,1,0,0,0,0,0,0,"- ","- ",,,"SAN FRANCISCO","SAN FRANCISCO",-122.41402435302734,37.807720184326172
8981442,2019,2020-01-13,3801,2019-11-28,0309,1713,TARAV,4,5,7,3801,0,0,0,,0,3I2E,"28TH AV","QUINTARA ST",0.00,,-,C,-,N,,,,,,,,,,Y,3,0,1,2,A,-,01,23152,,N,B,C,A,B,H,-,C,D,0,,,,,Y,Y,A,01,0,1,0,0,0,0,0,0,0,"- ","- ",,,"SAN FRANCISCO","SAN FRANCISCO",-122.48573303222656,37.74822998046875
8981447,2019,2020-01-14,3801,2019-11-07,1226,2108,TENDE,4,5,7,3801,0,0,0,,0,3J52C,"MARKET ST","7TH ST",380.00,E,N,A,-,N,,,,,,,,,,N,2,0,1,1,A,-,03,22350,,N,E,J,A,A,H,-,A,A,0,,Y,,,Y,,L,04,1,0,0,0,0,0,1,0,0,"- ","- ",,,"SAN FRANCISCO","SAN FRANCISCO",-122.41158294677734,37.781223297119141
8981451,2019,2020-01-14,3801,2019-11-07,0632,1326,BAYVI,4,5,7,3801,0,0,0,,0,3C13A,"EVANS AV","JENNINGS ST",0.00,,Y,A,-,N,,,,,,,,,,Y,4,0,3,2,A,-,03,22350,A,N,D,C,A,A,H,-,A,A,0,,,,,Y,,A,01,0,0,3,0,0,0,0,0,0,"- ","- ",,,"SAN FRANCISCO","SAN FRANCISCO",-122.37911987304688,37.737689971923828
8981483,2019,2020-01-14,3801,2019-11-30,0910,563,TARAV,6,5,7,3801,0,0,0,,0,002,"WAWONA ST","20TH AV",0.00,,Y,B,-,N,,,,,,,,,,N,4,0,1,2,A,-,12,22450,A,N,D,G,A,B,H,-,A,A,0,,Y,,,Y,,L,04,0,0,1,0,0,0,1,0,0,"- ","- ",,,"SAN FRANCISCO","SAN FRANCISCO",-122.47635650634766,37.737400054931641
8981488,2019,2020-01-10,3801,2019-11-11,2045,2238,BAYVI,1,5,7,3801,0,0,0,,0,0C2,"ELMIRA ST","AUGUSTA ST",0.00,,Y,A,-,N,,,,,,,,,,N,4,0,1,2,A,-,12,22450,A,F,B,C,A,A,H,-,C,A,0,,,,,Y,,A,01,0,0,1,0,0,0,0,0,0,"- ","- ",,,"SAN FRANCISCO","SAN FRANCISCO",-122.40357971191406,37.734409332275391
8981501,2019,2020-01-13,3801,2019-11-03,1813,2195,CENTR,7,5,7,3801,0,0,0,,0,002,"MONTGOMERY ST","BUSH ST",0.00,,Y,A,-,N,,,,,,,,,,Y,3,0,3,2,A,-,08,22107,,N,B,C,A,A,H,-,C,A,0,,,,,Y,,A,01,0,2,1,0,0,0,0,0,0,"- ","- ",,,"SAN FRANCISCO","SAN FRANCISCO",-122.40235900878906,37.790969848632812
8981502,2019,2020-02-21,3801,2019-11-20,1732,2407,NORTH,3,5,7,3801,0,0,0,,0,3E12D,"FULTON ST","SCOTT ST",0.00,,Y,A,-,N,,,,,,,,,,N,3,0,1,2,A,-,10,21950,A,N,G,B,B,A,H,-,C,A,0,Y,,,,Y,,-,,0,1,0,0,1,0,0,0,0,"- ","- ",,,"SAN FRANCISCO","SAN FRANCISCO",-122.43650817871094,37.777069091796875
8981506,2019,2020-01-13,3801,2019-11-20,1320,2210,SOUTE,3,5,7,3801,0,0,0,,0,0B3,"HOWARD ST","RUSS ST",0.00,,Y,A,-,N,,,,,,,,,,N,4,0,1,2,A,-,10,21950,A,N,G,B,B,A,H,-,A,A,0,Y,,,,Y,,A,01,0,0,1,0,1,0,0,0,0,"- ","- ",,,"SAN FRANCISCO","SAN FRANCISCO",-122.40824890136719,37.77886962890625
8981508,2019,2020-02-14,3801,2019-11-11,1430,574,MISSI,1,5,7,3801,0,0,0,,0,3D60,"MISSION ST","19TH ST",192.00,S,N,A,-,N,,,,,,,,,,Y,4,0,1,2,A,-,08,22102,,N,D,C,A,A,H,-,A,A,0,,,Y,,Y,,A,01,0,0,1,0,0,0,0,0,1,"- ","- ",,,"SAN FRANCISCO","SAN FRANCISCO",-122.41915893554688,37.759693145751953
8981514,2019,2020-01-13,3801,2019-11-20,1605,2244,TENDE,3,5,7,3801,0,0,0,,0,3J12D,"MARKET ST","6TH ST",0.00,,Y,A,-,N,,,,,,,,,,N,3,0,1,2,A,-,10,21950,A,N,D,B,B,A,H,-,A,A,0,Y,,,,Y,,M,95,0,1,0,0,1,0,0,0,0,"- ","- ",,,"SAN FRANCISCO","SAN FRANCISCO",-122.41030120849609,37.782238006591797
8981516,2019,2020-01-10,3801,2019-11-07,1137,1251,SOUTH,4,5,7,3801,0,0,0,,0,3B13A,"HARRISON ST","9TH ST",0.00,,Y,A,-,N,,,,,,,,,,N,4,0,1,2,A,-,08,22101,,N,B,G,A,A,H,-,A,A,0,,Y,,,Y,,L,04,0,0,1,0,0,0,1,0,0,"- ","- ",,,"SAN FRANCISCO","SAN FRANCISCO",-122.41004943847656,37.772529602050781
8981518,2019,2020-02-21,3801,2019-11-20,1818,1351,SOUTH,3,5,7,3801,0,0,0,,0,3B12D,"KING ST","2ND ST",0.00,,Y,A,-,N,,,,,,,,,,N,4,0,1,2,A,-,08,22107,,N,D,J,A,-,H,-,C,A,0,,,,,Y,,M,94,0,0,1,0,0,0,0,0,0,"- ","- ",,,"SAN FRANCISCO","SAN FRANCISCO",-122.38970184326172,37.779960632324219
8981525,2019,2020-01-10,3801,2019-11-22,2339,1157,BAYVI,5,5,7,3801,0,0,0,,0,3C61,"WHITNEY YOUNG CIR","HUDSON AV",0.00,,Y,A,-,N,,,,,,,,,,Y,3,0,1,2,-,-,"- ",,,F,B,I,A,A,H,-,C,D,0,,,,,Y,Y,-,"- ",0,1,0,0,0,0,0,0,0,"- ","- ",,,"SAN FRANCISCO","SAN FRANCISCO",-122.38227844238281,37.733608245849609
8981542,2019,2020-01-09,3801,2019-11-22,1320,719,CENTR,5,5,7,3801,0,0,0,,0,3A61,"THE EMBARCADERO ST","BAY ST",100.00,N,N,A,-,N,,,,,,,,,,N,2,0,1,2,A,-,17,21235,G,N,C,B,F,A,H,-,A,D,0,Y,,,,Y,,M,93,1,0,0,0,1,0,0,0,0,"- ","- ",,,"SAN FRANCISCO","SAN FRANCISCO",-122.40625762939453,37.806785583496094
8981543,2019,2020-01-14,3801,2019-11-27,1710,1696,NORTH,3,5,7,3801,0,0,0,,0,3E13D,"OFARRELL ST","FRANKLIN ST",0.00,,Y,A,-,N,,,,,,,,,,N,4,0,1,2,A,-,10,21950,A,N,G,B,B,A,H,-,B,A,0,Y,,,,Y,,A,01,0,0,1,0,1,0,0,0,0,"- ","- ",,,"SAN FRANCISCO","SAN FRANCISCO",-122.42282867431641,37.784549713134766
8981547,2019,2020-01-14,3801,2019-11-27,2223,1336,NORTH,3,5,7,3801,0,0,0,,0,0E3,"GEARY BL","VAN NESS AV",0.00,,Y,A,-,N,,,,,,,,,,Y,4,0,1,2,A,-,12,21453,A,F,D,C,A,A,H,-,C,A,0,,,,,Y,,A,01,0,0,1,0,0,0,0,0,0,"- ","- ",,,"SAN FRANCISCO","SAN FRANCISCO",-122.42146301269531,37.785678863525391