CASE_ID,ACCIDENT_YEAR,PROC_DATE,JURIS,COLLISION_DATE,COLLISION_TIME,OFFICER_ID,REPORTING_DISTRICT,DAY_OF_WEEK,CHP_SHIFT,POPULATION,CNTY_CITY_LOC,SPECIAL_COND,BEAT_TYPE,CHP_BEAT_TYPE,CITY_DIVISION_LAPD,CHP_BEAT_CLASS,BEAT_NUMBER,PRIMARY_RD,SECONDARY_RD,DISTANCE,DIRECTION,INTERSECTION,WEATHER_1,WEATHER_2,STATE_HWY_IND,CALTRANS_COUNTY,CALTRANS_DISTRICT,STATE_ROUTE,ROUTE_SUFFIX,POSTMILE_PREFIX,POSTMILE,LOCATION_TYPE,RAMP_INTERSECTION,SIDE_OF_HWY,TOW_AWAY,COLLISION_SEVERITY,NUMBER_KILLED,NUMBER_INJURED,PARTY_COUNT,PRIMARY_COLL_FACTOR,PCF_CODE_OF_VIOL,PCF_VIOL_CATEGORY,PCF_VIOLATION,PCF_VIOL_SUBSECTION,HIT_AND_RUN,TYPE_OF_COLLISION,MVIW,PED_ACTION,ROAD_SURFACE,ROAD_COND_1,ROAD_COND_2,LIGHTING,CONTROL_DEVICE,CHP_ROAD_TYPE,PEDESTRIAN_ACCIDENT,BICYCLE_ACCIDENT,MOTORCYCLE_ACCIDENT,TRUCK_ACCIDENT,NOT_PRIVATE_PROPERTY,ALCOHOL_INVOLVED,STWD_VEHTYPE_AT_FAULT,CHP_VEHTYPE_AT_FAULT,COUNT_SEVERE_INJ,COUNT_VISIBLE_INJ,COUNT_COMPLAINT_PAIN,COUNT_PED_KILLED,COUNT_PED_INJURED,COUNT_BICYCLIST_KILLED,COUNT_BICYCLIST_INJURED,COUNT_MC_KILLED,COUNT_MC_INJURED,PRIMARY_RAMP,SECONDARY_RAMP,LATITUDE,LONGITUDE,COUNTY,CITY,POINT_X,POINT_Y
8981972,2019,2019-11-20,3801,2019-10-02,1926,283,MISSI,3,5,7,3801,0,0,0,,0,0D1,"DIAMOND ST","18TH ST",0.00,,Y,A,-,N,,,,,,,,,,,4,0,1,2,A,-,10,21950,A,N,G,B,B,A,H,-,C,A,0,Y,,,,Y,,A,01,0,0,1,0,1,0,0,0,0,"- ","- ",,,"SAN FRANCISCO","SAN FRANCISCO",-122.43718719482422,37.760738372802734
8981975,2019,2019-11-21,3801,2019-10-01,1010,516,INGLE,2,5,7,3801,0,0,0,,0,3H70,"DIAMOND ST","CHENERY ST",289.00,N,N,A,-,N,,,,,,,,,,Y,4,0,2,4,A,-,09,21804,A,N,H,C,A,A,E,-,A,D,0,,,,,Y,,A,01,0,0,2,0,0,0,0,0,0,"- ","- ",,,"SAN FRANCISCO","SAN FRANCISCO",-122.43382263183594,37.735275268554688
8981982,2019,2019-11-26,3801,2019-10-28,1103,1053,TARAV,1,5,7,3801,0,0,0,,0,3I16A,"OCEAN AV","PLYMOUTH AV",2.00,E,N,A,-,N,,,,,,,,,,N,4,0,1,1,A,-,03,22350,,N,-,A,A,A,-,-,A,A,0,,Y,,,Y,,L,04,0,0,1,0,0,0,1,0,0,"- ","- ",,,"SAN FRANCISCO","SAN FRANCISCO",-122.45653533935547,37.723979949951172
8981984,2019,2019-11-20,3801,2019-10-02,0937,1116,MISSI,3,5,7,3801,0,0,0,,0,3D16A,"23RD ST","UTAH ST",116.00,E,N,A,-,N,,,,,,,,,,N,4,0,1,2,A,-,10,21950,A,N,G,B,C,A,H,-,A,D,0,Y,,,,Y,,A,01,0,0,1,0,1,0,0,0,0,"- ","- ",,,"SAN FRANCISCO","SAN FRANCISCO",-122.40505981445312,37.754379272460938
8981990,2019,2019-11-26,3801,2019-10-28,1049,2068,CENTR,1,5,7,3801,0,0,0,,0,3A5A,"MARKET ST","SUTTER ST",0.00,,Y,A,-,N,,,,,,,,,,N,3,0,1,1,A,-,03,22350,,N,H,A,A,A,G,-,A,D,0,,,Y,,Y,,C,03,0,1,0,0,0,0,0,0,1,"- ","- ",37.789909362792969,-122.4007568359375,"SAN FRANCISCO","SAN FRANCISCO",-122.40013885498047,37.790298461914062
8981999,2019,2019-11-21,3801,2019-10-29,0846,4139,TENDE,2,5,7,3801,0,0,0,,0,001,"MARKET ST","MARKET ST  1098A",0.00,,Y,A,-,N,,,,,,,,,,N,3,0,1,1,B,-,22,,,N,H,A,A,A,H,-,A,A,0,,Y,,,Y,,L,04,0,1,0,0,0,0,1,0,0,"- ","- ",,,"SAN FRANCISCO","SAN FRANCISCO",-122.41159399999999,37.781207000000002
8982117,2019,2019-11-22,3801,2019-10-11,1620,1075,CENTR,5,5,7,3801,0,0,0,,0,,"FREMONT ST","MISSION ST",108.00,N,N,A,-,N,,,,,,,,,,N,4,0,1,2,A,-,11,21955,,N,G,B,D,A,H,-,A,D,0,Y,,,,Y,,N,60,0,0,1,0,1,0,0,0,0,"- ","- ",,,"SAN FRANCISCO","SAN FRANCISCO",-122.39696502685547,37.790672302246094
8982140,2019,2019-11-21,3801,2019-10-22,1856,2161,MISSI,2,5,7,3801,0,0,0,,0,3D11D,"16TH ST","CALEDONIA ST",42.00,W,N,A,-,N,,,,,,,,,,Y,3,0,1,2,A,-,11,21954,A,N,G,B,D,A,H,-,C,-,0,Y,,,,Y,,N,60,0,1,0,0,1,0,0,0,0,"- ","- ",,,"SAN FRANCISCO","SAN FRANCISCO",-122.42149353027344,37.764930725097656
8995054,2019,2020-01-23,3801,2019-11-17,1607,2097,MISSI,7,5,7,3801,0,0,0,,0,,"GUERRERO ST","CESAR CHAVEZ ST",0.00,,Y,A,-,N,,,,,,,,,,N,3,0,2,2,A,-,01,23152,A,N,B,D,A,A,H,-,A,A,0,,,,,Y,Y,A,01,0,1,1,0,0,0,0,0,0,"- ","- ",,,"SAN FRANCISCO","SAN FRANCISCO",-122.42247772216797,37.748020172119141
8995205,2019,2020-01-23,3801,2019-11-05,1359,1217,PARK,2,5,7,3801,0,0,0,,0,PARK1C,"JOHN F KENNEDY DR","CONSERVATORY DR EAST",0.00,,Y,A,-,N,,,,,,,,,,N,3,0,1,2,A,-,09,21804,A,N,D,G,A,A,H,-,A,D,0,,Y,,,Y,,L,04,0,1,0,0,0,0,1,0,0,"- ","- ",,,"SAN FRANCISCO","SAN FRANCISCO",-122.45687103271484,37.770988464355469
90006205,2015,2015-10-19,9335,2015-07-27,1905,020666,,1,2,7,3801,0,1,1,,2,022,"I-280 S/B","SAN JOSE AVE O/C",45.00,N,N,A,-,Y,,,280,,,,,,S,N,3,0,1,2,A,-,07,21658,A,F,B,C,A,A,H,-,A,D,0,,,,,Y,,-,99,0,1,0,0,0,0,0,0,0,"- ","- ",37.718380000000003,-122.44868,"SAN FRANCISCO","SAN FRANCISCO",-122.44858703,37.718368839999997
90007169,2015,2015-10-19,9335,2015-07-31,1920,019510,,5,2,7,3801,0,1,1,,2,080,"I-80 W/B","BRANNAN ST",14.00,W,N,A,-,Y,,,80,,,,,,W,Y,4,0,1,1,A,-,03,22350,,N,F,A,A,A,H,-,A,D,0,,,Y,,Y,,C,02,0,0,1,0,0,0,0,0,1,"- ","- ",37.77102,-122.40607,"SAN FRANCISCO","SAN FRANCISCO",-122.40610624999999,37.771001480000002
90007627,2015,2015-10-19,9350,2015-07-28,2005,020225,,2,2,7,3801,0,1,2,,2,010,"US-101 N/B FROM GGB EAST LOT","GOLDEN GATE BRIDGE TOLL PLAZA",250.00,S,N,A,-,Y,,,101,,,,R,,N,N,3,0,1,2,A,-,03,22350,,F,C,C,A,A,H,-,A,D,0,,,,,Y,,D,22,0,1,0,0,0,0,0,0,0,"- ","- ",37.806950000000001,-122.47474,"SAN FRANCISCO","SAN FRANCISCO",-122.47474,37.806950000000001
90007963,2015,2015-10-19,9335,2015-08-07,1030,020157,,5,1,7,3801,0,1,2,,2,013,"US-101 N/B","SILVER AVE. O/C",50.00,N,N,A,-,Y,,,101,,,,,,N,Y,4,0,2,3,A,-,03,22350,,N,C,C,A,A,H,-,A,D,0,,,,,Y,,A,01,0,0,2,0,0,0,0,0,0,"- ","- ",37.732999999999997,-122.405,"SAN FRANCISCO","SAN FRANCISCO",-122.40523804999999,37.732877700000003
90009829,2015,2015-10-19,9335,2015-08-15,0240,020435,,6,3,7,3801,0,1,1,,2,080,"I-80 W/B 5TH OFF-RAMP","5TH ST",290.00,W,N,A,-,Y,,,,,,,,,,Y,4,0,1,1,A,-,01,23152,A,N,E,I,A,A,H,-,C,A,0,,,,,Y,Y,A,01,0,0,1,0,0,0,0,0,0,"- ","- ",37.779000000000003,-122.40064,"SAN FRANCISCO","SAN FRANCISCO",,
90010906,2015,2015-10-19,9335,2015-08-09,1340,020108,,7,1,7,3801,0,1,2,,2,013,"US-101 N/B","CORTLAND AVE U/C",500.00,N,N,A,-,Y,,,101,,,,,,N,N,4,0,1,2,A,-,03,22350,,N,C,C,A,A,H,-,A,D,0,,,Y,,Y,,C,02,0,0,1,0,0,0,0,0,1,"- ","- ",37.742400000000004,-122.40693,"SAN FRANCISCO","SAN FRANCISCO",-122.40687833,37.742360609999999
90011339,2015,2015-10-19,9335,2015-08-18,1828,013397,,2,2,7,3801,0,1,2,,2,015,"US-101 (S/B)","HARRISON STREET",250.00,S,N,A,-,Y,,,101,,,,,,,Y,3,0,2,4,A,-,03,22350,,M,C,C,A,A,H,-,A,D,0,,,,,Y,,A,07,0,1,1,0,0,0,0,0,0,"- ","- ",37.769399999999997,-122.41238,"SAN FRANCISCO","SAN FRANCISCO",-122.41237901,37.769440770000003
90011348,2015,2015-10-19,9335,2015-08-20,1642,018688,,4,2,7,3801,0,1,1,,2,024,"I-280 N/B","20TH ST. OVERPASS (NORTH EDGE)",30.00,N,N,B,-,Y,,,,,,,,,,N,4,0,1,2,A,-,03,22350,,N,C,C,A,A,H,-,A,D,0,,,,,Y,,A,07,0,0,1,0,0,0,0,0,0,"- ","- ",,,"SAN FRANCISCO","SAN FRANCISCO",-122.39229457,37.76034233
90011775,2015,2015-10-19,9335,2015-08-09,0145,020384,,7,3,7,3801,0,1,1,,1,081,"I-80 W/B","YERBA BUENA ISLAND",900.00,E,N,A,-,Y,,,80,,,,,,W,Y,4,0,1,4,A,-,03,22350,,N,C,C,A,A,H,-,C,D,0,,,,,Y,,A,01,0,0,1,0,0,0,0,0,0,"- ","- ",37.811500000000002,-122.36353,"SAN FRANCISCO","SAN FRANCISCO",-122.36373012999999,37.81170023
90011780,2015,2015-10-19,9335,2015-08-22,2120,020610,,6,2,7,3801,0,1,1,,2,022,"I-280 S/B TO OCEAN AVENUE","OCEAN AVENUE O/C",840.00,N,N,A,-,Y,,,,,,,,,,Y,3,0,1,1,A,-,08,22107,,N,E,I,A,A,H,-,C,D,0,,,Y,,Y,,C,02,0,1,0,0,0,0,0,0,1,"- ","- ",37.433079999999997,-122.26494,"SAN FRANCISCO","SAN FRANCISCO",-122.44689716000001,37.725132469999998
90012160,2015,2015-10-19,9335,2015-08-15,1025,020108,,6,1,7,3801,0,1,1,,2,080,"I-80 E/B","8TH STREET U/C",2000.00,W,N,A,-,Y,,,,,,,,,,Y,4,0,1,3,A,-,03,22350,,N,C,C,A,A,H,-,A,D,0,,,,,Y,,A,01,0,0,1,0,0,0,0,0,0,"- ","- ",37.455860000000001,-122.24177,"SAN FRANCISCO","SAN FRANCISCO",-122.4057,37.775069999999999
90012986,2015,2015-10-19,9335,2015-08-22,0330,020386,,6,3,7,3801,0,1,2,,2,014,"US-101 S/B","23RD ST",220.00,S,N,B,-,Y,,,101,,,,,,S,Y,3,0,1,3,A,-,08,22107,,F,B,C,A,A,H,-,D,D,0,,,,,Y,Y,-,99,0,1,0,0,0,0,0,0,0,"- ","- ",37.754399999999997,-122.40300000000001,"SAN FRANCISCO","SAN FRANCISCO",-122.4031303,37.754388159999998
90014961,2015,2015-10-19,9335,2015-08-07,1630,019510,,5,2,7,3801,0,1,1,,2,024,"I-280 S/B","18TH ST",45.00,N,N,A,-,Y,,,,,,,,,,Y,3,0,2,3,A,-,08,22107,,F,E,I,A,A,H,-,A,D,0,,,,,Y,,A,01,0,1,1,0,0,0,0,0,0,"- ","- ",37.454689999999999,-122.23336999999999,"SAN FRANCISCO","SAN FRANCISCO",-122.39281099999999,37.76294249
90016821,2015,2015-10-19,9335,2015-08-23,1630,019510,,7,2,7,3801,0,1,1,,1,081,"I-80 W/B","MAIN ST",50.00,W,N,A,-,Y,,,,,,,,,,N,4,0,1,2,A,-,03,22350,,M,C,C,A,A,H,-,A,D,0,,,,,Y,,A,08,0,0,1,0,0,0,0,0,0,"- ","- ",37.471469999999997,-122.23233,"SAN FRANCISCO","SAN FRANCISCO",-122.38950177,37.787325129999999
90017314,2015,2015-10-19,9335,2015-09-04,1435,019631,,5,2,7,3801,0,1,1,,1,081,"I-80 W/B","CENTER ANCHORAGE (WEST EDGE)",400.00,W,N,A,-,Y,,,,,,,,,,Y,2,0,1,2,C,-,18,,,N,E,I,A,A,H,-,A,D,0,,,,,Y,,-,"- ",1,0,0,0,0,0,0,0,0,"- ","- ",37.47486,-122.2247,"SAN FRANCISCO","SAN FRANCISCO",,
90017776,2015,2015-10-19,9335,2015-09-09,0935,017806,,3,1,7,3801,0,1,1,,2,022,"I-280 S/B","JOHN DALY BLVD. OFF RAMP",2640.00,N,N,A,-,Y,,,280,,,,,,S,Y,4,0,1,3,A,-,08,22107,,F,B,C,A,A,H,-,A,D,0,,,,,Y,,-,99,0,0,1,0,0,0,0,0,0,"- ","- ",37.710999999999999,-122.45614,"SAN FRANCISCO","SAN FRANCISCO",-122.45609904,37.71087928
90018553,2015,2015-10-19,9335,2015-09-12,0955,017935,,6,1,7,3801,0,1,2,,2,015,"US-101 S/B",I-80,150.00,N,N,B,-,Y,,,101,,,,,,S,Y,4,0,1,2,A,-,03,22350,,N,C,C,A,A,H,-,A,D,0,,,,,Y,,A,01,0,0,1,0,0,0,0,0,0,"- ","- ",37.769109999999998,-122.40926,"SAN FRANCISCO","SAN FRANCISCO",-122.40927126,37.769050800000002
90018556,2015,2015-10-19,9335,2015-09-14,0800,017806,,1,1,7,3801,0,1,1,,2,023,"I-280 N/B","BADEN ST. OVER CROSSING",60.00,S,N,B,-,Y,,,,,,,,,,Y,4,0,1,2,A,-,03,22350,,N,C,C,A,A,H,-,A,D,0,,,,,Y,,D,23,0,0,1,0,0,0,0,0,0,"- ","- ",,,"SAN FRANCISCO","SAN FRANCISCO",-122.43957712,37.729918720000001
90019473,2015,2015-10-19,9335,2015-09-14,1940,020892,,1,2,7,3801,0,1,1,,1,081,"I-80 W/B","THE EMBARCADERO",1320.00,E,N,B,-,Y,,,80,,,,,,W,N,4,0,2,2,A,-,03,22350,,M,C,C,A,A,H,-,B,D,0,,,,,Y,,A,01,0,0,2,0,0,0,0,0,0,"- ","- ",37.791989999999998,-122.38497,"SAN FRANCISCO","SAN FRANCISCO",-122.38460157999999,37.791638800000001
90022744,2015,2015-10-19,9335,2015-08-01,1920,020509,,6,2,7,3801,0,1,2,,2,013,"US-101 NORTHBOUND","BLANKEN AVE U/C",838.00,N,N,A,-,Y,,,,,,,,,,Y,3,0,1,1,A,-,08,22107,,N,A,J,A,A,H,-,B,D,0,,,,,Y,,A,07,0,1,0,0,0,0,0,0,0,"- ","- ",37.424750000000003,-122.23463,"SAN FRANCISCO","SAN FRANCISCO",-122.39633738000001,37.713095709999997
90023657,2015,2015-10-19,9335,2015-09-19,2000,020889,,6,2,7,3801,0,1,1,,1,081,"I-80 W/B","CECTER ANCHORAGE",200.00,W,N,A,-,Y,,,80,,,,,,W,Y,4,0,1,3,A,-,03,22350,,M,C,C,A,A,H,-,B,D,0,,,,,Y,,-,99,0,0,1,0,0,0,0,0,0,"- ","- ",37.79759,-122.37906,"SAN FRANCISCO","SAN FRANCISCO",-122.37883787,37.797352670000002
90023700,2015,2015-10-19,9335,2015-09-19,1845,020068,,6,2,7,3801,0,1,1,,1,083,"I-80 E/B","TREASURE ISLAND ROAD",606.00,W,N,A,-,Y,,,,,,,,,,N,4,0,2,2,A,-,03,22350,,N,C,C,A,A,H,-,A,D,0,,,,,Y,,A,01,0,0,2,0,0,0,0,0,0,"- ","- ",37.482700000000001,-122.2235,"SAN FRANCISCO","SAN FRANCISCO",,
90025786,2015,2015-10-19,9335,2015-09-16,0753,020108,,3,1,7,3801,0,1,1,,2,023,"I-280 S/B","MISSION STREET O/C",207.00,S,N,A,-,Y,,,,,,,,,,Y,3,0,1,2,A,-,07,21658,A,N,E,I,A,A,H,-,A,D,0,,,,,Y,,D,22,0,1,0,0,0,0,0,0,0,"- ","- ",,,"SAN FRANCISCO","SAN FRANCISCO",-122.42737192,37.731872719999998
90026102,2015,2015-10-19,9335,2015-09-25,1845,020610,,5,2,7,3801,0,1,2,,2,015,"US-101 N/B TO 9TH STREET","BRANNAN ST",62.00,S,N,A,-,Y,,,,,,,,,,N,4,0,3,3,A,-,03,22350,,N,C,C,A,A,H,-,A,D,0,,,,,Y,,A,01,0,0,3,0,0,0,0,0,0,"- ","- ",37.46987,-122.24266,"SAN FRANCISCO","SAN FRANCISCO",,
90029348,2015,2015-10-19,9335,2015-09-17,1845,020461,,4,2,7,3801,0,1,1,,1,083,"I-80 E/B","THE EMBARCADERO",220.00,E,N,A,-,Y,,,80,,,,,,E,Y,4,0,1,2,A,-,07,21658,A,N,B,C,A,A,H,-,A,D,0,,,Y,,Y,,A,01,0,0,1,0,0,0,0,0,1,"- ","- ",37.789610000000003,-122.3875,"SAN FRANCISCO","SAN FRANCISCO",-122.38716887,37.789228639999997
90033206,2015,2015-10-19,9335,2015-09-02,0945,017806,,3,1,7,3801,0,1,1,,2,024,"I-280 N/B TO KING ST.","5TH ST.",0.00,,N,B,-,Y,,,,,,,,,,N,3,0,1,2,A,-,03,22350,,N,B,C,A,A,H,-,A,D,0,,,Y,,Y,,C,02,0,1,0,0,0,0,0,0,1,"- ","- ",,,"SAN FRANCISCO","SAN FRANCISCO",,
90035952,2015,2015-10-22,9335,2015-10-08,1105,017672,,4,1,7,3801,0,1,1,,1,083,"I-80 E/B","TREASURE ISLAND OFF-RAMP",2500.00,W,N,A,-,Y,,,,,,,,,,N,4,0,1,3,D,-,00,,,N,B,C,A,A,H,-,A,A,0,,,Y,,Y,,-,"- ",0,0,1,0,0,0,0,0,1,"- ","- ",,,"SAN FRANCISCO","SAN FRANCISCO",,
90042529,2015,2015-11-02,9335,2015-10-18,1845,020889,,7,2,7,3801,0,1,2,,2,015,"US-101 S/B","BRYANT ST. UNDERCROSSING",290.00,S,N,B,C,Y,,,101,,,,,,S,Y,4,0,1,2,A,-,03,22350,,N,C,C,A,B,H,-,D,D,0,,,,,Y,,A,07,0,0,1,0,0,0,0,0,0,"- ","- ",37.769159999999999,-122.40985000000001,"SAN FRANCISCO","SAN FRANCISCO",-122.40984974,37.769161220000001
90044137,2015,2015-11-04,9335,2015-10-20,1310,17604,,2,1,7,3801,0,1,1,,2,080,"I-80 W/B TO 9TH STREET","8TH ST",680.00,E,N,A,-,Y,,,80,,,,R,,W,Y,4,0,1,1,A,-,01,23152,E,N,E,I,A,A,H,-,A,D,0,,,,,Y,,A,01,0,0,1,0,0,0,0,0,0,"- ","- ",37.774639999999998,-122.40661,"SAN FRANCISCO","SAN FRANCISCO",-122.40661,37.774639999999998
90044936,2015,2015-11-05,9335,2015-10-20,1615,017806,,2,2,7,3801,0,1,1,,2,022,"I-280 S/B","MISSION ST. OFF RAMP",200.00,N,N,A,-,Y,,,,,,,,,,Y,4,0,1,2,A,-,03,22350,,N,C,C,A,A,H,-,A,D,0,,,,,Y,,A,07,0,0,1,0,0,0,0,0,0,"- ","- ",,,"SAN FRANCISCO","SAN FRANCISCO",,
90044951,2015,2015-11-05,9335,2015-10-24,1325,020435,,6,1,7,3801,0,1,1,,1,083,"I-80 E/B","TREASURE ISLAND RD",307.00,W,N,A,-,Y,,,80,,,,,,E,Y,3,0,2,2,A,-,03,22350,,N,C,C,A,A,H,-,A,D,0,,,,,Y,,A,01,0,2,0,0,0,0,0,0,0,"- ","- ",37.808410000000002,-122.36700999999999,"SAN FRANCISCO","SAN FRANCISCO",-122.36692037,37.80832212
90045376,2015,2015-11-05,9335,2015-10-21,1415,019799,,3,2,7,3801,0,1,1,,2,021,"I-280 S/B","JPS O/C",210.00,N,N,A,-,Y,,,,,,,,,,Y,3,0,2,2,A,-,07,21658,,N,B,C,A,A,H,-,A,D,0,,,,,Y,,A,01,0,1,1,0,0,0,0,0,0,"- ","- ",,,"SAN FRANCISCO","SAN FRANCISCO",,
90048049,2015,2015-11-10,9335,2015-10-29,0855,017806,,4,1,7,3801,0,1,2,,2,013,"US-101 N/B","I-280 N/B PHYSICAL GORE  POINT",2640.00,S,N,B,-,Y,,,,,,,,,,N,4,0,1,2,A,-,03,22350,,N,C,C,A,A,H,-,A,D,0,,,,,Y,,A,01,0,0,1,0,0,0,0,0,0,"- ","- ",,,"SAN FRANCISCO","SAN FRANCISCO",,
90053028,2015,2015-11-18,9335,2015-11-08,1728,020403,,7,2,7,3801,0,1,1,,2,023,"I-280 N/B","BANKS ST",225.00,N,N,A,-,Y,,,280,,,,,,N,Y,3,0,2,2,A,-,03,22350,,N,C,C,A,A,H,-,C,D,0,,,Y,,Y,,C,02,0,1,1,0,0,0,0,0,2,"- ","- ",37.7331,-122.4121,"SAN FRANCISCO","SAN FRANCISCO",-122.41213928000001,37.733192649999999
90060189,2015,2015-11-26,9335,2015-10-06,1334,012827,,2,1,7,3801,0,3,5,,2,001,"I-80 E/B (BAY BRIDGE)","1ST STREET",1056.00,E,N,A,-,Y,,,,,,,,,,Y,3,0,1,2,A,-,07,21658,A,F,B,C,A,A,H,-,A,A,0,,,Y,,Y,,D,22,0,1,0,0,0,0,0,0,1,"- ","- ",,,"SAN FRANCISCO","SAN FRANCISCO",-122.40485,37.774380000000001
90060200,2015,2015-11-26,9335,2015-11-11,1345,017411,,3,1,7,3801,0,1,2,,2,014,"US-101 N/B","CESAR CHAVEZ ST.",300.00,N,N,A,-,Y,,,,,,,,,,Y,4,0,1,1,A,-,03,22350,,M,F,A,A,A,H,-,A,D,0,,,Y,,Y,,C,02,0,0,1,0,0,0,0,0,1,"- ","- ",,,"SAN FRANCISCO","SAN FRANCISCO",-122.40331442,37.750238760000002
90060209,2015,2015-11-26,9335,2015-11-09,0602,021125,,1,1,7,3801,0,1,2,,2,014,"US-101 S/B","17ST UNDER-CROSSING",130.00,S,N,B,-,Y,,,101,,,,,,S,Y,3,0,3,2,A,-,03,22350,,N,C,C,A,A,H,-,B,D,0,,,,,Y,,A,01,0,1,2,0,0,0,0,0,0,"- ","- ",37.764229999999998,-122.40505,"SAN FRANCISCO","SAN FRANCISCO",-122.40508027,37.764232970000002
90060223,2015,2015-11-26,9335,2015-11-12,2115,020892,,4,2,7,3801,0,1,1,,2,080,"I-80 E/B","2ND STREET UNDER-CROSSING",110.00,W,N,A,-,Y,,,80,,,,,,E,Y,4,0,1,2,A,-,07,21658,A,N,B,C,A,A,H,-,C,D,0,,,Y,,Y,,A,01,0,0,1,0,0,0,0,0,1,"- ","- ",37.783410000000003,-122.39467999999999,"SAN FRANCISCO","SAN FRANCISCO",-122.39470970000001,37.783447969999997
90060226,2015,2015-11-26,9335,2015-11-12,1825,020892,,4,2,7,3801,0,1,1,,2,080,"I-80 E/B","RINCON ST UNDER-CROSSING",256.00,E,N,A,-,Y,,,80,,,,,,E,Y,3,0,1,1,A,-,08,22107,,N,F,A,A,A,H,-,C,D,0,,,Y,,Y,,C,02,0,1,0,0,0,0,0,0,1,"- ","- ",37.78528,-122.39201,"SAN FRANCISCO","SAN FRANCISCO",-122.39201342,37.785286659999997
90060769,2015,2015-11-30,9335,2015-11-14,0122,020461,,6,3,7,3801,0,1,1,,1,083,"I-80 E/B","THE EMBARCADERO",4752.00,E,N,A,-,Y,,,80,,,,,,E,Y,4,0,1,2,A,-,03,22350,,N,C,C,A,A,H,-,C,D,0,,,,,Y,,D,22,0,0,1,0,0,0,0,0,0,"- ","- ",37.798389999999998,-122.37718,"SAN FRANCISCO","SAN FRANCISCO",-122.37741736,37.798656469999997
90060947,2015,2015-11-30,9350,2015-11-21,1400,019927,,6,2,7,3801,0,1,2,,1,120,"GOLDEN GATE BRIDGE WEST SIDEWALKLTPL 93","ALEXANDER AVE",6336.00,S,N,A,-,Y,,,,,,,,,,N,3,0,1,1,A,-,08,22107,,N,E,I,A,A,H,-,A,D,0,,Y,,,Y,,L,04,0,1,0,0,0,0,1,0,0,"- ","- ",37.816400000000002,-122.47771,"SAN FRANCISCO","SAN FRANCISCO",,
90061006,2015,2015-11-30,9335,2015-11-13,2335,020888,,5,3,7,3801,0,1,1,,2,023,"I-280 N/B","US-101 N/B TRANSITION",400.00,S,N,A,-,Y,,,280,,,,,,N,N,4,0,1,2,A,-,07,21658,A,N,B,C,A,A,H,-,C,D,0,,,,,Y,,A,08,0,0,1,0,0,0,0,0,0,"- ","- ",37.732959999999999,-122.41267999999999,"SAN FRANCISCO","SAN FRANCISCO",-122.41268123,37.732962899999997
9006411,2019,2020-01-29,3801,2019-10-24,0755,2376,SOTHE,4,5,7,3801,0,0,0,,0,3B2A,"BRANNAN ST","8TH ST",0.00,,Y,A,-,N,,,,,,,,,,N,3,0,1,2,A,-,03,22350,,N,A,G,A,A,H,-,A,A,0,,Y,,,Y,,-,"- ",0,1,0,0,0,0,1,0,0,"- ","- ",,,"SAN FRANCISCO","SAN FRANCISCO",-122.40543365478516,37.771289825439453
90068841,2015,2015-12-09,9335,2015-11-30,2100,020084,,1,2,7,3801,0,1,2,,2,015,"US-101 S/B TO I-80 E/B","SAN BRUNO AVE. U/C",73.00,S,N,A,-,Y,,,101,,,,R,,S,Y,4,0,1,1,A,-,08,22107,,N,E,I,A,A,H,-,D,A,0,,,,,Y,,J,48,0,0,1,0,0,0,0,0,0,"- ","- ",37.768949999999997,-122.40604,"SAN FRANCISCO","SAN FRANCISCO",-122.40604,37.768949999999997
90068857,2015,2015-12-09,9335,2015-11-30,1735,013740,,1,2,7,3801,0,1,2,,2,014,"U.S 101 S/B","CESAR CHAVEZ ST. ON RAMP",150.00,N,N,B,-,Y,,,,,,,,,,N,4,0,1,2,A,-,03,22350,,N,C,C,A,A,H,-,C,D,0,,,,,Y,,A,07,0,0,1,0,0,0,0,0,0,"- ","- ",,,"SAN FRANCISCO","SAN FRANCISCO",,
90078782,2015,2015-12-21,9335,2015-12-04,2250,020991,,5,3,7,3801,0,1,1,,2,023,"I-280 N/B","ALEMANY BLVD. OVERCROSSING",280.00,S,N,A,-,Y,,,280,,,,,,N,Y,4,0,1,2,A,-,08,22107,,M,E,I,A,A,H,-,D,D,0,,,,,Y,Y,A,01,0,0,1,0,0,0,0,0,0,"- ","- ",37.731999999999999,-122.41488,"SAN FRANCISCO","SAN FRANCISCO",-122.4149116,37.73211723
90079553,2015,2015-12-21,9335,2015-12-08,0825,017728,,2,1,7,3801,0,1,2,,2,013,"US-101 N/B","CESAR CHAVEZ ST",500.00,S,N,B,-,Y,,,,,,,,,,N,4,0,1,2,A,-,03,22350,,N,C,C,A,A,H,-,A,D,0,,,,,Y,,A,08,0,0,1,0,0,0,0,0,0,"- ","- ",37.748370000000001,-122.41056,"SAN FRANCISCO","SAN FRANCISCO",-122.4041,37.748449999999998