CASE_ID,ACCIDENT_YEAR,PROC_DATE,JURIS,COLLISION_DATE,COLLISION_TIME,OFFICER_ID,REPORTING_DISTRICT,DAY_OF_WEEK,CHP_SHIFT,POPULATION,CNTY_CITY_LOC,SPECIAL_COND,BEAT_TYPE,CHP_BEAT_TYPE,CITY_DIVISION_LAPD,CHP_BEAT_CLASS,BEAT_NUMBER,PRIMARY_RD,SECONDARY_RD,DISTANCE,DIRECTION,INTERSECTION,WEATHER_1,WEATHER_2,STATE_HWY_IND,CALTRANS_COUNTY,CALTRANS_DISTRICT,STATE_ROUTE,ROUTE_SUFFIX,POSTMILE_PREFIX,POSTMILE,LOCATION_TYPE,RAMP_INTERSECTION,SIDE_OF_HWY,TOW_AWAY,COLLISION_SEVERITY,NUMBER_KILLED,NUMBER_INJURED,PARTY_COUNT,PRIMARY_COLL_FACTOR,PCF_CODE_OF_VIOL,PCF_VIOL_CATEGORY,PCF_VIOLATION,PCF_VIOL_SUBSECTION,HIT_AND_RUN,TYPE_OF_COLLISION,MVIW,PED_ACTION,ROAD_SURFACE,ROAD_COND_1,ROAD_COND_2,LIGHTING,CONTROL_DEVICE,CHP_ROAD_TYPE,PEDESTRIAN_ACCIDENT,BICYCLE_ACCIDENT,MOTORCYCLE_ACCIDENT,TRUCK_ACCIDENT,NOT_PRIVATE_PROPERTY,ALCOHOL_INVOLVED,STWD_VEHTYPE_AT_FAULT,CHP_VEHTYPE_AT_FAULT,COUNT_SEVERE_INJ,COUNT_VISIBLE_INJ,COUNT_COMPLAINT_PAIN,COUNT_PED_KILLED,COUNT_PED_INJURED,COUNT_BICYCLIST_KILLED,COUNT_BICYCLIST_INJURED,COUNT_MC_KILLED,COUNT_MC_INJURED,PRIMARY_RAMP,SECONDARY_RAMP,LATITUDE,LONGITUDE,COUNTY,CITY,POINT_X,POINT_Y
90079577,2015,2015-12-21,9335,2015-12-09,1713,019767,,3,2,7,3801,0,1,2,,2,013,"US-101 S/B","CESAR CHAVEZ ST",150.00,S,N,B,-,Y,,,101,,,,,,S,Y,4,0,1,4,A,-,03,22350,,N,C,C,A,A,H,-,D,D,0,,,,,Y,,A,01,0,0,1,0,0,0,0,0,0,"- ","- ",37.748899999999999,-122.404,"SAN FRANCISCO","SAN FRANCISCO",-122.40397007999999,37.748890490000001
90088198,2015,2016-01-05,9335,2015-12-21,2300,016137,,1,3,7,3801,0,1,2,,2,013,"US 101 N/B","THIRD ST",300.00,N,N,C,-,Y,,,,,,,,,,Y,4,0,1,2,A,-,03,22350,,N,B,C,A,B,H,-,C,D,0,,,,,Y,,A,01,0,0,1,0,0,0,0,0,0,"- ","- ",,,"SAN FRANCISCO","SAN FRANCISCO",-122.39857000000001,37.716160000000002
90088584,2015,2016-01-05,9335,2015-12-23,1100,17604,,3,1,7,3801,0,1,2,,2,013,"US-101 N/B","BAYSHORE BLVD",1800.00,S,N,A,-,Y,,,101,,,,,,N,N,4,0,1,2,A,-,03,22350,,N,C,C,A,A,H,-,A,D,0,,,,,Y,,A,08,0,0,1,0,0,0,0,0,0,"- ","- ",37.744959999999999,-122.40492999999999,"SAN FRANCISCO","SAN FRANCISCO",-122.40502847,37.744992420000003
90090831,2015,2016-01-07,9335,2015-12-26,1510,020274,,6,2,7,3801,0,1,1,,1,081,"I-80 W/B","YBI TUNNEL",898.00,W,N,A,-,Y,,,,,,,,,,N,4,0,1,3,A,-,03,22350,,N,C,C,A,A,H,-,A,D,0,,,,,Y,,A,07,0,0,1,0,0,0,0,0,0,"- ","- ",37.482520000000001,-122.22553000000001,"SAN FRANCISCO","SAN FRANCISCO",,
90095016,2016,2016-01-14,9335,2016-01-06,0512,021145,,3,3,7,3801,0,1,2,,2,013,"US-101 N/B","3RD ST ONRAMP TO US-101 N/B",900.00,N,N,C,-,Y,,,101,,,,,,N,Y,4,0,1,2,A,-,03,22350,,N,B,C,A,B,H,-,C,D,0,,,,,Y,,A,01,0,0,1,0,0,0,0,0,0,"- ","- ",37.720660000000002,-122.39946,"SAN FRANCISCO","SAN FRANCISCO",-122.39985958,37.720523180000001
90099259,2016,2016-01-20,9335,2016-01-13,1330,017806,,3,1,7,3801,0,1,2,,2,014,"US-101 N/B","23RD ST. OVER CROSSING",100.00,N,N,B,-,Y,,,,,,,,,,Y,4,0,2,2,A,-,03,22350,,N,C,C,A,A,H,-,A,D,0,,,,,Y,,A,01,0,0,2,0,0,0,0,0,0,"- ","- ",,,"SAN FRANCISCO","SAN FRANCISCO",-122.40297504,37.754773299999997
90100414,2016,2016-01-22,9335,2016-01-15,1905,020212,,5,2,7,3801,0,1,1,,1,083,"I-80 E/B","BEALE STREET UNDER-CROSSING",100.00,W,N,B,-,Y,,,80,,,,,,E,Y,4,0,2,2,A,-,03,22350,,N,C,C,A,B,H,-,A,D,0,,,,,Y,,A,01,0,0,2,0,0,0,0,0,0,"- ","- ",37.7864,-122.39051000000001,"SAN FRANCISCO","SAN FRANCISCO",-122.39042243999999,37.786297470000001
90101192,2016,2016-01-25,9335,2016-01-17,2330,020157,,7,3,7,3801,0,1,1,,1,081,"I-80 W/B","YERBA BUENA ISLAND TUNNEL",200.00,E,N,C,-,Y,,,80,,,,,,W,Y,4,0,3,2,A,-,08,22107,,N,B,C,A,B,H,-,C,D,0,,,,,Y,Y,A,01,0,0,3,0,0,0,0,0,0,"- ","- ",37.810699999999997,-122.36450000000001,"SAN FRANCISCO","SAN FRANCISCO",-122.36461537,37.810815419999997
90101887,2016,2016-01-25,9335,2016-01-15,1803,020132,,5,2,7,3801,0,1,1,,2,022,"I-280 S/B","ALEMANY BOULEVARD UNDER-CROSSING",150.00,S,N,B,-,Y,,,280,,,,,,S,N,4,0,1,3,A,-,04,21703,,M,C,C,A,A,H,-,C,D,0,,,,,Y,,A,07,0,0,1,0,0,0,0,0,0,"- ","- ",37.710639999999998,-122.46204,"SAN FRANCISCO","SAN FRANCISCO",-122.46203899,37.710556740000001
90105820,2016,2016-02-01,9335,2016-01-13,0440,016118,,3,3,7,3801,0,1,1,,2,024,"I-280 N/B","ARMY STREET ON-RAMP",300.00,N,N,B,-,Y,,,,,,,,,,Y,4,0,1,2,A,-,03,22350,,N,B,C,A,B,H,-,D,D,0,,,,,Y,,A,07,0,0,1,0,0,0,0,0,0,"- ","- ",,,"SAN FRANCISCO","SAN FRANCISCO",,
90109727,2016,2016-02-05,9350,2016-01-30,1950,019927,,6,2,7,3801,0,1,2,,2,020,"US-101 S/B","MERCHANT ROAD",5808.00,N,N,A,-,Y,,,,,,,,,,N,4,0,5,2,A,-,03,22350,,N,C,C,A,A,H,-,C,D,0,,,,,Y,,D,22,0,0,5,0,0,0,0,0,0,"- ","- ",,,"SAN FRANCISCO","SAN FRANCISCO",,
90112300,2016,2016-02-10,9335,2016-01-31,1618,020384,,7,2,7,3801,0,1,1,,1,081,"I-80 W/B","YERBA BUENA ISLAND TUNNEL",5808.00,W,N,A,-,Y,,,80,,,,,,W,Y,4,0,1,2,A,-,03,22350,,N,C,C,A,A,H,-,A,D,0,,,,,Y,,A,01,0,0,1,0,0,0,0,0,0,"- ","- ",37.797260000000001,-122.37875,"SAN FRANCISCO","SAN FRANCISCO",-122.37883727000001,37.79735324
90113655,2016,2016-02-11,9335,2016-02-04,1839,018829,,4,2,7,3801,0,1,1,,2,023,"I-280 S/B","ST. MARY'S PED OC",142.00,S,N,A,-,Y,,,280,,,,,,S,Y,3,0,1,2,A,-,03,22350,,N,C,C,A,A,H,-,C,D,0,,,,,Y,,A,01,0,1,0,0,0,0,0,0,0,"- ","- ",37.731920000000002,-122.42121,"SAN FRANCISCO","SAN FRANCISCO",-122.42119762999999,37.731849330000003
90114761,2016,2016-02-15,9335,2016-02-08,1318,019799,,1,1,7,3801,0,1,2,,2,014,"US-101 N/B","VERMONT ST. OFF RAMP",75.00,S,N,A,-,Y,,,,,,,,,,Y,3,0,5,2,A,-,03,22350,,N,C,C,A,A,H,-,A,D,0,,,,,Y,,A,01,0,1,4,0,0,0,0,0,0,"- ","- ",,,"SAN FRANCISCO","SAN FRANCISCO",,
90116131,2016,2016-02-16,9350,2016-02-04,1350,019927,,4,1,7,3801,0,1,2,,2,010,"US-101 N/B","MERCHANT RD",0.00,,Y,A,-,Y,,,,,,,,,,Y,3,0,2,2,A,-,07,21658,A,N,C,C,A,A,H,-,A,D,0,,,,,Y,,A,07,0,1,1,0,0,0,0,0,0,"- ","- ",,,"SAN FRANCISCO","SAN FRANCISCO",,
90116138,2016,2016-02-16,9335,2016-02-10,0900,017806,,3,1,7,3801,0,1,1,,2,022,"I-280 N/B","GENEVA AVE. OVER CROSSING",200.00,S,N,A,-,Y,,,,,,,,,,Y,4,0,2,2,A,-,03,22350,,N,C,C,A,A,H,-,A,D,0,,,,,Y,,A,01,0,0,2,0,0,0,0,0,0,"- ","- ",,,"SAN FRANCISCO","SAN FRANCISCO",-122.4480662,37.72072309
90120049,2016,2016-02-22,9335,2016-02-13,0220,020509,,6,3,7,3801,0,1,1,,2,024,"I-280 NORTHBOUND","KING ST",1690.00,S,N,A,-,Y,,,280,,,,,,N,Y,3,0,2,1,A,-,08,22107,,N,E,I,A,A,H,-,C,D,0,,,,,Y,,A,01,0,1,1,0,0,0,0,0,0,"- ","- ",37.769910000000003,-122.39758999999999,"SAN FRANCISCO","SAN FRANCISCO",-122.39734515000001,37.769939909999998
90120275,2016,2016-03-03,9335,2016-02-09,0950,017806,,2,1,7,3801,0,1,1,,2,024,"I-280 N/B TO CESAR CHAVEZ ST.","CESAR CHAVEZ ST.",90.00,S,N,A,-,Y,,,,,,,,,,N,4,0,1,2,A,-,03,22350,,F,C,C,A,A,H,-,A,D,0,,,,,Y,,A,07,0,0,1,0,0,0,0,0,0,"- ","- ",,,"SAN FRANCISCO","SAN FRANCISCO",-122.39239899,37.749828399999998
90122218,2016,2016-02-23,9335,2016-02-16,1640,017806,,2,2,7,3801,0,1,2,,2,014,"US-101 N/B","22ND ST. OVER CROSSING",330.00,N,N,A,-,Y,,,,,,,,,,N,4,0,1,2,A,-,03,22350,,N,B,C,A,A,H,-,A,D,0,,,Y,,Y,,C,02,0,0,1,0,0,0,0,0,1,"- ","- ",,,"SAN FRANCISCO","SAN FRANCISCO",,
90122279,2016,2016-02-23,9335,2016-02-19,1840,019510,,5,2,7,3801,0,1,2,,2,013,"US-101 N/B","PAUL ST",100.00,S,N,B,-,Y,,,101,,,,,,N,Y,4,0,1,2,A,-,03,22350,,N,C,C,A,A,H,-,C,D,0,,,Y,,Y,,C,02,0,0,1,0,0,0,0,0,1,"- ","- ",37.72269,-122.4006,"SAN FRANCISCO","SAN FRANCISCO",-122.40065306,37.7226687
90122550,2016,2016-02-24,9335,2016-02-22,1530,020084,,1,2,7,3801,0,1,1,,2,022,"I--280 N/B","SICKLES AVE",403.00,S,N,A,-,Y,,,280,,,,,,N,Y,3,0,1,2,A,-,03,22350,,N,C,C,A,A,H,-,A,D,0,,,,,Y,,A,01,0,1,0,0,0,0,0,0,0,"- ","- ",37.710569999999997,-122.45692,"SAN FRANCISCO","SAN FRANCISCO",-122.45691893,37.710563520000001
90125879,2016,2016-02-29,9335,2016-02-28,0432,020888,,7,3,7,3801,0,1,1,,1,083,"I-80 E/B","YERBA BUENA ISLAND TUNNEL",300.00,E,N,A,-,Y,,,80,,,,,,E,Y,3,0,1,1,A,-,01,23152,F,N,E,I,A,A,H,-,C,D,0,,,,,Y,Y,A,01,0,1,0,0,0,0,0,0,0,"- ","- ",37.808599999999998,-122.36656000000001,"SAN FRANCISCO","SAN FRANCISCO",-122.36660483999999,37.808643959999998
90125923,2016,2016-02-29,9335,2016-02-27,2010,021147,,6,2,7,3801,0,1,1,,2,023,"I-280 N/B TO US-101 S/B","SILVER AVENUE",250.00,S,N,A,-,Y,,,,,,,,,,Y,4,0,1,2,A,-,01,23152,A,N,C,C,A,A,H,-,C,D,0,,,,,Y,Y,A,01,0,0,1,0,0,0,0,0,0,"- ","- ",37.732089999999999,-122.40461000000001,"SAN FRANCISCO","SAN FRANCISCO",,
90125939,2016,2016-02-29,9335,2016-02-26,0242,020889,,5,3,7,3801,0,1,1,,1,083,"I-80 E/B TO TREASURE ISLAND","TREASURE ISLAND RD. OVER CROSSING",110.00,W,N,A,-,Y,,,80,,,,R,,E,Y,3,0,1,1,A,-,01,23152,A,N,E,I,A,A,H,-,C,D,0,,,,,Y,,A,01,0,1,0,0,0,0,0,0,0,"- ","- ",37.80894,-122.36694,"SAN FRANCISCO","SAN FRANCISCO",-122.36694,37.80894
90125973,2016,2016-02-29,9335,2016-02-24,1724,013738,,3,2,7,3801,0,1,1,,1,081,"I-80 W/B (SFOBB)","YERBA BUENA ISLAND TUNNEL",200.00,W,N,A,-,Y,,,,,,,,,,N,4,0,2,3,A,-,03,22350,,N,C,C,A,A,H,-,A,D,0,,,,,Y,,A,07,0,0,2,0,0,0,0,0,0,"- ","- ",,,"SAN FRANCISCO","SAN FRANCISCO",,
90128150,2016,2016-03-02,9350,2016-03-02,1102,014448,,3,1,7,3801,0,1,2,,2,020,"US 101 N/B","SOUTH TOWER GGB",250.00,S,N,A,-,Y,,,,,,,,,,N,4,0,1,2,A,-,03,22350,,N,C,C,A,A,H,-,A,D,0,,,,,Y,,A,07,0,0,1,0,0,0,0,0,0,"- ","- ",,,"SAN FRANCISCO","SAN FRANCISCO",,
90128409,2016,2016-03-03,9335,2016-02-23,0510,019737,,2,3,7,3801,0,1,2,,2,014,"US-101 N/B","18TH STREET PEDESTRIAN O/C",670.00,S,N,A,-,Y,,,101,,,,,,N,Y,4,0,1,2,A,-,03,22350,,N,C,C,A,A,H,-,D,D,0,,,,,Y,,A,07,0,0,1,0,0,0,0,0,0,"- ","- ",37.760350000000003,-122.40626,"SAN FRANCISCO","SAN FRANCISCO",-122.40629521,37.760350000000003
90130020,2016,2016-06-13,9335,2016-02-14,1945,020212,,7,2,7,3801,0,1,1,,2,023,"I-280 S/B","ALEMANY BOULEVARD NORTH O/C",460.00,S,N,A,-,Y,,,280,,,,,,S,Y,2,0,3,3,A,-,07,21658,,F,C,C,A,A,H,-,D,D,0,,,Y,,Y,,A,07,1,1,1,0,0,0,0,0,3,"- ","- ",37.732259999999997,-122.41518000000001,"SAN FRANCISCO","SAN FRANCISCO",-122.41516931,37.73221522
90130128,2016,2016-03-07,9335,2016-03-05,2000,020212,,6,2,7,3801,0,1,2,,2,014,"US-101 N/B","16TH ST U/C",40.00,S,N,C,-,Y,,,101,,,,,,N,N,4,0,1,3,A,-,03,22350,,N,C,C,A,B,H,-,D,D,0,,,,,Y,,A,01,0,0,1,0,0,0,0,0,0,"- ","- ",37.765000000000001,-122.405,"SAN FRANCISCO","SAN FRANCISCO",-122.40482969,37.764988279999997
90135035,2016,2016-03-14,9335,2016-03-11,0946,019581,,5,1,7,3801,0,1,1,,2,022,"I-280 S/B","PANAMA ST",600.00,N,N,B,C,Y,,,280,,,,,,S,Y,4,0,1,1,A,-,03,22350,,N,E,I,A,B,H,-,A,D,0,,,,,Y,,A,07,0,0,1,0,0,0,0,0,0,"- ","- ",37.709499999999998,-122.46778,"SAN FRANCISCO","SAN FRANCISCO",-122.46766126,37.709330370000004
90135061,2016,2016-03-14,9335,2016-03-04,1032,020108,,5,1,7,3801,0,1,2,,2,013,"US-101 N/B","SILVER AVE O/C",800.00,S,N,B,C,Y,,,101,,,,,,N,Y,3,0,1,3,A,-,03,22350,,N,C,C,A,B,H,-,A,D,0,,,Y,Y,Y,,C,02,0,1,0,0,0,0,0,0,1,"- ","- ",37.730559999999997,-122.40407999999999,"SAN FRANCISCO","SAN FRANCISCO",-122.40395445999999,37.730621589999998
90135764,2016,2016-03-14,9335,2016-03-07,1410,017411,,1,2,7,3801,0,1,2,,2,013,"US-101 N/B","3RD ST. O/C",200.00,N,N,B,C,Y,,,,,,,,,,Y,4,0,2,2,A,-,01,23152,A,N,C,C,A,B,H,-,A,D,0,,,,,Y,,A,01,0,0,2,0,0,0,0,0,0,"- ","- ",,,"SAN FRANCISCO","SAN FRANCISCO",-122.39857000000001,37.716160000000002
90139519,2016,2016-03-18,9335,2016-03-17,1800,013738,,4,2,7,3801,0,1,1,,1,081,"I-80 W/B (SFOBB)","YERBA BUENA ISLAND",2640.00,W,N,A,-,Y,,,,,,,,,,N,4,0,1,2,A,-,03,22350,,N,C,C,A,A,H,-,A,D,0,,,,,Y,,A,01,0,0,1,0,0,0,0,0,0,"- ","- ",,,"SAN FRANCISCO","SAN FRANCISCO",,
90144426,2016,2016-03-28,9335,2016-03-15,0745,017672,,2,1,7,3801,0,1,1,,1,083,"I-80 E/B","TREASURE ISLAND RD.",550.00,W,N,A,-,Y,,,80,,,,,,E,N,3,0,2,3,A,-,03,22350,,N,C,C,A,A,H,-,A,D,0,,,,,Y,,A,01,0,1,1,0,0,0,0,0,0,"- ","- ",37.807000000000002,-122.3686,"SAN FRANCISCO","SAN FRANCISCO",-122.36847126000001,37.806859109999998
90144905,2016,2016-03-28,9335,2016-03-19,1800,019510,,6,2,7,3801,0,1,1,,2,024,"I-280 N/B","22ND ST",50.00,N,N,B,-,Y,,,280,,,,,,N,N,4,0,1,3,A,-,03,22350,,N,C,C,A,A,H,-,A,D,0,,,,,Y,,A,01,0,0,1,0,0,0,0,0,0,"- ","- ",37.758180000000003,-122.39224,"SAN FRANCISCO","SAN FRANCISCO",-122.39223875,37.758179929999997
90145185,2016,2016-03-28,9335,2016-03-16,1728,019799,,3,2,7,3801,0,1,1,,1,083,"I-80 E/B","STERLING ST. ON RAMP",100.00,E,N,A,-,Y,,,,,,,,,,N,4,0,1,2,A,-,07,21658,A,N,B,C,A,A,H,-,A,D,0,,,Y,,Y,,A,07,0,0,1,0,0,0,0,0,1,"- ","- ",,,"SAN FRANCISCO","SAN FRANCISCO",,
90145339,2016,2016-03-28,9335,2016-03-21,1600,019521,,1,2,7,3801,0,1,1,,2,080,"I-80 E/B","4TH ST",20.00,E,N,B,C,Y,,,80,,,,,,E,Y,4,0,1,2,A,-,03,22350,,N,C,C,A,B,H,-,A,D,0,,,,,Y,,A,07,0,0,1,0,0,0,0,0,0,"- ","- ",37.781289999999998,-122.39718999999999,"SAN FRANCISCO","SAN FRANCISCO",-122.39721571,37.781320620000002
90149599,2016,2016-04-04,9335,2016-03-23,1640,021147,,3,2,7,3801,0,1,2,,2,014,"US 101 N/B","17TH STREET U/C",180.00,S,N,A,-,Y,,,,,,,,,,N,3,0,1,2,A,-,07,21658,A,N,B,C,A,A,H,-,A,D,0,,,Y,,Y,,A,01,0,1,0,0,0,0,0,0,1,"- ","- ",37.764200000000002,-122.4049,"SAN FRANCISCO","SAN FRANCISCO",-122.40490038,37.764167149999999
90152884,2016,2016-04-07,9335,2016-03-30,1800,019521,,3,2,7,3801,0,1,1,,1,082,"I-80 W/B","TREASURE ISLAND RD",0.00,,N,A,-,Y,,,80,,,,,,W,N,4,0,1,3,A,-,03,22350,,N,C,C,A,A,H,-,A,D,0,,,,,Y,,A,07,0,0,1,0,0,0,0,0,0,"- ","- ",37.817740000000001,-122.35432,"SAN FRANCISCO","SAN FRANCISCO",-122.35438447999999,37.817866049999999
90155220,2016,2016-04-11,9335,2016-04-02,1020,020084,,6,1,7,3801,0,1,1,,1,081,"I-80 W/B","TREASURE ISLAND TUNNEL",150.00,E,N,A,-,Y,,,80,,,,,,W,N,4,0,1,2,A,-,03,22350,,N,C,C,A,A,H,-,A,D,0,,,,,Y,,A,01,0,0,1,0,0,0,0,0,0,"- ","- ",37.810580000000002,-122.36462,"SAN FRANCISCO","SAN FRANCISCO",-122.36473539000001,37.810695449999997
90158980,2016,2016-04-15,9335,2016-04-09,0638,019581,,6,1,7,3801,0,1,1,,2,024,"I-280 N/B","GALVEZ AVE",20.00,N,N,B,C,Y,,,280,,,,,,N,Y,3,0,1,1,A,-,03,22350,,N,E,I,A,B,H,-,A,D,0,,,,,Y,,A,01,0,1,0,0,0,0,0,0,0,"- ","- ",37.74494,-122.39503999999999,"SAN FRANCISCO","SAN FRANCISCO",-122.39498712,37.744893099999999
90159242,2016,2016-04-18,9335,2016-04-16,1205,020084,,6,1,7,3801,0,1,2,,2,014,"US-101 N/B","23RD STREET OVERCROSSING",20.00,N,N,A,-,Y,,,101,,,,,,N,Y,4,0,3,2,A,-,03,22350,,N,C,C,A,A,H,-,A,D,0,,,,,Y,,A,01,0,0,3,0,0,0,0,0,0,"- ","- ",37.754640000000002,-122.40302,"SAN FRANCISCO","SAN FRANCISCO",-122.40294417,37.754646960000002
9016176,2019,2020-01-16,3801,2019-11-17,2308,4375,,7,5,7,3801,0,0,0,,0,4B4D,"16TH AV","CABRILLO ST",15.00,N,N,A,-,N,,,,,,,,,,,4,0,1,2,A,-,15,21201,A,N,D,G,A,A,-,-,C,A,0,,Y,,,Y,,L,04,0,0,1,0,0,0,1,0,0,"- ","- ",,,"SAN FRANCISCO","SAN FRANCISCO",-122.47468566894531,37.774909973144531
90162216,2016,2016-04-21,9335,2016-04-11,2310,018845,,1,3,7,3801,0,1,1,,2,023,"I-280 S/B","ST. MARY'S PARK FOOT BRIDGE",50.00,S,N,B,-,Y,,,280,,,,,,S,Y,4,0,1,2,A,-,01,23152,A,M,C,C,A,A,H,-,D,D,0,,,,,Y,Y,A,01,0,0,1,0,0,0,0,0,0,"- ","- ",37.731909999999999,-122.4209,"SAN FRANCISCO","SAN FRANCISCO",-122.42089854,37.731901669999999
90162221,2016,2016-04-21,9335,2016-04-11,2055,019213,,1,2,7,3801,0,1,1,,2,022,"I-280 N/B","GENEVA AVE",100.00,S,N,A,-,Y,,,280,,,,,,N,Y,4,0,1,2,A,-,07,21658,,N,B,C,A,A,H,-,D,D,0,,,,,Y,,I,10,0,0,1,0,0,0,0,0,0,"- ","- ",37.725769999999997,-122.44619,"SAN FRANCISCO","SAN FRANCISCO",-122.44622563999999,37.725800280000001
90162225,2016,2016-04-21,9335,2016-04-13,1025,021147,,3,1,7,3801,0,1,1,,1,081,"I-80 W/B","TREASURE ISLAND TUNNEL",243.00,E,N,A,-,Y,,,80,,,,,,W,Y,4,0,1,2,A,-,03,22350,,N,C,C,A,A,H,-,A,D,0,,,,,Y,,A,07,0,0,1,0,0,0,0,0,0,"- ","- ",37.810690000000001,-122.36451,"SAN FRANCISCO","SAN FRANCISCO",-122.36462537,37.810805420000001
90167849,2016,2016-04-28,9335,2016-04-21,1450,019581,,4,2,7,3801,0,1,1,,2,023,"I-280 S/B","MISSION ST.",25.00,S,N,A,-,Y,,,280,,,,,,S,Y,4,0,1,2,A,-,07,21658,A,N,B,C,A,A,H,-,A,D,0,,,,,Y,,A,01,0,0,1,0,0,0,0,0,0,"- ","- ",37.731720000000003,-122.42833,"SAN FRANCISCO","SAN FRANCISCO",-122.42826712999999,37.732055289999998
90172961,2016,2016-05-04,9335,2016-04-28,1530,017672,,4,2,7,3801,0,1,1,,2,023,"I-280 S/B","MISSION STREET O/C",20.00,S,N,A,-,Y,,,,,,,,,,N,4,0,1,2,A,-,07,21658,A,N,B,C,A,A,H,-,A,D,0,,,,,Y,,D,22,0,0,1,0,0,0,0,0,0,"- ","- ",,,"SAN FRANCISCO","SAN FRANCISCO",-122.42799352,37.732014800000002
90176976,2016,2016-05-11,9335,2016-05-04,1100,013738,,3,1,7,3801,0,1,1,,1,082,"I-80 W/B (SFOBB)","YERBA BUENA ISLAND",500.00,E,N,A,B,Y,,,80,,,,,,W,N,4,0,1,2,A,-,07,21658,,N,B,C,A,A,H,-,A,D,0,,,Y,,Y,,A,07,0,0,1,0,0,0,0,0,1,"- ","- ",37.813670000000002,-122.36143,"SAN FRANCISCO","SAN FRANCISCO",-122.36159463,37.813834710000002
90176997,2016,2016-05-11,9335,2016-05-03,1550,019213,,2,2,7,3801,0,1,2,,2,014,"RT 101","VERMONT AVE",1000.00,S,N,A,-,Y,,,101,,,,,,,N,4,0,1,1,C,-,18,,,N,E,I,A,A,H,-,A,D,0,,,,,Y,,-,"- ",0,0,1,0,0,0,0,0,0,"- ","- ",37.762,-122.40600000000001,"SAN FRANCISCO","SAN FRANCISCO",-122.40596438,37.761977000000002
90179740,2016,2016-05-16,9335,2016-05-06,0857,019581,,5,1,7,3801,0,1,1,,2,023,"I-280 N/B","ALEMANY BLVD",100.00,N,N,B,-,Y,,,280,,,,,,N,N,4,0,1,2,A,-,07,21658,A,N,B,C,A,A,H,-,A,D,0,,,Y,,Y,,D,22,0,0,1,0,0,0,0,0,1,"- ","- ",37.731259999999999,-122.42474,"SAN FRANCISCO","SAN FRANCISCO",-122.42473880999999,37.731360330000001
90181728,2016,2016-05-18,9335,2016-05-11,1700,012827,,3,2,7,3801,0,1,1,,1,081,"I-80 E/B","TREASURE ISLAND TUNNEL",200.00,E,N,A,-,Y,,,,,,,,,,Y,4,0,4,4,A,-,03,22350,,N,C,C,A,A,H,-,A,D,0,,,,Y,Y,,F,26,0,0,4,0,0,0,0,0,0,"- ","- ",,,"SAN FRANCISCO","SAN FRANCISCO",,
90192829,2016,2016-06-01,9335,2016-05-21,1310,021301,,6,1,7,3801,0,1,2,,2,013,"US-101 N/B","PAUL AVE",50.00,N,N,A,-,Y,,,101,,,,,,N,Y,4,0,1,2,A,-,03,22350,,N,C,C,A,A,H,-,A,D,0,,,,,Y,,A,01,0,0,1,0,0,0,0,0,0,"- ","- ",37.7239,-122.4011,"SAN FRANCISCO","SAN FRANCISCO",-122.40114312999999,37.723882039999999
90195676,2016,2016-06-07,9335,2016-05-28,0225,021145,,6,3,7,3801,0,1,1,,1,083,"I-80 E/B","BEALE ST.",500.00,E,N,A,-,Y,,,80,,,,,,E,Y,4,0,1,3,A,-,03,22350,,N,C,C,A,A,H,-,C,D,0,,,,,Y,,A,01,0,0,1,0,0,0,0,0,0,"- ","- ",37.787770000000002,-122.38925999999999,"SAN FRANCISCO","SAN FRANCISCO",-122.38904881000001,37.787537149999999
90199086,2016,2016-06-10,9335,2016-06-07,0945,019767,,2,1,7,3801,0,1,1,,1,083,"I-80 E/B","TREASURE ISLAND TUNNEL",300.00,W,N,A,-,Y,,,80,,,,,,E,N,4,0,2,3,A,-,03,22350,,F,C,C,A,A,H,-,A,D,0,,,,,Y,,-,99,0,0,2,0,0,0,0,0,0,"- ","- ",37.807499999999997,-122.36790000000001,"SAN FRANCISCO","SAN FRANCISCO",-122.3678408,37.807435220000002
90199297,2016,2016-06-10,9335,2016-06-02,0925,020509,,4,1,7,3801,0,1,1,,2,023,"I-280 NORTHBOUND","THERESA ST PED O/C",952.00,N,N,A,-,Y,,,280,,,,,,N,Y,4,0,4,3,A,-,03,22350,,N,C,C,A,A,H,-,A,D,0,,,,,Y,,A,07,0,0,4,0,0,0,0,0,0,"- ","- ",37.73171,-122.43366,"SAN FRANCISCO","SAN FRANCISCO",-122.43365094000001,37.731674339999998