CASE_ID,ACCIDENT_YEAR,PROC_DATE,JURIS,COLLISION_DATE,COLLISION_TIME,OFFICER_ID,REPORTING_DISTRICT,DAY_OF_WEEK,CHP_SHIFT,POPULATION,CNTY_CITY_LOC,SPECIAL_COND,BEAT_TYPE,CHP_BEAT_TYPE,CITY_DIVISION_LAPD,CHP_BEAT_CLASS,BEAT_NUMBER,PRIMARY_RD,SECONDARY_RD,DISTANCE,DIRECTION,INTERSECTION,WEATHER_1,WEATHER_2,STATE_HWY_IND,CALTRANS_COUNTY,CALTRANS_DISTRICT,STATE_ROUTE,ROUTE_SUFFIX,POSTMILE_PREFIX,POSTMILE,LOCATION_TYPE,RAMP_INTERSECTION,SIDE_OF_HWY,TOW_AWAY,COLLISION_SEVERITY,NUMBER_KILLED,NUMBER_INJURED,PARTY_COUNT,PRIMARY_COLL_FACTOR,PCF_CODE_OF_VIOL,PCF_VIOL_CATEGORY,PCF_VIOLATION,PCF_VIOL_SUBSECTION,HIT_AND_RUN,TYPE_OF_COLLISION,MVIW,PED_ACTION,ROAD_SURFACE,ROAD_COND_1,ROAD_COND_2,LIGHTING,CONTROL_DEVICE,CHP_ROAD_TYPE,PEDESTRIAN_ACCIDENT,BICYCLE_ACCIDENT,MOTORCYCLE_ACCIDENT,TRUCK_ACCIDENT,NOT_PRIVATE_PROPERTY,ALCOHOL_INVOLVED,STWD_VEHTYPE_AT_FAULT,CHP_VEHTYPE_AT_FAULT,COUNT_SEVERE_INJ,COUNT_VISIBLE_INJ,COUNT_COMPLAINT_PAIN,COUNT_PED_KILLED,COUNT_PED_INJURED,COUNT_BICYCLIST_KILLED,COUNT_BICYCLIST_INJURED,COUNT_MC_KILLED,COUNT_MC_INJURED,PRIMARY_RAMP,SECONDARY_RAMP,LATITUDE,LONGITUDE,COUNTY,CITY,POINT_X,POINT_Y
90344020,2016,2016-12-14,9335,2016-12-06,1945,020084,,2,2,7,3801,0,1,1,,2,024,I-280,"BRANNAN ST",30.00,S,N,A,-,Y,,,280,,,,,,,N,4,0,1,1,A,-,08,22107,,N,F,A,A,A,H,-,C,D,0,,,Y,,Y,,C,02,0,0,1,0,0,0,0,0,1,"- ","- ",37.774610000000003,-122.40009000000001,"SAN FRANCISCO","SAN FRANCISCO",-122.40045265000001,37.774282620000001
9034479,2019,2020-07-13,3801,2019-12-01,0912,1872,NORTH,7,5,7,3801,0,0,0,,0,3E12A,"VAN NESS AV","GREEN ST",0.00,,Y,B,-,Y,SF,4,101,-,-,6.450,I,5,S,Y,4,0,2,2,A,-,12,21453,A,N,D,C,A,B,C,-,A,A,0,,,,,Y,,A,01,0,0,2,0,0,0,0,0,0,"- ","- ",,,"SAN FRANCISCO","SAN FRANCISCO",-122.42391204833984,37.797622680664062
90348411,2016,2016-12-19,9335,2016-12-08,0450,019999,,4,3,7,3801,0,1,1,,2,022,"I-280 N/B","GENEVA AVE",950.00,S,N,B,-,Y,,,280,,,,,,N,Y,4,0,1,1,A,-,08,22107,,N,F,A,A,B,H,-,D,D,0,,,,,Y,,A,07,0,0,1,0,0,0,0,0,0,"- ","- ",37.715919999999997,-122.44924,"SAN FRANCISCO","SAN FRANCISCO",-122.44926809,37.715941800000003
90352078,2016,2016-12-27,9335,2016-12-08,0500,019999,,4,3,7,3801,0,1,1,,2,022,"I-280 N/B","GENEVA AVE",980.00,S,N,B,-,Y,,,280,,,,,,N,Y,4,0,2,2,A,-,03,22350,,N,C,C,A,B,H,-,D,D,0,,,,,Y,,A,01,0,0,2,0,0,0,0,0,0,"- ","- ",37.713760000000001,-122.45165,"SAN FRANCISCO","SAN FRANCISCO",-122.45163453000001,37.71374196
90352224,2016,2016-12-27,9335,2016-12-12,1640,021474,,1,2,7,3801,0,1,2,,2,013,"US-101 N/B","BAYSHORE BLVD O/C",590.00,N,N,A,-,Y,,,101,,,,,,N,Y,4,0,1,3,A,-,03,22350,,N,C,C,A,A,H,-,A,D,0,,,,,Y,,D,22,0,0,1,0,0,0,0,0,0,"- ","- ",37.717790000000001,-122.39914,"SAN FRANCISCO","SAN FRANCISCO",-122.39912139,37.71779497
90354246,2016,2016-12-27,9335,2016-12-13,0628,016118,,2,1,7,3801,0,1,2,,2,013,"U.S. 101 N/B",I-280,1835.00,S,N,B,-,Y,,,,,,,,,,Y,4,0,1,2,A,-,07,21658,A,F,C,C,A,A,H,-,D,D,0,,,,,Y,,-,99,0,0,1,0,0,0,0,0,0,"- ","- ",37.724170000000001,-122.40134,"SAN FRANCISCO","SAN FRANCISCO",-122.40407892,37.73084257
9035523,2019,2020-02-05,3801,2019-12-12,2239,969,MISSI,4,5,7,3801,0,0,0,,0,,"18TH ST","S VAN NESS AV",0.00,,Y,A,-,N,,,,,,,,,,N,4,0,1,2,A,-,08,22107,,M,D,B,B,A,H,-,C,A,0,Y,,,,Y,,A,01,0,0,1,0,1,0,0,0,0,"- ","- ",,,"SAN FRANCISCO","SAN FRANCISCO",-122.41719818115234,37.761951446533203
9035526,2019,2020-02-03,3801,2019-12-05,0750,4305,MISSI,4,5,7,3801,0,0,0,,0,,"FOLSOM ST","ENTERPRISE ST",0.00,,Y,B,-,N,,,,,,,,,,N,3,0,1,2,A,-,09,21801,A,N,A,G,A,A,H,-,A,D,0,,Y,,,Y,,A,01,0,1,0,0,0,0,1,0,0,"- ","- ",,,"SAN FRANCISCO","SAN FRANCISCO",-122.41523742675781,37.764701843261719
9035532,2019,2020-02-03,3801,2019-12-19,1412,1936,TRAFF,4,5,7,3801,0,0,0,,0,4B1D,"FELL ST","LAGUNA ST",0.00,,Y,A,-,N,,,,,,,,,,N,4,0,1,2,A,-,03,22350,,N,C,C,A,A,H,-,A,A,0,,,,,Y,,-,,0,0,1,0,0,0,0,0,0,"- ","- ",,,"SAN FRANCISCO","SAN FRANCISCO",-122.42604827880859,37.775539398193359
9035534,2019,2020-02-03,3801,2019-12-10,2040,1784,SOUTH,2,5,7,3801,0,0,0,,0,3B3D,"MISSION BAY CIR","CHANNEL ST",55.00,W,N,C,-,N,,,,,,,,,,N,4,0,1,2,A,-,06,21760,C,N,C,G,A,B,-,-,C,A,0,,Y,,,Y,,A,01,0,0,1,0,0,0,1,0,0,"- ","- ",,,"SAN FRANCISCO","SAN FRANCISCO",-122.39645385742188,37.770492553710938
9035543,2019,2020-02-05,3801,2019-12-17,1722,1878,SOUTH,2,5,7,3801,0,0,0,,0,0B2,"BRANNAN ST","4TH ST",225.00,,N,A,-,N,,,,,,,,,,N,4,0,1,2,A,-,08,22107,,N,D,G,A,A,H,-,D,D,0,,Y,,,Y,,A,01,0,0,1,0,0,0,1,0,0,"- ","- ",,,"SAN FRANCISCO","SAN FRANCISCO",-122.39653778076172,37.778331756591797
9035546,2019,2020-02-03,3801,2019-12-10,1920,524,SOUTH,2,5,7,3801,0,0,0,,0,3B16D,"TREASURE ISLAND RD","FOREST RD",0.00,,Y,C,-,N,,,,,,,,,,Y,4,0,1,2,A,-,03,22350,,N,C,C,A,B,H,-,C,A,0,,,,,Y,Y,A,01,0,0,1,0,0,0,0,0,0,"- ","- ",,,"SAN FRANCISCO","SAN FRANCISCO",,
9035551,2019,2020-02-05,3801,2019-12-17,0811,2224,SOUTH,2,5,7,3801,0,0,0,,0,3B12A,"3RD ST","PERRY ST",0.00,,Y,A,-,N,,,,,,,,,,N,3,0,1,2,A,-,12,21453,A,N,G,B,B,A,H,-,A,A,0,Y,,,,Y,,A,01,0,1,0,0,1,0,0,0,0,"- ","- ",,,"SAN FRANCISCO","SAN FRANCISCO",-122.39688873291016,37.782138824462891
9035553,2019,2020-01-30,3801,2019-12-06,2219,1355,TARAV,5,5,7,3801,0,0,0,,0,3I16E,"PORTOLA DR","CLAREMONT BL",20.00,N,N,C,-,N,,,,,,,,,,N,4,0,1,3,A,-,03,22350,,N,-,C,A,B,H,-,C,A,0,,,,,Y,,A,01,0,0,1,0,0,0,0,0,0,"- ","- ",,,"SAN FRANCISCO","SAN FRANCISCO",-122.46522521972656,37.739719390869141
90355568,2016,2017-01-09,9335,2016-12-16,1740,013738,,5,2,7,3801,0,1,2,,2,013,"US-101 S/B","CESAR CHAVEZ ST",200.00,S,N,A,-,Y,,,,,,,,,,N,4,0,3,4,A,-,03,22350,,N,C,C,A,A,H,-,C,D,0,,,,,Y,,A,07,0,0,3,0,0,0,0,0,0,"- ","- ",,,"SAN FRANCISCO","SAN FRANCISCO",-122.40397917999999,37.74884548
9035558,2019,2020-02-03,3801,2019-12-10,1811,2718,BAYVI,2,5,7,3801,0,0,0,,0,3C12D,"3RD ST","YOSEMITE AV",0.00,,Y,C,-,N,,,,,,,,,,N,4,0,1,2,A,-,04,21703,,M,C,C,A,B,H,-,C,A,0,,,,,Y,Y,A,01,0,0,1,0,0,0,0,0,0,"- ","- ",,,"SAN FRANCISCO","SAN FRANCISCO",-122.39331817626953,37.727798461914062
9035572,2019,2020-02-03,3801,2019-12-21,2300,1660,SOUTH,6,5,7,3801,0,0,0,,0,3B13E,"BRYANT ST","7TH ST",0.00,,Y,A,-,N,,,,,,,,,,N,4,0,1,2,A,-,00,20001,A,F,G,B,C,A,H,-,C,A,0,Y,,,,Y,,A,01,0,0,1,0,1,0,0,0,0,"- ","- ",,,"SAN FRANCISCO","SAN FRANCISCO",-122.40484619140625,37.774379730224609
9035574,2019,2020-02-03,3801,2019-12-09,0930,2374,INGLE,1,5,7,3801,0,0,0,,0,0H5,"ALEMANY BL","FARRAGUT AV",0.00,,Y,B,-,N,,,,,,,,,,Y,4,0,2,2,A,-,12,21453,A,N,D,C,A,A,H,-,A,A,0,,,Y,,Y,,A,08,0,0,2,0,0,0,0,0,2,"- ","- ",,,"SAN FRANCISCO","SAN FRANCISCO",-122.45201110839844,37.712120056152344
9035579,2019,2020-02-05,3801,2019-12-13,1849,4178,TRAFF,5,5,7,3801,0,0,0,,0,4B3A,"POLK ST","BUSH ST",22.00,S,N,C,-,N,,,,,,,,,,N,4,0,1,3,A,-,08,22107,,N,B,C,A,B,H,-,E,D,0,,,,,Y,Y,L,04,0,0,1,0,0,0,0,0,0,"- ","- ",,,"SAN FRANCISCO","SAN FRANCISCO",-122.4202880859375,37.788631439208984
9035590,2019,2020-02-03,3801,2019-12-11,1040,652,PARK,3,5,7,3801,0,0,0,,0,003,"OAK ST","LYON ST",23.00,W,N,C,-,N,,,,,,,,,,Y,4,0,1,2,A,-,03,22350,,N,C,C,A,B,H,-,A,D,0,,,,,Y,,A,01,0,0,1,0,0,0,0,0,0,"- ","- ",,,"SAN FRANCISCO","SAN FRANCISCO",-122.44243621826172,37.772491455078125
9035605,2019,2020-01-30,3801,2019-12-08,0042,2398,RICHM,7,5,7,3801,0,0,0,,0,02D,"BALBOA ST","30TH AV",0.00,,Y,A,-,N,,,,,,,,,,Y,4,0,1,2,A,-,03,22350,,N,C,C,A,B,H,-,C,A,0,,,,,Y,Y,A,01,0,0,1,0,0,0,0,0,0,"- ","- ",,,"SAN FRANCISCO","SAN FRANCISCO",-122.48985290527344,37.776058197021484
9035614,2019,2020-02-26,3801,2019-12-04,1445,118,MISSI,3,5,7,3801,0,0,0,,0,3D11C,"MARKET ST","SANCHEZ ST",186.00,W,N,A,-,N,,,,,,,,,,N,4,0,1,2,A,-,17,22517,,N,-,C,A,A,H,-,A,-,0,,,,,Y,,A,01,0,0,1,0,0,0,0,0,0,"- ","- ",,,"SAN FRANCISCO","SAN FRANCISCO",-122.43144989013672,37.765609741210938
9035616,2019,2020-01-31,3801,2019-12-28,1515,321,RICHM,6,5,7,3801,0,0,0,,0,G13D,"PARK PRESIDIO","CABRILLO ST",0.00,,Y,A,-,N,,,,,,,,,,N,4,0,1,2,A,-,10,21950,A,N,G,B,B,A,H,-,A,A,0,Y,,,,Y,,A,01,0,0,1,0,1,0,0,0,0,"- ","- ",,,"SAN FRANCISCO","SAN FRANCISCO",-122.47191619873047,37.775001525878906
9035637,2019,2020-01-30,3801,2019-12-03,0620,405,INGLE,2,5,7,3801,0,0,0,,0,3H60,"ALEMANY BL","SILVER AV",0.00,,Y,A,-,N,,,,,,,,,,Y,4,0,2,3,A,-,09,21801,A,N,A,D,A,B,H,-,C,A,0,,,,,Y,,A,01,0,0,2,0,0,0,0,0,0,"- ","- ",,,"SAN FRANCISCO","SAN FRANCISCO",-122.43338012695312,37.729850769042969
9035638,2019,2020-02-05,3801,2019-12-23,1735,A22028,CENTR,1,5,7,3801,0,0,0,,0,3A11D,"TAYLOR ST","PINE ST",12.00,N,N,A,-,N,,,,,,,,,,N,2,0,1,1,A,-,03,22350,,N,H,A,A,A,H,-,A,D,0,,,,,Y,,M,95,1,0,0,0,0,0,0,0,0,"- ","- ",,,"SAN FRANCISCO","SAN FRANCISCO",-122.41225433349609,37.790691375732422
9035642,2019,2020-02-05,3801,2019-12-23,1440,1118,SOUTH,1,5,7,3801,0,0,0,,0,3B48,"BEALE ST","FOLSOM ST",110.00,S,N,A,-,N,,,,,,,,,,N,4,0,1,2,A,-,09,21801,A,N,D,C,A,A,H,-,A,D,0,,,,,Y,,A,01,0,0,1,0,0,0,0,0,0,"- ","- ",,,"SAN FRANCISCO","SAN FRANCISCO",-122.3924560546875,37.788494110107422
9035644,2019,2020-02-07,3801,2019-12-30,1230,196,CENTR,1,5,7,3801,0,0,0,,0,3A14A,"STOCKTON ST","NORTH POINT ST",0.00,,Y,A,-,N,,,,,,,,,,Y,4,0,1,2,A,-,12,21453,,N,D,C,A,A,H,-,A,A,0,,,,,Y,,-,"- ",0,0,1,0,0,0,0,0,0,"- ","- ",,,"SAN FRANCISCO","SAN FRANCISCO",-122.41049957275391,37.806968688964844
9035646,2019,2020-02-05,3801,2019-12-23,1033,50,TENDE,1,5,7,3801,0,0,0,,0,004,"JONES ST","GOLDEN GATE AV",0.00,,Y,A,-,N,,,,,,,,,,N,4,0,1,3,A,-,11,21453,D,F,H,G,B,A,H,-,A,A,0,Y,Y,,,Y,,N,60,0,0,1,0,0,0,1,0,0,"- ","- ",,,"SAN FRANCISCO","SAN FRANCISCO",-122.4122314453125,37.782081604003906
9035657,2019,2020-01-29,3801,2019-12-02,0901,1276,MISSI,1,5,7,3801,0,0,0,,0,3D5A,"14TH ST","SHOTWELL ST",0.00,,Y,-,-,N,,,,,,,,,,N,3,0,1,2,A,-,08,22107,,F,B,G,A,B,H,-,A,A,0,,Y,,,Y,,A,01,0,1,0,0,0,0,1,0,0,"- ","- ",,,"SAN FRANCISCO","SAN FRANCISCO",-122.41670989990234,37.768478393554688
9035667,2019,2020-02-05,3801,2019-12-29,1051,2435,MISSI,7,5,7,3801,0,0,0,,0,004,"19TH ST","FOLSOM ST",0.00,,Y,C,-,N,,,,,,,,,,Y,4,0,2,2,A,-,12,21453,A,N,D,C,A,B,H,-,A,A,0,,,,,Y,,-,"- ",0,0,2,0,0,0,0,0,0,"- ","- ",,,"SAN FRANCISCO","SAN FRANCISCO",-122.41481781005859,37.760490417480469
9035682,2019,2020-01-29,3801,2019-12-14,0510,1816,BAYVI,6,5,7,3801,0,0,0,,0,3C15E,"GILMAN AV","3RD ST",0.00,,-,C,-,N,,,,,,,,,,Y,4,0,1,3,A,-,08,22107,,N,B,E,A,B,H,-,C,D,0,,,,,Y,,A,01,0,0,1,0,0,0,0,0,0,"- ","- ",,,"SAN FRANCISCO","SAN FRANCISCO",-122.39556884765625,37.722370147705078
9035686,2019,2020-01-29,3801,2019-12-14,0219,668,NORTH,6,5,7,3801,0,0,0,,0,3E16E,"GOUGH ST","CALIFORNIA ST",0.00,,Y,A,-,N,,,,,,,,,,N,4,0,1,2,A,-,12,21453,A,N,D,C,A,A,H,-,C,A,0,,,,,Y,,A,01,0,0,1,0,0,0,0,0,0,"- ","- ",,,"SAN FRANCISCO","SAN FRANCISCO",-122.42559814453125,37.789939880371094
90356930,2016,2016-12-29,9335,2016-12-25,1320,019084,,7,1,7,3801,0,1,1,,1,081,"I-80 W/B","SFOBB (I-80 WB) CENTER ANCHORAGE",1584.00,E,N,A,-,Y,,,80,,,,,,W,N,3,0,3,2,A,-,03,22350,,N,C,C,A,A,H,-,A,D,0,,,,,Y,,A,01,0,1,2,0,0,0,0,0,0,"- ","- ",37.801920000000003,-122.37366,"SAN FRANCISCO","SAN FRANCISCO",-122.37374242,37.802008219999998
9035695,2019,2020-01-29,3801,2019-12-12,1136,2117,BAYV,4,5,7,3801,0,0,0,,0,3C11A,"PENNSYLVANIA AV","25TH ST",0.00,,Y,C,-,N,,,,,,,,,,Y,4,0,2,2,A,-,09,21801,A,N,D,C,A,B,H,-,A,D,0,,,,,Y,,A,01,0,0,2,0,0,0,0,0,0,"- ","- ",,,"SAN FRANCISCO","SAN FRANCISCO",-122.39266204833984,37.752540588378906
9035711,2019,2020-01-29,3801,2019-12-15,1336,2375,RICHM,7,5,7,3801,0,0,0,,0,3G60,"PALM AV","EUCLID AV",8.00,S,N,A,-,N,,,,,,,,,,N,3,0,1,2,A,-,10,21950,A,N,G,B,B,A,H,-,-,A,0,Y,,,,Y,,A,01,0,1,0,0,1,0,0,0,0,"- ","- ",,,"SAN FRANCISCO","SAN FRANCISCO",-122.45791625976562,37.783836364746094
9035713,2019,2020-02-14,3801,2019-12-16,0830,2266,INGLE,1,5,7,3801,0,0,0,,0,3H3A,"ALEMANY BL","ADMIRAL AV",153.00,E,N,A,-,N,,,,,,,,,,N,4,0,1,2,A,-,07,21658,A,N,-,C,A,A,H,-,A,A,0,,,Y,,Y,,-,"- ",0,0,1,0,0,0,0,0,1,"- ","- ",,,"SAN FRANCISCO","SAN FRANCISCO",-122.43046569824219,37.730770111083984
9035719,2019,2020-01-29,3801,2019-12-01,0944,1944,INGLE,7,5,7,3801,0,0,0,,0,0H4,"OSHAUGHNESSY BL","DEL VALE AV",79.00,S,N,C,G,N,,,,,,,,,,Y,3,0,1,1,A,-,03,22350,,N,A,I,A,B,H,-,A,D,0,,,,,Y,,A,01,0,1,0,0,0,0,0,0,0,"- ","- ",,,"SAN FRANCISCO","SAN FRANCISCO",-122.44571685791016,37.741069793701172
9035722,2019,2020-01-29,3801,2019-12-13,1108,2315,INGLE,5,5,7,3801,0,0,0,,0,3H15C,"CORTLAND AV","WOOL ST",0.00,E,N,B,-,N,,,,,,,,,,Y,3,0,1,3,A,-,03,22350,,N,B,E,A,A,H,-,A,D,0,,,,,Y,,A,01,0,1,0,0,0,0,0,0,0,"- ","- ",,,"SAN FRANCISCO","SAN FRANCISCO",-122.41712951660156,37.739120483398438
9035726,2019,2020-01-29,3801,2019-12-13,1141,1238,INGLE,5,5,7,3801,0,0,0,,0,3HI6C,"BRUNSWICK ST","CURTIS ST",0.00,,Y,A,-,N,,,,,,,,,,Y,4,0,1,3,A,-,12,22450,A,N,D,C,A,B,H,-,A,A,0,,,,,Y,,A,01,0,0,1,0,0,0,0,0,0,"- ","- ",,,"SAN FRANCISCO","SAN FRANCISCO",-122.43907165527344,37.711761474609375
9035730,2019,2020-01-30,3801,2019-12-13,0730,1263,BAYVI,5,5,7,3801,0,0,0,,0,03C,"3RD ST","MCKINNON AV",0.00,,Y,-,-,N,,,,,,,,,,N,4,0,1,2,A,-,10,21950,A,F,G,B,B,B,H,-,A,A,0,Y,,,,Y,,A,01,0,0,1,0,1,0,0,0,0,"- ","- ",,,"SAN FRANCISCO","SAN FRANCISCO",-122.39021301269531,37.736419677734375
9035741,2019,2020-02-06,3801,2019-12-14,1753,54,NORTH,6,5,7,3801,0,0,0,,0,3E15D,"POLK ST","ELLIS ST",0.00,,Y,C,-,N,,,,,,,,,,N,4,0,1,2,A,-,06,21755,A,N,D,C,A,B,-,-,C,A,0,,,Y,,Y,,C,02,0,0,1,0,0,0,0,0,1,"- ","- ",,,"SAN FRANCISCO","SAN FRANCISCO",-122.41934967041016,37.784038543701172
9035743,2019,2020-01-29,3801,2019-12-07,1321,1628,MISSI,6,5,7,3801,0,0,0,,0,3G14C,"CESAR CHAVEZ ST","POTRERO ST",0.00,,Y,B,C,N,,,,,,,,,,N,4,0,1,2,A,-,03,22350,,N,C,C,A,B,H,-,A,A,0,,,,,Y,,A,01,0,0,1,0,0,0,0,0,0,"- ","- ",,,"SAN FRANCISCO","SAN FRANCISCO",-122.40550994873047,37.749168395996094
9035777,2019,2020-01-29,3801,2019-12-26,2230,2378,INGLE,4,5,7,3801,0,0,0,,0,0H6,"SAWYER ST","SUNNYDALE AV",0.00,,Y,A,-,N,,,,,,,,,,N,4,0,1,2,A,-,12,22450,,F,B,C,A,A,H,-,C,D,0,,,,,Y,Y,-,99,0,0,1,0,0,0,0,0,0,"- ","- ",,,"SAN FRANCISCO","SAN FRANCISCO",-122.41509246826172,37.711650848388672
9035785,2019,2020-01-29,3801,2019-12-26,1602,2228,CENTR,4,5,7,3801,0,0,0,,0,3A12D,"SUTTER ST","GRANT AV",0.00,,Y,A,-,N,,,,,,,,,,N,3,0,1,2,A,-,11,21806,C,N,G,B,B,A,H,-,A,A,0,Y,,,,Y,,N,60,0,1,0,0,1,0,0,0,0,"- ","- ",,,"SAN FRANCISCO","SAN FRANCISCO",-122.40538787841797,37.789638519287109
9035809,2019,2020-01-29,3801,2019-12-16,0854,994,INGLE,1,5,7,3801,0,0,0,,0,3H15A,"GENEVA AV","PRAGUE ST",453.00,E,N,A,-,N,,,,,,,,,,Y,4,0,4,3,A,-,03,22350,,N,C,C,A,A,H,-,A,D,0,,,,,Y,,A,07,0,0,4,0,0,0,0,0,0,"- ","- ",,,"SAN FRANCISCO","SAN FRANCISCO",-122.43044281005859,37.712471008300781
9035825,2019,2020-01-29,3801,2019-12-16,1924,1113,PARK,1,5,7,3801,0,0,0,,0,3F13D,"FELL ST","BRODERICK ST",168.00,W,N,A,-,N,,,,,,,,,,Y,4,0,1,2,A,-,03,22350,,N,C,C,A,A,H,-,C,D,0,,,,,Y,,A,01,0,0,1,0,0,0,0,0,0,"- ","- ",,,"SAN FRANCISCO","SAN FRANCISCO",-122.43986511230469,37.773761749267578
9035837,2019,2020-01-29,3801,2019-12-16,1805,936,CENTR,1,5,7,3801,0,0,0,,0,3A13D,"GEARY ST","LEAVENWORTH ST",7.00,W,N,A,-,N,,,,,,,,,,N,2,0,1,2,A,-,08,22107,,N,-,B,D,A,H,-,C,A,0,Y,,,,Y,,A,07,1,0,0,0,1,0,0,0,0,"- ","- ",,,"SAN FRANCISCO","SAN FRANCISCO",-122.41482543945312,37.786537170410156
90359359,2016,2017-01-02,9335,2016-12-22,1720,021390,,4,2,7,3801,0,1,1,,1,081,"I-80 W/B","THE EMBARCADERO",4190.00,E,N,A,-,Y,,,80,,,,,,W,Y,4,0,2,2,A,-,03,22350,,N,C,C,A,A,H,-,C,D,0,,,,,Y,,A,01,0,0,2,0,0,0,0,0,0,"- ","- ",37.797199999999997,-122.3788,"SAN FRANCISCO","SAN FRANCISCO",-122.37889385,37.797300270000001
9035994,2019,2020-01-28,3801,2019-12-22,2238,614,TARAV,7,5,7,3801,0,0,0,,0,315,"LAKE MERCED BL","BROTHERHOOD WY",0.00,,Y,A,-,N,,,,,,,,,,Y,3,0,2,2,A,-,03,22350,,N,E,D,A,A,H,-,C,A,0,,,,,Y,Y,A,01,0,1,1,0,0,0,0,0,0,"- ","- ",,,"SAN FRANCISCO","SAN FRANCISCO",-122.48532867431641,37.714641571044922
90363413,2016,2017-01-06,9335,2016-12-29,1521,021469,,4,2,7,3801,0,1,2,,2,014,"US 101 N/B","VERMONT STREET",400.00,N,N,A,-,Y,,,,,,,,,,N,4,0,2,2,A,-,03,22350,,F,C,C,A,A,H,-,A,D,0,,,,,Y,,A,01,0,0,2,0,0,0,0,0,0,"- ","- ",,,"SAN FRANCISCO","SAN FRANCISCO",,
90363524,2016,2017-01-09,9335,2016-12-29,1310,019767,,4,1,7,3801,0,1,1,,2,080,"I-80 E/B","8TH ST.",180.00,W,N,A,-,Y,,,80,,,,,,E,N,4,0,1,2,A,-,03,22350,,N,C,C,A,A,H,-,A,D,0,,,,,Y,,A,01,0,0,1,0,0,0,0,0,0,"- ","- ",37.771299999999997,-122.4059,"SAN FRANCISCO","SAN FRANCISCO",-122.405956,37.771260390000002
90365818,2016,2017-01-10,9335,2016-12-28,1035,021436,,3,1,7,3801,0,1,2,,2,013,"US-101 N/B","BACON ST",23.00,N,N,A,-,Y,,,101,,,,,,N,N,4,0,1,2,A,-,04,21703,,N,C,C,A,A,H,-,A,A,0,,,,,Y,,A,01,0,0,1,0,0,0,0,0,0,"- ","- ",37.727980000000002,-122.40271,"SAN FRANCISCO","SAN FRANCISCO",-122.40270815,37.727980680000002
90366370,2017,2017-02-13,9335,2017-01-01,0050,021328,,7,3,7,3801,0,1,2,,2,015,"US-101 S/B","HARRISON ST. UNDERCROSSING",678.00,S,N,A,-,Y,,,101,,,,,,S,Y,4,0,1,3,A,-,04,21703,,N,C,C,A,A,H,-,D,D,0,,,,,Y,,A,01,0,0,1,0,0,0,0,0,0,"- ","- ",37.769329999999997,-122.41092,"SAN FRANCISCO","SAN FRANCISCO",-122.41091972,37.769331950000002
90368144,2017,2017-01-12,9335,2017-01-04,0410,020658,,3,3,7,3801,0,1,2,,2,014,"US 101 S/B","CESAR CHAVEZ STREET UNDER CROSSING",619.00,N,N,B,C,Y,,,,,,,,,,Y,3,0,1,2,A,-,07,21658,A,N,B,C,A,B,F,-,C,D,0,,,,,Y,,A,01,0,1,0,0,0,0,0,0,0,"- ","- ",37.450659999999999,-122.24193,"SAN FRANCISCO","SAN FRANCISCO",,
90369372,2017,2017-02-13,9335,2017-01-03,2346,019737,,2,3,7,3801,0,1,1,,1,083,"I-80 E/B","EAST TOWER OF THE SFOBB (EASTERN SPAN)",305.00,E,N,B,C,Y,,,80,,,,,,E,Y,4,0,1,2,A,-,07,21658,A,M,B,C,A,B,H,-,C,D,0,,,,,Y,,A,01,0,0,1,0,0,0,0,0,0,"- ","- ",37.81561,-122.35759,"SAN FRANCISCO","SAN FRANCISCO",-122.35763583000001,37.815695159999997
90369561,2017,2017-02-16,9335,2017-01-08,2050,020888,,7,2,7,3801,0,1,1,,2,024,"I-280 N/B","QUESADA AVE. U/C",75.00,N,N,C,-,Y,,,280,,,,,,N,Y,4,0,2,2,A,-,08,22107,,N,B,C,A,B,H,-,C,D,0,,,,,Y,,A,01,0,0,2,0,0,0,0,0,0,"- ","- ",37.738889999999998,-122.40067999999999,"SAN FRANCISCO","SAN FRANCISCO",-122.40064882999999,37.738861749999998
90372381,2017,2017-01-19,9335,2017-01-11,0020,017150,,3,3,7,3801,0,1,1,,1,083,"I-80 E/B","TREASURE ISLAND RD",5280.00,W,N,B,-,Y,,,80,,,,,,E,Y,4,0,2,2,A,-,03,22350,,N,C,C,A,B,H,-,C,D,0,,,,,Y,,A,01,0,0,2,0,0,0,0,0,0,"- ","- ",37.799050000000001,-122.37675,"SAN FRANCISCO","SAN FRANCISCO",-122.3768498,37.799162039999999
90373820,2017,2017-01-20,9335,2017-01-12,0315,020889,,4,3,7,3801,0,1,1,,1,083,"I-80 EASTBOUND","CECTER ANCHORAGE",1164.00,E,N,B,-,Y,,,80,,,,,,E,Y,3,0,1,2,A,-,03,22350,,N,C,C,A,B,H,-,C,D,0,,,,Y,Y,,A,01,0,1,0,0,0,0,0,0,0,"- ","- ",37.800609999999999,-122.37488999999999,"SAN FRANCISCO","SAN FRANCISCO",-122.37505238999999,37.800783690000003