CASE_ID,ACCIDENT_YEAR,PROC_DATE,JURIS,COLLISION_DATE,COLLISION_TIME,OFFICER_ID,REPORTING_DISTRICT,DAY_OF_WEEK,CHP_SHIFT,POPULATION,CNTY_CITY_LOC,SPECIAL_COND,BEAT_TYPE,CHP_BEAT_TYPE,CITY_DIVISION_LAPD,CHP_BEAT_CLASS,BEAT_NUMBER,PRIMARY_RD,SECONDARY_RD,DISTANCE,DIRECTION,INTERSECTION,WEATHER_1,WEATHER_2,STATE_HWY_IND,CALTRANS_COUNTY,CALTRANS_DISTRICT,STATE_ROUTE,ROUTE_SUFFIX,POSTMILE_PREFIX,POSTMILE,LOCATION_TYPE,RAMP_INTERSECTION,SIDE_OF_HWY,TOW_AWAY,COLLISION_SEVERITY,NUMBER_KILLED,NUMBER_INJURED,PARTY_COUNT,PRIMARY_COLL_FACTOR,PCF_CODE_OF_VIOL,PCF_VIOL_CATEGORY,PCF_VIOLATION,PCF_VIOL_SUBSECTION,HIT_AND_RUN,TYPE_OF_COLLISION,MVIW,PED_ACTION,ROAD_SURFACE,ROAD_COND_1,ROAD_COND_2,LIGHTING,CONTROL_DEVICE,CHP_ROAD_TYPE,PEDESTRIAN_ACCIDENT,BICYCLE_ACCIDENT,MOTORCYCLE_ACCIDENT,TRUCK_ACCIDENT,NOT_PRIVATE_PROPERTY,ALCOHOL_INVOLVED,STWD_VEHTYPE_AT_FAULT,CHP_VEHTYPE_AT_FAULT,COUNT_SEVERE_INJ,COUNT_VISIBLE_INJ,COUNT_COMPLAINT_PAIN,COUNT_PED_KILLED,COUNT_PED_INJURED,COUNT_BICYCLIST_KILLED,COUNT_BICYCLIST_INJURED,COUNT_MC_KILLED,COUNT_MC_INJURED,PRIMARY_RAMP,SECONDARY_RAMP,LATITUDE,LONGITUDE,COUNTY,CITY,POINT_X,POINT_Y
9111077,2020,2020-11-02,3801,2020-05-31,1505,1698,CENTR,7,5,7,3801,0,0,0,,0,3A42B,"MARKET ST","KEARNY ST",250.00,W,N,A,-,N,,,,,,,,,,N,4,0,2,1,A,-,03,22350,,N,F,A,A,B,H,-,A,D,0,,,Y,,Y,,C,02,0,0,2,0,0,0,0,0,2,"- ","- ",,,"SAN FRANCISCO","SAN FRANCISCO",-122.40406799316406,37.787174224853516
91110916,2019,2019-10-31,9335,2019-10-22,0703,020068,,2,1,7,3801,0,1,1,,2,080,"I-80 W/B","2ND ST",950.00,E,N,A,-,Y,,,80,,,,,,W,Y,3,0,2,2,A,-,03,22350,,N,C,C,A,A,H,-,A,D,0,,,,,Y,,A,07,0,1,1,0,0,0,0,0,0,"- ","- ",37.785400390625,-122.39179992675781,"SAN FRANCISCO","SAN FRANCISCO",-122.39179992675781,37.785400390625
9111105,2020,2020-11-09,3801,2020-05-15,0830,2181,BAYVI,5,5,7,3801,0,0,0,,0,3C15A,"REVERE AV","KEITH ST",177.00,W,N,A,-,N,,,,,,,,,,Y,4,0,1,5,A,-,07,21658,A,F,E,I,A,A,H,-,A,D,0,,,,,Y,,-,,0,0,1,0,0,0,0,0,0,"- ","- ",,,"SAN FRANCISCO","SAN FRANCISCO",-122.3887939453125,37.730899810791016
9111108,2020,2020-11-02,3801,2020-05-19,1200,863,PARK,2,5,7,3801,0,0,0,,0,3F3A,"TURK BL","PARKER AVE",0.00,,Y,A,-,N,,,,,,,,,,Y,4,0,1,2,A,-,12,21453,A,N,D,C,A,A,H,-,A,A,0,,,,,Y,,A,01,0,0,1,0,0,0,0,0,0,"- ","- ",,,"SAN FRANCISCO","SAN FRANCISCO",-122.45339202880859,37.777809143066406
9111109,2020,2020-11-02,3801,2020-05-18,2323,1853,TARAV,1,5,7,3801,0,0,0,,0,3I13E,"GREAT HWY","NORIEGA ST",79.00,N,N,A,-,N,,,,,,,,,,N,4,0,1,4,A,-,05,21651,B,N,B,E,A,A,H,-,C,D,0,,,,,Y,,A,08,0,0,1,0,0,0,0,0,0,"- ","- ",,,"SAN FRANCISCO","SAN FRANCISCO",-122.50846862792969,37.753047943115234
9111110,2020,2020-11-02,3801,2020-05-17,1200,1102,SOUTH,7,5,7,3801,0,0,0,,0,0A1,"BEACH ST","JONES ST",0.00,,Y,F,-,N,,,,,,,,,,N,4,0,1,2,D,-,00,,,N,D,C,A,-,-,-,-,-,0,,,,,Y,,-,"- ",0,0,1,0,0,0,0,0,0,"- ","- ",,,"SAN FRANCISCO","SAN FRANCISCO",-122.41725921630859,37.807079315185547
9111116,2020,2020-11-02,3801,2020-05-21,1207,2176,SOUTH,4,5,7,3801,0,0,0,,0,3B90,"7TH ST","BRYANT ST",105.00,S,N,A,-,N,,,,,,,,,,N,4,0,1,2,A,-,07,21658,A,N,D,G,A,A,H,-,A,D,0,,Y,,,Y,,A,01,0,0,1,0,0,0,1,0,0,"- ","- ",,,"SAN FRANCISCO","SAN FRANCISCO",-122.40459442138672,37.774177551269531
9111132,2020,2020-11-02,3801,2020-05-27,1246,311,PARK,3,5,7,3801,0,0,0,,0,3F13E,"BOWLING GREEN DR","MARTIN LUTHER KING JR DR",0.00,,Y,A,-,N,,,,,,,,,,N,4,0,1,2,A,-,21,22106,,M,H,G,A,A,H,-,A,D,0,,Y,,,Y,,-,"- ",0,0,1,0,0,0,1,0,0,"- ","- ",,,"SAN FRANCISCO","SAN FRANCISCO",-122.46063995361328,37.767421722412109
9111137,2020,2020-11-05,3801,2020-05-01,1249,4356,INGLE,5,5,7,3801,0,0,0,,0,3H3C,"FELTON ST","OXFORD ST",0.00,,Y,A,-,N,,,,,,,,,,N,4,0,2,2,A,-,09,21800,B,N,D,C,A,A,H,-,A,D,0,,,,,Y,,A,01,0,0,2,0,0,0,0,0,0,"- ","- ",,,"SAN FRANCISCO","SAN FRANCISCO",-122.41940307617188,37.726181030273438
9111141,2020,2020-10-29,3801,2020-05-01,2243,2310,NORTH,5,5,7,3801,0,0,0,,0,3E13E,"FRANKLIN ST","LOMBARD ST",40.00,S,N,A,-,N,,,,,,,,,,N,4,0,1,2,A,-,03,22350,,F,D,C,A,A,H,-,C,A,0,,,,,Y,,A,01,0,0,1,0,0,0,0,0,0,"- ","- ",,,"SAN FRANCISCO","SAN FRANCISCO",-122.42617797851562,37.801002502441406
9111185,2020,2020-07-31,3801,2020-04-17,1959,342,PARK,5,5,7,3801,0,0,0,,0,F13D,"MASONIC AV","TURK ST",0.00,,Y,A,-,N,,,,,,,,,,N,3,0,1,2,A,-,08,22107,,N,B,C,A,A,H,-,C,A,0,,,Y,,Y,,C,02,0,1,0,0,0,0,0,0,1,"- ","- ",,,"SAN FRANCISCO","SAN FRANCISCO",-122.44705200195312,37.778629302978516
9111263,2020,2020-09-01,3801,2020-05-29,1146,1542,INGLE,5,5,7,3801,0,0,0,,0,3H1C,"SAN JOSE AV","30TH ST",0.00,,Y,A,-,N,,,,,,,,,,N,3,0,1,2,A,-,12,21453,A,N,D,G,A,A,H,-,A,A,0,,Y,,,Y,,L,04,0,1,0,0,0,0,1,0,0,"- ","- ",,,"SAN FRANCISCO","SAN FRANCISCO",-122.42328643798828,37.742279052734375
9111264,2020,2020-09-01,3801,2020-05-30,1320,2292,INGLE,6,5,7,3801,0,0,0,,0,3H73,"SANTOS ST","BLYTHDALE AV",104.00,N,N,B,-,N,,,,,,,,,,Y,4,0,1,2,A,-,08,22107,,N,E,I,-,A,H,-,A,D,0,Y,,,,Y,,A,07,0,0,1,0,1,0,0,0,0,"- ","- ",,,"SAN FRANCISCO","SAN FRANCISCO",-122.41876983642578,37.711002349853516
91113184,2019,2019-11-04,9335,2019-10-24,0700,022216,,4,1,7,3801,0,1,2,,2,013,"US-101 N/B","BLANKEN AVE",241.00,S,N,A,-,Y,,,101,,,,,,N,Y,4,0,1,4,A,-,03,22350,,N,C,C,A,A,H,-,A,D,0,,,,,Y,,A,07,0,0,1,0,0,0,0,0,0,"- ","- ",37.710231781005859,-122.39530181884766,"SAN FRANCISCO","SAN FRANCISCO",-122.39528656005859,37.710231781005859
91114800,2019,2019-11-06,9335,2019-10-27,1730,022326,,7,2,7,3801,0,1,1,,1,081,"I-80 W/B","SFOBB CENTER ANCHORAGE",1030.00,W,N,A,-,Y,,,80,,,,,,W,Y,3,0,1,2,C,-,18,,,N,C,C,A,A,H,-,A,D,0,,,,,Y,Y,-,"- ",0,1,0,0,0,0,0,0,0,"- ","- ",37.796131134033203,-122.38014221191406,"SAN FRANCISCO","SAN FRANCISCO",-122.38014984130859,37.796138763427734
91115882,2019,2019-11-07,9335,2019-10-28,1530,022331,,1,2,7,3801,0,1,1,,2,022,"I-280 S/B","GENEVA AVE O/C",1280.00,S,N,A,-,Y,,,280,,,,,,S,Y,4,0,1,2,A,-,03,22350,,N,C,C,A,A,H,-,A,D,0,,,,,Y,,A,01,0,0,1,0,0,0,0,0,0,"- ","- ",37.717739105224609,-122.44875335693359,"SAN FRANCISCO","SAN FRANCISCO",-122.44866180419922,37.717727661132812
9111636,2020,2020-11-20,3801,2020-05-31,1303,2375,TARAV,7,5,7,3801,0,0,0,,0,3G60,"19TH AV","VICENTE ST",256.00,S,N,B,-,Y,SF,4,1,-,-,2.200,H,-,N,Y,3,0,1,4,A,-,07,21658,A,N,F,E,A,A,H,-,A,D,0,,,,,Y,,A,01,0,1,0,0,0,0,0,0,0,"- ","- ",,,"SAN FRANCISCO","SAN FRANCISCO",-122.47536468505859,37.738945007324219
91116867,2019,2019-11-11,9335,2019-11-06,2040,021886,,3,2,7,3801,0,1,2,,2,014,"US-101 S/B","18TH ST. PED O/C",74.00,N,N,A,-,Y,,,101,,,,,,S,N,4,0,1,2,A,-,07,21658,A,N,B,C,A,A,H,-,A,D,0,,,,,Y,,A,08,0,0,1,0,0,0,0,0,0,"- ","- ",37.762371063232422,-122.40570831298828,"SAN FRANCISCO","SAN FRANCISCO",-122.40570831298828,37.762371063232422
91118230,2019,2019-11-12,9335,2019-02-03,0233,021754,,7,3,7,3801,0,1,2,,2,013,"US-101 NB","ALEMANY BOULEVARD U/C SOUTH RD EDGE",465.00,S,N,A,-,Y,,,101,,,,,,N,Y,1,2,9,5,A,-,01,23152,A,N,A,C,A,B,H,-,C,D,0,,,,,Y,Y,A,01,3,3,3,0,0,0,0,0,0,"- ","- ",37.73651123046875,-122.40747833251953,"SAN FRANCISCO","SAN FRANCISCO",-122.40743255615234,37.736530303955078
91120298,2019,2019-11-14,9335,2019-11-08,1745,021886,,5,2,7,3801,0,1,2,,2,013,"US-101 S/B","CESAR CHAVEZ ST",500.00,S,N,A,-,Y,,,101,,,,,,S,N,4,0,3,4,A,-,04,21703,,N,C,C,A,A,H,-,D,D,0,,,,,Y,,A,01,0,0,3,0,0,0,0,0,0,"- ","- ",37.747928619384766,-122.40422058105469,"SAN FRANCISCO","SAN FRANCISCO",-122.40427398681641,37.747947692871094
91121369,2019,2019-11-15,9335,2019-11-13,0530,016533,,3,3,7,3801,0,1,1,,1,081,"I-80 W/B","TREASURE ISLAND ON RAMP",4500.00,W,N,A,-,Y,,,80,,,,,,W,Y,4,0,2,4,A,-,03,22350,,N,C,C,A,A,H,-,C,D,0,,,,,Y,,D,22,0,0,2,0,0,0,0,0,0,"- ","- ",37.799179077148438,-122.37680053710938,"SAN FRANCISCO","SAN FRANCISCO",-122.37681579589844,37.7991943359375
91122174,2019,2019-11-18,9335,2019-11-08,2050,022348,,5,2,7,3801,0,1,1,,1,083,"I-80 E/B","YERBA BUENA ISLAND TUNNEL",410.00,W,N,A,-,Y,,,80,,,,,,E,N,3,0,1,2,A,-,03,22350,,N,C,C,A,A,H,-,C,D,0,,,,,Y,,A,01,0,1,0,0,0,0,0,0,0,"- ","- ",37.808181762695312,-122.3673095703125,"SAN FRANCISCO","SAN FRANCISCO",-122.36719512939453,37.808059692382812
91122239,2019,2019-11-18,9335,2019-11-08,1823,021886,,5,2,7,3801,0,1,2,,2,015,"US-101 N/B","FOLSOM ST. U/C",238.00,S,N,A,-,Y,,,101,,,,,,N,N,4,0,1,2,A,-,03,22350,,N,C,C,A,A,H,-,C,D,0,,,,,Y,,A,01,0,0,1,0,0,0,0,0,0,"- ","- ",37.769599914550781,-122.41468048095703,"SAN FRANCISCO","SAN FRANCISCO",-122.41468048095703,37.769634246826172
91123826,2019,2019-11-19,9335,2019-11-14,1505,017672,,4,2,7,3801,0,1,1,,2,080,"I-80 E/B","7TH STREET OFF-RAMP",325.00,W,N,C,-,Y,,,80,,,,,,E,N,3,0,1,3,A,-,07,21658,A,F,C,C,A,B,H,-,A,D,0,,,Y,Y,Y,,A,07,0,1,0,0,0,0,0,0,1,"- ","- ",37.772651672363281,-122.40659332275391,"SAN FRANCISCO","SAN FRANCISCO",-122.40657806396484,37.772651672363281
91123982,2019,2019-11-19,9335,2019-11-15,0710,022271,,5,1,7,3801,0,1,2,,2,013,"US-101 NORTHBOUND","SILVER AVE",125.00,S,N,B,-,Y,,,101,,,,,,N,Y,4,0,1,4,A,-,03,22350,,F,C,C,A,A,H,-,A,D,0,,,Y,,Y,,-,99,0,0,1,0,0,0,0,0,1,"- ","- ",37.732311248779297,-122.40503692626953,"SAN FRANCISCO","SAN FRANCISCO",-122.40494537353516,37.732368469238281
91125458,2019,2019-11-21,9350,2019-11-13,2101,021418,,3,2,7,3801,0,1,2,,2,010,"US-101 N/B","TOLL PLAZA GGB",575.00,S,N,A,-,Y,,,101,,,,,,N,Y,4,0,2,5,A,-,03,22350,,N,C,C,A,A,H,-,C,D,0,,,,,Y,,A,01,0,0,2,0,0,0,0,0,0,"- ","- ",37.806121826171875,-122.47427368164062,"SAN FRANCISCO","SAN FRANCISCO",-122.47426605224609,37.806125640869141
91128269,2019,2019-11-25,9335,2019-11-22,2355,022040,,5,3,7,3801,0,1,2,,2,011,"US-101 N/B","SAN BRUNO AVENUE",1839.00,S,N,A,-,Y,,,,,,,,,,Y,4,0,1,2,A,-,03,22350,,N,C,C,A,A,H,-,C,D,0,,,,,Y,,A,01,0,0,1,0,0,0,0,0,0,"- ","- ",37.626258850097656,-122.40155792236328,"SAN FRANCISCO","SAN FRANCISCO",-122.40544891357422,37.767219543457031
91132039,2019,2019-12-02,9335,2019-11-20,0705,014455,,3,1,7,3801,0,1,1,,1,083,"I-80 E/B","YERBA BUENA ISLAND TUNNEL",528.00,W,N,A,-,Y,,,80,,,,,,E,Y,4,0,1,1,C,-,18,,,N,E,I,A,A,H,-,A,D,0,,,,,Y,,-,"- ",0,0,1,0,0,0,0,0,0,"- ","- ",37.807929992675781,-122.36737060546875,"SAN FRANCISCO","SAN FRANCISCO",-122.36734771728516,37.807907104492188
91132329,2019,2020-03-20,9335,2019-11-22,1130,022331,,5,1,7,3801,0,1,1,,2,023,"I-280 S/B TO US-101 S/B","SILVER AVE U/C",610.00,S,N,A,-,Y,,,,,,,,,,Y,4,0,1,3,D,-,00,,,N,C,C,A,A,H,-,A,D,0,,,,Y,Y,,-,"- ",0,0,1,0,0,0,0,0,0,"- ","- ",37.731250762939453,-122.40399932861328,"SAN FRANCISCO","SAN FRANCISCO",,
91133381,2019,2019-12-02,9335,2019-11-25,1315,021222,,1,1,7,3801,0,1,2,,2,014,"US-101 SOUTHBOUND","CESAR CHAVEZ ST",550.00,S,N,A,-,Y,,,101,,,,,,S,N,3,0,2,2,A,-,03,22350,,N,C,C,A,A,H,-,A,D,0,,,,,Y,,A,01,0,2,0,0,0,0,0,0,0,"- ","- ",37.748039245605469,-122.40422058105469,"SAN FRANCISCO","SAN FRANCISCO",-122.40424346923828,37.748046875
91138223,2019,2019-12-10,9335,2019-11-29,0755,022241,,5,1,7,3801,0,1,1,,2,023,"I-280 N/B TO US-101 N/B","THE ALEMANY BOULVEARD OVERCROSSING",1497.00,N,N,A,-,Y,,,280,,,,R,,N,Y,2,0,3,2,A,-,08,22107,,N,E,I,A,A,H,-,A,D,0,,,,,Y,,A,07,1,1,1,0,0,0,0,0,0,"- ","- ",37.734199523925781,-122.4097900390625,"SAN FRANCISCO","SAN FRANCISCO",-122.4097900390625,37.734199523925781
91138865,2019,2019-12-10,9335,2019-12-05,1715,022266,,4,2,7,3801,0,1,2,,2,014,"US-101 S/B","CESAR CHAVEZ ST",215.00,S,N,B,-,Y,,,101,,,,,,S,N,4,0,1,3,A,-,03,22350,,N,C,C,A,A,H,-,A,D,0,,,,,Y,,A,07,0,0,1,0,0,0,0,0,0,"- ","- ",37.748699188232422,-122.40406799316406,"SAN FRANCISCO","SAN FRANCISCO",-122.40403747558594,37.748687744140625
91139000,2019,2019-12-10,9335,2019-12-06,2155,021754,,5,2,7,3801,0,1,1,,2,023,"I-280 S/B FROM BOSWORTH STREET","JOOST AVE SOUTH RD EDGE PROLONGATION",150.00,S,N,C,-,Y,,,280,,,,R,,S,Y,4,0,2,2,A,-,03,22350,,N,C,C,A,B,H,-,C,D,0,,,,,Y,,A,01,0,0,2,0,0,0,0,0,0,"- ","- ",37.732421875,-122.43431854248047,"SAN FRANCISCO","SAN FRANCISCO",-122.43431854248047,37.732421875
91140261,2019,2019-12-10,9335,2019-11-29,0915,022331,,5,1,7,3801,0,1,1,,1,081,"I-80 W/B (SFOBB)","YERBA BUENA ISLAND TUNNEL OPENING",230.00,W,N,A,-,Y,,,80,,,,,,W,N,4,0,1,2,A,-,07,21658,A,N,B,A,A,A,H,-,A,D,0,,,,,Y,,A,01,0,0,1,0,0,0,0,0,0,"- ","- ",37.808448791503906,-122.36678314208984,"SAN FRANCISCO","SAN FRANCISCO",-122.36679077148438,37.808456420898438
91140408,2019,2019-12-10,9335,2019-11-30,1225,022331,,6,1,7,3801,0,1,1,,2,023,"I-280 S/B","GENEVA AVE O/C N. RDWY EDGE",40.00,S,N,C,-,Y,,,280,,,,,,S,Y,4,0,1,1,A,-,08,22107,,N,E,I,A,B,H,-,A,D,0,,,,,Y,,A,07,0,0,1,0,0,0,0,0,0,"- ","- ",37.721389770507812,-122.44835662841797,"SAN FRANCISCO","SAN FRANCISCO",-122.44821929931641,37.721370697021484
91146295,2019,2019-12-18,9335,2019-12-09,1510,022007,,1,2,7,3801,0,1,1,,2,024,"I-280 N/B","20TH STREET OVER-CROSSING",161.00,S,N,B,-,Y,,,280,,,,,,N,Y,4,0,2,3,A,-,03,22350,,N,C,C,A,A,H,-,A,D,0,,,,,Y,,A,01,0,0,2,0,0,0,0,0,0,"- ","- ",37.759811401367188,-122.39218139648438,"SAN FRANCISCO","SAN FRANCISCO",-122.39225769042969,37.759803771972656
91150904,2019,2019-12-23,9335,2019-12-20,1830,022266,,5,2,7,3801,0,1,2,,2,013,"US-101 N/B","PAUL AVE UNDER-CROSSING",531.00,N,N,B,-,Y,,,101,,,,,,N,N,3,0,2,3,A,-,03,22350,,F,C,C,A,A,H,-,B,D,0,,,,,Y,,-,99,0,1,1,0,0,0,0,0,0,"- ","- ",37.725109100341797,-122.40158843994141,"SAN FRANCISCO","SAN FRANCISCO",-122.40162658691406,37.72509765625
91151852,2019,2019-12-24,9335,2019-12-19,1220,022216,,4,1,7,3801,0,1,1,,2,024,"I-280 S/B TO PENNSYLVANNIA AVE","25TH ST",1075.00,N,N,A,-,Y,,,280,,,,R,,S,Y,3,0,2,1,A,-,08,22107,,N,E,I,A,A,H,-,A,D,0,,,,,Y,,A,01,0,1,1,0,0,0,0,0,0,"- ","- ",37.755298614501953,-122.39240264892578,"SAN FRANCISCO","SAN FRANCISCO",-122.39240264892578,37.755298614501953
91153604,2019,2019-12-27,9335,2019-12-17,1730,021997,,2,2,7,3801,0,1,1,,2,080,"I-80 E/B","7TH STREET U/C",170.00,E,N,A,-,Y,,,80,,,,,,E,Y,4,0,1,2,A,-,07,21658,A,N,B,C,A,A,H,-,D,D,0,,,Y,,Y,,D,22,0,0,1,0,0,0,0,0,1,"- ","- ",37.774559020996094,-122.40609741210938,"SAN FRANCISCO","SAN FRANCISCO",-122.40608215332031,37.774547576904297
91154512,2019,2019-12-30,9335,2019-12-22,0505,021920,,7,3,7,3801,0,1,1,,2,023,"I-280 N/B","CONGDON STREET OVER-CROSSING",50.00,N,N,B,-,Y,,,280,,,,,,N,Y,4,0,1,1,A,-,08,22107,,N,E,I,A,B,H,-,C,D,0,,,,,Y,,A,01,0,0,1,0,0,0,0,0,0,"- ","- ",37.731441497802734,-122.42594146728516,"SAN FRANCISCO","SAN FRANCISCO",-122.42594146728516,37.731437683105469
91163617,2020,2020-01-13,9335,2020-01-04,2305,022331,,6,3,7,3801,0,1,1,,2,080,"I-80 W/B","6TH ST.",17.00,E,N,A,-,Y,,,80,,,,,,W,Y,3,0,1,3,A,-,03,22350,,N,C,D,A,A,H,-,C,D,0,,,,,Y,,A,01,0,1,0,0,0,0,0,0,0,"- ","- ",37.777030944824219,-122.40363311767578,"SAN FRANCISCO","SAN FRANCISCO",-122.40361785888672,37.777004241943359
91166766,2020,2020-01-16,9335,2020-01-13,0800,021328,,1,1,7,3801,0,1,2,,2,014,"US-101 S/B","23RD ST.",310.00,N,N,A,-,Y,,,101,,,,,,S,Y,4,0,4,4,A,-,03,22350,,N,C,C,A,A,H,-,A,D,0,,,,,Y,,A,01,0,0,4,0,0,0,0,0,0,"- ","- ",37.755420684814453,-122.40302276611328,"SAN FRANCISCO","SAN FRANCISCO",-122.40322113037109,37.755401611328125
9116740,2020,2020-07-21,3801,2020-06-17,2140,614,,3,5,7,3801,0,0,0,,0,3I11E,"MONTEREY BL","HAZELWOOD AV",0.00,,Y,A,-,N,,,,,,,,,,N,4,0,1,2,A,-,12,22450,A,N,H,A,A,A,H,-,C,A,0,,,,,Y,,A,01,0,0,1,0,0,0,0,0,0,"- ","- ",,,"SAN FRANCISCO","SAN FRANCISCO",-122.45487976074219,37.731468200683594
91168253,2020,2020-02-24,9335,2020-01-10,0122,022416,,5,3,7,3801,0,1,2,,2,013,"US-101 S/B","SILVER AVENUE",2098.00,N,N,A,-,Y,,,101,,,,,,S,Y,4,0,1,1,A,-,01,23152,A,N,E,I,A,A,H,-,D,D,0,,,,,Y,Y,A,01,0,0,1,0,0,0,0,0,0,"- ","- ",37.737258911132812,-122.40795135498047,"SAN FRANCISCO","SAN FRANCISCO",-122.40788269042969,37.737277984619141
91172805,2020,2020-01-24,9335,2020-01-15,0639,022032,,3,1,7,3801,0,1,1,,2,023,"I-280 N/B","ST MARYS PARK FOOTBRIDGE",790.00,N,N,A,-,Y,,,,,,,,,,Y,4,0,1,2,A,-,03,22350,,N,C,C,A,A,H,-,C,D,0,,,,,Y,,A,01,0,0,1,0,0,0,0,0,0,"- ","- ",37.131889343261719,-122.41790008544922,"SAN FRANCISCO","SAN FRANCISCO",,
91173662,2020,2020-01-27,9335,2020-01-21,0330,022179,,2,3,7,3801,0,1,2,,2,015,"US-101 S/B TO I-80 E/B","DIVISION ST. UNDERCROSSING",90.00,S,N,B,-,Y,,,101,,,,R,,S,Y,3,0,1,1,A,-,01,23152,F,N,E,I,A,A,H,-,C,D,0,,,,,Y,,A,07,0,1,0,0,0,0,0,0,0,"- ","- ",37.769908905029297,-122.40540313720703,"SAN FRANCISCO","SAN FRANCISCO",-122.40540313720703,37.769908905029297
91173693,2020,2020-01-27,9335,2020-01-25,0217,022175,,6,3,7,3801,0,1,2,,2,015,"US-101 S/B","BRYANT ST",220.00,S,N,B,-,Y,,,101,,,,,,S,Y,3,0,3,2,A,-,03,22350,,N,C,C,A,A,H,-,C,D,0,,,,,Y,Y,A,07,0,1,2,0,0,0,0,0,0,"- ","- ",37.769161224365234,-122.41000366210938,"SAN FRANCISCO","SAN FRANCISCO",-122.40999603271484,37.769184112548828
91176027,2020,2020-01-29,9335,2020-01-18,1500,021736,,6,2,7,3801,0,1,1,,1,081,"I-80 W/B","THE EMBARCADERO",90.00,E,N,A,-,Y,,,80,,,,,,W,Y,4,0,1,3,A,-,01,23152,A,N,C,C,A,A,H,-,A,D,0,,,,,Y,Y,D,22,0,0,1,0,0,0,0,0,0,"- ","- ",37.789150238037109,-122.38773345947266,"SAN FRANCISCO","SAN FRANCISCO",-122.38752746582031,37.788917541503906
91178196,2020,2020-09-01,9335,2020-01-31,1655,019799,,5,2,7,3801,0,1,1,,1,083,"I-80 E/B","THE EMBARCADERO",225.00,E,N,B,-,Y,,,80,,,,,,E,Y,4,0,1,2,A,-,07,21658,A,N,B,C,A,A,H,-,A,D,0,,,Y,,Y,,A,01,0,0,1,0,0,0,0,0,1,"- ","- ",37.789398193359375,-122.38739776611328,"SAN FRANCISCO","SAN FRANCISCO",-122.38721466064453,37.789188385009766
91181055,2020,2020-02-05,9335,2020-01-31,1730,022326,,5,2,7,3801,0,1,2,,2,015,"US-101 N/B","FOLSOM ST U/C",285.00,S,N,A,-,Y,,,101,,,,,,N,Y,4,0,2,3,A,-,07,21658,A,N,B,C,A,A,H,-,B,D,0,,,,,Y,,A,01,0,0,2,0,0,0,0,0,0,"- ","- ",37.769660949707031,-122.41448974609375,"SAN FRANCISCO","SAN FRANCISCO",-122.41448974609375,37.769630432128906
91181692,2019,2020-02-06,9335,2019-12-29,2309,022331,,7,3,7,3801,0,1,1,,1,083,"I-80 E/B","THE EMBARCADERO",1350.00,E,N,C,-,Y,,,80,,,,,,E,N,4,0,1,2,A,-,03,22350,,M,C,C,A,B,H,-,C,D,0,,,,,Y,,-,99,0,0,1,0,0,0,0,0,0,"- ","- ",37.791740417480469,-122.38478851318359,"SAN FRANCISCO","SAN FRANCISCO",-122.3846435546875,37.791599273681641
91183014,2020,2020-02-10,9335,2020-02-02,1430,021886,,7,2,7,3801,0,1,2,,2,013,"US-101 N/B","PAUL AVE. U/C",150.00,S,N,A,-,Y,,,101,,,,,,N,Y,4,0,1,2,A,-,04,21703,,N,C,C,A,A,H,-,A,D,0,,,,,Y,,A,08,0,0,1,0,0,0,0,0,0,"- ","- ",37.723239898681641,-122.40087127685547,"SAN FRANCISCO","SAN FRANCISCO",-122.40087890625,37.723236083984375
91186342,2020,2020-02-13,9335,2020-01-16,1447,014455,,4,2,7,3801,0,1,1,,1,081,"I-80 W/B","MAIN ST.",100.00,W,N,B,-,Y,,,80,,,,,,W,N,4,0,1,2,A,-,03,22350,,N,C,C,A,B,H,-,A,D,0,,,,,Y,,A,01,0,0,1,0,0,0,0,0,0,"- ","- ",37.787258148193359,-122.38971710205078,"SAN FRANCISCO","SAN FRANCISCO",-122.38954925537109,37.787078857421875
91187235,2019,2020-02-17,9335,2019-04-30,0735,018399,,2,1,7,3801,0,1,1,,1,081,"I-80 W/B","FREMONT STREET",272.00,E,N,A,-,Y,,,80,,,,,,W,Y,1,1,0,2,A,-,03,22350,,N,C,C,A,A,H,-,A,D,0,,,Y,Y,Y,,C,02,0,0,0,0,0,0,0,1,0,"- ","- ",37.786109924316406,-122.39070892333984,"SAN FRANCISCO","SAN FRANCISCO",-122.39069366455078,37.786087036132812