CASE_ID,ACCIDENT_YEAR,PROC_DATE,JURIS,COLLISION_DATE,COLLISION_TIME,OFFICER_ID,REPORTING_DISTRICT,DAY_OF_WEEK,CHP_SHIFT,POPULATION,CNTY_CITY_LOC,SPECIAL_COND,BEAT_TYPE,CHP_BEAT_TYPE,CITY_DIVISION_LAPD,CHP_BEAT_CLASS,BEAT_NUMBER,PRIMARY_RD,SECONDARY_RD,DISTANCE,DIRECTION,INTERSECTION,WEATHER_1,WEATHER_2,STATE_HWY_IND,CALTRANS_COUNTY,CALTRANS_DISTRICT,STATE_ROUTE,ROUTE_SUFFIX,POSTMILE_PREFIX,POSTMILE,LOCATION_TYPE,RAMP_INTERSECTION,SIDE_OF_HWY,TOW_AWAY,COLLISION_SEVERITY,NUMBER_KILLED,NUMBER_INJURED,PARTY_COUNT,PRIMARY_COLL_FACTOR,PCF_CODE_OF_VIOL,PCF_VIOL_CATEGORY,PCF_VIOLATION,PCF_VIOL_SUBSECTION,HIT_AND_RUN,TYPE_OF_COLLISION,MVIW,PED_ACTION,ROAD_SURFACE,ROAD_COND_1,ROAD_COND_2,LIGHTING,CONTROL_DEVICE,CHP_ROAD_TYPE,PEDESTRIAN_ACCIDENT,BICYCLE_ACCIDENT,MOTORCYCLE_ACCIDENT,TRUCK_ACCIDENT,NOT_PRIVATE_PROPERTY,ALCOHOL_INVOLVED,STWD_VEHTYPE_AT_FAULT,CHP_VEHTYPE_AT_FAULT,COUNT_SEVERE_INJ,COUNT_VISIBLE_INJ,COUNT_COMPLAINT_PAIN,COUNT_PED_KILLED,COUNT_PED_INJURED,COUNT_BICYCLIST_KILLED,COUNT_BICYCLIST_INJURED,COUNT_MC_KILLED,COUNT_MC_INJURED,PRIMARY_RAMP,SECONDARY_RAMP,LATITUDE,LONGITUDE,COUNTY,CITY,POINT_X,POINT_Y
92204957,2023,2023-10-20,9335,2023-09-06,2020,022703,,3,2,7,3801,0,1,1,,2,080,"I-80 EASTBOUND","THE FOURTH STREET UNDERCROSSING",10.00,W,N,A,-,Y,SF,,80," "," ",5.053,H,,R,Y,4,0,2,3,A,-,01,23152,A,N,C,C,A,A,H,-,C,D,0,,,,,Y,Y,A,01,0,0,2,0,0,0,0,0,0,"- ","- ",37.77996826171875,-122.39877319335938,"SAN FRANCISCO","SAN FRANCISCO",-122.39879608154297,37.779991149902344
92229726,2023,2023-11-07,9350,2023-10-28,1535,022917,,6,2,7,3801,0,1,2,,2,010,"MERCHANT RD TO US-101 S/B","US-101 S/B",10.00,W,N,A,-,N,,,,,,,,,,N,4,0,2,2,A,-,03,22350,,N,C,C,A,A,H,-,A,D,0,,,,,Y,,A,01,0,0,2,0,0,0,0,0,0,"- ","- ",37.806411743164062,-122.47505187988281,"SAN FRANCISCO","SAN FRANCISCO",-122.47510528564453,37.806388854980469
92230798,2023,2023-11-08,9350,2023-11-01,"850 ",021418,,3,1,7,3801,0,1,2,,2,020,"US-101 N/B","N.TOWER GGB",662.00,S,N,A,-,Y,,,,,,,,,,N,4,0,1,3,A,-,03,22350,,N,C,C,A,A,H,-,A,D,0,,,,,Y,,A,01,0,0,1,0,0,0,0,0,0,"- ","- ",37.823841094970703,-122.47898101806641,"SAN FRANCISCO","SAN FRANCISCO",-122.47919464111328,37.823810577392578
9223606,2021,2021-03-23,3801,2021-01-22,1745,1858,BAYVI,5,5,7,3801,0,0,0,,0,3C15D,"GILMAN AV","3RD ST",203.00,E,N,B,-,N,,,,,,,,,,N,4,0,1,2,A,-,07,21658,,F,A,-,A,A,H,-,C,D,0,,,,,Y,Y,A,01,0,0,1,0,0,0,0,0,0,"- ","- ",,,"SAN FRANCISCO","SAN FRANCISCO",-122.39497375488281,37.722080230712891
9223608,2021,2021-03-23,3801,2021-01-21,1545,334,BAYVI,4,5,7,3801,0,0,0,,0,0C2,"3RD ST","CUSTER AV",0.00,,Y,A,-,N,,,,,,,,,,Y,4,0,1,2,A,-,08,22107,,N,D,C,A,A,H,-,A,A,0,,,,,Y,,A,01,0,0,1,0,0,0,0,0,0,"- ","- ",,,"SAN FRANCISCO","SAN FRANCISCO",-122.38747406005859,37.744327545166016
9223609,2021,2021-03-23,3801,2021-01-17,0935,2368,NORTH,7,5,7,3801,0,0,0,,0,3E14A,"CLAY ST","DIVISADERO ST",0.00,,Y,A,-,N,,,,,,,,,,N,4,0,1,2,A,-,12,22450,A,N,D,G,A,A,H,-,A,A,0,,Y,,,Y,,A,01,0,0,1,0,0,0,1,0,0,"- ","- ",,,"SAN FRANCISCO","SAN FRANCISCO",-122.44081115722656,37.789867401123047
9223617,2021,2021-03-23,3801,2021-01-20,0720,1325,TENDE,3,5,7,3801,0,0,0,,0,3J11A,"11TH ST","MARKET ST",0.00,,Y,A,-,N,,,,,,,,,,N,4,0,1,2,A,-,08,22107,,N,-,J,A,A,H,-,-,D,0,,,Y,,Y,,A,08,0,0,1,0,0,0,0,0,1,"- ","- ",,,"SAN FRANCISCO","SAN FRANCISCO",-122.418701171875,37.775600433349609
9223660,2021,2021-03-23,3801,2021-01-09,2202,2341,MISSI,6,5,7,3801,0,0,0,,0,3D16E,"HAMPSHIRE ST","24TH ST",20.00,S,N,A,-,N,,,,,,,,,,N,4,0,2,2,A,-,21,22106,,N,C,D,A,A,H,-,C,A,0,,,,,Y,,A,01,0,0,2,0,0,0,0,0,0,"- ","- ",,,"SAN FRANCISCO","SAN FRANCISCO",-122.40732574462891,37.752864837646484
9223755,2021,2021-03-29,3801,2021-01-26,1538,556,SOUTH,2,5,7,3801,0,0,0,,0,,"10TH ST","HOWARD ST",14.00,S,N,B,-,N,,,,,,,,,,N,4,0,1,2,A,-,03,22350,,N,C,C,A,B,H,-,B,A,0,,,Y,,Y,,C,03,0,0,1,0,0,0,0,0,1,"- ","- ",,,"SAN FRANCISCO","SAN FRANCISCO",-122.41433715820312,37.774002075195312
9223759,2021,2021-03-29,3801,2021-01-21,1235,1418,TARVA,4,5,7,3801,0,0,0,,0,0I5,"BROTHERHOOD WY","LAKE MERCED BL",579.00,E,N,B,-,N,,,,,,,,,,Y,4,0,1,2,A,-,01,23152,A,N,C,C,A,A,H,-,A,D,0,,,,Y,Y,,A,01,0,0,1,0,0,0,0,0,0,"- ","- ",,,"SAN FRANCISCO","SAN FRANCISCO",-122.48326110839844,37.714569091796875
9223761,2021,2021-03-20,3801,2021-01-29,1528,2368,NORTH,5,5,7,3801,0,0,0,,0,,"BRODERICK ST","GREEN ST",0.00,,Y,A,-,N,,,,,,,,,,,4,0,1,2,A,-,03,22350,,F,G,-,E,A,H,-,A,A,0,Y,,,,Y,,A,08,0,0,1,0,1,0,0,0,0,"- ","- ",,,"SAN FRANCISCO","SAN FRANCISCO",-122.44356536865234,37.795112609863281
9223767,2021,2021-03-20,3801,2021-01-28,1327,2175,NORTH,4,5,7,3801,0,0,0,,0,3E13C,"FRANCISCO ST","VAN NESS AV",0.00,,Y,B,-,N,,,,,,,,,,N,4,0,1,2,A,-,08,22107,,N,D,G,A,B,H,-,A,A,0,,Y,,,Y,,A,01,0,0,1,0,0,0,1,0,0,"- ","- ",,,"SAN FRANCISCO","SAN FRANCISCO",-122.42496490478516,37.803203582763672
9223773,2021,2021-04-02,3801,2021-01-12,1108,392,MISSI,2,5,7,3801,0,0,0,,0,3D14A,"POTRERO AV","ALAMEDA ST",30.00,S,N,A,-,N,,,,,,,,,,N,3,0,1,2,A,-,03,22350,,N,C,C,A,A,H,-,A,A,0,,,Y,,Y,,A,01,0,1,0,0,0,0,0,0,1,"- ","- ",,,"SAN FRANCISCO","SAN FRANCISCO",-122.40778350830078,37.768299102783203
9223776,2021,2021-03-20,3801,2021-01-11,1510,1398,TRAFF,1,5,7,3801,0,0,0,,0,,"MONTEREY BL","FOERSTER ST",0.00,,Y,A,-,N,,,,,,,,,,N,4,0,1,2,A,-,11,21453,D,N,D,B,B,A,H,-,A,A,0,Y,,,,Y,,N,60,0,0,1,0,1,0,0,0,0,"- ","- ",,,"SAN FRANCISCO","SAN FRANCISCO",-122.44886779785156,37.731544494628906
9223784,2021,2021-03-23,3801,2021-01-09,1510,,NORTH,6,5,7,3801,0,0,0,,0,3E3D,"POLK ST","PACIFIC AV",0.00,,Y,A,-,N,,,,,,,,,,,4,0,1,2,A,-,09,21804,A,N,B,G,A,A,H,-,A,-,0,,Y,,,Y,,A,01,0,0,1,0,0,0,1,0,0,"- ","- ",,,"SAN FRANCISCO","SAN FRANCISCO",-122.42158508300781,37.795032501220703
9223802,2021,2021-03-22,3801,2021-01-18,1905,1642,NORTH,1,5,7,3801,0,0,0,,0,3E11D,"GOUGH ST","GROVE ST",0.00,,Y,A,-,N,,,,,,,,,,N,4,0,1,2,A,-,08,22107,,N,B,C,A,A,H,-,C,A,0,,,Y,,Y,,C,03,0,0,1,0,0,0,0,0,1,"- ","- ",,,"SAN FRANCISCO","SAN FRANCISCO",-122.42316436767578,37.777805328369141
9223804,2021,2021-03-22,3801,2021-01-18,0900,2126,CENTR,1,5,7,3801,0,0,0,,0,3A11A,"LEAVENWORTH ST","ELLIS ST",0.00,,Y,A,-,N,,,,,,,,,,N,3,0,1,2,D,-,00,,,F,G,B,E,A,H,-,A,A,0,Y,,,,Y,,-,"- ",0,1,0,0,1,0,0,0,0,"- ","- ",,,"SAN FRANCISCO","SAN FRANCISCO",-122.41442108154297,37.784671783447266
9223808,2021,2021-03-22,3801,2021-01-01,1752,1886,BAYVI,5,5,7,3801,0,0,0,,0,3C12D,"BAYSHORE BL","SALINAS AV",0.00,,Y,A,-,N,,,,,,,,,,Y,3,0,1,2,A,-,08,22107,,N,D,C,A,A,H,-,C,D,0,,,,,Y,,A,01,0,1,0,0,0,0,0,0,0,"- ","- ",,,"SAN FRANCISCO","SAN FRANCISCO",-122.39991760253906,37.7215576171875
9223819,2021,2021-03-23,3801,2021-01-04,2327,1094,TECHT,1,5,7,3801,0,0,0,,0,3J13E,"POLK ST","HAYES ST",0.00,,Y,A,-,N,,,,,,,,,,N,4,0,2,3,A,-,03,22350,,F,C,C,A,A,H,-,C,A,0,,,,,Y,,A,01,0,0,2,0,0,0,0,0,0,"- ","- ",,,"SAN FRANCISCO","SAN FRANCISCO",-122.41803741455078,37.777507781982422
9223824,2021,2021-03-29,3801,2021-01-01,0004,1730,TRAFF,5,5,7,3801,0,0,0,,0,4B1H,ELLIS,"CYRIL MAGNIN ST",0.00,,Y,A,-,N,,,,,,,,,,Y,3,0,1,2,A,-,05,21650,,F,A,G,A,A,H,-,C,A,0,,Y,,,Y,,L,04,0,1,0,0,0,0,1,0,0,"- ","- ",,,"SAN FRANCISCO","SAN FRANCISCO",-122.40866088867188,37.785427093505859
9223825,2021,2021-03-29,3801,2021-01-06,1745,309,TARAV,3,5,7,3801,0,0,0,,0,,"VICENTE ST","SUNSET BL",0.00,,Y,A,-,N,,,,,,,,,,N,3,0,1,2,A,-,09,21801,,N,B,G,A,B,H,-,C,A,0,,Y,,,Y,,A,01,0,1,0,0,0,0,1,0,0,"- ","- ",,,"SAN FRANCISCO","SAN FRANCISCO",-122.49427032470703,37.738502502441406
9223828,2021,2021-03-29,3801,2021-01-15,2119,1886,BAYVW,5,5,7,3801,0,0,0,,0,3C15E,"GILMAN AV","HAWES ST",330.00,N,N,A,-,N,,,,,,,,,,Y,3,0,1,2,A,-,03,22350,,N,D,C,A,A,H,-,D,D,0,,,Y,,Y,,C,02,0,1,0,0,0,0,0,0,1,"- ","- ",,,"SAN FRANCISCO","SAN FRANCISCO",-122.39093017578125,37.719806671142578
9223869,2021,2021-03-04,3801,2021-01-17,1409,1238,NORTH,7,5,7,3801,0,0,0,,0,3E11A,"FELL ST","FRANKLIN ST",8.00,E,N,A,-,N,,,,,,,,,,Y,4,0,1,2,A,-,03,22350,,F,B,C,A,A,H,-,A,A,0,,,,,Y,,A,01,0,0,1,0,0,0,0,0,0,"- ","- ",,,"SAN FRANCISCO","SAN FRANCISCO",-122.42111206054688,37.776165008544922
9223889,2021,2022-07-28,3801,2021-01-08,2211,2279,INGLE,5,5,7,3801,0,0,0,,0,005,"LIEBIG ST","SAN JOSE AV",211.00,E,N,A,-,N,,,,,,,,,,Y,4,0,1,3,A,-,01,23152,A,N,D,E,A,A,H,-,D,D,0,,,,,Y,Y,A,01,0,0,1,0,0,0,0,0,0,"- ","- ",,,"SAN FRANCISCO","SAN FRANCISCO",-122.45712280273438,37.709152221679688
9223917,2021,2021-03-22,3801,2021-01-23,0430,1933,TENDE,6,5,7,3801,0,0,0,,0,3J13E,"GOLDEN GATE AV","LARKIN ST",0.00,,Y,A,-,N,,,,,,,,,,N,2,0,1,2,-,-,"- ",,,F,G,B,D,A,H,-,C,A,0,Y,,,,Y,,-,"- ",1,0,0,0,1,0,0,0,0,"- ","- ",,,"SAN FRANCISCO","SAN FRANCISCO",-122.41715240478516,37.781440734863281
9224026,2021,2021-04-17,3801,2021-01-03,1442,2465,BAYVI,7,5,7,3801,0,0,0,,0,3C11C,"20TH ST","CAROLINA ST",106.00,W,N,A,-,N,,,,,,,,,,Y,2,0,1,2,A,-,03,22350,,N,C,E,A,A,H,-,A,D,0,,,,,Y,,A,01,1,0,0,0,0,0,0,0,0,"- ","- ",,,"SAN FRANCISCO","SAN FRANCISCO",-122.40050506591797,37.759777069091797
9224050,2021,2021-03-22,3801,2021-01-08,1430,4214,SOUTH,5,5,7,3801,0,0,0,,0,4K1F,"6TH ST","MINNA ST",54.00,N,N,A,-,N,,,,,,,,,,N,2,0,1,2,A,-,11,21955,,N,G,B,D,A,H,-,A,A,0,Y,,,,Y,,N,60,1,0,0,0,1,0,0,0,0,"- ","- ",,,"SAN FRANCISCO","SAN FRANCISCO",-122.40826416015625,37.780654907226562
9224052,2021,2021-03-22,3801,2021-01-07,1436,2500,CENTR,4,5,7,3801,0,0,0,,0,3A46C,"POST ST","LEAVENWORTH ST",0.00,,Y,A,-,N,,,,,,,,,,N,4,0,1,2,A,-,10,21950,A,N,G,B,B,A,H,-,A,A,0,Y,,,,Y,,A,01,0,0,1,0,1,0,0,0,0,"- ","- ",,,"SAN FRANCISCO","SAN FRANCISCO",-122.41499328613281,37.787452697753906
9224053,2021,2021-03-22,3801,2021-01-07,0947,2497,SOUTH,4,5,7,3801,0,0,0,,0,3B13A,"FOLSOM ST","12TH ST",0.00,,Y,A,-,N,,,,,,,,,,Y,4,0,1,2,A,-,09,21801,A,N,D,C,A,A,H,-,A,A,0,,,,,Y,,A,01,0,0,1,0,0,0,0,0,0,"- ","- ",,,"SAN FRANCISCO","SAN FRANCISCO",-122.41500091552734,37.770904541015625
9224056,2021,2021-03-23,3801,2021-01-12,2319,1836,TARAV,2,5,7,3801,0,0,0,,0,3I15E,"JUNIPERO SERRA BL","19TH AV",245.00,S,N,A,-,N,,,,,,,,,,N,4,0,1,2,A,-,08,22107,,N,B,C,A,A,H,-,C,A,0,,,,,Y,,A,07,0,0,1,0,0,0,0,0,0,"- ","- ",,,"SAN FRANCISCO","SAN FRANCISCO",-122.47254180908203,37.716526031494141
92244572,2023,2023-11-27,9335,2023-09-14,"515 ",023343,,4,3,7,3801,0,1,1,,1,081,"I-80 W/B","THE EMBARCADERO",1800.00,E,N,A,-,Y,SF,,80," "," ",6.265,H,,L,N,3,0,1,2,A,-,03,22350,,F,C,C,A,A,H,-,C,D,0,,,Y,,Y,,-,99,0,1,0,0,0,0,0,0,1,"- ","- ",37.792770385742188,-122.38375854492188,"SAN FRANCISCO","SAN FRANCISCO",-122.3836669921875,37.792705535888672
92250156,2023,2023-12-01,9335,2023-10-22,1230,021200,,7,1,7,3801,0,1,2,,2,014,"US-101 NB","CESAR CHAVEZ STREET",500.00,N,N,B,-,Y,SF,,101," "," ",3.065,H,,R,N,4,0,1,2,A,-,03,22350,,N,C,C,A,A,H,-,A,D,0,,,,,Y,,A,07,0,0,1,0,0,0,0,0,0,"- ","- ",37.750228881835938,-122.40358734130859,"SAN FRANCISCO","SAN FRANCISCO",-122.40335845947266,37.75018310546875
92254433,2023,2023-12-06,9335,2023-10-27,1644,023167,,5,2,7,3801,0,1,1,,2,022,"I-280 S/B","ALEMANY BOULEVARD",650.00,S,N,A,-,Y,SF,,280," ",R,0.353,H,,L,Y,4,0,3,3,A,-,07,21658,A,N,B,2,A,A,H,-,A,D,0,,,,,Y,,A,01,0,0,3,0,0,0,0,0,0,"- ","- ",37.710529327392578,-122.46343994140625,"SAN FRANCISCO","SAN FRANCISCO",-122.46343994140625,37.710582733154297
92256466,2023,2023-12-07,9335,2023-12-02,2120,023119,,6,2,7,3801,0,1,2,,2,013,"US 101 S/B","FAITH STREET PEDESTRIAN O/C",734.00,S,N,A,-,Y,SF,,101," "," ",2.470,H,,L,Y,3,0,2,2,A,-,03,22350,,N,C,C,A,A,H,-,C,D,0,,,,,Y,,A,07,0,2,0,0,0,0,0,0,0,"- ","- ",37.742290496826172,-122.40725708007812,"SAN FRANCISCO","SAN FRANCISCO",-122.40720367431641,37.742263793945312
92263045,2023,2023-12-15,9335,2023-10-27,1645,023167,,5,2,7,3801,0,1,1,,2,022,"I-280 S/B","ALEMANY BLVD",440.00,S,N,A,-,Y,SF,,280," ",R,0.379,H,,L,N,4,0,1,3,A,-,03,22350,,N,C,C,A,A,H,-,A,D,0,,,,,Y,,A,07,0,0,1,0,0,0,0,0,0,"- ","- ",37.710628509521484,-122.46296691894531,"SAN FRANCISCO","SAN FRANCISCO",-122.46297454833984,37.710578918457031
92269048,2023,2023-12-22,9335,2023-09-28,"850 ",023464,,4,1,7,3801,0,1,1,,2,024,"I-280 N/B","20TH ST OVERCROSSING",225.00,N,N,A,-,Y,SF,,280," ",R,6.442,H,,R,N,3,0,1,2,A,-,03,22350,,N,C,C,A,A,H,-,A,D,0,,,,,Y,,A,01,0,1,0,0,0,0,0,0,0,"- ","- ",37.760898590087891,-122.39228057861328,"SAN FRANCISCO","SAN FRANCISCO",-122.39237213134766,37.760894775390625
9227513,2021,2021-04-12,3801,2021-02-05,1230,529,CENTR,5,5,7,3801,0,0,0,,0,,EMBARCADERO,"SANSOME ST",0.00,,Y,-,-,N,,,,,,,,,,N,3,0,1,2,D,-,00,,,N,-,C,A,-,-,-,-,-,0,,,Y,,Y,,-,"- ",0,1,0,0,0,0,0,0,1,"- ","- ",,,"SAN FRANCISCO","SAN FRANCISCO",-122.40341949462891,37.805038452148438
9227521,2021,2021-04-12,3801,2021-02-11,0628,1453,SOUTH,4,5,7,3801,0,0,0,,0,3B14A,"9TH ST","FOLSOM ST",0.00,,Y,A,-,N,,,,,,,,,,Y,3,0,1,2,A,-,06,21755,A,N,B,C,A,A,H,-,B,A,0,,,Y,,Y,,C,02,0,1,0,0,0,0,0,0,1,"- ","- ",,,"SAN FRANCISCO","SAN FRANCISCO",-122.41161346435547,37.773773193359375
9227529,2021,2021-04-12,3801,2021-02-07,1459,1832,TENDE,7,5,7,3801,0,0,0,,0,3J11C,"TURK ST","HYDE ST",161.00,W,N,A,-,N,,,,,,,,,,N,3,0,1,3,A,-,21,22106,,N,G,B,E,A,H,-,A,D,0,Y,,,,Y,,A,01,0,1,0,0,1,0,0,0,0,"- ","- ",,,"SAN FRANCISCO","SAN FRANCISCO",-122.41624450683594,37.782508850097656
9227534,2021,2021-04-12,3801,2021-02-06,0930,1846,TENDE,6,5,7,3801,0,0,0,,0,3J14A,"LEAVENWORTH ST","MCALLISTER ST",0.00,,Y,A,-,N,,,,,,,,,,N,4,0,1,2,A,-,17,21657,,F,B,G,A,A,H,-,A,A,0,,Y,,,Y,,L,04,0,0,1,0,0,0,1,0,0,"- ","- ",,,"SAN FRANCISCO","SAN FRANCISCO",-122.41368865966797,37.780929565429688
9227538,2021,2021-04-12,3801,2021-02-23,1200,156,BAYVI,2,5,7,3801,0,0,0,,0,3C60,"CESAR CHAVEZ ST","CONNECTICUT ST",158.00,E,N,A,-,N,,,,,,,,,,Y,2,0,1,2,A,-,05,21650,,N,B,C,A,A,H,-,A,D,0,,,Y,,Y,,C,02,1,0,0,0,0,0,0,0,1,"- ","- ",,,"SAN FRANCISCO","SAN FRANCISCO",-122.39572143554688,37.749782562255859
9227544,2021,2021-04-12,3801,2021-02-19,1308,2272,CENTR,5,5,7,3801,0,0,0,,0,3A13C,BROADWAY,LEAVENWORTH,79.00,W,N,B,-,N,,,,,,,,,,N,4,0,1,2,A,-,21,22106,,N,D,C,A,B,-,-,A,D,0,,,,,Y,,A,07,0,0,1,0,0,0,0,0,0,"- ","- ",,,"SAN FRANCISCO","SAN FRANCISCO",-122.4171142578125,37.796588897705078
9227545,2021,2021-04-22,3801,2021-02-18,1314,4117,TARAV,4,5,7,3801,0,0,0,,0,3I13B,"LINCOLN WY","21ST AV",0.00,,Y,A,-,N,,,,,,,,,,N,4,0,2,2,A,-,04,21703,,N,C,D,A,A,H,-,A,A,0,,,,,Y,,A,01,0,0,2,0,0,0,0,0,0,"- ","- ",,,"SAN FRANCISCO","SAN FRANCISCO",-122.47942352294922,37.765357971191406
9227554,2021,2021-04-13,3801,2021-02-25,1420,1246,MISSI,4,5,7,3801,0,0,0,,0,,"DOLORES ST","24TH ST",10.00,S,N,A,-,N,,,,,,,,,,N,2,0,1,2,A,-,11,21453,D,N,G,B,B,A,H,-,A,A,0,Y,,,,Y,,N,60,1,0,0,0,1,0,0,0,0,"- ","- ",,,"SAN FRANCISCO","SAN FRANCISCO",-122.42522430419922,37.751811981201172
9227558,2021,2021-04-13,3801,2021-02-10,1437,4023,MISSI,3,5,7,3801,0,0,0,,0,3D45C,"MISSION ST","SYCAMORE ST",55.00,N,N,A,-,N,,,,,,,,,,N,4,0,1,2,A,-,08,22102,,N,D,C,A,A,H,-,A,D,0,,,,,Y,,A,01,0,0,1,0,0,0,0,0,0,"- ","- ",,,"SAN FRANCISCO","SAN FRANCISCO",-122.41947174072266,37.762870788574219
92275616,2023,2024-01-01,9335,2023-12-20,"105 ",022703,,3,3,7,3801,0,1,1,,2,022,"I-280 SOUTHBOUND","THE NORTH ROADWAY EDGE OF ALEMANY BOULEVARD",45.00,S,N,C,-,Y,SF,,280," ",R,0.482,H,,L,Y,4,0,1,1,A,-,01,23152,A,N,E,I,A,B,H,-,D,D,0,,,,,Y,Y,A,01,0,0,1,0,0,0,0,0,0,"- ","- ",37.710689544677734,-122.46112060546875,"SAN FRANCISCO","SAN FRANCISCO",-122.46111297607422,37.710578918457031
92275660,2023,2024-01-01,9335,2023-10-09,"820 ",023474,,1,1,7,3801,0,1,1,,2,022,"I-280 N/B","BADEN ST OVERCROSSING",245.00,N,N,A,-,Y,SF,,280," ",R,2.322,H,,R,N,4,0,1,3,A,-,07,21658,A,N,B,C,A,A,H,-,A,D,0,,,,,Y,,-,"- ",0,0,1,0,0,0,0,0,0,"- ","- ",37.729091644287109,-122.441650390625,"SAN FRANCISCO","SAN FRANCISCO",-122.441650390625,37.729087829589844
9227581,2021,2021-03-27,3801,2021-02-14,1150,73,TRAFF,7,5,7,3801,0,0,0,,0,4K1G,"JOHN F KENNEDY DR","STANYAN ST",0.00,,Y,A,B,N,,,,,,,,,,N,2,0,1,1,C,-,18,,,N,H,-,A,A,H,-,-,A,0,,Y,,,Y,,-,"- ",1,0,0,0,0,0,1,0,0,"- ","- ",,,"SAN FRANCISCO","SAN FRANCISCO",-122.45400238037109,37.771507263183594
92275845,2023,2024-01-01,9335,2023-11-03,"550 ",023063,,5,3,7,3801,0,1,1,,1,081,"I-80 WESTBOUND","TREASURE ISLAND RD",518.00,W,N,A,-,Y,SF,,80," "," ",7.623,H,,L,N,4,0,1,2,A,-,03,22350,,N,C,C,A,A,H,-,C,D,0,,,,,Y,,A,01,0,0,1,0,0,0,0,0,0,"- ","- ",37.807979583740234,-122.3675537109375,"SAN FRANCISCO","SAN FRANCISCO",-122.36732482910156,37.807857513427734
9227589,2021,2021-03-27,3801,2021-02-21,1500,1238,NORTH,7,5,7,3801,0,0,0,,0,3E00,"CARL ST","STANYAN ST",0.00,,Y,F,-,N,,,,,,,,,,N,3,0,2,2,A,-,08,22100,B,F,B,C,A,-,G,-,A,A,0,,,Y,,Y,,A,01,0,2,0,0,0,0,0,0,2,"- ","- ",,,"SAN FRANCISCO","SAN FRANCISCO",-122.45275115966797,37.765422821044922
9227599,2021,2021-03-27,3801,2021-02-12,2352,1463,SOUTH,5,5,7,3801,0,0,0,,0,0B2,"5TH ST","HARRISON ST",0.00,,Y,A,-,N,,,,,,,,,,N,3,0,1,3,A,-,05,21650,1,N,H,A,A,A,H,-,C,A,0,,Y,Y,,Y,,L,04,0,1,0,0,0,0,0,0,1,"- ","- ",,,"SAN FRANCISCO","SAN FRANCISCO",-122.40187072753906,37.779056549072266
92276357,2023,2024-01-02,9350,2023-12-21,1702,023482,,4,2,7,3801,0,1,2,,1,120,"US-101 S/B","MERCHANT RD",4752.00,N,N,A,-,Y,,,,,,,,,,Y,4,0,1,2,A,-,03,22350,,N,C,C,A,A,H,-,A,D,0,,,,,Y,,A,01,0,0,1,0,0,0,0,0,0,"- ","- ",37.819850921630859,-122.47856903076172,"SAN FRANCISCO","SAN FRANCISCO",-122.47878265380859,37.819828033447266
9228002,2021,2021-03-26,3801,2021-02-12,1128,1507,BAYVI,5,5,7,3801,0,0,0,,0,3C15C,"3RD ST","HOLLISTER AV",35.00,S,N,A,-,N,,,,,,,,,,,4,0,1,2,A,-,21,22106,,N,B,C,A,A,H,-,A,A,0,,,,,Y,,A,01,0,0,1,0,0,0,0,0,0,"- ","- ",,,"SAN FRANCISCO","SAN FRANCISCO",-122.39608764648438,37.721637725830078
92281003,2023,2024-01-08,9335,2023-09-14,1923,023367,,4,2,7,3801,0,1,2,,2,014,"US-101 S/B","18TH STREET PEDESTRIAN OVERCROSSING",315.00,N,N,A,-,Y,SF,,101," "," ",4.020,H,,L,Y,3,0,1,2,A,-,13,22515,A,M,D,C,A,A,H,-,B,D,0,,,,,Y,,A,01,0,1,0,0,0,0,0,0,0,"- ","- ",37.762989044189453,-122.40538024902344,"SAN FRANCISCO","SAN FRANCISCO",-122.40538787841797,37.762992858886719
9228162,2021,2021-03-26,3801,2021-02-12,1719,970,SOUTH,5,5,7,3801,0,0,0,,0,0J4,"10TH ST","MISSION ST",20.00,N,N,A,-,N,,,,,,,,,,N,4,0,1,2,A,-,09,21804,A,N,D,C,A,A,H,-,B,A,0,,,,,Y,,A,01,0,0,1,0,0,0,0,0,0,"- ","- ",,,"SAN FRANCISCO","SAN FRANCISCO",-122.41596221923828,37.775318145751953
9228170,2021,2021-03-26,3801,2021-02-04,1022,2001,INGLE,4,5,7,3801,0,0,0,,0,3H105,"SAN JOSE","30TH ST",0.00,,Y,A,-,N,,,,,,,,,,Y,4,0,2,2,A,-,12,21453,A,N,D,C,A,A,H,-,A,A,0,,,,,Y,,A,01,0,0,2,0,0,0,0,0,0,"- ","- ",,,"SAN FRANCISCO","SAN FRANCISCO",-122.42333984375,37.742301940917969
9228185,2021,2021-03-23,3801,2021-02-24,1217,1251,BAYVI,3,5,7,3801,0,0,0,,0,3C14A,"FELTON ST","CAMBRIDGE ST",0.00,,Y,A,-,N,,,,,,,,,,Y,4,0,1,5,A,-,06,21750,A,N,D,C,A,A,H,-,A,A,0,,,,,Y,,A,01,0,0,1,0,0,0,0,0,0,"- ","- ",,,"SAN FRANCISCO","SAN FRANCISCO",-122.41840362548828,37.726432800292969