CASE_ID,ACCIDENT_YEAR,PROC_DATE,JURIS,COLLISION_DATE,COLLISION_TIME,OFFICER_ID,REPORTING_DISTRICT,DAY_OF_WEEK,CHP_SHIFT,POPULATION,CNTY_CITY_LOC,SPECIAL_COND,BEAT_TYPE,CHP_BEAT_TYPE,CITY_DIVISION_LAPD,CHP_BEAT_CLASS,BEAT_NUMBER,PRIMARY_RD,SECONDARY_RD,DISTANCE,DIRECTION,INTERSECTION,WEATHER_1,WEATHER_2,STATE_HWY_IND,CALTRANS_COUNTY,CALTRANS_DISTRICT,STATE_ROUTE,ROUTE_SUFFIX,POSTMILE_PREFIX,POSTMILE,LOCATION_TYPE,RAMP_INTERSECTION,SIDE_OF_HWY,TOW_AWAY,COLLISION_SEVERITY,NUMBER_KILLED,NUMBER_INJURED,PARTY_COUNT,PRIMARY_COLL_FACTOR,PCF_CODE_OF_VIOL,PCF_VIOL_CATEGORY,PCF_VIOLATION,PCF_VIOL_SUBSECTION,HIT_AND_RUN,TYPE_OF_COLLISION,MVIW,PED_ACTION,ROAD_SURFACE,ROAD_COND_1,ROAD_COND_2,LIGHTING,CONTROL_DEVICE,CHP_ROAD_TYPE,PEDESTRIAN_ACCIDENT,BICYCLE_ACCIDENT,MOTORCYCLE_ACCIDENT,TRUCK_ACCIDENT,NOT_PRIVATE_PROPERTY,ALCOHOL_INVOLVED,STWD_VEHTYPE_AT_FAULT,CHP_VEHTYPE_AT_FAULT,COUNT_SEVERE_INJ,COUNT_VISIBLE_INJ,COUNT_COMPLAINT_PAIN,COUNT_PED_KILLED,COUNT_PED_INJURED,COUNT_BICYCLIST_KILLED,COUNT_BICYCLIST_INJURED,COUNT_MC_KILLED,COUNT_MC_INJURED,PRIMARY_RAMP,SECONDARY_RAMP,LATITUDE,LONGITUDE,COUNTY,CITY,POINT_X,POINT_Y
9285687,2021,2021-06-30,3801,2021-05-22,1930,717,CENTR,6,5,7,3801,0,0,0,,0,"5 CAR","MARKET ST","FRONT ST",0.00,,Y,A,-,N,,,,,,,,,,N,3,0,1,2,A,-,12,21453,A,F,D,-,A,A,H,-,A,A,0,,,,,Y,,-,,0,1,0,0,0,0,0,0,0,"- ","- ",,,"SAN FRANCISCO","SAN FRANCISCO",-122.39833831787109,37.791694641113281
9285689,2021,2021-07-02,3801,2021-05-19,1732,4012,TARAV,3,5,7,3801,0,0,0,,0,3I1D,"IRVING ST","18TH AV",0.00,,Y,A,-,N,,,,,,,,,,N,3,0,1,2,A,-,06,21750,A,N,D,G,A,A,H,-,A,D,0,,Y,,,Y,,L,04,0,1,0,0,0,0,1,0,0,"- ","- ",,,"SAN FRANCISCO","SAN FRANCISCO",-122.47605133056641,37.763614654541016
9285702,2021,2021-06-29,3801,2021-05-10,0234,2035,MISSI,1,5,7,3801,0,0,0,,0,3D91,"18TH ST","FOLSOM ST",0.00,,Y,A,-,N,,,,,,,,,,N,2,0,1,2,A,-,12,21453,A,N,A,G,A,A,H,-,C,A,0,,Y,,,Y,,L,04,1,0,0,0,0,0,1,0,0,"- ","- ",,,"SAN FRANCISCO","SAN FRANCISCO",-122.41499328613281,37.762100219726562
9285704,2021,2021-07-01,3801,2021-05-25,1640,172,RICHM,2,5,7,3801,0,0,0,,0,005,"LINCOLN HWY","LEGION OF HONOR DR",530.00,E,N,A,-,N,,,,,,,,,,N,4,0,1,2,A,-,05,21460,A,N,D,G,A,A,H,-,A,D,0,,Y,,,Y,,A,01,0,0,1,0,0,0,1,0,0,"- ","- ",,,"SAN FRANCISCO","SAN FRANCISCO",,
9290503,2021,2021-08-02,3801,2021-06-21,1104,2325,SOUTH,1,5,7,3801,0,0,0,,0,3B14A,"S VAN NESS AV","MISSION ST",0.00,,Y,A,-,N,,,,,,,,,,Y,3,0,1,3,A,-,16,24002,A,N,C,C,A,A,D,E,A,A,0,,,,,Y,,A,01,0,1,0,0,0,0,0,0,0,"- ","- ",,,"SAN FRANCISCO","SAN FRANCISCO",-122.41863250732422,37.773109436035156
9290558,2021,2021-07-30,3801,2021-06-17,1130,2315,MISSI,4,5,7,3801,0,0,0,,0,3D14C,"13TH ST","SOUTH VAN NESS AV",0.00,,Y,A,-,N,,,,,,,,,,N,4,0,1,2,A,-,04,21703,,N,C,D,A,A,H,-,A,A,0,,,,Y,Y,,F,55,0,0,1,0,0,0,0,0,0,"- ","- ",,,"SAN FRANCISCO","SAN FRANCISCO",-122.41777801513672,37.7696533203125
9290652,2021,2021-08-09,3801,2021-06-21,0925,2374,INGLE,1,5,7,3801,0,0,0,,0,0H3,"ELLSWORTH ST","ALEMANY BL",33.00,N,N,A,-,N,,,,,,,,,,Y,4,0,1,2,A,-,05,21460,A,N,A,C,A,A,H,-,A,D,0,,,,,Y,,A,01,0,0,1,0,0,0,0,0,0,"- ","- ",,,"SAN FRANCISCO","SAN FRANCISCO",-122.41900634765625,37.732330322265625
9290657,2021,2021-08-09,3801,2021-06-20,2030,1544,CENTR,7,5,7,3801,0,0,0,,0,3A4D,"WASHINGTON ST","SANSOME ST",0.00,,Y,A,-,N,,,,,,,,,,N,4,0,1,2,A,-,03,22350,A,N,D,B,F,A,H,-,B,D,0,Y,,,,Y,,M,94,0,0,1,0,1,0,0,0,0,"- ","- ",,,"SAN FRANCISCO","SAN FRANCISCO",-122.40164947509766,37.79571533203125
9290703,2021,2021-08-11,3801,2021-06-21,1657,1166,TARAV,1,5,7,3801,0,0,0,,0,3I11D,"20TH AV","LINCOLN WY",0.00,,Y,B,-,N,,,,,,,,,,N,4,0,1,2,A,-,08,22102,,F,D,G,A,A,H,-,A,D,0,,Y,,,Y,,A,01,0,0,1,0,0,0,1,0,0,"- ","- ",,,"SAN FRANCISCO","SAN FRANCISCO",-122.47833251953125,37.765403747558594
9290704,2021,2021-08-11,3801,2021-06-23,1555,1861,TARAV,3,5,7,3801,0,0,0,,0,3I11D,"LINCOLN WY","8TH AV",126.00,,N,A,-,N,,,,,,,,,,N,3,0,1,3,A,-,11,21954,A,N,-,B,D,A,H,-,A,D,0,Y,,Y,,Y,,N,60,0,1,0,0,1,0,0,0,0,"- ","- ",,,"SAN FRANCISCO","SAN FRANCISCO",-122.46534729003906,37.765979766845703
9290709,2021,2021-08-11,3801,2021-06-23,1715,2107,NORTH,3,5,7,3801,0,0,0,,0,03E,"FULTON ST","STEINER ST",0.00,,Y,A,-,N,,,,,,,,,,,2,0,1,2,A,-,12,21453,A,N,D,G,A,A,H,-,A,A,0,,Y,,,Y,,A,01,1,0,0,0,0,0,1,0,0,"- ","- ",,,"SAN FRANCISCO","SAN FRANCISCO",-122.43321228027344,37.777492523193359
9290715,2021,2021-08-11,3801,2021-06-24,2119,2023,PARK,4,5,7,3801,0,0,0,,0,003,"MASONIC AV","ANZA ST",0.00,,Y,A,-,N,,,,,,,,,,N,3,0,1,1,A,-,03,22350,,N,A,I,A,A,H,-,C,A,0,,,,,Y,,M,94,0,1,0,0,0,0,0,0,0,"- ","- ",,,"SAN FRANCISCO","SAN FRANCISCO",-122.44754028320312,37.781036376953125
9290717,2021,2021-08-11,3801,2021-06-19,1349,1931,SOUTH,6,5,7,3801,0,0,0,,0,3B13C,"MISSION ST","PLUM ST",0.00,,Y,A,-,N,,,,,,,,,,N,4,0,1,2,A,-,08,22107,,N,D,G,A,A,H,-,A,A,0,,Y,Y,,Y,,L,04,0,0,1,0,0,0,1,0,0,"- ","- ",,,"SAN FRANCISCO","SAN FRANCISCO",-122.41963958740234,37.770984649658203
9293042,2021,2021-08-09,3801,2021-06-01,1051,1956,TARAV,2,5,7,3801,0,0,0,,0,6CAR,"GARFIELD ST","HEAD ST",0.00,,Y,A,-,N,,,,,,,,,,Y,4,0,1,2,A,-,09,21802,A,N,D,C,A,A,H,-,A,A,0,,,,,Y,,A,01,0,0,1,0,0,0,0,0,0,"- ","- ",,,"SAN FRANCISCO","SAN FRANCISCO",-122.46446990966797,37.719684600830078
9293043,2021,2021-08-09,3801,2021-06-02,1801,4239,PARK,3,5,7,3801,0,0,0,,0,3F13D,"FELL ST","BRODERICK ST",70.00,E,N,B,-,N,,,,,,,,,,N,4,0,1,2,A,-,06,21760,C,N,D,G,A,A,H,-,A,D,0,,Y,,,Y,,A,01,0,0,1,0,0,0,1,0,0,"- ","- ",,,"SAN FRANCISCO","SAN FRANCISCO",-122.43904876708984,37.773872375488281
9293044,2021,2022-08-23,3801,2021-06-02,1320,1741,RICHM,3,5,7,3801,0,0,0,,0,901,"LAUREL ST","WASHINGTON ST",0.00,,Y,A,-,N,,,,,,,,,,N,4,0,2,2,A,-,12,22450,A,N,D,C,A,A,H,-,A,A,0,,,,,Y,,A,01,0,0,2,0,0,0,0,0,0,"- ","- ",,,"SAN FRANCISCO","SAN FRANCISCO",-122.45066833496094,37.789524078369141
9293048,2021,2021-08-09,3801,2021-06-05,2027,472,TARAV,6,5,7,3801,0,0,0,,0,3I15D,"19TH AV","HOLLOWAY AV",206.00,N,N,A,-,N,,,,,,,,,,Y,3,0,1,1,A,-,03,22350,,N,A,I,A,A,H,-,A,D,0,,,,,Y,,A,01,0,1,0,0,0,0,0,0,0,"- ","- ",,,"SAN FRANCISCO","SAN FRANCISCO",-122.47534942626953,37.721515655517578
9293076,2021,2021-08-20,3801,2021-06-27,1800,1119,SOUTH,7,5,7,3801,0,0,0,,0,3B2,"4TH ST","MISSION ST",17.00,S,N,A,-,N,,,,,,,,,,N,4,0,1,2,A,-,11,21456,C,N,G,B,B,A,H,-,A,A,0,Y,,,,Y,,N,60,0,0,1,0,1,0,0,0,0,"- ","- ",,,"SAN FRANCISCO","SAN FRANCISCO",-122.40422058105469,37.78448486328125
9293081,2021,2021-08-04,3801,2021-06-25,2244,1225,NORTH,5,5,7,3801,0,0,0,,0,3E14E,"LOMBARD ST","FRANKLIN ST",40.00,E,N,A,-,N,,,,,,,,,,N,2,0,2,4,A,-,03,22350,,F,G,B,E,A,H,-,C,D,0,Y,,,,Y,,-,,1,0,1,0,2,0,0,0,0,"- ","- ",,,"SAN FRANCISCO","SAN FRANCISCO",-122.42606353759766,37.801128387451172
9293096,2021,2021-08-04,3801,2021-06-10,2003,4178,TRAFF,4,5,7,3801,0,0,0,,0,4B3A,"GILMAN AV","JENNINGS ST",0.00,,Y,A,-,N,,,,,,,,,,Y,2,0,1,3,A,-,01,23152,A,N,D,C,A,A,H,-,B,A,0,,,,,Y,Y,A,01,1,0,0,0,0,0,0,0,0,"- ","- ",,,"SAN FRANCISCO","SAN FRANCISCO",-122.39375305175781,37.721393585205078
9293291,2021,2021-07-30,3801,2021-06-25,1422,707,TRAFF,5,5,7,3801,0,0,0,,0,901,"BUSH ST","LARKIN ST",0.00,,Y,A,-,N,,,,,,,,,,N,2,0,2,2,A,-,12,21453,A,N,D,C,A,A,H,-,A,A,0,,,Y,,Y,,C,03,1,1,0,0,0,0,0,0,2,"- ","- ",,,"SAN FRANCISCO","SAN FRANCISCO",-122.41867065429688,37.788902282714844
9293591,2021,2021-09-20,3801,2021-06-30,1230,1435,TRAFF,3,5,7,3801,0,0,0,,0,4B4I,"PARK PRESIDIO BL","LAKE ST",126.00,S,N,B,-,Y,SF,4,1,-,-,5.850,H,-,N,Y,4,0,2,6,D,-,00,,,N,B,C,A,A,H,-,A,A,0,,,,Y,Y,,-,"- ",0,0,2,0,0,0,0,0,0,"- ","- ",,,"SAN FRANCISCO","SAN FRANCISCO",-122.47260284423828,37.785877227783203
9293595,2021,2021-08-12,3801,2021-06-29,1554,2157,SOUTH,2,5,7,3801,0,0,0,,0,003,"HOWARD ST","6TH ST",0.00,,Y,A,-,N,,,,,,,,,,N,4,0,1,2,A,-,07,21658,A,F,G,B,B,A,H,-,A,A,0,Y,,,,Y,,D,22,0,0,1,0,1,0,0,0,0,"- ","- ",,,"SAN FRANCISCO","SAN FRANCISCO",-122.40714263916016,37.779750823974609
9294288,2021,2021-08-05,3801,2021-06-03,1010,1796,RICHA,4,5,7,3801,0,0,0,,0,3G4A,"18TH AV","18TH AV 771",0.00,,N,B,-,N,,,,,,,,,,N,3,0,1,2,A,-,21,22106,,N,G,I,E,A,H,-,A,D,0,Y,,,,Y,,A,01,0,1,0,0,1,0,0,0,0,"- ","- ",,,"SAN FRANCISCO","SAN FRANCISCO",-119.78028869628906,36.189430236816406
9294549,2021,2021-08-12,3801,2021-06-26,1500,1769,INGLE,6,5,7,3801,0,0,0,,0,3H15C,"BROMPTON AV","BOSWORTH ST",0.00,,Y,A,-,N,,,,,,,,,,Y,3,0,2,2,A,-,09,21801,,N,B,C,A,A,H,-,A,D,0,,,,,Y,Y,A,01,0,1,1,0,0,0,0,0,0,"- ","- ",,,"SAN FRANCISCO","SAN FRANCISCO",-122.43499755859375,37.733688354492188
9294553,2021,2021-08-06,3801,2021-06-26,1145,1972,NORTH,6,5,7,3801,0,0,0,,0,3E15E,"MALLORCA WY","BEACH ST",140.00,S,N,A,-,N,,,,,,,,,,N,3,0,1,2,A,-,03,22350,,N,B,E,A,C,A,-,A,D,0,,,,,Y,Y,M,94,0,1,0,0,0,0,0,0,0,"- ","- ",,,"SAN FRANCISCO","SAN FRANCISCO",-122.43930816650391,37.803680419921875
9294554,2021,2021-08-06,3801,2021-06-26,1450,209,NORTH,6,5,7,3801,0,0,0,,0,03E,"FULTON ST","WEBSTER ST",85.00,E,N,A,-,N,,,,,,,,,,N,4,0,1,2,A,-,03,22350,,N,C,C,A,A,H,-,A,A,0,,,,,Y,,A,01,0,0,1,0,0,0,0,0,0,"- ","- ",,,"SAN FRANCISCO","SAN FRANCISCO",-122.42961883544922,37.777946472167969
9294558,2021,2021-08-06,3801,2021-06-24,1158,1931,SOUTH,4,5,7,3801,0,0,0,,0,3B13C,"BRANNAN ST","8TH ST",0.00,,Y,A,-,N,,,,,,,,,,N,4,0,1,2,A,-,04,21703,,N,C,C,A,A,H,-,A,A,0,,,,,Y,,A,01,0,0,1,0,0,0,0,0,0,"- ","- ",,,"SAN FRANCISCO","SAN FRANCISCO",-122.40543365478516,37.771289825439453
9294562,2021,2021-08-03,3801,2021-06-18,1135,2147,NORTH,5,5,7,3801,0,0,0,,0,3E11A,"HAYES ST","STEINER ST",305.00,W,N,A,-,N,,,,,,,,,,Y,2,0,2,2,A,-,03,22350,,N,C,C,A,A,H,-,A,D,0,,,,,Y,,A,01,1,0,1,0,0,0,0,0,0,"- ","- ",,,"SAN FRANCISCO","SAN FRANCISCO",-122.43387603759766,37.775485992431641
9294577,2021,2021-08-03,3801,2021-06-16,0208,4125,RICHM,3,5,7,3801,0,0,0,,0,3G12E,"GEARY BL","18TH AV",0.00,,Y,A,-,N,,,,,,,,,,Y,3,0,2,3,A,-,12,21453,A,N,D,C,A,A,H,-,C,A,0,,,,,Y,,A,01,0,1,1,0,0,0,0,0,0,"- ","- ",,,"SAN FRANCISCO","SAN FRANCISCO",-122.47724914550781,37.780487060546875
9294579,2021,2021-08-03,3801,2021-06-20,1226,1118,SOUTH,7,5,7,3801,0,0,0,,0,3B13C,"KING ST","3RD ST",120.00,E,N,A,-,N,,,,,,,,,,N,3,0,1,1,A,-,03,22350,,N,-,A,A,A,H,-,A,D,0,,Y,,,Y,,L,04,0,1,0,0,0,0,1,0,0,"- ","- ",,,"SAN FRANCISCO","SAN FRANCISCO",-122.39165496826172,37.778430938720703
9295565,2020,2021-08-04,3801,2020-06-30,1433,4324,RICHM,2,5,7,3801,0,0,0,,0,3CAR,"GEARY BL","4TH AV",0.00,,Y,A,-,N,,,,,,,,,,Y,4,0,1,2,A,-,09,21801,A,N,D,C,A,A,H,-,A,A,0,,,,,Y,,A,01,0,0,1,0,0,0,0,0,0,"- ","- ",,,"SAN FRANCISCO","SAN FRANCISCO",-122.46215057373047,37.78118896484375
9295567,2021,2021-08-04,3801,2021-06-17,2126,2745,BAYVI,4,5,7,3801,0,0,0,,0,3C12E,"PAUL AV","CRANE ST",0.00,,Y,A,-,N,,,,,,,,,,N,4,0,1,1,C,-,18,,,N,H,J,A,A,B,G,C,D,0,,,,,Y,,-,"- ",0,0,1,0,0,0,0,0,0,"- ","- ",,,"SAN FRANCISCO","SAN FRANCISCO",-122.39923095703125,37.723220825195312
9295576,2021,2021-08-06,3801,2021-06-21,1204,537,NORTH,1,5,7,3801,0,0,0,,0,3F14C,DIVISADERO,"OAK ST",0.00,,Y,A,-,N,,,,,,,,,,N,4,0,1,2,A,-,03,22350,,N,C,C,A,A,H,-,A,D,0,,,,,Y,,A,01,0,0,1,0,0,0,0,0,0,"- ","- ",,,"SAN FRANCISCO","SAN FRANCISCO",-122.43743133544922,37.773143768310547
9295585,2021,2021-07-30,3801,2021-06-06,1616,2094,MISSI,7,5,7,3801,0,0,0,,0,003,"SOUTH VAN NESS AV","19TH ST",144.00,S,N,A,-,N,,,,,,,,,,Y,4,0,1,3,A,-,01,23152,A,N,B,E,A,A,H,-,A,A,0,,,,,Y,Y,A,01,0,0,1,0,0,0,0,0,0,"- ","- ",,,"SAN FRANCISCO","SAN FRANCISCO",-122.41702270507812,37.759963989257812
9295587,2021,2021-07-30,3801,2021-06-07,1110,4023,MISSI,1,5,7,3801,0,0,0,,0,3D45C,"MISSION ST","18TH ST",0.00,,-,A,-,N,,,,,,,,,,Y,4,0,1,2,A,-,10,21950,A,F,G,B,B,A,H,-,A,D,0,Y,,,,Y,,A,01,0,0,1,0,1,0,0,0,0,"- ","- ",,,"SAN FRANCISCO","SAN FRANCISCO",-122.41936492919922,37.7618408203125
9295591,2021,2021-08-02,3801,2021-06-07,0859,892,SOUTH,1,5,7,3801,0,0,0,,0,0B4,"9TH ST","9TH ST 264",0.00,,-,A,-,N,,,,,,,,,,N,4,0,2,2,A,-,03,22350,,N,C,C,A,A,H,-,A,A,0,,,,,Y,,A,01,0,0,2,0,0,0,0,0,0,"- ","- ",,,"SAN FRANCISCO","SAN FRANCISCO",-117.93258666992188,33.794254302978516
9295593,2021,2021-08-11,3801,2021-06-12,1517,2408,MISSI,6,5,7,3801,0,0,0,,0,3D11D,"24TH ST","GUERRERO ST",0.00,,Y,A,-,N,,,,,,,,,,N,4,0,2,2,A,-,00,23107,,N,D,C,A,A,H,-,A,A,0,,,,,Y,,A,01,0,0,2,0,0,0,0,0,0,"- ","- ",,,"SAN FRANCISCO","SAN FRANCISCO",-122.42286682128906,37.752002716064453
9295598,2021,2021-07-30,3801,2021-06-30,0950,1342,NORTH,3,5,7,3801,0,0,0,,0,3E4A,"CALIFORNIA ST","BUCHANAN ST",0.00,,Y,A,-,N,,,,,,,,,,N,4,0,1,2,A,-,10,21950,A,N,G,-,B,A,-,-,A,A,0,Y,,,,Y,,A,01,0,0,1,0,1,0,0,0,0,"- ","- ",,,"SAN FRANCISCO","SAN FRANCISCO",-122.4305419921875,37.789306640625
9295600,2021,2021-07-30,3801,2021-06-29,0654,1297,BAYVI,2,5,7,3801,0,0,0,,0,3C13A,"SELBY ST","EVANS AV",105.00,S,N,A,-,N,,,,,,,,,,N,4,0,2,2,A,-,08,22107,,N,A,C,A,A,H,-,A,A,0,,,,,Y,Y,A,01,0,0,2,0,0,0,0,0,0,"- ","- ",,,"SAN FRANCISCO","SAN FRANCISCO",-122.39427185058594,37.745937347412109
9295689,2021,2021-07-30,3801,2021-06-10,1837,1931,SOUTH,4,5,7,3801,0,0,0,,0,3B13C,"BRYANT ST","RINCON ST",0.00,,Y,A,-,N,,,,,,,,,,N,4,0,1,2,A,-,09,21800,A,N,B,C,A,A,H,-,A,A,0,,,Y,,Y,,A,01,0,0,1,0,0,0,0,0,1,"- ","- ",,,"SAN FRANCISCO","SAN FRANCISCO",-122.39212799072266,37.784233093261719
9296001,2021,2021-08-09,3801,2021-06-06,2256,1225,NORTH,7,5,7,3801,0,0,0,,0,3E13E,"LOMBARD ST","VAN NESS AV",0.00,,Y,A,-,N,,,,,,,,,,N,4,0,1,2,A,-,12,21453,A,F,D,C,A,A,H,-,C,A,0,,,,,Y,,-,,0,0,1,0,0,0,0,0,0,"- ","- ",,,"SAN FRANCISCO","SAN FRANCISCO",-122.42446899414062,37.80133056640625
9297215,2021,2021-08-23,3801,2021-04-07,0209,2481,SOUTH,3,5,7,3801,0,0,0,,0,004,"11TH ST","HARRISON ST",0.00,,Y,A,-,N,,,,,,,,,,Y,4,0,1,2,A,-,12,21453,A,N,A,-,A,A,-,-,C,A,0,,,,,Y,,A,01,0,0,1,0,0,0,0,0,0,"- ","- ",,,"SAN FRANCISCO","SAN FRANCISCO",-122.41246795654297,37.770633697509766
9297254,2021,2021-09-09,3801,2021-07-15,0034,402,TARAV,4,5,7,3801,0,0,0,,0,3I1E,"TARAVAL ST","17TH AV",0.00,,Y,A,-,N,,,,,,,,,,N,4,0,1,2,A,-,12,22450,,N,B,B,E,B,H,-,C,D,0,Y,,,,Y,,I,11,0,0,1,0,1,0,0,0,0,"- ","- ",,,"SAN FRANCISCO","SAN FRANCISCO",-122.47356414794922,37.743148803710938
9297257,2021,2021-09-08,3801,2021-07-12,2220,2094,MISSI,1,5,7,3801,0,0,0,,0,15E,"MARKET ST","NOE ST",0.00,,Y,A,-,N,,,,,,,,,,Y,4,0,1,2,A,-,03,22350,,N,D,C,A,A,H,-,C,A,0,,,Y,,Y,,C,02,0,0,1,0,0,0,0,0,1,"- ","- ",,,"SAN FRANCISCO","SAN FRANCISCO",-122.43313598632812,37.764244079589844
9297624,2021,2021-08-05,3801,2021-06-22,1740,4023,MISSI,2,5,7,3801,0,0,0,,0,004,"24TH ST","HARRISON ST",70.00,W,N,A,-,N,,,,,,,,,,N,4,0,1,2,A,-,04,21703,,F,C,G,A,A,H,-,A,D,0,,Y,,,Y,,A,07,0,0,1,0,0,0,1,0,0,"- ","- ",,,"SAN FRANCISCO","SAN FRANCISCO",-122.41213226318359,37.752632141113281
9297639,2021,2021-08-05,3801,2021-06-14,1603,1217,MISSI,1,5,7,3801,0,0,0,,0,1CAR,"VALENCIA ST","DUBOCE AV",0.00,,Y,A,-,N,,,,,,,,,,N,4,0,1,2,A,-,08,22101,D,N,A,G,A,A,H,-,A,A,0,,Y,,,Y,,A,01,0,0,1,0,0,0,1,0,0,"- ","- ",,,"SAN FRANCISCO","SAN FRANCISCO",-122.42236328125,37.769866943359375
9300067,2021,2021-08-27,3801,2021-06-12,1115,1917,TARAV,6,5,7,3801,0,0,0,,0,3I16A,"JUNIPERO SERRA BL","19TH AV",1500.00,S,N,A,-,N,,,,,,,,,,N,4,0,2,2,A,-,03,22350,,N,C,C,A,A,H,-,A,D,0,,,,,Y,,A,01,0,0,2,0,0,0,0,0,0,"- ","- ",,,"SAN FRANCISCO","SAN FRANCISCO",-122.47144317626953,37.713191986083984
9301723,2021,2021-10-07,3801,2021-09-18,2242,2459,,6,5,7,3801,0,0,0,,0,3D12E,"DOLORES ST","20TH ST",102.00,N,N,B,-,N,,,,,,,,,,N,1,1,0,2,A,-,08,22107,,N,B,G,A,A,H,-,C,D,0,,Y,,,Y,,L,04,0,0,0,0,0,1,0,0,0,"- ","- ",,,"SAN FRANCISCO","SAN FRANCISCO",-122.42585754394531,37.758487701416016
9301840,2021,2021-10-05,3801,2021-05-18,1859,1435,NORTH,2,5,7,3801,0,0,0,,0,4B4I,"POLK ST","HAYES ST",0.00,,Y,A,-,N,,,,,,,,,,Y,1,1,5,4,A,-,12,21453,A,F,D,C,B,A,H,-,A,A,0,Y,,,,Y,,A,07,1,2,2,1,1,0,0,0,0,"- ","- ",,,"SAN FRANCISCO","SAN FRANCISCO",-122.41803741455078,37.777507781982422
93050991,2024,2024-07-31,9335,2024-07-22,"510 ",023845,,1,3,7,3801,0,1,2,,2,013,"US-101 S/B","PAUL AVENUE",115.00,S,N,A,-,Y,SF,,101," "," ",1.099,H,,L,Y,4,0,1,2,A,-,01,23152,A,N,C,C,A,A,H,-,C,D,0,,,,,Y,Y,A,01,0,0,1,0,0,0,0,0,0,"- ","- ",37.723411560058594,-122.40120697021484,"SAN FRANCISCO","SAN FRANCISCO",-122.40122222900391,37.723407745361328
9308175,2021,2021-08-31,3801,2021-07-15,1900,2268,INGLE,4,5,7,3801,0,0,0,,0,3H13D,"LISBON ST","AMAZON AV",0.00,,Y,A,-,N,,,,,,,,,,Y,4,0,1,2,A,-,12,22450,A,F,D,C,A,A,H,-,A,A,0,,,,,Y,,A,01,0,0,1,0,0,0,0,0,0,"- ","- ",,,"SAN FRANCISCO","SAN FRANCISCO",-122.43788146972656,37.716316223144531
9308180,2021,2021-08-26,3801,2021-07-20,1833,2725,RICHM,2,5,7,3801,0,0,0,,0,,"EL CAMINO DEL MAR","25TH AV",109.00,E,N,A,-,N,,,,,,,,,,,4,0,1,2,A,-,03,22350,,N,D,G,A,A,H,-,A,A,0,,Y,,,Y,,L,04,0,0,1,0,0,0,1,0,0,"- ","- ",,,"SAN FRANCISCO","SAN FRANCISCO",-122.48490142822266,37.787628173828125
9308187,2021,2021-08-26,3801,2021-07-19,1709,1100,TENDE,1,5,7,3801,0,0,0,,0,3J5D,"OFARRELL ST","POLK ST",210.00,E,N,A,-,N,,,,,,,,,,Y,4,0,2,4,A,-,03,22350,A,F,C,E,A,-,H,-,A,D,0,,,,,Y,,A,01,0,0,2,0,0,0,0,0,0,"- ","- ",,,"SAN FRANCISCO","SAN FRANCISCO",-122.41883087158203,37.785057067871094
9308191,2021,2021-08-26,3801,2021-07-19,1245,1875,TARAV,1,5,7,3801,0,0,0,,0,3I15B,"BROTHERHOOD WY","ARCH ST",0.00,,Y,B,-,N,,,,,,,,,,Y,4,0,2,2,A,-,12,21453,A,N,D,C,A,A,H,-,A,A,0,,,,,Y,,A,01,0,0,2,0,0,0,0,0,0,"- ","- ",,,"SAN FRANCISCO","SAN FRANCISCO",-122.46707916259766,37.712368011474609
9308291,2021,2021-08-27,3801,2021-07-22,1215,574,MISSI,4,5,7,3801,0,0,0,,0,3D00,DIVISADERO,"HAYES ST",0.00,,Y,-,-,N,,,,,,,,,,N,4,0,1,2,A,-,"- ",,,F,-,-,A,-,-,-,-,-,0,,,,,Y,,-,"- ",0,0,1,0,0,0,0,0,0,"- ","- ",,,"SAN FRANCISCO","SAN FRANCISCO",-122.43778991699219,37.774978637695312
93097152,2024,2024-07-31,9335,2024-07-26,1422,023378,,5,2,7,3801,0,1,1,,2,024,"I-280 NB TO KING STREET","MISSION BAY DRIVE",75.00,N,N,A,-,Y,SF,,280," ",T,7.173,H,,R,Y,4,0,1,2,A,-,03,22350,,N,C,C,A,A,H,-,A,D,0,,,,,Y,,A,07,0,0,1,0,0,0,0,0,0,"- ","- ",37.770370483398438,-122.39772033691406,"SAN FRANCISCO","SAN FRANCISCO",-122.39742279052734,37.7703857421875
9312239,2021,2021-09-03,3801,2021-07-23,1715,2342,NORTH,5,5,7,3801,0,0,0,,0,3E15D,"VALLEJO ST","VAN NESS AV",0.00,,Y,A,-,Y,SF,4,101,-,-,6.380,I,5,N,Y,4,0,2,2,A,-,09,21801,A,N,A,C,A,A,D,-,A,D,0,,,,,Y,,A,01,0,0,2,0,0,0,0,0,0,"- ","- ",,,"SAN FRANCISCO","SAN FRANCISCO",-122.42351531982422,37.796703338623047
9312981,2021,2021-09-13,3801,2021-07-06,1610,1601,BAYVI,2,5,7,3801,0,0,0,,0,0C5,"HAWES ST","QUESADA AV",0.00,,Y,A,-,N,,,,,,,,,,N,4,0,2,2,A,-,12,22450,A,F,D,C,A,A,H,-,A,A,0,,,,,Y,,-,,0,0,2,0,0,0,0,0,0,"- ","- ",,,"SAN FRANCISCO","SAN FRANCISCO",-122.38211822509766,37.728054046630859
9312982,2021,2021-09-08,3801,2021-07-06,1338,156,BAYVI,2,5,7,3801,0,0,0,,0,3C60,"EGBERT AV","JENNINGS AV",0.00,,Y,A,-,N,,,,,,,,,,Y,4,0,1,3,A,-,12,22450,A,N,D,C,A,A,H,-,A,D,0,,,,Y,Y,,A,01,0,0,1,0,0,0,0,0,0,"- ","- ",,,"SAN FRANCISCO","SAN FRANCISCO",-122.39260864257812,37.722671508789062