CASE_ID,ACCIDENT_YEAR,PROC_DATE,JURIS,COLLISION_DATE,COLLISION_TIME,OFFICER_ID,REPORTING_DISTRICT,DAY_OF_WEEK,CHP_SHIFT,POPULATION,CNTY_CITY_LOC,SPECIAL_COND,BEAT_TYPE,CHP_BEAT_TYPE,CITY_DIVISION_LAPD,CHP_BEAT_CLASS,BEAT_NUMBER,PRIMARY_RD,SECONDARY_RD,DISTANCE,DIRECTION,INTERSECTION,WEATHER_1,WEATHER_2,STATE_HWY_IND,CALTRANS_COUNTY,CALTRANS_DISTRICT,STATE_ROUTE,ROUTE_SUFFIX,POSTMILE_PREFIX,POSTMILE,LOCATION_TYPE,RAMP_INTERSECTION,SIDE_OF_HWY,TOW_AWAY,COLLISION_SEVERITY,NUMBER_KILLED,NUMBER_INJURED,PARTY_COUNT,PRIMARY_COLL_FACTOR,PCF_CODE_OF_VIOL,PCF_VIOL_CATEGORY,PCF_VIOLATION,PCF_VIOL_SUBSECTION,HIT_AND_RUN,TYPE_OF_COLLISION,MVIW,PED_ACTION,ROAD_SURFACE,ROAD_COND_1,ROAD_COND_2,LIGHTING,CONTROL_DEVICE,CHP_ROAD_TYPE,PEDESTRIAN_ACCIDENT,BICYCLE_ACCIDENT,MOTORCYCLE_ACCIDENT,TRUCK_ACCIDENT,NOT_PRIVATE_PROPERTY,ALCOHOL_INVOLVED,STWD_VEHTYPE_AT_FAULT,CHP_VEHTYPE_AT_FAULT,COUNT_SEVERE_INJ,COUNT_VISIBLE_INJ,COUNT_COMPLAINT_PAIN,COUNT_PED_KILLED,COUNT_PED_INJURED,COUNT_BICYCLIST_KILLED,COUNT_BICYCLIST_INJURED,COUNT_MC_KILLED,COUNT_MC_INJURED,PRIMARY_RAMP,SECONDARY_RAMP,LATITUDE,LONGITUDE,COUNTY,CITY,POINT_X,POINT_Y
9442114,2022,2022-05-17,3801,2022-04-13,0815,1477,MISSI,3,5,7,3801,0,0,0,,0,3D13A,"YORK ST","CESAR CHAVEZ ST",8.00,N,N,A,-,N,,,,,,,,,,N,4,0,1,2,A,-,07,21658,A,F,A,G,A,A,H,-,A,A,0,,Y,,,Y,,A,08,0,0,1,0,0,0,1,0,0,"- ","- ",,,"SAN FRANCISCO","SAN FRANCISCO",-122.40789031982422,37.748329162597656
94424969,2024,2024-10-09,9335,2024-10-02,"755 ",018804,,3,1,7,3801,0,1,1,,1,081,"I-80 W/B","TREASURE ISLAND DR.",2320.00,W,N,A,-,Y,SF,,80," "," ",7.204,H,,L,N,3,0,1,2,A,-,07,21658,A,F,D,C,A,A,H,-,A,D,0,,,Y,,Y,,A,01,0,1,0,0,0,0,0,0,1,"- ","- ",37.803249359130859,-122.37246704101562,"SAN FRANCISCO","SAN FRANCISCO",-122.37232971191406,37.803153991699219
94433909,2024,2024-10-16,9335,2024-10-05,1555,023845,,6,2,7,3801,0,1,1,,1,081,"I-80 WESTBOUND","THE EMBARCADERO UNDERCROSSING",610.00,E,N,A,-,Y,SF,,80," "," ",6.039,H,,L,N,4,0,2,3,A,-,03,22350,,N,C,C,A,A,H,-,A,D,0,,,,,Y,,A,07,0,0,2,0,0,0,0,0,0,"- ","- ",37.790290832519531,-122.38652801513672,"SAN FRANCISCO","SAN FRANCISCO",-122.38639831542969,37.790199279785156
9443598,2022,2022-05-10,3801,2022-03-29,1601,327,MISSI,2,5,7,3801,0,0,0,,0,3D12C,"14TH ST","MISSION ST",0.00,,Y,A,-,N,,,,,,,,,,N,4,0,1,2,A,-,10,21950,A,N,A,B,B,A,H,-,A,A,0,Y,,,,Y,,A,07,0,0,1,0,1,0,0,0,0,"- ","- ",,,"SAN FRANCISCO","SAN FRANCISCO",-122.41996765136719,37.768291473388672
9443987,2022,2022-05-16,3801,2022-03-31,1733,1057,NORTH,4,5,7,3801,0,0,0,,0,3E13D,"POLK ST","TURK ST",0.00,,Y,A,-,N,,,,,,,,,,N,4,0,1,2,A,-,12,21453,A,N,D,C,A,A,H,-,A,A,0,,,Y,,Y,,C,03,0,0,1,0,0,0,0,0,1,"- ","- ",,,"SAN FRANCISCO","SAN FRANCISCO",-122.41899871826172,37.782169342041016
94441129,2024,2024-10-22,9335,2024-10-14,"600 ",024042,,1,1,7,3801,0,1,2,,2,014,"US-101 N/B","23RD STREET OVER-CROSSING",472.00,N,N,A,-,Y,SF,,101," "," ",3.449,H,,R,Y,4,0,1,4,A,-,03,22350,,N,C,C,A,A,H,-,D,D,0,,,,,Y,,-,"- ",0,0,1,0,0,0,0,0,0,"- ","- ",37.755809783935547,-122.40303039550781,"SAN FRANCISCO","SAN FRANCISCO",-122.40306091308594,37.755805969238281
94442895,2024,2024-10-23,9335,2024-10-14,1031,024118,,1,1,7,3801,0,1,2,,2,014,"US-101 N/B","23RD STREET OVERCROSSING",273.00,S,N,B,-,Y,SF,,101," "," ",3.310,H,,R,N,3,0,1,2,A,-,03,22350,,N,C,C,A,A,H,-,A,D,0,,,,Y,Y,,A,01,0,1,0,0,0,0,0,0,0,"- ","- ",37.753700256347656,-122.40292358398438,"SAN FRANCISCO","SAN FRANCISCO",-122.40286254882812,37.753704071044922
94444796,2024,2024-10-25,9335,2024-10-14,1930,023378,,1,2,7,3801,0,1,1,,2,022,"I-280 S/B","HAVELOCK ST PEDESTRIAN OVERCROSSING",215.00,S,N,B,-,Y,SF,,280," ",R,2.041,H,,L,N,3,0,1,1,A,-,08,22107,,N,F,A,A,A,H,-,C,D,0,,,Y,,Y,,-,"- ",0,1,0,0,0,0,0,0,1,"- ","- ",37.726631164550781,-122.44586944580078,"SAN FRANCISCO","SAN FRANCISCO",-122.44576263427734,37.726566314697266
94448032,2024,2024-10-28,9335,2024-10-15,2100,024116,,2,2,7,3801,0,1,1,,2,024,"INTERSTATE 280","18TH STREET",900.00,S,N,A,-,Y,SF,,280," ",R,6.389,H,,R,Y,4,0,1,2,A,-,01,23152,A,N,A,C,A,A,H,-,D,D,0,,,,,Y,Y,A,01,0,0,1,0,0,0,0,0,0,"- ","- ",37.760250091552734,-122.39234161376953,"SAN FRANCISCO","SAN FRANCISCO",-122.39229583740234,37.76025390625
94455773,2024,2024-11-04,9335,2024-10-26,"705 ",023367,,6,1,7,3801,0,1,1,,1,081,"I-80 W/B","NORTHGATE RD",2530.00,E,N,A,-,Y,SF,,80," ",R,8.578,H,,L,Y,4,0,1,2,A,-,07,21658,A,N,D,C,A,A,H,-,A,D,0,,,,,Y,,A,07,0,0,1,0,0,0,0,0,0,"- ","- ",37.817699432373047,-122.35472869873047,"SAN FRANCISCO","SAN FRANCISCO",-122.35472106933594,37.817691802978516
9446237,2022,2022-06-01,3801,2022-01-25,1640,278,TENDE,2,5,7,3801,0,0,0,,0,3J11D,"MARKET ST","MCALLISTER ST",0.00,,Y,A,-,N,,,,,,,,,,N,4,0,1,2,A,-,12,21453,A,N,D,-,A,A,H,-,A,A,0,,Y,Y,,Y,,C,03,0,0,1,0,0,0,1,0,0,"- ","- ",,,"SAN FRANCISCO","SAN FRANCISCO",-122.41164398193359,37.781181335449219
94462635,2024,2024-11-07,9335,2024-11-03,1015,023367,,7,1,7,3801,0,1,1,,2,080,"I-80 W/B","15TH ST",90.00,E,N,A,-,Y,SF,,80," "," ",3.913,H,,L,N,4,0,2,3,A,-,03,22350,,N,C,C,A,A,H,-,A,D,0,,,,,Y,,A,01,0,0,2,0,0,0,0,0,0,"- ","- ",37.767509460449219,-122.40534210205078,"SAN FRANCISCO","SAN FRANCISCO",-122.40536499023438,37.767509460449219
94462746,2024,2024-11-11,9335,2024-10-29,1335,024109,,2,1,7,3801,0,1,1,,2,022,"I-280 S/B","ALEMANY BLVD",528.00,S,N,A,-,Y,SF,,280," ",R,0.310,H,,L,N,3,0,2,3,A,-,03,22350,,N,C,C,A,A,H,-,A,D,0,,,,,Y,,A,01,0,1,1,0,0,0,0,0,0,"- ","- ",37.710601806640625,-122.4642333984375,"SAN FRANCISCO","SAN FRANCISCO",-122.46422576904297,37.710552215576172
94464458,2024,2024-11-11,9335,2024-11-09,"235 ",022860,,6,3,7,3801,0,1,2,,2,015,"US-101 S/B TO I-80 E/B","DIVISION ST",50.00,N,N,A,-,Y,SF,,80," ",L,4.070,H,,R,Y,4,0,1,1,A,-,03,22350,,N,E,I,A,A,H,-,C,D,0,,,,,Y,Y,A,01,0,0,1,0,0,0,0,0,0,"- ","- ",37.769508361816406,-122.40544128417969,"SAN FRANCISCO","SAN FRANCISCO",-122.40548706054688,37.769523620605469
9446801,2022,2022-06-09,3801,2022-04-29,1230,2728,TENDE,5,5,7,3801,0,0,0,,0,908,"LEAVENWORTH ST","GOLDEN GATE AV",86.00,N,N,A,-,N,,,,,,,,,,N,4,0,1,3,A,-,03,22350,,M,C,C,A,A,H,-,-,D,0,,,,,Y,,A,01,0,0,1,0,0,0,0,0,0,"- ","- ",,,"SAN FRANCISCO","SAN FRANCISCO",-122.41390228271484,37.7821044921875
9446809,2022,2022-06-09,3801,2022-04-29,0855,1503,SOUTH,5,5,7,3801,0,0,0,,0,0855,"6TH ST","TEHAMA ST",0.00,,Y,A,-,N,,,,,,,,,,N,3,0,1,2,A,-,17,21200,A,N,H,A,A,A,H,-,A,D,0,,Y,,,Y,,L,04,0,1,0,0,0,0,1,0,0,"- ","- ",,,"SAN FRANCISCO","SAN FRANCISCO",-122.40658569335938,37.779308319091797
9446818,2022,2022-06-08,3801,2022-04-18,2315,2094,SOUTH,1,5,7,3801,0,0,0,,0,3B14E,"8TH ST","HARRISON ST",130.00,S,N,B,-,N,,,,,,,,,,N,3,0,1,2,A,-,08,22107,,N,B,G,A,A,H,-,C,A,0,,Y,,,Y,,A,01,0,1,0,0,0,0,0,0,0,"- ","- ",,,"SAN FRANCISCO","SAN FRANCISCO",-122.40821075439453,37.773509979248047
9446829,2022,2022-06-10,3801,2022-04-04,1536,1951,SOUTH,1,5,7,3801,0,0,0,,0,0B5,"3RD ST","NELSON RISING LN",78.00,S,N,A,-,N,,,,,,,,,,Y,3,0,1,1,A,-,03,22350,,N,H,A,A,A,H,-,A,A,0,,,Y,,Y,,C,02,0,1,0,0,0,0,0,0,1,"- ","- ",,,"SAN FRANCISCO","SAN FRANCISCO",-122.38946533203125,37.769557952880859
9446862,2022,2022-06-15,3801,2022-05-06,0827,1157,BAYVI,5,5,7,3801,0,0,0,,0,3C15A,"PHELPS ST","LASALLE AV",0.00,,Y,A,-,N,,,,,,,,,,N,4,0,1,2,A,-,09,21801,A,F,D,C,A,A,H,-,A,A,0,,,Y,,Y,,A,01,0,0,1,0,0,0,0,0,0,"- ","- ",,,"SAN FRANCISCO","SAN FRANCISCO",-122.39236450195312,37.738594055175781
9446874,2022,2022-06-15,3801,2022-05-06,0248,1881,RICHM,5,5,7,3801,0,0,0,,0,RICHM,"POINT LOBOS AV","EL CAMINO DEL MAR",1117.00,W,N,B,-,N,,,,,,,,,,Y,2,0,4,1,A,-,03,22350,,F,E,I,A,D,-,-,C,A,0,,,,,Y,Y,A,01,1,3,0,0,0,0,0,0,0,"- ","- ",,,"SAN FRANCISCO","SAN FRANCISCO",-122.51305389404297,37.779045104980469
9446883,2022,2022-05-19,3801,2022-04-08,1730,2044,INGLE,5,5,7,3801,0,0,0,,0,3H13E,"14TH ST","SANCHEZ ST",0.00,,Y,F,-,N,,,,,,,,,,N,4,0,1,2,A,-,04,21703,,N,C,D,A,A,H,-,A,D,0,,,,,Y,,A,01,0,0,1,0,0,0,0,0,0,"- ","- ",,,"SAN FRANCISCO","SAN FRANCISCO",-122.43118286132812,37.767601013183594
9446888,2022,2022-05-19,3801,2022-04-07,2203,4798,NORTH,4,5,7,3801,0,0,0,,0,3E00D,"POLK ST","ELLIS ST",0.00,,Y,A,-,N,,,,,,,,,,N,3,0,1,2,A,-,08,22107,,F,B,G,A,A,H,-,C,A,0,,Y,,,Y,,A,01,0,1,0,0,0,0,1,0,0,"- ","- ",,,"SAN FRANCISCO","SAN FRANCISCO",-122.41934967041016,37.784042358398438
9446894,2022,2022-05-19,3801,2022-04-08,1335,964,NORTH,5,5,7,3801,0,0,0,,0,3E44C,"JACKSON ST","SCOTT ST",0.00,,-,A,-,N,,,,,,,,,,N,3,0,1,2,A,-,10,21950,A,N,G,B,B,A,H,-,A,A,0,Y,,,,Y,Y,A,01,0,1,0,0,1,0,0,0,0,"- ","- ",,,"SAN FRANCISCO","SAN FRANCISCO",-122.43949127197266,37.791828155517578
94471183,2024,2024-11-15,9335,2024-11-08,"210 ",022802,,5,3,7,3801,0,1,2,,2,015,"US-101 N/B","BRANNAN ST U/C",200.00,N,N,A,-,Y,SF,,101," ",R,4.578,H,,R,Y,4,0,1,1,A,-,01,23152,F,N,E,I,A,A,H,-,C,D,0,,,,,Y,,A,07,0,0,1,0,0,0,0,0,0,"- ","- ",37.769920349121094,-122.40834808349609,"SAN FRANCISCO","SAN FRANCISCO",-122.40835571289062,37.7698974609375
94471251,2024,2024-11-15,9335,2024-11-09,1730,023603,,6,2,7,3801,0,1,2,,2,015,"US-101 N/B","BRANNAN STREET UNDERCROSSING",120.00,S,N,A,-,Y,SF,,101," ",R,4.503,H,,R,N,4,0,2,3,A,-,03,22350,,M,C,C,A,A,H,-,D,D,0,,,,,Y,,-,99,0,0,2,0,0,0,0,0,0,"- ","- ",37.769309997558594,-122.40724182128906,"SAN FRANCISCO","SAN FRANCISCO",-122.40727996826172,37.769279479980469
94471500,2024,2024-11-25,9335,2024-11-08,1745,023603,,5,2,7,3801,0,1,2,,2,013,US-101S/B,"BAYSHORE BOULEVARD UNDERCROSSING",170.00,S,N,A,-,Y,SF,,101," "," ",2.909,H,,R,N,3,0,2,3,A,-,03,22350,,N,C,C,A,A,H,-,D,D,0,,,,,Y,,A,01,0,1,1,0,0,0,0,0,0,"- ","- ",37.748020172119141,-122.40431976318359,"SAN FRANCISCO","SAN FRANCISCO",-122.40406036376953,37.747970581054688
94471829,2024,2024-11-15,9335,2024-11-09,2230,023654,,6,3,7,3801,0,1,1,,2,080,"I-80 WESTBOUND","7TH STREET UNDERCROSSING",880.00,E,N,B,-,Y,SF,,80," "," ",4.665,H,,L,Y,4,0,1,4,A,-,03,22350,,M,C,C,A,A,H,-,C,D,0,,,,,Y,,A,07,0,0,1,0,0,0,0,0,0,"- ","- ",37.776988983154297,-122.40373992919922,"SAN FRANCISCO","SAN FRANCISCO",-122.40370178222656,37.776950836181641
94472160,2024,2024-11-18,9335,2024-11-12,1640,024080,,2,2,7,3801,0,1,1,,2,022,"I-280 S/B","ST CHARLES AVENUE OVERCROSSING",1600.00,N,N,A,-,Y,SF,,280," ",R,0.322,H,,L,Y,3,0,1,2,A,-,03,22350,,N,C,C,A,A,H,-,A,D,0,,,,,Y,,D,22,0,1,0,0,0,0,0,0,0,"- ","- ",37.710628509521484,-122.46401214599609,"SAN FRANCISCO","SAN FRANCISCO",-122.46400451660156,37.710563659667969
94472421,2024,2024-11-18,9335,2024-11-13,1745,024080,,3,2,7,3801,0,1,2,,2,015,"US-101 N/B TO DUBOCE AVENUE","SOUTH VAN NESS AVENUE",140.00,S,N,A,-,Y,SF,,101," ",R,5.078,H,,R,N,4,0,1,2,A,-,03,22350,,N,C,C,A,A,H,-,B,D,0,,,,,Y,,A,01,0,0,1,0,0,0,0,0,0,"- ","- ",37.769889831542969,-122.41719055175781,"SAN FRANCISCO","SAN FRANCISCO",-122.41720581054688,37.769809722900391
94481118,2024,2024-11-25,9335,2024-11-15,1112,023592,,5,1,7,3801,0,1,1,,2,084,"I-80 E/B","SFOBB TOLL PLAZA",950.00,W,N,A,-,Y,ALA,,80," "," ",1.785,H,,R,Y,4,0,1,2,A,-,03,22350,,M,C,2,A,A,H,-,C,D,0,,,,,Y,,A,07,0,0,1,0,0,0,0,0,0,"- ","- ",37.823299407958984,-122.31730651855469,"SAN FRANCISCO","SAN FRANCISCO",-122.31729125976562,37.823226928710938
94489539,2024,2024-12-02,9335,2024-11-29,1439,023121,,5,2,7,3801,0,1,1,,2,080,"I-80 WESTBOUND TO FREMONT STREET","FREMONT STREET",290.00,W,N,A,-,Y,,,,,,,,,,N,4,0,2,2,A,-,03,22350,,N,C,C,A,A,H,-,A,D,0,,,,,Y,,A,01,0,0,2,0,0,0,0,0,0,"- ","- ",37.787860870361328,-122.39511108398438,"SAN FRANCISCO","SAN FRANCISCO",,
94490588,2024,2024-12-03,9350,2024-11-26,"850 ",022020,,2,1,7,3801,0,1,2,,2,010,"US-101 S/B","GOLDEN GATE BRIDGE TOLL PLAZA",158.00,S,N,B,-,Y,,,,,,,,,,N,4,0,1,2,A,-,08,22107,,N,B,C,A,B,H,-,A,D,0,,,Y,,Y,,A,01,0,0,1,0,0,0,0,0,1,"- ","- ",37.806678771972656,-122.47527313232422,"SAN FRANCISCO","SAN FRANCISCO",,
94491061,2024,2024-12-03,9335,2024-11-30,1323,023603,,6,1,7,3801,0,1,2,,2,013,"US-101 S/B TO I-280 S/B","CORTLAND AVENUE UNDERCROSSING",195.00,S,N,A,-,Y,SF,,101," "," ",2.237,H,,L,Y,4,0,1,2,A,-,07,21658,A,N,B,C,A,A,H,-,A,D,0,,,,,Y,,A,01,0,0,1,0,0,0,0,0,0,"- ","- ",37.739078521728516,-122.40828704833984,"SAN FRANCISCO","SAN FRANCISCO",-122.40818023681641,37.739078521728516
94494128,2024,2024-12-06,9335,2024-12-03,"630 ",024042,,2,1,7,3801,0,1,1,,2,080,"I-80 E/B","5TH STREET UNDERCROSSING",70.00,E,N,A,-,Y,SF,,80," "," ",4.854,H,,R,Y,4,0,1,2,A,-,07,21658,A,N,B,C,A,A,H,-,A,D,0,,,,,Y,,A,01,0,0,1,0,0,0,0,0,0,"- ","- ",37.778461456298828,-122.40065002441406,"SAN FRANCISCO","SAN FRANCISCO",-122.400634765625,37.778450012207031
94494413,2024,2024-12-06,9335,2024-11-27,1438,023118,,3,2,7,3801,0,1,1,,2,024,"I-280 N/B TO KING STREET","5TH STREET",900.00,S,N,A,-,Y,SF,,280," ",T,7.310,H,,R,N,4,0,1,2,A,-,03,22350,,N,C,C,A,A,H,-,A,D,0,,,,,Y,,A,01,0,0,1,0,0,0,0,0,0,"- ","- ",37.772510528564453,-122.39788818359375,"SAN FRANCISCO","SAN FRANCISCO",-122.39813232421875,37.772335052490234
94512321,2024,2024-12-20,9335,2024-12-18,1630,023595,,3,2,7,3801,0,1,2,,2,013,"I-280 S/B TO US-101 S/B","CORTLAND AVE.",450.00,S,N,A,-,Y,SF,,101," "," ",2.191,H,,L,Y,4,0,1,2,A,-,03,22350,,N,C,C,A,A,H,-,A,D,0,,,,,Y,,A,08,0,0,1,0,0,0,0,0,0,"- ","- ",37.738380432128906,-122.40824890136719,"SAN FRANCISCO","SAN FRANCISCO",-122.40811920166016,37.738391876220703
94512536,2024,2024-12-23,9350,2024-12-16,1810,023944,,1,2,7,3801,0,1,2,,2,010,"SR-1 S/B","LAKE STREET",177.00,N,N,C,-,Y,SF,,1," "," ",5.919,H,,L,Y,4,0,1,1,A,-,03,22350,,N,E,I,A,B,H,-,C,D,0,,,,,Y,,A,07,0,0,1,0,0,0,0,0,0,"- ","- ",37.786899566650391,-122.47254180908203,"SAN FRANCISCO","SAN FRANCISCO",-122.47261810302734,37.786914825439453
94512699,2024,2024-12-23,9335,2024-12-21,"818 ",023111,,6,1,7,3801,0,1,2,,2,014,"US-101 S/B","23RD STREET OVERCROSSING",3200.00,N,N,C,-,Y,SF,,101," "," ",3.376,H,,L,Y,4,0,1,1,A,-,08,22107,,N,E,I,A,B,H,-,A,D,0,,,,,Y,,A,07,0,0,1,0,0,0,0,0,0,"- ","- ",37.754661560058594,-122.40309143066406,"SAN FRANCISCO","SAN FRANCISCO",-122.40315246582031,37.754657745361328
94522159,2024,2024-12-31,9335,2024-12-29,"755 ",022187,,7,1,7,3801,0,1,2,,2,013,"US-101 N/B","THE PAUL AVENUE UNDER-CROSSING",195.00,N,N,C,-,Y,SF,,101," "," ",1.168,H,,R,Y,3,0,1,1,A,-,08,22107,,N,E,I,A,B,H,-,A,D,0,,,,,Y,,A,01,0,1,0,0,0,0,0,0,0,"- ","- ",37.724300384521484,-122.40148162841797,"SAN FRANCISCO","SAN FRANCISCO",-122.40133666992188,37.724338531494141
94526054,2024,2025-01-06,9335,2024-12-24,"550 ",023860,,2,3,7,3801,0,1,2,,2,015,"US-101 N/B","10TH STREET UNDERCROSSING",30.00,S,N,C,-,Y,SF,,101," ",R,4.608,H,,R,Y,4,0,2,2,A,-,08,22107,,N,D,C,A,B,H,-,B,D,0,,,,Y,Y,,A,07,0,0,2,0,0,0,0,0,0,"- ","- ",37.769889831542969,-122.40889739990234,"SAN FRANCISCO","SAN FRANCISCO",-122.40888977050781,37.769870758056641
94526360,2024,2025-01-06,9335,2024-12-29,"952 ",024179,,7,1,7,3801,0,1,2,,2,014,"US-101 S/B","CESAR CHAVEZ STREET",450.00,N,N,C,-,Y,SF,,101," "," ",3.094,H,,L,N,4,0,1,2,A,-,04,21703,,N,C,C,A,B,H,-,A,D,0,,,,,Y,,A,01,0,0,1,0,0,0,0,0,0,"- ","- ",37.750648498535156,-122.40348815917969,"SAN FRANCISCO","SAN FRANCISCO",-122.40341186523438,37.750633239746094
94527256,2024,2025-01-06,9335,2024-12-30,1815,023592,,1,2,7,3801,0,1,2,,2,015,"US-101 S/B","BRYANT ST.",35.00,S,N,A,-,Y,SF,,101," ",R,4.719,H,,L,N,4,0,1,2,A,-,03,22350,,N,C,C,A,A,H,-,C,D,0,,,,,Y,,A,07,0,0,1,0,0,0,0,0,0,"- ","- ",37.769309997558594,-122.4107666015625,"SAN FRANCISCO","SAN FRANCISCO",-122.4107666015625,37.769309997558594
9453139,2022,2022-06-16,3801,2022-05-15,2148,2433,SOUTH,7,5,7,3801,0,0,0,,0,3B14E,"10TH ST","HARRISON ST",0.00,,Y,A,-,N,,,,,,,,,,Y,4,0,1,2,A,-,12,21453,A,N,D,C,A,A,H,-,C,A,0,,,,,Y,,D,22,0,0,1,0,0,0,0,0,0,"- ","- ",,,"SAN FRANCISCO","SAN FRANCISCO",-122.41124725341797,37.771595001220703
94533602,2025,2025-01-10,9335,2025-01-02,1619,023593,,4,2,7,3801,0,1,1,,1,083,"I-80 E/B","TREASURE ISLAND RD",1631.00,W,N,A,-,Y,SF,,80," "," ",7.414,H,,R,Y,4,0,1,2,A,-,03,22350,,N,C,C,A,A,H,-,A,D,0,,,,,Y,,A,01,0,0,1,0,0,0,0,0,0,"- ","- ",37.805629730224609,-122.36998748779297,"SAN FRANCISCO","SAN FRANCISCO",-122.36981201171875,37.805507659912109
9453791,2022,2022-07-19,3801,2022-06-23,0901,1210,TARAV,4,5,7,3801,0,0,0,,0,0I1,"8TH AV","8TH AV 1327",0.00,,N,A,-,N,,,,,,,,,,N,4,0,1,2,A,-,06,21755,A,N,B,C,A,A,H,-,A,D,0,,,,Y,Y,,A,01,0,0,1,0,0,0,0,0,0,"- ","- ",,,"SAN FRANCISCO","SAN FRANCISCO",-121.00348663330078,40.311603546142578
9453801,2022,2022-09-07,3801,2022-06-26,1613,2704,SOUTH,7,5,7,3801,0,0,0,,0,,"MISSION ST","11TH ST",280.00,W,N,A,-,N,,,,,,,,,,Y,4,0,1,2,A,-,17,22517,,N,B,E,A,A,H,-,A,D,0,,,,,Y,Y,A,01,0,0,1,0,0,0,0,0,0,"- ","- ",,,"SAN FRANCISCO","SAN FRANCISCO",-122.41776275634766,37.773773193359375
9453934,2022,2022-07-19,3801,2022-06-18,0155,2157,RICHM,6,5,7,3801,0,0,0,,0,002,"EUCLID AV","PALM AV",0.00,,Y,A,-,N,,,,,,,,,,,2,0,2,2,A,-,12,22450,A,N,D,C,A,A,H,-,C,D,0,,,,,Y,,-,,1,0,1,0,0,0,0,0,0,"- ","- ",,,"SAN FRANCISCO","SAN FRANCISCO",-122.45791625976562,37.783863067626953
9453936,2022,2022-10-31,3801,2022-06-18,1104,1857,TENDE,6,5,7,3801,0,0,0,,0,3J98D,"ELLIS ST","JONES ST",50.00,E,N,A,-,N,,,,,,,,,,Y,4,0,2,10,A,-,01,23153,F,F,A,-,F,A,H,-,A,A,0,Y,,Y,,Y,,C,06,0,0,2,0,1,0,0,0,1,"- ","- ",,,"SAN FRANCISCO","SAN FRANCISCO",-122.41260528564453,37.784919738769531
9453940,2022,2022-07-14,3801,2022-06-24,1423,2100,MISSI,5,5,7,3801,0,0,0,,0,3D14D,"MISSION ST","13TH ST",0.00,,Y,A,-,N,,,,,,,,,,N,4,0,2,2,A,-,04,21703,,F,C,C,A,A,H,-,A,A,0,,,,,Y,,-,,0,0,2,0,0,0,0,0,0,"- ","- ",,,"SAN FRANCISCO","SAN FRANCISCO",-122.419921875,37.769977569580078
9453950,2022,2022-07-14,3801,2022-06-19,1528,2209,PARK,7,5,7,3801,0,0,0,,0,3F13D,"EDDY ST","DIVISADERO ST",130.00,W,N,A,-,N,,,,,,,,,,Y,3,0,1,1,A,-,03,22350,,N,A,I,A,A,H,-,A,D,0,,,,,Y,Y,A,01,0,1,0,0,0,0,0,0,0,"- ","- ",,,"SAN FRANCISCO","SAN FRANCISCO",-122.43935394287109,37.780517578125
9453955,2022,2022-07-14,3801,2022-06-18,1840,1113,PARK,6,5,7,3801,0,0,0,,0,3F14D,"CARL ST","WILLARD ST",0.00,,Y,A,-,N,,,,,,,,,,Y,3,0,1,2,A,-,09,21804,A,N,D,C,A,A,H,-,A,-,0,,,,,Y,,A,01,0,1,0,0,0,0,0,0,0,"- ","- ",,,"SAN FRANCISCO","SAN FRANCISCO",-122.45439910888672,37.765232086181641
9453963,2022,2022-07-14,3801,2022-06-21,1828,1286,SOUTH,2,5,7,3801,0,0,0,,0,3B4,"MISSION ST","WASHBURN ST",0.00,,Y,A,-,N,,,,,,,,,,Y,4,0,1,2,A,-,08,22101,D,N,B,C,A,A,H,-,A,A,0,,,,,Y,,A,01,0,0,1,0,0,0,0,0,0,"- ","- ",,,"SAN FRANCISCO","SAN FRANCISCO",-122.41513824462891,37.775890350341797
9453968,2022,2022-07-14,3801,2022-06-16,1804,2118,SOUTH,4,5,7,3801,0,0,0,,0,3B12D,"16TH ST","3RD ST",0.00,,Y,A,-,N,,,,,,,,,,N,4,0,1,2,A,-,03,22350,,M,G,B,E,A,H,-,A,D,0,Y,,Y,,Y,,C,03,0,0,1,0,1,0,0,0,0,"- ","- ",,,"SAN FRANCISCO","SAN FRANCISCO",-122.38920593261719,37.766944885253906
9453975,2022,2022-07-19,3801,2022-06-25,0605,773,CENTR,6,5,7,3801,0,0,0,,0,3A1E,"SACRAMENTO ST","TAYLOR ST",0.00,,Y,A,-,N,,,,,,,,,,N,4,0,1,2,A,-,04,21703,,N,C,C,A,A,-,-,A,A,0,,,,,Y,,A,08,0,0,1,0,0,0,0,0,0,"- ","- ",,,"SAN FRANCISCO","SAN FRANCISCO",-122.41264343261719,37.792549133300781