CASE_ID,ACCIDENT_YEAR,PROC_DATE,JURIS,COLLISION_DATE,COLLISION_TIME,OFFICER_ID,REPORTING_DISTRICT,DAY_OF_WEEK,CHP_SHIFT,POPULATION,CNTY_CITY_LOC,SPECIAL_COND,BEAT_TYPE,CHP_BEAT_TYPE,CITY_DIVISION_LAPD,CHP_BEAT_CLASS,BEAT_NUMBER,PRIMARY_RD,SECONDARY_RD,DISTANCE,DIRECTION,INTERSECTION,WEATHER_1,WEATHER_2,STATE_HWY_IND,CALTRANS_COUNTY,CALTRANS_DISTRICT,STATE_ROUTE,ROUTE_SUFFIX,POSTMILE_PREFIX,POSTMILE,LOCATION_TYPE,RAMP_INTERSECTION,SIDE_OF_HWY,TOW_AWAY,COLLISION_SEVERITY,NUMBER_KILLED,NUMBER_INJURED,PARTY_COUNT,PRIMARY_COLL_FACTOR,PCF_CODE_OF_VIOL,PCF_VIOL_CATEGORY,PCF_VIOLATION,PCF_VIOL_SUBSECTION,HIT_AND_RUN,TYPE_OF_COLLISION,MVIW,PED_ACTION,ROAD_SURFACE,ROAD_COND_1,ROAD_COND_2,LIGHTING,CONTROL_DEVICE,CHP_ROAD_TYPE,PEDESTRIAN_ACCIDENT,BICYCLE_ACCIDENT,MOTORCYCLE_ACCIDENT,TRUCK_ACCIDENT,NOT_PRIVATE_PROPERTY,ALCOHOL_INVOLVED,STWD_VEHTYPE_AT_FAULT,CHP_VEHTYPE_AT_FAULT,COUNT_SEVERE_INJ,COUNT_VISIBLE_INJ,COUNT_COMPLAINT_PAIN,COUNT_PED_KILLED,COUNT_PED_INJURED,COUNT_BICYCLIST_KILLED,COUNT_BICYCLIST_INJURED,COUNT_MC_KILLED,COUNT_MC_INJURED,PRIMARY_RAMP,SECONDARY_RAMP,LATITUDE,LONGITUDE,COUNTY,CITY,POINT_X,POINT_Y
9453981,2022,2022-07-15,3801,2022-06-22,1530,2210,SOUTH,3,5,7,3801,0,0,0,,0,0B5,"TOWNSEND ST","7TH ST",0.00,,Y,A,-,N,,,,,,,,,,Y,3,0,5,2,A,-,08,22107,,N,D,C,A,A,H,-,A,A,0,,,,,Y,,A,01,0,1,4,0,0,0,0,0,0,"- ","- ",,,"SAN FRANCISCO","SAN FRANCISCO",-122.40165710449219,37.771831512451172
9453986,2022,2022-11-22,3801,2022-06-22,2000,2098,TENDE,3,5,7,3801,0,0,0,,0,3J90D,"POLK ST","ELLIS ST",0.00,,Y,-,-,N,,,,,,,,,,N,4,0,1,2,A,-,03,22350,,M,-,-,-,-,-,-,-,-,0,Y,,,,Y,,M,91,0,0,1,0,1,0,0,0,0,"- ","- ",,,"SAN FRANCISCO","SAN FRANCISCO",-122.41934967041016,37.784042358398438
9453988,2022,2022-10-28,3801,2022-06-11,1930,1933,NORTH,6,5,7,3801,0,0,0,,0,3E15D,"JACKSON ST","JACKSON ST 2770",0.00,,N,A,-,N,,,,,,,,,,N,3,0,1,1,A,-,03,22350,,N,H,A,A,A,H,-,A,D,0,,,Y,,Y,,C,02,0,1,0,0,0,0,0,0,1,"- ","- ",,,"SAN FRANCISCO","SAN FRANCISCO",,
9453994,2022,2022-07-18,3801,2022-06-10,0552,1605,NORTH,5,5,7,3801,0,0,0,,0,3E15A,"LAGUNA ST","FRANCISCO ST",0.00,,Y,A,-,N,,,,,,,,,,Y,2,0,1,4,A,-,01,23152,A,N,B,C,A,A,H,-,B,D,0,,,,,Y,Y,A,01,1,0,0,0,0,0,0,0,0,"- ","- ",,,"SAN FRANCISCO","SAN FRANCISCO",-122.43148803710938,37.8023681640625
9453999,2022,2022-07-18,3801,2022-06-09,0910,2266,INGLE,4,5,7,3801,0,0,0,,0,3H11A,"MISSION ST","PRECITA AV",0.00,,Y,A,-,N,,,,,,,,,,N,4,0,1,2,A,-,10,21950,A,N,G,B,B,A,H,-,A,A,0,Y,,,,Y,,A,01,0,0,1,0,1,0,0,0,0,"- ","- ",,,"SAN FRANCISCO","SAN FRANCISCO",-122.41912078857422,37.746757507324219
9454003,2022,2022-07-14,3801,2022-06-18,1405,2400,BAYVI,6,5,7,3801,0,0,0,,0,4CAR,"SAN BRUNO AV","SILLIMAN ST",0.00,,Y,A,-,N,,,,,,,,,,Y,2,0,1,2,A,-,03,22350,,F,G,B,-,A,H,-,A,A,0,Y,,,,Y,Y,A,07,1,0,0,0,1,0,0,0,0,"- ","- ",,,"SAN FRANCISCO","SAN FRANCISCO",-122.40512084960938,37.731231689453125
9454013,2022,2022-07-14,3801,2022-06-02,1339,1438,INGLE,4,5,7,3801,0,0,0,,0,2CAR,"SAN JOSE AV","30TH ST",0.00,,Y,A,-,N,,,,,,,,,,Y,3,0,2,2,A,-,12,21453,A,N,D,C,A,A,H,-,A,A,0,,,,,Y,,A,01,0,1,1,0,0,0,0,0,0,"- ","- ",,,"SAN FRANCISCO","SAN FRANCISCO",-122.42333984375,37.742301940917969
9454020,2022,2022-07-14,3801,2022-06-01,0637,1514,MISSI,3,5,7,3801,0,0,0,,0,3D15A,"MISSION ST","16TH ST",184.00,N,N,A,-,N,,,,,,,,,,N,4,0,1,2,A,-,08,22102,,N,-,C,A,A,H,-,A,D,0,,,,,Y,,A,01,0,0,1,0,0,0,0,0,0,"- ","- ",,,"SAN FRANCISCO","SAN FRANCISCO",-122.41971588134766,37.765552520751953
9454033,2022,2022-07-15,3801,2022-06-10,1440,2231,SOUTH,5,5,7,3801,0,0,0,,0,3B12D,"8TH ST","NATOMA ST",0.00,,Y,A,-,N,,,,,,,,,,Y,3,0,1,2,A,-,12,21453,A,N,D,C,A,A,H,-,A,A,0,,,,,Y,Y,A,01,0,1,0,0,0,0,0,0,0,"- ","- ",,,"SAN FRANCISCO","SAN FRANCISCO",-122.41213226318359,37.776664733886719
9454037,2022,2022-07-14,3801,2022-06-02,0909,1118,SOUTH,4,5,7,3801,0,0,0,,0,3B14A,"5TH ST","CLARA ST",0.00,,Y,A,-,N,,,,,,,,,,Y,4,0,1,2,A,-,09,21804,A,N,D,C,A,A,H,-,A,D,0,,,,,Y,,A,07,0,0,1,0,0,0,0,0,0,"- ","- ",,,"SAN FRANCISCO","SAN FRANCISCO",-122.40238189697266,37.779453277587891
9454045,2022,2022-07-15,3801,2022-06-03,1012,2262,TARAV,5,5,7,3801,0,0,0,,0,3I5A,"JUNIPERO SERRA BL","OCEAN AV",20.00,S,N,C,-,N,,,,,,,,,,Y,3,0,1,1,A,-,03,22350,,N,H,J,A,B,H,-,-,A,0,,,Y,,Y,,C,03,0,1,0,0,0,0,0,0,1,"- ","- ",,,"SAN FRANCISCO","SAN FRANCISCO",-122.47214508056641,37.731143951416016
9454050,2022,2022-07-15,3801,2022-06-04,1059,1557,TARAV,6,5,7,3801,0,0,0,,0,3I16A,"DEWEY BL","TARAVAL ST",0.00,,Y,A,-,N,,,,,,,,,,N,4,0,1,2,A,-,03,22350,,N,C,C,A,A,H,-,A,D,0,,,,,Y,,A,01,0,0,1,0,0,0,0,0,0,"- ","- ",,,"SAN FRANCISCO","SAN FRANCISCO",-122.4637451171875,37.743812561035156
9454101,2022,2022-07-14,3801,2022-06-01,1254,1557,TARAV,3,5,7,3801,0,0,0,,0,3II3A,"38TH AV","LAWTON ST",0.00,,Y,A,-,N,,,,,,,,,,N,4,0,1,2,A,-,12,22450,A,N,D,C,A,A,H,-,A,D,0,,,,,Y,,A,01,0,0,1,0,0,0,0,0,0,"- ","- ",,,"SAN FRANCISCO","SAN FRANCISCO",-122.49710083007812,37.757080078125
9454105,2022,2022-07-14,3801,2022-06-07,1410,156,BAYVI,2,5,7,3801,0,0,0,,0,3C60,"19TH ST","WISCONSIN ST",0.00,,Y,A,-,N,,,,,,,,,,Y,4,0,1,1,A,-,15,26453,,N,E,-,A,A,H,-,A,D,0,,,,,Y,,A,01,0,0,1,0,0,0,0,0,0,"- ","- ",,,"SAN FRANCISCO","SAN FRANCISCO",-122.3992919921875,37.761138916015625
94542235,2025,2025-01-17,9335,2025-01-04,2350,023483,,6,3,7,3801,0,1,2,,2,014,"US-101 NORTHBOUND","22ND STREET OVERCROSSING",770.00,N,N,A,-,Y,SF,,101," "," ",3.627,H,,R,Y,3,0,1,3,A,-,01,23152,A,N,C,C,A,A,H,-,C,D,0,,,,,Y,Y,A,01,0,1,0,0,0,0,0,0,0,"- ","- ",37.758060455322266,-122.40457153320312,"SAN FRANCISCO","SAN FRANCISCO",-122.40457153320312,37.758056640625
94542801,2025,2025-01-20,9335,2025-01-09,"910 ",023603,,4,1,7,3801,0,1,2,,2,014,"US-101 S/B","23RD STREET OVERCROSSING",315.00,S,N,A,-,Y,SF,,101," "," ",3.301,H,,L,Y,4,0,2,2,A,-,03,22350,,N,C,C,A,A,H,-,A,D,0,,,,,Y,,A,01,0,0,2,0,0,0,0,0,0,"- ","- ",37.753578186035156,-122.40300750732422,"SAN FRANCISCO","SAN FRANCISCO",-122.40305328369141,37.753578186035156
94547949,2025,2025-01-23,9335,2025-01-11,1130,023603,,6,1,7,3801,0,1,1,,1,081,"I-80 W/B","TREASURE ISLAND ROAD",55.00,E,N,A,-,Y,SF,,80," "," ",7.734,H,,L,N,4,0,1,2,A,-,03,22350,,N,C,C,A,A,H,-,A,D,0,,,,,Y,,A,07,0,0,1,0,0,0,0,0,0,"- ","- ",37.809150695800781,-122.36608123779297,"SAN FRANCISCO","SAN FRANCISCO",-122.36611938476562,37.809177398681641
94547969,2025,2025-01-23,9335,2025-01-13,1815,024080,,1,2,7,3801,0,1,1,,1,081,"I-80 W/B","THE EMBARCADERO",1467.00,E,N,A,-,Y,SF,,80," "," ",6.195,H,,L,N,4,0,2,2,A,-,03,22350,,N,C,C,A,A,H,-,C,D,0,,,,,Y,Y,A,01,0,0,2,0,0,0,0,0,0,"- ","- ",37.791988372802734,-122.38458251953125,"SAN FRANCISCO","SAN FRANCISCO",-122.38450622558594,37.791938781738281
94549538,2025,2025-01-27,9335,2025-01-10,2240,023654,,5,3,7,3801,0,1,2,,2,013,"US-101 NORTHBOUND","3RD STREET OVERCROSSING",500.00,S,N,B,-,Y,SF,,101," "," ",0.464,H,,R,Y,4,0,1,5,A,-,07,21658,A,M,C,C,A,A,H,-,C,D,0,,,,,Y,,A,01,0,0,1,0,0,0,0,0,0,"- ","- ",37.714748382568359,-122.39762115478516,"SAN FRANCISCO","SAN FRANCISCO",-122.39765167236328,37.714736938476562
9456438,2022,2022-07-13,3801,2022-04-24,2002,706,TARAV,7,5,7,3801,0,0,0,,0,3I15D,"19TH AV","SLOAT BL",0.00,,Y,A,-,Y,SF,4,1,-,-,1.897,I,5,N,Y,4,0,1,2,A,-,09,21801,A,N,A,C,A,A,H,-,C,A,0,,,,,Y,,A,01,0,0,1,0,0,0,0,0,0,"- ","- ",,,"SAN FRANCISCO","SAN FRANCISCO",-122.47508239746094,37.734642028808594
94571395,2025,2025-02-10,9335,2025-02-01,1225,023504,,6,1,7,3801,0,1,1,,2,024,"I-280 SB","22ND ST",200.00,S,N,C,-,Y,SF,,280," ",R,6.101,H,,L,Y,4,0,1,2,A,-,01,23152,A,N,B,2,A,B,H,-,A,D,0,,,,,Y,Y,A,01,0,0,1,0,0,0,0,0,0,"- ","- ",37.757030487060547,-122.39247894287109,"SAN FRANCISCO","SAN FRANCISCO",-122.39246368408203,37.757030487060547
94581694,2025,2025-02-17,9335,2025-02-10,1631,024050,,1,2,7,3801,0,1,1,,2,023,"I-280 N/B","ALEMANY BOULEVARD OVERCROSSING",50.00,S,N,A,-,Y,SF,,280," ",R,3.854,H,,R,Y,4,0,1,2,A,-,03,22350,,N,C,C,A,A,H,-,A,D,0,,,,,Y,,D,22,0,0,1,0,0,0,0,0,0,"- ","- ",37.732101440429688,-122.41484069824219,"SAN FRANCISCO","SAN FRANCISCO",-122.41485595703125,37.732131958007812
94582121,2025,2025-02-18,9335,2025-02-07,"940 ",024156,,5,1,7,3801,0,1,2,,2,013,"US-101 SB","FAITH ST OVERCROSSING",111.00,N,N,B,-,Y,SF,,101," "," ",2.631,H,,L,Y,3,0,1,3,A,-,01,23152,A,N,C,C,A,B,H,-,A,D,0,,,,Y,Y,Y,A,01,0,1,0,0,0,0,0,0,0,"- ","- ",37.74420166015625,-122.40572357177734,"SAN FRANCISCO","SAN FRANCISCO",-122.40567779541016,37.744186401367188
9459042,2022,2022-06-09,3801,2022-05-29,2159,1217,MISSI,7,5,7,3801,0,0,0,,0,3CAR,"FOLSOM ST","18TH ST",0.00,,-,A,-,N,,,,,,,,,,N,3,0,1,2,A,-,03,22350,A,N,A,G,A,A,H,-,C,A,0,,Y,,,Y,,L,04,0,1,0,0,0,0,1,0,0,"- ","- ",,,"SAN FRANCISCO","SAN FRANCISCO",-122.41499328613281,37.762100219726562
9459048,2022,2022-06-10,3801,2022-05-20,1712,001460,SOUTH,5,5,7,3801,0,0,0,,0,4R61,"THE EMBARCADERO EAST SIDEWALK","PIER 30-32",0.00,,-,A,-,N,,,,,,,,,,N,4,0,1,2,A,-,17,21235,G,N,D,J,A,A,H,-,A,D,0,,,,,Y,,-,,0,0,1,0,0,0,0,0,0,"- ","- ",,,"SAN FRANCISCO","SAN FRANCISCO",-122.38771057128906,37.787067413330078
9459049,2022,2022-06-09,3801,2022-05-21,1254,001460,SOUTH,6,5,7,3801,0,0,0,,0,3B5A,"KING ST","2ND ST",180.00,N,N,A,-,N,,,,,,,,,,N,3,0,3,2,A,-,17,22517,,N,B,G,A,A,H,-,A,D,0,,Y,,,Y,,A,01,0,2,1,0,0,0,3,0,0,"- ","- ",,,"SAN FRANCISCO","SAN FRANCISCO",-122.38925933837891,37.780281066894531
9459308,2022,2022-06-14,3801,2022-03-24,1650,1148,MISSI,4,5,7,3801,0,0,0,,0,3D15D,"JULIAN AV","16TH ST",0.00,,Y,A,-,N,,,,,,,,,,N,4,0,1,2,A,-,09,21804,A,N,B,C,A,A,H,-,A,D,0,,,,,Y,,A,01,0,0,1,0,0,0,0,0,0,"- ","- ",,,"SAN FRANCISCO","SAN FRANCISCO",-122.4208984375,37.764972686767578
9459373,2022,2022-11-03,3801,2022-03-18,1409,2706,MISSI,5,5,7,3801,0,0,0,,0,3D14C,"POTRERO AV","21ST ST",0.00,,Y,A,-,N,,,,,,,,,,N,4,0,1,2,A,-,17,22517,,N,B,G,A,A,-,-,A,A,0,,Y,,,Y,,-,"- ",0,0,1,0,0,0,1,0,0,"- ","- ",,,"SAN FRANCISCO","SAN FRANCISCO",-122.40678405761719,37.757762908935547
9459378,2022,2022-10-24,3801,2022-03-27,2230,2341,INGLE,7,5,7,3801,0,0,0,,0,3H11E,"MISSION ST","30TH ST",38.00,N,N,B,-,N,,,,,,,,,,Y,4,0,1,2,C,-,18,,,N,C,C,A,B,H,-,C,A,0,,,,,Y,,-,"- ",0,0,1,0,0,0,0,0,0,"- ","- ",,,"SAN FRANCISCO","SAN FRANCISCO",-122.42190551757812,37.742485046386719
9460096,2022,2022-06-24,3801,2022-01-24,1555,1066,NORTH,1,5,7,3801,0,0,0,,0,1CAR,"HAIGHT ST","FILLMORE ST",0.00,,Y,A,-,N,,,,,,,,,,N,2,0,1,2,A,-,08,22100,B,N,D,G,A,A,H,-,A,A,0,,Y,,,Y,,A,01,1,0,0,0,0,0,1,0,0,"- ","- ",,,"SAN FRANCISCO","SAN FRANCISCO",-122.43045043945312,37.772117614746094
94606648,2025,2025-03-18,9335,2025-03-02,1805,024277,,7,2,7,3801,0,1,A,,2,090,"I-80 E/B","TREASURE ISLAND RD",200.00,W,N,A,-,Y,SF,,80," "," ",7.679,H,,R,Y,4,0,2,2,A,-,03,22350,,N,C,C,A,A,H,-,B,D,0,,,,,Y,,A,07,0,0,2,0,0,0,0,0,0,"- ","- ",37.808551788330078,-122.36676025390625,"SAN FRANCISCO","SAN FRANCISCO",-122.36674499511719,37.808540344238281
94608225,2025,2025-03-18,9335,2025-03-11,"47  ",022596,,2,3,7,3801,0,1,1,,2,022,"I-280 N/B","GENEVA AVENUE OVERCROSSING",296.00,S,N,A,-,Y,SF,,280," ",R,1.586,H,,R,Y,4,0,1,1,A,-,08,22107,,N,E,I,A,A,H,-,C,D,0,,,,,Y,,A,07,0,0,1,0,0,0,0,0,0,"- ","- ",37.720371246337891,-122.4482421875,"SAN FRANCISCO","SAN FRANCISCO",-122.44818115234375,37.720367431640625
94609048,2025,2025-03-18,9335,2025-03-11,1905,024179,,2,2,7,3801,0,1,1,,2,024,"I-280 NORTHBOUND TO 6TH STREET","BERRY STREET UNDERCROSSING",55.00,S,N,A,-,Y,SF,,280," ",T,7.281,H,,R,N,4,0,2,2,A,-,03,22350,,N,C,C,A,A,H,-,B,D,0,,,,,Y,,A,07,0,0,2,0,0,0,0,0,0,"- ","- ",37.772018432617188,-122.39775085449219,"SAN FRANCISCO","SAN FRANCISCO",-122.39781951904297,37.771987915039062
94631777,2025,2025-03-31,9335,2025-03-24,1210,015709,,1,1,7,3801,0,1,1,,1,081,"I-80 W/B","TREASURE ISLAND RD",1267.00,W,N,A,-,Y,SF,,80," "," ",7.373,H,,L,Y,4,0,1,2,A,-,03,22350,,N,C,C,A,A,H,-,A,D,0,,,,,Y,,A,01,0,0,1,0,0,0,0,0,0,"- ","- ",37.805149078369141,-122.37046051025391,"SAN FRANCISCO","SAN FRANCISCO",-122.37030792236328,37.805046081542969
94634783,2025,2025-04-02,9335,2025-03-29,1515,021222,,6,2,7,3801,0,1,2,,2,014,"US-101 NORTHBOUND","18TH STREET PEDESTRIAN OVERCROSSING",20.00,N,N,A,-,Y,SF,,101," "," ",3.963,H,,R,N,4,0,1,2,A,-,03,22350,,N,C,C,A,A,H,-,A,D,0,,,,,Y,,A,01,0,0,1,0,0,0,0,0,0,"- ","- ",37.762210845947266,-122.40569305419922,"SAN FRANCISCO","SAN FRANCISCO",-122.40561676025391,37.762184143066406
94636089,2025,2025-04-03,9335,2025-03-29,1750,021222,,6,2,7,3801,0,1,1,,1,083,"I-80 EASTBOUND","SAN FRANCISCO / OAKLAND BAY BRIDGE CENTER ANCHORAG",2360.00,E,N,A,-,Y,SF,,80," "," ",7.200,H,,R,Y,4,0,3,4,A,-,03,22350,,N,C,C,A,A,H,-,A,D,0,,,,,Y,,A,01,0,0,3,0,0,0,0,0,0,"- ","- ",37.803180694580078,-122.37246704101562,"SAN FRANCISCO","SAN FRANCISCO",-122.37236785888672,37.803112030029297
9463680,2022,2022-09-27,3801,2022-07-28,1808,4119,TRAFF,4,5,7,3801,0,0,0,,0,4B3K,"DUBOCE ST","MISSION ST",0.00,,Y,A,-,N,,,,,,,,,,Y,4,0,5,2,A,-,12,21453,A,F,D,D,A,A,H,-,A,A,0,,,,,Y,Y,J,48,0,0,5,0,0,0,0,0,0,"- ","- ",,,"SAN FRANCISCO","SAN FRANCISCO",-122.42018127441406,37.769992828369141
9464243,2023,2023-06-16,3801,2023-01-23,"543 ",1422,TRAFF,1,5,7,3801,0,0,0,,0,4B2F,"FRANKLIN ST","EDDY ST",70.00,N,N,A,-,N,,,,,,,,,,Y,1,1,0,2,A,-,11,21954,A,N,G,B,E,A,H,-,C,A,0,Y,,,,Y,,N,60,0,0,0,1,0,0,0,0,0,"- ","- ",,,"SAN FRANCISCO","SAN FRANCISCO",-122.42247772216797,37.782859802246094
9464405,2022,2022-09-29,3801,2022-05-15,0136,1766,TENDE,7,5,7,3801,0,0,0,,0,4B103,"ELLIS ST","LEAVENWORTH ST",182.00,W,N,A,-,N,,,,,,,,,,N,1,1,0,2,A,-,10,21954,B,F,G,B,D,A,H,-,C,D,0,Y,,,,Y,Y,A,07,0,0,0,1,0,0,0,0,0,"- ","- ",,,"SAN FRANCISCO","SAN FRANCISCO",-122.4150390625,37.784580230712891
9464407,2022,2022-09-29,3801,2022-06-09,1812,76,TRAFF,4,5,7,3801,0,0,0,,0,4B3B,"LARKIN ST","EDDY ST",0.00,,Y,A,-,N,,,,,,,,,,Y,1,1,0,2,A,-,12,21453,A,N,D,C,A,A,H,-,A,A,0,,,Y,Y,Y,,C,02,0,0,0,0,0,0,0,1,0,"- ","- ",,,"SAN FRANCISCO","SAN FRANCISCO",-122.41751861572266,37.783294677734375
9464465,2022,2022-09-20,3801,2022-05-21,1548,4178,RICHM,6,5,7,3801,0,0,0,,0,4B3A,"FULTON ST","37TH AV",13.00,E,N,A,-,N,,,,,,,,,,Y,1,1,0,2,A,-,10,21950,A,N,G,B,B,A,H,-,A,A,0,Y,,,,Y,,A,07,0,0,0,1,0,0,0,0,0,"- ","- ",,,"SAN FRANCISCO","SAN FRANCISCO",-122.49700164794922,37.771991729736328
9464496,2022,2022-07-28,3801,2022-06-14,1442,2161,MISSI,2,5,7,3801,0,0,0,,0,3D13A,"20TH ST","CAPP ST",0.00,,Y,A,-,N,,,,,,,,,,Y,2,0,3,2,A,-,10,21950,A,N,D,C,A,A,H,-,A,D,0,,,,,Y,,A,01,1,1,1,0,0,0,0,0,0,"- ","- ",,,"SAN FRANCISCO","SAN FRANCISCO",-122.41796112060547,37.758682250976562
94650764,2025,2025-04-15,9335,2025-04-11,2200,024467,,5,3,7,3801,0,1,1,,2,080,"I-80 W/B 7TH STREET UNDERCROSSING","7TH STREET UNDERCROSSING",165.00,E,N,A,-,Y,SF,,80," "," ",4.528,H,,L,Y,4,0,2,2,A,-,07,21658,A,N,B,2,A,A,H,-,C,D,0,,,,,Y,,-,"- ",0,0,2,0,0,0,0,0,0,"- ","- ",37.775741577148438,-122.40574645996094,"SAN FRANCISCO","SAN FRANCISCO",-122.40569305419922,37.77569580078125
9467671,2022,2022-12-08,3801,2022-11-02,0754,392,MISSI,3,5,7,3801,0,0,0,,0,3D14A,"VALENCIA ST","24TH ST",150.00,S,N,A,-,N,,,,,,,,,,N,4,0,1,2,A,-,08,22107,,N,B,C,A,A,H,-,A,D,0,,,,,Y,,J,48,0,0,1,0,0,0,0,0,0,"- ","- ",,,"SAN FRANCISCO","SAN FRANCISCO",-122.42061614990234,37.751697540283203
9467684,2022,2022-12-12,3801,2022-10-12,1630,1251,BAYVI,3,5,7,3801,0,0,0,,0,3C15D,"18TH ST","MISSION ST",1.00,W,N,A,-,N,,,,,,,,,,N,3,0,1,2,A,-,11,21950,B,N,G,B,B,A,H,-,A,A,0,Y,,,,Y,,N,60,0,1,0,0,1,0,0,0,0,"- ","- ",,,"SAN FRANCISCO","SAN FRANCISCO",-122.41937255859375,37.7618408203125
94677545,2025,2025-05-06,9335,2025-05-04,1750,017672,,7,2,7,3801,0,1,1,,1,081,"I-80 W/B","CECTER ANCHORAGE",600.00,W,N,A,-,Y,SF,,80," "," ",6.627,H,,L,N,4,0,1,3,A,-,03,22350,,N,C,C,A,A,H,-,A,D,0,,,,,Y,,A,07,0,0,1,0,0,0,0,0,0,"- ","- ",37.796821594238281,-122.37941741943359,"SAN FRANCISCO","SAN FRANCISCO",-122.37928009033203,37.796726226806641
94680303,2025,2025-05-08,9335,2025-05-05,2339,024322,,1,3,7,3801,0,1,1,,2,080,"I-80 E/B FROM STERLING ST","2ND ST",340.00,E,N,A,-,Y,,,,,,,,,,N,4,0,1,2,A,-,04,21703,,M,C,C,A,A,H,-,D,D,0,,,,,Y,,-,99,0,0,1,0,0,0,0,0,0,"- ","- ",37.783939361572266,-122.39314270019531,"SAN FRANCISCO","SAN FRANCISCO",-122.3935546875,37.784332275390625
94684526,2025,2025-05-13,9335,2025-05-11,1420,021222,,7,2,7,3801,0,1,1,,1,081,"I-80 WESTBOUND","BEALE STREET",100.00,E,N,A,-,Y,SF,,80," "," ",5.747,H,,L,N,4,0,1,2,A,-,03,22350,,N,C,C,A,A,H,-,A,D,0,,,,,Y,,A,01,0,0,1,0,0,0,0,0,0,"- ","- ",37.786960601806641,-122.38992309570312,"SAN FRANCISCO","SAN FRANCISCO",-122.38992309570312,37.786964416503906
94685375,2025,2025-05-13,9335,2025-05-06,1555,022860,,2,2,7,3801,0,1,2,,2,013,"US-101 N/B","PAUL AVE",1400.00,S,N,A,-,Y,SF,,101," "," ",0.839,H,,R,N,4,0,3,2,A,-,03,22350,,M,C,C,A,A,H,-,A,D,0,,,,,Y,,D,22,0,0,3,0,0,0,0,0,0,"- ","- ",37.719921112060547,-122.39962005615234,"SAN FRANCISCO","SAN FRANCISCO",-122.39968109130859,37.71990966796875
9468614,2023,2023-09-08,3801,2023-08-22,1505,528,NORTH,2,5,7,3801,0,0,0,,0,901,"UNION ST","BUCHANAN ST",13.00,W,N,A,-,N,,,,,,,,,,N,4,0,1,2,A,-,10,21950,A,N,G,B,B,A,H,-,A,A,0,Y,,,,Y,,A,01,0,0,1,0,1,0,0,0,0,"- ","- ",,,"SAN FRANCISCO","SAN FRANCISCO",-122.43224334716797,37.797504425048828
9468617,2023,2023-09-08,3801,2023-08-29,1728,1796,RICHM,2,5,7,3801,0,0,0,,0,,"GEARY BL",27TH,0.00,,Y,A,-,N,,,,,,,,,,Y,4,0,1,2,A,-,12,21453,A,N,D,C,A,A,H,-,A,A,0,,,,,Y,,A,01,0,0,1,0,0,0,0,0,0,"- ","- ",,,"SAN FRANCISCO","SAN FRANCISCO",-122.48689270019531,37.780048370361328
9468629,2023,2023-09-27,3801,2023-08-24,1210,2707,TARAV,4,5,7,3801,0,0,0,,0,3CAR,"37TH AV","KIRKHAM ST",0.00,,Y,A,-,N,,,,,,,,,,N,3,0,1,2,A,-,10,21950,,N,D,-,A,A,H,-,A,A,0,,,,,Y,,A,01,0,1,0,0,0,0,0,0,0,"- ","- ",,,"SAN FRANCISCO","SAN FRANCISCO",-122.49616241455078,37.758987426757812
9468633,2023,2023-09-08,3801,2023-08-24,"925 ",1857,SOUTH,4,5,7,3801,0,0,0,,0,3B60,"7TH ST","HUBBELL ST",33.00,N,N,A,-,N,,,,,,,,,,N,2,0,1,1,D,-,00,,,N,H,-,A,A,H,-,A,D,0,,,,,Y,,-,"- ",1,0,0,0,0,0,0,0,0,"- ","- ",,,"SAN FRANCISCO","SAN FRANCISCO",-122.39678955078125,37.767894744873047
9468654,2023,2023-09-21,3801,2023-08-19,2045,1414,MISSI,6,5,7,3801,0,0,0,,0,3D11D,"13TH ST","MISSION ST",0.00,,Y,A,-,N,,,,,,,,,,N,3,0,1,2,A,-,12,21453,,F,D,C,A,A,H,-,C,A,0,,,Y,,Y,,A,01,0,1,0,0,0,0,0,0,1,"- ","- ",,,"SAN FRANCISCO","SAN FRANCISCO",-122.419921875,37.769977569580078
9468657,2023,2023-09-21,3801,2023-08-22,"845 ",1061,SOUTH,2,5,7,3801,0,0,0,,0,3B14A,"MARKET ST","OCTAVIA ST",0.00,,Y,A,-,N,,,,,,,,,,N,4,0,1,2,A,-,08,22101,D,N,D,G,A,A,H,-,A,A,0,,Y,,,Y,,A,01,0,0,1,0,0,0,1,0,0,"- ","- ",,,"SAN FRANCISCO","SAN FRANCISCO",-122.42359161376953,37.771774291992188
9468658,2023,2023-09-21,3801,2023-08-21,1801,2038,PARK,1,5,7,3801,0,0,0,,0,3F13D,"PARKER AV","ANZA ST",223.00,S,N,A,-,N,,,,,,,,,,N,3,0,1,2,A,-,09,21804,,N,H,A,A,A,H,-,A,D,0,,,Y,,Y,,A,01,0,1,0,0,0,0,0,0,1,"- ","- ",,,"SAN FRANCISCO","SAN FRANCISCO",-122.45376586914062,37.779621124267578