CASE_ID,ACCIDENT_YEAR,PROC_DATE,JURIS,COLLISION_DATE,COLLISION_TIME,OFFICER_ID,REPORTING_DISTRICT,DAY_OF_WEEK,CHP_SHIFT,POPULATION,CNTY_CITY_LOC,SPECIAL_COND,BEAT_TYPE,CHP_BEAT_TYPE,CITY_DIVISION_LAPD,CHP_BEAT_CLASS,BEAT_NUMBER,PRIMARY_RD,SECONDARY_RD,DISTANCE,DIRECTION,INTERSECTION,WEATHER_1,WEATHER_2,STATE_HWY_IND,CALTRANS_COUNTY,CALTRANS_DISTRICT,STATE_ROUTE,ROUTE_SUFFIX,POSTMILE_PREFIX,POSTMILE,LOCATION_TYPE,RAMP_INTERSECTION,SIDE_OF_HWY,TOW_AWAY,COLLISION_SEVERITY,NUMBER_KILLED,NUMBER_INJURED,PARTY_COUNT,PRIMARY_COLL_FACTOR,PCF_CODE_OF_VIOL,PCF_VIOL_CATEGORY,PCF_VIOLATION,PCF_VIOL_SUBSECTION,HIT_AND_RUN,TYPE_OF_COLLISION,MVIW,PED_ACTION,ROAD_SURFACE,ROAD_COND_1,ROAD_COND_2,LIGHTING,CONTROL_DEVICE,CHP_ROAD_TYPE,PEDESTRIAN_ACCIDENT,BICYCLE_ACCIDENT,MOTORCYCLE_ACCIDENT,TRUCK_ACCIDENT,NOT_PRIVATE_PROPERTY,ALCOHOL_INVOLVED,STWD_VEHTYPE_AT_FAULT,CHP_VEHTYPE_AT_FAULT,COUNT_SEVERE_INJ,COUNT_VISIBLE_INJ,COUNT_COMPLAINT_PAIN,COUNT_PED_KILLED,COUNT_PED_INJURED,COUNT_BICYCLIST_KILLED,COUNT_BICYCLIST_INJURED,COUNT_MC_KILLED,COUNT_MC_INJURED,PRIMARY_RAMP,SECONDARY_RAMP,LATITUDE,LONGITUDE,COUNTY,CITY,POINT_X,POINT_Y
9636292,2023,2024-03-19,3801,2023-12-16,2331,1827,MISSI,6,5,7,3801,0,0,0,,0,,"16TH ST","VALENCIA ST",0.00,,Y,A,-,N,,,,,,,,,,N,4,0,2,2,A,-,08,22107,,N,A,C,A,A,-,-,C,A,0,,Y,,,Y,,-,,0,0,2,0,0,0,1,0,0,"- ","- ",,,"SAN FRANCISCO","SAN FRANCISCO",-122.42189025878906,37.764907836914062
9636296,2023,2024-06-21,3801,2023-12-14,2000,899,RICHM,4,5,7,3801,0,0,0,,0,3G15A,"TOWNSEND ST","6TH ST",64.00,W,N,-,-,N,,,,,,,,,,N,3,0,1,2,A,-,09,21801,A,N,D,G,A,A,H,-,C,D,0,,Y,Y,,Y,,-,"- ",0,1,0,0,0,0,1,0,0,"- ","- ",,,"SAN FRANCISCO","SAN FRANCISCO",-122.39958190917969,37.773483276367188
9636302,2023,2024-02-14,3801,2023-12-15,1504,2722,MISSI,5,5,7,3801,0,0,0,,0,3D14D,"MISSION ST","23RD ST",287.00,S,N,A,-,N,,,,,,,,,,N,4,0,1,2,A,-,03,22350,,N,B,-,A,A,H,-,A,A,0,,,,,Y,Y,A,01,0,0,1,0,0,0,0,0,0,"- ","- ",,,"SAN FRANCISCO","SAN FRANCISCO",-122.41854095458984,37.753044128417969
9636304,2023,2024-02-14,3801,2023-12-15,"808 ",1457,TARAV,5,5,7,3801,0,0,0,,0,002,"IRVING ST","22ND AV",0.00,,Y,A,-,N,,,,,,,,,,Y,4,0,1,2,D,-,00,,,N,D,-,A,A,H,-,A,A,0,,,,,Y,,-,"- ",0,0,1,0,0,0,0,0,0,"- ","- ",,,"SAN FRANCISCO","SAN FRANCISCO",-122.48035430908203,37.763423919677734
9636308,2023,2024-02-14,3801,2023-12-13,2200,2354,TARAV,3,5,7,3801,0,0,0,,0,001,"VICENTE ST","19TH AV",0.00,,Y,A,-,N,,,,,,,,,,N,4,0,1,2,A,-,12,21453,A,N,D,C,A,A,H,-,C,A,0,,,Y,,Y,,A,01,0,0,1,0,0,0,0,0,1,"- ","- ",,,"SAN FRANCISCO","SAN FRANCISCO",-122.47542572021484,37.739311218261719
9636309,2023,2024-02-14,3801,2023-12-13,1601,82,MISSI,3,5,7,3801,0,0,0,,0,3D13D,"21ST ST","S VAN NESS AV",121.00,E,N,A,-,N,,,,,,,,,,Y,4,0,1,2,A,-,03,22350,,N,C,C,A,A,H,-,A,A,0,,,,,Y,,A,01,0,0,1,0,0,0,0,0,0,"- ","- ",,,"SAN FRANCISCO","SAN FRANCISCO",-122.41633605957031,37.757194519042969
9636313,2023,2024-02-15,3801,2023-12-13,"700 ",4132,MISSI,3,5,7,3801,0,0,0,,0,006,"POTRERO AV","ALAMEDA ST",0.00,,Y,A,-,N,,,,,,,,,,N,3,0,1,2,A,-,04,21703,,N,C,C,A,A,H,-,B,A,0,,,Y,,Y,,A,01,0,1,0,0,0,0,0,0,1,"- ","- ",,,"SAN FRANCISCO","SAN FRANCISCO",-122.40779113769531,37.768383026123047
9638048,2023,2024-01-09,3801,2023-10-25,1018,1936,TRAFF,3,5,7,3801,0,0,0,,0,4B1D,"CONGO ST","MELROSE AV",0.00,,Y,A,-,N,,,,,,,,,,N,4,0,1,2,A,-,04,21703,,N,-,-,A,A,H,-,A,-,0,,,,,Y,,A,01,0,0,1,0,0,0,0,0,0,"- ","- ",,,"SAN FRANCISCO","SAN FRANCISCO",-122.44202423095703,37.733833312988281
9638094,2023,2023-12-07,3801,2023-11-05,"717 ",2379,CENTR,7,5,7,3801,0,0,0,,0,3A11A,"OFARRELL ST","CYRIL MAGNIN ST",0.00,,Y,A,-,N,,,,,,,,,,N,4,0,1,2,A,-,08,22100,A,N,B,D,A,A,H,-,A,B,0,,,,,Y,,A,07,0,0,1,0,0,0,0,0,0,"- ","- ",,,"SAN FRANCISCO","SAN FRANCISCO",-122.40894317626953,37.786312103271484
9638530,2023,2024-01-18,3801,2023-11-05,1641,707,,7,5,7,3801,0,0,0,,0,4B3G,"EDDY ST","HYDE ST",25.00,W,N,B,-,N,,,,,,,,,,N,4,0,1,2,A,-,11,21954,A,N,G,B,E,A,H,-,B,D,0,Y,,,,Y,,N,60,0,0,1,0,1,0,0,0,0,"- ","- ",,,"SAN FRANCISCO","SAN FRANCISCO",-122.41597747802734,37.783500671386719
9640212,2024,2024-07-31,3801,2024-01-01,2026,1435,TRAFF,1,5,7,3801,0,0,0,,0,4B4C,"RT 1","PALMETTO AV",601.00,S,N,A,-,Y,SF,4,1,-,R,0.050,H,-,N,Y,1,1,2,1,A,-,01,23152,G,N,E,I,A,A,H,-,C,D,0,,,,,Y,Y,A,01,1,1,0,0,0,0,0,0,0,"- ","- ",,,"SAN FRANCISCO","SAN FRANCISCO",-122.47102355957031,37.708942413330078
9640284,2024,2024-07-23,3801,2024-02-08,"458 ",917,TRAFF,4,5,7,3801,0,0,0,,0,4B2E,"6TH ST","BRYANT ST",0.00,,Y,A,-,N,,,,,,,,,,N,1,1,0,2,A,-,11,21954,A,N,G,B,E,A,H,-,C,A,0,Y,,,,Y,,N,60,0,0,0,1,0,0,0,0,0,"- ","- ",,,"SAN FRANCISCO","SAN FRANCISCO",-122.40250396728516,37.776058197021484
9640775,2024,2025-07-14,3801,2024-06-10,"341 ",917,TRAFF,1,5,7,3801,0,0,0,,0,4B2E,"MISSION ST","CORTLAND AV",109.00,N,N,A,-,N,,,,,,,,,,N,1,1,0,2,-,-,"- ",,,F,G,B,E,A,H,-,C,A,0,Y,,,,Y,,-,"- ",0,0,0,1,0,0,0,0,0,"- ","- ",,,"SAN FRANCISCO","SAN FRANCISCO",-122.42267608642578,37.741279602050781
9640936,2024,2025-01-24,3801,2024-08-09,1538,2305,TRAFF,5,5,7,3801,0,0,0,,0,4B3F,"BAY SHORE BL","HELENA ST",77.00,N,N,A,-,N,,,,,,,,,,Y,1,1,0,2,A,-,09,21801,A,N,D,G,A,A,H,-,A,D,0,,Y,,,Y,,D,22,0,0,0,0,0,1,0,0,0,"- ","- ",,,"SAN FRANCISCO","SAN FRANCISCO",-122.40677642822266,37.736560821533203
9641812,2023,2023-12-18,3801,2023-10-30,1611,746,INGLE,1,5,7,3801,0,0,0,,0,3H13D,"SAN JOSE AV","SANTA ROSA AV",0.00,,Y,A,-,N,,,,,,,,,,N,4,0,1,2,A,-,10,21950,A,N,G,B,B,A,-,-,A,A,0,Y,,,,Y,,A,07,0,0,1,0,0,0,0,0,0,"- ","- ",,,"SAN FRANCISCO","SAN FRANCISCO",-122.44010162353516,37.728954315185547
9641823,2023,2023-12-08,3801,2023-10-20,1843,1994,TRAFF,5,5,7,3801,0,0,0,,0,4B3C,"BRANNAN ST","9TH ST",243.00,E,N,A,-,N,,,,,,,,,,N,4,0,1,2,A,-,09,21801,A,N,D,C,A,A,H,-,B,D,0,,,,,Y,,A,01,0,0,1,0,0,0,0,0,0,"- ","- ",,,"SAN FRANCISCO","SAN FRANCISCO",-122.40638732910156,37.770523071289062
9641825,2023,2023-12-08,3801,2023-10-30,1721,1057,SOUTH,1,5,7,3801,0,0,0,,0,3B13D,"THE EMBARCADERO SOUTH","BRYANT ST",0.00,,Y,A,-,N,,,,,,,,,,N,2,0,1,1,A,-,17,21663,,N,E,A,A,A,G,-,A,A,0,,Y,,,Y,,L,04,1,0,0,0,0,0,1,0,0,"- ","- ",,,"SAN FRANCISCO","SAN FRANCISCO",-122.38801574707031,37.787094116210938
9641832,2023,2023-12-08,3801,2023-10-29,2100,1447,PARK,7,5,7,3801,0,0,0,,0,003,"MASONIC AV","OAK ST",0.00,,Y,A,-,N,,,,,,,,,,N,4,0,1,2,A,-,09,21453,C,N,G,B,B,A,H,-,C,A,0,Y,,,,Y,,A,01,0,0,1,0,1,0,0,0,0,"- ","- ",,,"SAN FRANCISCO","SAN FRANCISCO",-122.44575500488281,37.772083282470703
9641869,2023,2024-01-23,3801,2023-11-04,"236 ",1406,CENTR,6,5,7,3801,0,0,0,,0,3A1,"BUSH ST","LEAVENWORTH ST",8.00,E,N,A,-,N,,,,,,,,,,N,2,0,1,2,D,-,00,,,N,G,B,D,A,H,-,C,A,0,Y,,,,Y,,-,"- ",1,0,0,0,1,0,0,0,0,"- ","- ",,,"SAN FRANCISCO","SAN FRANCISCO",-122.41535186767578,37.789344787597656
9641876,2023,2024-01-23,3801,2023-11-03,"621 ",2059,CENTR,5,5,7,3801,0,0,0,,0,3A4A,"THE EMBARCADERO","WASHINGTON ST",620.00,S,N,A,-,N,,,,,,,,,,N,3,0,1,2,A,-,12,21453,A,F,D,G,A,A,H,-,C,A,0,,Y,,,Y,,A,07,0,1,0,0,0,0,1,0,0,"- ","- ",,,"SAN FRANCISCO","SAN FRANCISCO",-122.39446258544922,37.795185089111328
9641879,2023,2024-01-23,3801,2023-11-01,1937,2487,BAYVI,3,5,7,3801,0,0,0,,0,3C1,"25TH ST","ILLINOIS ST",0.00,,Y,A,-,N,,,,,,,,,,Y,3,0,1,2,A,-,01,23152,A,M,B,E,A,A,H,-,C,A,0,,,,,Y,Y,A,01,0,1,0,0,0,0,0,0,0,"- ","- ",,,"SAN FRANCISCO","SAN FRANCISCO",-122.38686370849609,37.752902984619141
9641880,2023,2024-01-23,3801,2023-11-02,"720 ",1428,MISSI,4,5,7,3801,0,0,0,,0,03D,"CHURCH ST","JERSEY ST",0.00,,Y,A,-,N,,,,,,,,,,Y,4,0,2,2,A,-,21,22106,,N,D,C,A,A,H,-,A,D,0,,,,,Y,,A,01,0,0,2,0,0,0,0,0,0,"- ","- ",,,"SAN FRANCISCO","SAN FRANCISCO",-122.42736053466797,37.750877380371094
9642021,2023,2024-01-17,3801,2023-11-04,2234,2718,,6,5,7,3801,0,0,0,,0,3C11D,"RD ST","WALLACE AVE",0.00,,Y,A,-,N,,,,,,,,,,N,3,0,1,1,A,-,00,21221,,N,H,A,A,A,H,-,C,A,0,,,Y,,Y,,C,03,0,1,0,0,0,0,0,0,1,"- ","- ",,,"SAN FRANCISCO","SAN FRANCISCO",,
9642022,2023,2024-01-17,3801,2023-11-01,1305,2366,,3,5,7,3801,0,0,0,,0,3E6C,"FRANKLIN ST","VALLEJO ST",0.00,,Y,A,-,N,,,,,,,,,,Y,4,0,1,3,A,-,03,22350,,N,C,C,A,A,H,-,A,A,0,,,,,Y,,A,01,0,0,1,0,0,0,0,0,0,"- ","- ",,,"SAN FRANCISCO","SAN FRANCISCO",-122.42523956298828,37.796489715576172
9642025,2023,2024-01-17,3801,2023-11-03,1834,582,,5,5,7,3801,0,0,0,,0,3A12E,"GEARY ST","LARKIN ST",0.00,,Y,A,-,N,,,,,,,,,,N,4,0,1,2,A,-,10,21950,A,N,G,B,B,A,H,-,C,A,0,Y,,,,Y,,A,01,0,0,1,0,1,0,0,0,0,"- ","- ",,,"SAN FRANCISCO","SAN FRANCISCO",-122.41810607910156,37.786113739013672
9642027,2023,2024-01-17,3801,2023-11-04,1306,484,,6,5,7,3801,0,0,0,,0,3E15A,"LAGUNA ST","UNION ST",0.00,,Y,A,-,N,,,,,,,,,,N,3,0,1,2,A,-,03,22350,,N,G,B,C,A,H,-,A,-,0,Y,,,,Y,,A,01,0,1,0,0,1,0,0,0,0,"- ","- ",,,"SAN FRANCISCO","SAN FRANCISCO",-122.4305419921875,37.797714233398438
9642030,2023,2024-01-17,3801,2023-11-04,2055,664,,6,5,7,3801,0,0,0,,0,3CAR,"ANZA ST","3RD AVE",51.00,E,N,A,-,N,,,,,,,,,,Y,4,0,1,4,A,-,03,22350,,N,C,E,-,A,H,-,C,A,0,Y,,,,Y,Y,A,01,0,0,1,0,1,0,0,0,0,"- ","- ",,,"SAN FRANCISCO","SAN FRANCISCO",-122.46075439453125,37.77923583984375
9642031,2023,2024-01-17,3801,2023-11-01,"652 ",1210,,3,5,7,3801,0,0,0,,0,0H3,"PERALTA AV","LISBON ST",0.00,,Y,A,-,N,,,,,,,,,,N,4,0,1,2,A,-,10,21950,A,N,G,B,B,A,H,-,C,A,0,Y,,,,Y,,A,01,0,0,1,0,1,0,0,0,0,"- ","- ",,,"SAN FRANCISCO","SAN FRANCISCO",,
9642032,2023,2024-01-25,3801,2023-11-01,"730 ",1511,,3,5,7,3801,0,0,0,,0,3C11A,"RT 280","CEASAR CHAVEZ ST",0.00,,Y,A,-,Y,SF,4,280,-,R,5.182,R,1,N,N,3,0,1,2,D,-,00,,,N,G,B,E,A,H,-,B,D,0,Y,,,,Y,,-,"- ",0,1,0,0,1,0,0,0,0,NF,"- ",,,"SAN FRANCISCO","SAN FRANCISCO",-122.39566802978516,37.744182586669922
9642049,2023,2024-01-23,3801,2023-11-07,1456,2222,NORTH,2,5,7,3801,0,0,0,,0,3E11D,"LAGUNA ST","GREEN ST",0.00,,Y,A,-,N,,,,,,,,,,N,2,0,1,2,A,-,10,21950,A,F,G,B,B,A,H,-,A,A,0,Y,,,,Y,,A,01,1,0,0,0,1,0,0,0,0,"- ","- ",,,"SAN FRANCISCO","SAN FRANCISCO",-122.43035125732422,37.796787261962891
9642051,2023,2024-01-23,3801,2023-11-06,1720,1909,NORTH,1,5,7,3801,0,0,0,,0,NORTHE,"LOMBARD ST","LAGUNA ST",0.00,,Y,A,-,N,,,,,,,,,,N,3,0,1,2,A,-,10,21950,A,N,G,B,B,A,H,-,C,A,0,Y,,,,Y,,A,01,0,1,0,0,1,0,0,0,0,"- ","- ",,,"SAN FRANCISCO","SAN FRANCISCO",-122.43110656738281,37.80047607421875
9642058,2023,2024-01-23,3801,2023-11-03,1330,2735,MISSI,5,5,7,3801,0,0,0,,0,3D13E,"21ST ST","ALABAMA ST",0.00,,Y,A,-,N,,,,,,,,,,N,2,0,1,2,A,-,12,22450,A,N,G,B,B,A,H,-,A,A,0,Y,,,,Y,,A,01,1,0,0,0,1,0,0,0,0,"- ","- ",,,"SAN FRANCISCO","SAN FRANCISCO",-122.41141510009766,37.757503509521484
9642060,2023,2024-01-23,3801,2023-11-02,"531 ",317,CENTR,4,5,7,3801,0,0,0,,0,SECTOR,"STOCKTON ST","SUTTER ST",0.00,N,N,A,-,N,,,,,,,,,,Y,4,0,1,1,A,-,03,22350,,M,E,I,A,A,H,-,C,A,0,,,,,Y,,A,01,0,0,1,0,0,0,0,0,0,"- ","- ",,,"SAN FRANCISCO","SAN FRANCISCO",-122.40693664550781,37.789417266845703
9642142,2022,2023-12-14,3801,2022-08-31,1300,2491,SOUTH,3,5,7,3801,0,0,0,,0,3B91,"TOWNSEND ST","CLARENCE ST",0.00,,Y,A,-,N,,,,,,,,,,N,2,0,1,2,A,-,08,22107,,N,H,-,A,A,H,-,A,D,0,,,Y,,Y,,A,01,1,0,0,0,0,0,0,0,1,"- ","- ",,,"SAN FRANCISCO","SAN FRANCISCO",-122.39221954345703,37.779289245605469
9646224,2023,2024-01-12,3801,2023-11-19,1643,1173,RICHM,7,5,7,3801,0,0,0,,0,901,"CABRILLO ST","45TH AV",0.00,,Y,A,-,N,,,,,,,,,,N,4,0,1,3,A,-,03,22350,,N,B,C,A,A,H,-,A,A,0,,,Y,,Y,Y,C,02,0,0,1,0,0,0,0,0,1,"- ","- ",,,"SAN FRANCISCO","SAN FRANCISCO",-122.50576019287109,37.773433685302734
9647803,2023,2024-01-11,3801,2023-11-05,"105 ",2722,CENTR,7,5,7,3801,0,0,0,,0,3A14E,BROADWAY,"BATTERY ST",0.00,,Y,A,-,N,,,,,,,,,,N,4,0,1,2,D,-,00,,,N,-,C,A,A,H,-,C,A,0,,,,Y,Y,,-,"- ",0,0,1,0,0,0,0,0,0,"- ","- ",,,"SAN FRANCISCO","SAN FRANCISCO",-122.40103912353516,37.798595428466797
9647831,2023,2024-01-30,3801,2023-11-08,1810,1066,NORTH,3,5,7,3801,0,0,0,,0,3E11,"VAN NESS AV","FELL ST",0.00,,Y,A,-,N,,,,,,,,,,N,4,0,3,2,A,-,08,22107,,N,B,D,A,A,H,-,C,A,0,,,,,Y,,D,22,0,0,3,0,0,0,0,0,0,"- ","- ",,,"SAN FRANCISCO","SAN FRANCISCO",-122.41950225830078,37.776382446289062
9650188,2023,2024-01-22,3801,2023-11-10,1200,1723,CENTR,5,5,7,3801,0,0,0,,0,002,"SUTTER ST","STOCKTON ST",20.00,E,N,A,-,N,,,,,,,,,,N,4,0,1,2,A,-,07,21658,A,F,B,C,A,A,H,-,A,D,0,,,,Y,Y,,F,25,0,0,1,0,0,0,0,0,0,"- ","- ",,,"SAN FRANCISCO","SAN FRANCISCO",-122.40687561035156,37.7894287109375
9650245,2023,2024-01-11,3801,2023-11-30,1300,504,NORTH,4,5,7,3801,0,0,0,,0,3E15A,"LOMBARD ST","VAN NESS AV",0.00,,Y,A,-,N,,,,,,,,,,N,3,0,1,2,A,-,10,21950,A,N,G,B,B,A,H,-,A,A,0,Y,,,,Y,,A,08,0,1,0,0,1,0,0,0,0,"- ","- ",,,"SAN FRANCISCO","SAN FRANCISCO",-122.42446899414062,37.80133056640625
9650246,2023,2024-01-11,3801,2023-11-23,1328,1631,SOUTH,4,5,7,3801,0,0,0,,0,3B3A,"8TH ST","HOWARD ST",0.00,,Y,A,-,N,,,,,,,,,,N,4,0,1,2,A,-,10,21950,A,N,G,B,B,A,H,-,A,A,0,Y,,,,Y,,-,,0,0,1,0,1,0,0,0,0,"- ","- ",,,"SAN FRANCISCO","SAN FRANCISCO",-122.41159057617188,37.776229858398438
9650248,2023,2024-01-11,3801,2023-11-26,1535,1987,TENDE,7,5,7,3801,0,0,0,,0,3J14D,"EDDY ST","LEAVENWORTH ST",0.00,,Y,A,-,N,,,,,,,,,,N,3,0,1,2,A,-,"- ",,,N,H,A,A,A,H,-,A,A,0,,,,,Y,,L,04,0,1,0,0,0,0,0,0,0,"- ","- ",,,"SAN FRANCISCO","SAN FRANCISCO",-122.41423797607422,37.783729553222656
9650253,2023,2024-01-11,3801,2023-11-24,1830,917,NORTH,5,5,7,3801,0,0,0,,0,4B2E,"GEARY BL","BUCHANAN ST",42.00,E,N,A,-,N,,,,,,,,,,Y,2,0,1,2,A,-,11,21954,A,N,G,B,D,A,H,-,C,D,0,Y,,,,Y,,N,60,1,0,0,0,1,0,0,0,0,"- ","- ",,,"SAN FRANCISCO","SAN FRANCISCO",-122.42947387695312,37.784698486328125
9650262,2023,2024-02-13,3801,2023-12-08,1407,801,SOUTH,5,5,7,3801,0,0,0,,0,0B2,"5TH ST","WELSH ST",0.00,,Y,A,-,N,,,,,,,,,,N,4,0,1,2,A,-,09,21804,A,N,D,C,A,A,H,-,A,D,0,,,Y,,Y,,A,01,0,0,1,0,0,0,0,0,1,"- ","- ",,,"SAN FRANCISCO","SAN FRANCISCO",-122.39974975585938,37.777374267578125
9650266,2023,2024-02-13,3801,2023-12-05,1724,1243,PARK,2,5,7,3801,0,0,0,,0,3F12C,"HAIGHT ST","COLE ST",0.00,,Y,A,-,N,,,,,,,,,,N,2,0,1,2,A,-,06,21755,A,N,C,G,A,A,H,-,C,D,0,,Y,,,Y,,L,04,1,0,0,0,0,0,1,0,0,"- ","- ",,,"SAN FRANCISCO","SAN FRANCISCO",-122.45072937011719,37.769508361816406
9650268,2023,2024-02-13,3801,2023-12-04,1415,4267,TARAV,1,5,7,3801,0,0,0,,0,3I16A,"OCEAN AV","FAXON AV",10.00,S,N,A,-,N,,,,,,,,,,N,3,0,1,2,D,-,00,,,N,H,B,B,A,H,-,A,A,0,Y,Y,,,Y,,-,"- ",0,1,0,0,1,0,0,0,0,"- ","- ",,,"SAN FRANCISCO","SAN FRANCISCO",-122.460205078125,37.724754333496094
9650269,2023,2024-02-13,3801,2023-12-01,1706,1669,TENDE,5,5,7,3801,0,0,0,,0,3J97C,"EDDY ST","POLK ST",206.00,E,N,A,-,N,,,,,,,,,,N,4,0,1,2,A,-,09,21804,A,N,B,C,A,A,H,-,C,D,0,,,Y,,Y,,A,01,0,0,1,0,0,0,0,0,0,"- ","- ",,,"SAN FRANCISCO","SAN FRANCISCO",-122.41847991943359,37.783172607421875
9650281,2023,2024-02-05,3801,2023-12-10,"840 ",1351,MISSI,7,5,7,3801,0,0,0,,0,3D11,"VALENCIA ST","ROSA PARKS LN",0.00,,Y,A,B,N,,,,,,,,,,Y,4,0,1,2,A,-,10,21950,A,N,D,B,E,A,H,-,A,D,0,Y,,,,Y,,A,01,0,0,1,0,1,0,0,0,0,"- ","- ",,,"SAN FRANCISCO","SAN FRANCISCO",-122.42211151123047,37.767448425292969
9650287,2023,2024-02-05,3801,2023-12-12,"950 ",2008,MISSI,2,5,7,3801,0,0,0,,0,3D2A,"25TH ST","GUERRERO ST",0.00,,Y,A,-,N,,,,,,,,,,Y,4,0,1,2,A,-,09,21801,A,N,D,C,A,A,H,-,A,A,0,,,,,Y,,A,01,0,0,1,0,0,0,0,0,0,"- ","- ",,,"SAN FRANCISCO","SAN FRANCISCO",-122.42272186279297,37.750392913818359
9650293,2023,2024-02-05,3801,2023-12-05,2309,1183,NORTH,2,5,7,3801,0,0,0,,0,3E12E,"FULTON ST","FILLMORE ST",119.00,E,N,A,-,N,,,,,,,,,,N,4,0,1,2,A,-,21,22106,,N,D,C,A,A,H,-,C,D,0,,,Y,,Y,,A,01,0,0,1,0,0,0,0,0,1,"- ","- ",,,"SAN FRANCISCO","SAN FRANCISCO",-122.43115234375,37.777744293212891
9650300,2023,2024-02-05,3801,2023-12-01,1615,1707,NORTH,5,5,7,3801,0,0,0,,0,3E13D,"VAN NESS AV","TURK ST",0.00,,Y,A,-,N,,,,,,,,,,Y,4,0,1,2,A,-,12,21453,A,N,D,C,A,-,H,-,C,A,0,,,Y,,Y,,C,02,0,0,1,0,0,0,0,0,1,"- ","- ",,,"SAN FRANCISCO","SAN FRANCISCO",-122.42057800292969,37.781936645507812
9650312,2023,2024-02-23,3801,2023-12-01,1641,319,SOUTH,5,5,7,3801,0,0,0,,0,3B12D,"16TH ST","HUBBELL ST",0.00,,Y,A,-,N,,,,,,,,,,N,3,0,1,2,A,-,03,22350,,N,D,C,A,A,H,-,B,D,0,,,,,Y,,M,97,0,1,0,0,0,0,0,0,0,"- ","- ",,,"SAN FRANCISCO","SAN FRANCISCO",-122.39839935302734,37.766349792480469
9650464,2023,2024-02-15,3801,2023-12-06,1037,1396,SOUTH,3,5,7,3801,0,0,0,,0,3B15A,"HARRISON ST","OAK GROVE ST",0.00,,Y,A,-,N,,,,,,,,,,N,3,0,1,2,A,-,09,21804,A,N,D,C,A,B,D,-,A,D,0,,,,,Y,,A,01,0,1,0,0,0,0,0,0,0,"- ","- ",,,"SAN FRANCISCO","SAN FRANCISCO",-122.40296173095703,37.778148651123047
9650466,2023,2024-02-15,3801,2023-12-06,"857 ",1157,BAYVI,3,5,7,3801,0,0,0,,0,3C12A`,"3RD ST","CARGO WY",18.00,N,N,C,-,N,,,,,,,,,,Y,3,0,1,1,A,-,03,22350,,N,E,I,A,B,H,-,A,A,0,,,,,Y,,A,01,0,1,0,0,0,0,0,0,0,"- ","- ",,,"SAN FRANCISCO","SAN FRANCISCO",-122.38711547851562,37.746158599853516
9656512,2023,2024-01-25,3801,2023-12-17,"0   ",221,RICHM,7,5,7,3801,0,0,0,,0,3G1E,"GREAT HWY","LINCOLN WY",650.00,N,N,A,-,N,,,,,,,,,,Y,4,0,1,1,A,-,03,22350,,N,E,J,A,A,-,-,C,D,0,,,,,Y,,A,01,0,0,1,0,0,0,0,0,0,"- ","- ",,,"SAN FRANCISCO","SAN FRANCISCO",-122.5103759765625,37.765823364257812
9656798,2023,2024-02-23,3801,2023-11-27,1600,1503,RICHM,1,5,7,3801,0,0,0,,0,3G13D,"GEARY BL","WOOD ST",0.00,W,N,A,-,N,,,,,,,,,,Y,3,0,6,2,A,-,08,22107,,N,B,C,A,-,H,-,A,D,0,,,,,Y,,A,01,0,1,5,0,0,0,0,0,0,"- ","- ",,,"SAN FRANCISCO","SAN FRANCISCO",-122.4490966796875,37.782352447509766
9658036,2023,2024-02-14,3801,2023-12-26,"905 ",1944,INGLE,2,5,7,3801,0,0,0,,0,006,"BAYSHORE BL","SUNNYDALE AV",96.00,S,N,A,-,N,,,,,,,,,,N,4,0,1,2,A,-,00,21703,A,N,C,C,A,A,H,-,A,A,0,,,,,Y,,I,11,0,0,1,0,0,0,0,0,0,"- ","- ",,,"SAN FRANCISCO","SAN FRANCISCO",-122.40532684326172,37.708648681640625
9658562,2023,2024-02-14,3801,2023-12-21,1437,2398,NORTH,4,5,7,3801,0,0,0,,0,03E,"VAN NESS AV","BUSH ST",10.00,N,N,A,-,N,,,,,,,,,,N,4,0,1,2,A,-,03,22350,,F,D,B,F,A,H,-,A,D,0,Y,Y,,,Y,,L,04,0,0,1,0,1,0,0,0,0,"- ","- ",,,"SAN FRANCISCO","SAN FRANCISCO",-122.42191314697266,37.788516998291016
9658564,2023,2024-02-14,3801,2023-12-30,1722,2722,INGLE,6,5,7,3801,0,0,0,,0,3H15D,"RUSSIA AV","ATHENS ST",0.00,,Y,B,-,N,,,,,,,,,,N,4,0,1,2,A,-,12,22450,A,N,A,C,A,A,H,-,C,A,0,,,,,Y,,M,94,0,0,1,0,0,0,0,0,0,"- ","- ",,,"SAN FRANCISCO","SAN FRANCISCO",-122.43077087402344,37.718540191650391
9658566,2023,2024-02-14,3801,2023-12-30,2337,2098,TENDE,6,5,7,3801,0,0,0,,0,3J14E,"TURK ST","HYDE ST",169.00,E,N,A,-,N,,,,,,,,,,N,3,0,1,2,A,-,17,21235,G,F,A,B,F,A,H,-,C,A,0,Y,,Y,,Y,,C,03,0,1,0,0,1,0,0,0,0,"- ","- ",,,"SAN FRANCISCO","SAN FRANCISCO",-122.41511535644531,37.782649993896484
9658572,2023,2024-02-14,3801,2023-12-28,1748,1707,NORTH,4,5,7,3801,0,0,0,,0,3E13D,"POLK ST","EDDY ST",0.00,,Y,A,-,N,,,,,,,,,,N,2,0,1,2,A,-,10,21950,A,N,-,B,B,A,H,-,C,A,0,Y,,,,Y,Y,A,01,1,0,0,0,1,0,0,0,0,"- ","- ",,,"SAN FRANCISCO","SAN FRANCISCO",-122.41918182373047,37.7830810546875