CASE_ID,ACCIDENT_YEAR,PROC_DATE,JURIS,COLLISION_DATE,COLLISION_TIME,OFFICER_ID,REPORTING_DISTRICT,DAY_OF_WEEK,CHP_SHIFT,POPULATION,CNTY_CITY_LOC,SPECIAL_COND,BEAT_TYPE,CHP_BEAT_TYPE,CITY_DIVISION_LAPD,CHP_BEAT_CLASS,BEAT_NUMBER,PRIMARY_RD,SECONDARY_RD,DISTANCE,DIRECTION,INTERSECTION,WEATHER_1,WEATHER_2,STATE_HWY_IND,CALTRANS_COUNTY,CALTRANS_DISTRICT,STATE_ROUTE,ROUTE_SUFFIX,POSTMILE_PREFIX,POSTMILE,LOCATION_TYPE,RAMP_INTERSECTION,SIDE_OF_HWY,TOW_AWAY,COLLISION_SEVERITY,NUMBER_KILLED,NUMBER_INJURED,PARTY_COUNT,PRIMARY_COLL_FACTOR,PCF_CODE_OF_VIOL,PCF_VIOL_CATEGORY,PCF_VIOLATION,PCF_VIOL_SUBSECTION,HIT_AND_RUN,TYPE_OF_COLLISION,MVIW,PED_ACTION,ROAD_SURFACE,ROAD_COND_1,ROAD_COND_2,LIGHTING,CONTROL_DEVICE,CHP_ROAD_TYPE,PEDESTRIAN_ACCIDENT,BICYCLE_ACCIDENT,MOTORCYCLE_ACCIDENT,TRUCK_ACCIDENT,NOT_PRIVATE_PROPERTY,ALCOHOL_INVOLVED,STWD_VEHTYPE_AT_FAULT,CHP_VEHTYPE_AT_FAULT,COUNT_SEVERE_INJ,COUNT_VISIBLE_INJ,COUNT_COMPLAINT_PAIN,COUNT_PED_KILLED,COUNT_PED_INJURED,COUNT_BICYCLIST_KILLED,COUNT_BICYCLIST_INJURED,COUNT_MC_KILLED,COUNT_MC_INJURED,PRIMARY_RAMP,SECONDARY_RAMP,LATITUDE,LONGITUDE,COUNTY,CITY,POINT_X,POINT_Y
9824505,2025,2025-10-02,3801,2025-08-13,1335,2500,SOUTH,3,5,7,3801,0,0,0,,0,3B14A,"CLEMENTINA ST","5TH ST",0.00,,Y,A,-,N,,,,,,,,,,N,4,0,1,2,A,-,04,21703,,F,C,C,A,A,H,-,A,D,0,,,,,Y,,A,08,0,0,1,0,0,0,0,0,0,"- ","- ",,,"SAN FRANCISCO","SAN FRANCISCO",-122.40390777587891,37.780712127685547
9824510,2025,2025-09-12,3801,2025-08-11,"910 ",4055,TENDE,1,5,7,3801,0,0,0,,0,3J12A,"MARKET ST","7TH ST",0.00,,-,A,-,N,,,,,,,,,,N,3,0,2,3,A,-,17,22517,,F,H,G,A,A,H,-,A,D,0,,Y,,,Y,,D,22,0,2,0,0,0,0,2,0,0,"- ","- ",,,"SAN FRANCISCO","SAN FRANCISCO",-122.41251373291016,37.780479431152344
9824519,2025,2025-09-15,3801,2025-08-16,1353,2390,PARK,6,5,7,3801,0,0,0,,0,3F13A,"BAKER ST","HAIGHT ST",0.00,,Y,B,-,N,,,,,,,,,,N,4,0,1,2,A,-,09,21801,A,N,D,C,A,A,-,-,A,A,0,,,,,Y,Y,A,01,0,0,1,0,0,0,0,0,0,"- ","- ",,,"SAN FRANCISCO","SAN FRANCISCO",-122.44032287597656,37.770847320556641
9824529,2025,2025-09-15,3801,2025-08-15,2209,246,TARAV,5,5,7,3801,0,0,0,,0,4CAR,"OCEAN AV","JUNIPERO SERRA BL",0.00,,Y,B,-,N,,,,,,,,,,Y,3,0,1,3,A,-,01,23152,A,N,-,C,A,A,H,-,C,A,0,,,,,Y,Y,A,01,0,1,0,0,0,0,0,0,0,"- ","- ",,,"SAN FRANCISCO","SAN FRANCISCO",-122.47213745117188,37.731204986572266
9824535,2025,2025-10-03,3801,2025-08-10,2346,964,SOUTH,7,5,7,3801,0,0,0,,0,3B110,"BRYANT ST","RT 80",0.00,,Y,A,-,Y,SF,4,80,-,-,5.494,R,4,E,Y,4,0,2,2,A,-,04,21703,,N,C,C,A,A,H,-,C,A,0,,,,,Y,,A,01,0,0,2,0,0,0,0,0,0,"- ",EO,,,"SAN FRANCISCO","SAN FRANCISCO",-122.39334106445312,37.784515380859375
9824884,2025,2025-09-11,3801,2025-08-08,2048,1452,SOUTH,5,5,7,3801,0,0,0,,0,3B14D,"VALENCIA ST","MCCOPPIN ST",0.00,,Y,A,-,N,,,,,,,,,,N,4,0,1,2,A,-,12,21453,A,N,H,G,A,A,H,-,C,A,0,,Y,,,Y,,L,04,0,0,1,0,0,0,1,0,0,"- ","- ",,,"SAN FRANCISCO","SAN FRANCISCO",-122.42253112792969,37.771587371826172
9824890,2025,2025-09-11,3801,2025-08-05,1344,1593,PARK,2,5,7,3801,0,0,0,,0,,"OAK ST","BAKER ST",0.00,,Y,A,-,N,,,,,,,,,,N,3,0,1,2,A,-,12,21453,A,N,D,C,A,A,H,-,A,A,0,,Y,,,Y,,L,04,0,1,0,0,0,0,1,0,0,"- ","- ",,,"SAN FRANCISCO","SAN FRANCISCO",-122.44075775146484,37.772701263427734
9824901,2025,2025-09-11,3801,2025-08-07,1128,2742,INGLE,4,5,7,3801,0,0,0,,0,H15,"MISSION ST","PARK ST",0.00,,Y,A,-,N,,,,,,,,,,N,4,0,3,3,A,-,10,21950,A,N,G,B,B,A,H,-,A,A,0,Y,,Y,,Y,,C,02,0,0,3,0,2,0,0,0,1,"- ","- ",,,"SAN FRANCISCO","SAN FRANCISCO",-122.42422485351562,37.736640930175781
9824912,2025,2025-09-22,3801,2025-08-18,2007,2136,CENTR,1,5,7,3801,0,0,0,,0,3A13D,"LARKIN ST",BROADWAY,0.00,,Y,A,-,N,,,,,,,,,,Y,4,0,1,3,A,-,12,21453,A,N,D,C,A,A,H,-,C,A,0,,Y,,,Y,,M,91,0,0,1,0,0,0,1,0,0,"- ","- ",,,"SAN FRANCISCO","SAN FRANCISCO",-122.42012786865234,37.796218872070312
9824915,2025,2025-09-11,3801,2025-08-18,"622 ",4265,INGLE,1,5,7,3801,0,0,0,,0,3H16A,"SUNNYDALE AV","PERSIA AV",0.00,,N,B,-,N,,,,,,,,,,N,3,0,1,2,A,-,08,22107,,N,B,G,A,A,H,-,A,D,0,,Y,,,Y,,A,01,0,1,0,0,0,0,1,0,0,"- ","- ",,,"SAN FRANCISCO","SAN FRANCISCO",-122.42586517333984,37.718288421630859
9824919,2025,2025-09-11,3801,2025-08-24,"211 ",1952,CENTR,7,5,7,3801,0,0,0,,0,3A12E,"PINE ST","MONTGOMERY ST",0.00,,Y,A,-,N,,,,,,,,,,Y,3,0,4,2,A,-,01,23153,A,N,D,C,A,A,-,-,A,A,0,,,,,Y,Y,A,01,0,2,2,0,0,0,0,0,0,"- ","- ",,,"SAN FRANCISCO","SAN FRANCISCO",-122.40254974365234,37.791919708251953
9824923,2025,2025-09-12,3801,2025-08-23,1531,323,CENTR,6,5,7,3801,0,0,0,,0,3A5D,"STEUART ST","MARKET ST",30.00,S,N,A,-,N,,,,,,,,,,N,3,0,1,1,A,-,03,22350,,N,-,A,A,A,H,-,A,D,0,,Y,,,Y,,L,04,0,1,0,0,0,0,1,0,0,"- ","- ",,,"SAN FRANCISCO","SAN FRANCISCO",-122.39471435546875,37.794445037841797
9824931,2025,2025-09-11,3801,2025-08-23,1644,2398,NORTH,6,5,7,3801,0,0,0,,0,0E5,"LOMBARD ST","STEINER ST",0.00,,Y,A,-,N,,,,,,,,,,Y,4,0,2,2,A,-,09,21804,A,N,A,C,A,A,H,-,A,A,0,,,Y,,Y,,A,07,0,0,2,0,0,0,0,0,2,"- ","- ",,,"SAN FRANCISCO","SAN FRANCISCO",-122.43769073486328,37.799640655517578
9825682,2025,2025-10-01,3801,2025-08-04,"952 ",2161,MISSI,1,5,7,3801,0,0,0,,0,3D13A,"20TH ST","SHOTWELL ST",0.00,,Y,A,-,N,,,,,,,,,,N,4,0,1,2,A,-,12,22450,A,N,D,G,A,A,H,-,A,D,0,,Y,,,Y,,-,"- ",0,0,1,0,0,0,1,0,0,"- ","- ",,,"SAN FRANCISCO","SAN FRANCISCO",-122.415771484375,37.758842468261719
9825684,2025,2025-09-19,3801,2025-08-03,2300,2330,TARAV,7,5,7,3801,0,0,0,,0,3116E,"OCEAN AV","ASHTON AV",96.00,E,N,A,-,N,,,,,,,,,,Y,3,0,2,1,A,-,08,22107,,N,A,I,A,A,A,-,C,D,0,,,,,Y,,A,07,0,1,1,0,0,0,0,0,0,"- ","- ",,,"SAN FRANCISCO","SAN FRANCISCO",-122.46196746826172,37.725170135498047
9825690,2025,2025-09-19,3801,2025-08-04,"700 ",1501,INGLE,1,5,7,3801,0,0,0,,0,3H11A,"30TH ST","DOLORES ST",0.00,,Y,A,-,N,,,,,,,,,,N,3,0,1,1,A,-,03,22350,,N,E,J,A,A,G,-,A,D,0,,Y,,,Y,,L,04,0,1,0,0,0,0,1,0,0,"- ","- ",,,"SAN FRANCISCO","SAN FRANCISCO",-122.42431640625,37.742221832275391
9825695,2025,2025-09-15,3801,2025-08-05,2221,1830,INGLE,2,5,7,3801,0,0,0,,0,,"CONGDON ST","TRUMBULL ST",5.00,S,N,A,-,N,,,,,,,,,,N,4,0,1,2,A,-,04,21703,,N,C,C,A,A,H,-,C,A,0,,,,,Y,,A,01,0,0,1,0,0,0,0,0,0,"- ","- ",,,"SAN FRANCISCO","SAN FRANCISCO",-122.42616271972656,37.730884552001953
9825699,2025,2025-09-26,3801,2025-08-01,1545,179,NORTH,5,5,7,3801,0,0,0,,0,3E14A,"FRANKLIN ST","TURK ST",10.00,S,N,A,-,N,,,,,,,,,,N,3,0,1,2,A,-,08,22107,,F,B,C,A,-,H,-,A,A,0,,,Y,,Y,,-,,0,1,0,0,0,0,0,0,1,"- ","- ",,,"SAN FRANCISCO","SAN FRANCISCO",-122.42224884033203,37.781703948974609
9830089,2025,2025-09-02,3801,2025-06-07,1253,4286,RICHM,6,5,7,3801,0,0,0,,0,0G1,"PARK PRESIDIO BL","FULTON ST",60.00,S,N,A,-,Y,SF,4,1,-,-,4.980,H,-,N,N,4,0,1,2,A,-,03,22350,,N,C,C,A,A,H,-,A,D,0,,,,,Y,,A,07,0,0,1,0,0,0,0,0,0,"- ","- ",,,"SAN FRANCISCO","SAN FRANCISCO",-122.47168731689453,37.772914886474609
9830113,2025,2025-07-16,3801,2025-06-05,1347,4286,RICHM,4,5,7,3801,0,0,0,,0,0G2,"WASHINGTON ST","SPRUCE ST",0.00,,Y,A,-,N,,,,,,,,,,N,4,0,1,3,A,-,09,21802,A,N,D,C,A,A,H,-,A,D,0,,,,,Y,,A,07,0,0,1,0,0,0,0,0,0,"- ","- ",,,"SAN FRANCISCO","SAN FRANCISCO",-122.45395660400391,37.789100646972656
9866447,2025,2025-08-28,3801,2025-07-15,"805 ",4286,RICHM,2,5,7,3801,0,0,0,,0,0G3,"PARK PRESIDIO BL","CLEMENT ST",0.00,,Y,F,-,Y,SF,4,1,-,-,5.630,I,5,N,N,3,0,1,2,A,-,10,21950,A,N,G,B,B,B,H,-,A,A,0,Y,,,,Y,,A,01,0,1,0,0,1,0,0,0,0,"- ","- ",,,"SAN FRANCISCO","SAN FRANCISCO",-122.47238922119141,37.782608032226562
9866827,2025,2025-08-21,3801,2025-01-04,1730,34,TRAFF,6,5,7,3801,0,0,0,,0,4B4A,"SILVER AV","COLBY ST",5.00,E,N,A,-,N,,,,,,,,,,N,1,1,0,3,A,-,10,21950,A,F,G,B,B,A,H,-,C,D,0,Y,,,,Y,,-,99,0,0,0,1,0,0,0,0,0,"- ","- ",,,"SAN FRANCISCO","SAN FRANCISCO",-122.41456604003906,37.729434967041016
9868708,2025,2025-08-07,3801,2025-07-04,2131,245,PARK,5,5,7,3801,0,0,0,,0,1CAR,"BURNETT AV","TWIN PEAKS BL",0.00,,Y,A,-,N,,,,,,,,,,Y,4,0,1,5,A,-,07,21658,A,F,B,C,A,A,B,-,C,D,0,,,,,Y,Y,A,01,0,0,1,0,0,0,0,0,0,"- ","- ",,,"SAN FRANCISCO","SAN FRANCISCO",-122.44699859619141,37.756538391113281
9868709,2025,2025-08-07,3801,2025-07-02,1310,1507,SOUTH,3,5,7,3801,0,0,0,,0,3J15A,"11TH ST","MISSION ST",0.00,,Y,A,-,N,,,,,,,,,,N,3,0,1,2,A,-,17,21229,A,N,B,-,A,A,H,-,A,A,0,,,,,Y,,M,94,0,1,0,0,0,0,0,0,0,"- ","- ",,,"SAN FRANCISCO","SAN FRANCISCO",-122.41709899902344,37.774330139160156
9868715,2025,2025-08-08,3801,2025-07-27,1540,230,TARAV,7,5,7,3801,0,0,0,,0,3113D,"SUNSET BL","RIVERA ST",0.00,,Y,A,-,N,,,,,,,,,,N,4,0,1,2,A,-,04,21703,,N,C,C,A,A,H,-,A,A,0,,,,,Y,,A,01,0,0,1,0,0,0,0,0,0,"- ","- ",,,"SAN FRANCISCO","SAN FRANCISCO",-122.49478149414062,37.745944976806641
9868717,2025,2025-08-08,3801,2025-07-26,1342,1948,TARAV,6,5,7,3801,0,0,0,,0,005,"LAKE MERCED BL","STATE DR",72.00,S,N,A,-,N,,,,,,,,,,Y,4,0,1,3,A,-,07,21658,A,N,B,E,A,A,H,-,A,D,0,,,,,Y,,A,01,0,0,1,0,0,0,0,0,0,"- ","- ",,,"SAN FRANCISCO","SAN FRANCISCO",-122.48479461669922,37.724723815917969
9868728,2025,2025-08-08,3801,2025-07-29,1903,1350,BAYVI,2,5,7,3801,0,0,0,,0,3C13D,"SILVER AVE","MERRILL ST",6.00,W,N,A,-,N,,,,,,,,,,N,3,0,1,2,A,-,10,21950,A,N,G,B,B,A,H,-,A,A,0,Y,,,,Y,,A,01,0,1,0,0,1,0,0,0,0,"- ","- ",,,"SAN FRANCISCO","SAN FRANCISCO",-122.40894317626953,37.731426239013672
9868729,2025,2025-08-08,3801,2025-07-26,2038,1394,MISSI,6,5,7,3801,0,0,0,,0,003,"MISSION ST","23RD ST",76.00,N,N,A,-,N,,,,,,,,,,N,4,0,2,2,A,-,04,21703,,F,C,C,A,A,H,-,C,D,0,,,,,Y,Y,A,01,0,0,2,0,0,0,0,0,0,"- ","- ",,,"SAN FRANCISCO","SAN FRANCISCO",-122.41861724853516,37.754039764404297
9868734,2025,2025-08-08,3801,2025-07-02,1625,1096,CENTR,3,5,7,3801,0,0,0,,0,3A14D,"THE EMBARCADERO",BROADWAY,9.00,S,N,A,-,N,,,,,,,,,,N,4,0,1,2,A,-,09,21800,B,F,D,G,A,A,H,-,A,A,0,,,Y,,Y,Y,A,01,0,0,1,0,0,0,0,0,1,"- ","- ",,,"SAN FRANCISCO","SAN FRANCISCO",-122.39774322509766,37.799160003662109
9868735,2025,2025-08-08,3801,2025-07-02,"840 ",2500,SOUTH,3,5,7,3801,0,0,0,,0,3B14A,"TOWNSEND ST","8TH ST",270.00,E,N,A,-,N,,,,,,,,,,N,4,0,1,2,A,-,17,21209,A,N,D,G,A,A,H,-,A,D,0,,Y,,,Y,,A,01,0,0,1,0,0,0,1,0,0,"- ","- ",,,"SAN FRANCISCO","SAN FRANCISCO",-122.40320587158203,37.77056884765625
9868737,2025,2025-08-08,3801,2025-07-01,"909 ",156,BAYVI,2,5,7,3801,0,0,0,,0,3C4A,"WAYLAND ST","HOLYOKE ST",0.00,,Y,A,-,N,,,,,,,,,,N,4,0,1,2,A,-,12,22450,A,N,A,C,A,A,H,-,A,D,0,,,,,Y,,M,94,0,0,1,0,0,0,0,0,0,"- ","- ",,,"SAN FRANCISCO","SAN FRANCISCO",-122.40804290771484,37.725147247314453
9868753,2025,2025-08-12,3801,2025-07-17,1538,2328,BAYVI,4,5,7,3801,0,0,0,,0,3C11D,"BAYSHORE BL","CORTLAND AV",26.00,N,N,A,-,N,,,,,,,,,,N,4,0,1,2,A,-,11,21954,A,N,G,B,D,A,H,-,A,A,0,Y,,,,Y,,N,60,0,0,1,0,1,0,0,0,0,"- ","- ",,,"SAN FRANCISCO","SAN FRANCISCO",-122.406982421875,37.739650726318359
9868756,2025,2025-08-08,3801,2025-07-05,1630,504,NORTH,6,5,7,3801,0,0,0,,0,3E13D,"JACKSON ST","VAN NESS AV",0.00,,Y,A,-,N,,,,,,,,,,Y,4,0,1,3,A,-,08,22101,D,N,D,C,A,A,H,-,A,A,0,,,,,Y,,A,07,0,0,1,0,0,0,0,0,0,"- ","- ",,,"SAN FRANCISCO","SAN FRANCISCO",-122.42299652099609,37.793941497802734
9868762,2025,2025-08-07,3801,2025-07-11,2026,276,NORTH,5,5,7,3801,0,0,0,,0,3E12D,"GOUGH ST","FELL ST",0.00,,Y,A,-,N,,,,,,,,,,,3,0,3,2,A,-,05,21651,B,F,D,C,A,A,H,-,C,A,0,,,,,Y,,A,07,0,1,2,0,0,0,0,0,0,"- ","- ",,,"SAN FRANCISCO","SAN FRANCISCO",-122.42277526855469,37.775943756103516
9868773,2025,2025-08-08,3801,2025-07-09,2110,2256,SOUTH,3,5,7,3801,0,0,0,,0,3B60,"DUBOCE AV","GUERERRO ST",0.00,,Y,A,-,N,,,,,,,,,,N,4,0,1,2,A,-,"- ",,,N,G,B,D,A,H,-,C,A,0,Y,,,,Y,,N,60,0,0,1,0,1,0,0,0,0,"- ","- ",,,"SAN FRANCISCO","SAN FRANCISCO",-122.42459106445312,37.769741058349609
9868782,2025,2025-08-19,3801,2025-07-17,"845 ",2402,TARAV,4,5,7,3801,0,0,0,,0,3I11A,"TARAVAL ST","32ND AV",36.00,E,N,B,-,N,,,,,,,,,,N,4,0,1,2,A,-,07,21658,,N,C,E,A,A,H,-,A,A,0,,,,,Y,,A,01,0,0,1,0,0,0,0,0,0,"- ","- ",,,"SAN FRANCISCO","SAN FRANCISCO",-122.489501953125,37.742435455322266
9868790,2025,2025-08-18,3801,2025-07-24,2102,1452,SOUTH,4,5,7,3801,0,0,0,,0,3B4D,"HARRISON ST","9TH ST",0.00,,Y,A,-,N,,,,,,,,,,Y,4,0,2,2,A,-,03,22350,,N,D,C,A,A,H,-,C,A,0,,,,,Y,,A,01,0,0,2,0,0,0,0,0,0,"- ","- ",,,"SAN FRANCISCO","SAN FRANCISCO",-122.41004943847656,37.772533416748047
9868805,2025,2025-08-11,3801,2025-07-05,1548,4047,MISSI,6,5,7,3801,0,0,0,,0,3D11D,"16TH AV","CALEDONIA ST",15.00,E,N,A,-,N,,,,,,,,,,N,4,0,1,2,A,-,08,22102,,N,D,C,A,A,H,-,A,D,0,,,Y,,Y,,A,01,0,0,1,0,0,0,0,0,1,"- ","- ",,,"SAN FRANCISCO","SAN FRANCISCO",-122.42129516601562,37.764945983886719
9868819,2025,2025-08-14,3801,2025-07-08,2202,359,NORTH,2,5,7,3801,0,0,0,,0,3E12D,"FILLMORE ST","GOLDEN GATE",0.00,,Y,A,-,N,,,,,,,,,,N,3,0,1,2,A,-,04,21703,,N,C,G,A,A,H,-,A,A,0,,Y,,,Y,,A,01,0,1,0,0,0,0,1,0,0,"- ","- ",,,"SAN FRANCISCO","SAN FRANCISCO",-122.43193817138672,37.779560089111328
9868825,2025,2025-08-25,3801,2025-07-13,1444,1386,TENDE,7,5,7,3801,0,0,0,,0,3J15D,"OFARRELL ST","SHANNON ST",42.00,W,N,A,-,N,,,,,,,,,,N,4,0,1,2,A,-,"- ",,,N,G,B,F,A,H,-,A,A,0,Y,,,,Y,,A,01,0,0,1,0,1,0,0,0,0,"- ","- ",,,"SAN FRANCISCO","SAN FRANCISCO",-122.41227722167969,37.785892486572266
9868833,2025,2025-09-02,3801,2025-07-12,1327,719,CENTR,6,5,7,3801,0,0,0,,0,CENTRA,"NORTH POINT","LARKIN ST",0.00,,Y,A,-,N,,,,,,,,,,N,4,0,1,2,A,-,03,22350,,N,D,G,A,A,H,-,A,A,0,,Y,,,Y,,L,04,0,0,1,0,0,0,1,0,0,"- ","- ",,,"SAN FRANCISCO","SAN FRANCISCO",-122.4219970703125,37.805507659912109
9868838,2025,2025-08-27,3801,2025-07-14,2046,1741,TARAV,1,5,7,3801,0,0,0,,0,3112D,"SUNSET BL","IRVING ST",0.00,,Y,A,-,N,,,,,,,,,,N,2,0,1,2,A,-,10,21950,A,F,G,B,B,A,H,-,A,A,0,Y,,,,Y,,-,,1,0,0,0,1,0,0,0,0,"- ","- ",,,"SAN FRANCISCO","SAN FRANCISCO",-122.4959716796875,37.762748718261719
9868846,2025,2025-08-11,3801,2025-07-10,"915 ",2088,INGLE,4,5,7,3801,0,0,0,,0,3H12A,"BOSWORTH ST","LIPPARD ST",0.00,,Y,A,-,N,,,,,,,,,,N,3,0,1,2,A,-,10,21950,A,N,A,B,B,A,H,-,A,A,0,Y,,,,Y,,A,01,0,1,0,0,1,0,0,0,0,"- ","- ",,,"SAN FRANCISCO","SAN FRANCISCO",-122.43581390380859,37.73388671875
9868853,2025,2025-08-08,3801,2025-07-15,"950 ",1633,TENDE,2,5,7,3801,0,0,0,,0,3J11A,"9TH ST","MISSION ST",0.00,,Y,A,-,N,,,,,,,,,,N,4,0,1,2,A,-,17,21235,G,N,D,J,A,A,D,E,A,A,0,,,,,Y,,M,94,0,0,1,0,0,0,0,0,0,"- ","- ",,,"SAN FRANCISCO","SAN FRANCISCO",-122.41471862792969,37.776241302490234
9868854,2025,2025-08-08,3801,2025-07-15,1337,1849,RICHM,2,5,7,3801,0,0,0,,0,3G12A,"ARGUELLO BL","CALIFORNIA ST",0.00,,Y,A,-,N,,,,,,,,,,N,4,0,1,2,A,-,17,21235,G,N,H,J,A,A,H,-,A,A,0,,,,,Y,,M,94,0,0,1,0,0,0,0,0,0,"- ","- ",,,"SAN FRANCISCO","SAN FRANCISCO",-122.45921325683594,37.785671234130859
9868863,2025,2025-08-07,3801,2025-06-21,2205,A22887,CENTR,6,5,7,3801,0,0,0,,0,3A13E,"COLUMBUS AV","GREEN ST",6.00,N,N,A,-,N,,,,,,,,,,N,4,0,1,2,A,-,06,21750,,N,B,C,A,A,H,-,C,A,0,,Y,,,Y,,L,04,0,0,1,0,0,0,1,0,0,"- ","- ",,,"SAN FRANCISCO","SAN FRANCISCO",-122.40899658203125,37.799510955810547
9868868,2025,2025-08-07,3801,2025-06-12,2310,4201,CENTR,4,5,7,3801,0,0,0,,0,3A12E,"MONTGOMERY ST","SACRAMENTO ST",0.00,,Y,A,-,N,,,,,,,,,,Y,4,0,2,2,A,-,12,21453,A,N,D,C,A,A,H,-,C,A,0,,,,,Y,,A,01,0,0,2,0,0,0,0,0,0,"- ","- ",,,"SAN FRANCISCO","SAN FRANCISCO",-122.40293884277344,37.793788909912109
9868873,2025,2025-08-07,3801,2025-06-24,1700,1182,INGLE,2,5,7,3801,0,0,0,,0,3H11D,"ALEMANY BL","PUTNAM ST",0.00,,Y,B,-,N,,,,,,,,,,Y,4,0,2,2,A,-,12,21457,A,N,D,C,A,A,H,-,A,B,0,,,,,Y,,A,01,0,0,2,0,0,0,0,0,0,"- ","- ",,,"SAN FRANCISCO","SAN FRANCISCO",-122.41084289550781,37.734832763671875
9868877,2025,2025-08-07,3801,2025-06-17,1100,380,CENTR,2,5,7,3801,0,0,0,,0,3CAR,"BEACH ST","COLUMBUS AV",15.00,W,N,A,-,N,,,,,,,,,,N,3,0,1,2,A,-,06,21750,,N,A,G,A,A,H,-,A,D,0,,Y,,,Y,,L,04,0,1,0,0,0,0,1,0,0,"- ","- ",,,"SAN FRANCISCO","SAN FRANCISCO",-122.41960906982422,37.806758880615234
9868883,2025,2025-08-07,3801,2025-06-30,1734,359,NORTH,1,5,7,3801,0,0,0,,0,3E12D,"EDDY ST","DIVISADERO ST",0.00,,Y,A,-,N,,,,,,,,,,N,4,0,1,2,A,-,10,21950,A,N,G,B,B,A,H,-,A,A,0,Y,,,,Y,,A,07,0,0,1,0,1,0,0,0,0,"- ","- ",,,"SAN FRANCISCO","SAN FRANCISCO",-122.43891143798828,37.78057861328125
9868884,2025,2025-08-07,3801,2025-06-29,1646,1066,NORTH,7,5,7,3801,0,0,0,,0,3E12D,"GEARY ST","DIVISADERO ST",0.00,,Y,A,-,N,,,,,,,,,,N,2,0,1,2,A,-,08,22101,D,N,D,G,A,A,H,-,A,A,0,,Y,,,Y,,L,04,1,0,0,0,0,0,1,0,0,"- ","- ",,,"SAN FRANCISCO","SAN FRANCISCO",-122.43947601318359,37.783359527587891
9868890,2025,2025-08-07,3801,2025-06-18,1509,1057,SOUTH,3,5,7,3801,0,0,0,,0,,"MISSION ST","LASKIE ST",0.00,,Y,A,-,N,,,,,,,,,,Y,2,0,1,2,A,-,08,22102,,N,D,C,A,A,H,-,A,A,0,,,Y,,Y,,A,01,1,0,0,0,0,0,0,0,1,"- ","- ",,,"SAN FRANCISCO","SAN FRANCISCO",-122.41412353515625,37.776718139648438
9869005,2025,2025-08-12,3801,2025-07-10,"932 ",A23982,PARK,4,5,7,3801,0,0,0,,0,3F13A,"BRODERICK ST","TURK ST",0.00,,Y,A,-,N,,,,,,,,,,Y,4,0,1,2,A,-,12,21453,A,N,D,C,A,A,H,-,A,A,0,,,,,Y,Y,A,01,0,0,1,0,0,0,0,0,0,"- ","- ",,,"SAN FRANCISCO","SAN FRANCISCO",-122.44042205810547,37.779426574707031
9869007,2025,2025-08-12,3801,2025-07-25,1334,A23982,PARK,5,5,7,3801,0,0,0,,0,3F13A,"OAK ST","BAKER ST",3.00,E,N,A,-,N,,,,,,,,,,N,2,0,1,2,A,-,08,22107,,N,C,G,A,A,H,-,A,A,0,,Y,,,Y,,-,,1,0,0,0,0,0,1,0,0,"- ","- ",,,"SAN FRANCISCO","SAN FRANCISCO",-122.44075012207031,37.772701263427734
9869068,2025,2025-08-14,3801,2025-04-21,1530,385,CENTR,1,5,7,3801,0,0,0,,0,3A60,"EMBARCADERO NORTH","NORTH POINT",51.00,N,N,A,-,N,,,,,,,,,,,4,0,1,2,A,-,08,22107,,N,B,C,A,A,H,-,A,A,0,,,,,Y,,A,01,0,0,1,0,0,0,0,0,0,"- ","- ",,,"SAN FRANCISCO","SAN FRANCISCO",-122.40747833251953,37.807456970214844
9869120,2025,2025-08-11,3801,2025-07-17,"946 ",1530,BAYVI,4,5,7,3801,0,0,0,,0,3C14A,"OLMSTEAD ST","BRUSSELS ST",0.00,,Y,A,-,N,,,,,,,,,,N,4,0,2,2,A,-,12,22450,,N,D,C,A,A,H,-,A,A,0,,,,,Y,,A,01,0,0,2,0,0,0,0,0,0,"- ","- ",,,"SAN FRANCISCO","SAN FRANCISCO",-122.40357971191406,37.722320556640625
9869922,2025,2025-08-14,3801,2025-07-21,"514 ",311,NORTH,1,5,7,3801,0,0,0,,0,3E16A,"FELL ST","FILLMORE ST",114.00,E,N,B,-,N,,,,,,,,,,Y,4,0,1,2,A,-,03,22350,A,N,D,E,A,B,H,-,C,D,0,,,,,Y,,A,01,0,0,1,0,0,0,0,0,0,"- ","- ",,,"SAN FRANCISCO","SAN FRANCISCO",-122.43061065673828,37.774944305419922
9869946,2025,2025-08-14,3801,2025-06-29,1830,2712,NORTH,7,5,7,3801,0,0,0,,0,3E13E,"VAN NESS AV","TURK ST",0.00,,Y,A,-,N,,,,,,,,,,N,4,0,2,2,A,-,08,22101,D,F,D,C,A,A,H,-,A,A,0,,,,,Y,,A,01,0,0,2,0,0,0,0,0,0,"- ","- ",,,"SAN FRANCISCO","SAN FRANCISCO",-122.42057800292969,37.781936645507812
9870412,2025,2025-09-16,3801,2025-07-26,1936,386,MISSI,6,5,7,3801,0,0,0,,0,3D16D,"16TH ST","ALABAMA ST",0.00,,N,A,-,N,,,,,,,,,,Y,3,0,1,1,A,-,07,21658,A,N,E,I,A,A,H,-,A,D,0,,,,,Y,,A,01,0,1,0,0,0,0,0,0,0,"- ","- ",,,"SAN FRANCISCO","SAN FRANCISCO",-122.41239929199219,37.765495300292969
9870434,2025,2025-09-23,3801,2025-08-09,"925 ",4360,SOUTH,6,5,7,3801,0,0,0,,0,3B14A,"SOUTH VAN NESS","MARKET ST",0.00,,Y,A,-,N,,,,,,,,,,,3,0,1,1,A,-,17,21235,G,N,H,-,A,A,G,-,A,A,0,,,,,Y,,M,94,0,1,0,0,0,0,0,0,0,"- ","- ",,,"SAN FRANCISCO","SAN FRANCISCO",-122.41925811767578,37.775169372558594