CASE_ID,ACCIDENT_YEAR,PROC_DATE,JURIS,COLLISION_DATE,COLLISION_TIME,OFFICER_ID,REPORTING_DISTRICT,DAY_OF_WEEK,CHP_SHIFT,POPULATION,CNTY_CITY_LOC,SPECIAL_COND,BEAT_TYPE,CHP_BEAT_TYPE,CITY_DIVISION_LAPD,CHP_BEAT_CLASS,BEAT_NUMBER,PRIMARY_RD,SECONDARY_RD,DISTANCE,DIRECTION,INTERSECTION,WEATHER_1,WEATHER_2,STATE_HWY_IND,CALTRANS_COUNTY,CALTRANS_DISTRICT,STATE_ROUTE,ROUTE_SUFFIX,POSTMILE_PREFIX,POSTMILE,LOCATION_TYPE,RAMP_INTERSECTION,SIDE_OF_HWY,TOW_AWAY,COLLISION_SEVERITY,NUMBER_KILLED,NUMBER_INJURED,PARTY_COUNT,PRIMARY_COLL_FACTOR,PCF_CODE_OF_VIOL,PCF_VIOL_CATEGORY,PCF_VIOLATION,PCF_VIOL_SUBSECTION,HIT_AND_RUN,TYPE_OF_COLLISION,MVIW,PED_ACTION,ROAD_SURFACE,ROAD_COND_1,ROAD_COND_2,LIGHTING,CONTROL_DEVICE,CHP_ROAD_TYPE,PEDESTRIAN_ACCIDENT,BICYCLE_ACCIDENT,MOTORCYCLE_ACCIDENT,TRUCK_ACCIDENT,NOT_PRIVATE_PROPERTY,ALCOHOL_INVOLVED,STWD_VEHTYPE_AT_FAULT,CHP_VEHTYPE_AT_FAULT,COUNT_SEVERE_INJ,COUNT_VISIBLE_INJ,COUNT_COMPLAINT_PAIN,COUNT_PED_KILLED,COUNT_PED_INJURED,COUNT_BICYCLIST_KILLED,COUNT_BICYCLIST_INJURED,COUNT_MC_KILLED,COUNT_MC_INJURED,PRIMARY_RAMP,SECONDARY_RAMP,LATITUDE,LONGITUDE,COUNTY,CITY,POINT_X,POINT_Y
9870487,2025,2025-09-16,3801,2025-06-26,1913,1357,NORTH,4,5,7,3801,0,0,0,,0,3E13D,"CALIFORNIA ST","BUCHANAN ST",0.00,,Y,A,-,N,,,,,,,,,,,4,0,1,2,A,-,09,21801,A,N,D,C,A,A,H,-,A,A,0,,,,,Y,,A,01,0,0,1,0,0,0,0,0,0,"- ","- ",,,"SAN FRANCISCO","SAN FRANCISCO",-122.4305419921875,37.789306640625
9870497,2025,2025-09-16,3801,2025-05-16,"300 ",2715,SOUTH,5,5,7,3801,0,0,0,,0,3B13E,"MISSION ST","10TH ST",7.00,N,N,A,-,N,,,,,,,,,,N,4,0,1,2,A,-,05,21202,A,N,D,G,A,A,C,-,C,A,0,,Y,,,Y,,L,04,0,0,1,0,0,0,1,0,0,"- ","- ",,,"SAN FRANCISCO","SAN FRANCISCO",-122.4158935546875,37.775295257568359
9874640,2025,2025-10-15,3801,2025-03-20,"38  ",299,CENTR,4,5,7,3801,0,0,0,,0,3A12E,"PINE ST","LEAVENWORTH ST",0.00,,Y,A,-,N,,,,,,,,,,Y,4,0,1,1,A,-,03,22350,,N,E,I,A,A,H,-,A,A,0,,,,,Y,,A,01,0,0,1,0,0,0,0,0,0,"- ","- ",,,"SAN FRANCISCO","SAN FRANCISCO",-122.41555786132812,37.790260314941406
9874646,2025,2025-10-07,3801,2025-09-21,1057,8,NORTH,7,5,7,3801,0,0,0,,0,3E1A,"LOMBARD ST","VAN NESS AV",126.00,E,N,A,-,N,,,,,,,,,,N,3,0,1,1,A,-,03,22350,,N,A,I,A,A,H,-,A,D,0,,Y,,,Y,,L,04,0,1,0,0,0,0,1,0,0,"- ","- ",,,"SAN FRANCISCO","SAN FRANCISCO",-122.42404174804688,37.8013916015625
9874652,2025,2025-10-07,3801,2025-09-16,"955 ",1540,TARAV,2,5,7,3801,0,0,0,,0,3I1A,"8TH AV","JUDAH ST",0.00,,Y,A,-,N,,,,,,,,,,N,4,0,2,2,A,-,09,21802,A,N,D,C,A,A,H,-,A,A,0,,,,,Y,,A,01,0,0,2,0,0,0,0,0,0,"- ","- ",,,"SAN FRANCISCO","SAN FRANCISCO",-122.46512603759766,37.762237548828125
9874659,2025,2025-10-07,3801,2025-09-12,2349,1680,MISSI,5,5,7,3801,0,0,0,,0,3D11E,"CESAR CHAVEZ ST","HAMPSHIRE ST",0.00,,Y,A,-,N,,,,,,,,,,N,4,0,1,2,A,-,17,21461,A,N,D,C,A,A,H,-,C,A,0,,,,,Y,,A,01,0,0,1,0,0,0,0,0,0,"- ","- ",,,"SAN FRANCISCO","SAN FRANCISCO",-122.40673828125,37.74871826171875
9874661,2025,2025-10-07,3801,2025-09-15,1518,1004,BAYVI,1,5,7,3801,0,0,0,,0,3C12D,"BAYSHORE BL","JAMESTOWN AV",0.00,,Y,A,-,N,,,,,,,,,,N,4,0,1,2,A,-,04,21703,,N,C,C,A,A,H,-,A,D,0,,,,,Y,,A,01,0,0,1,0,0,0,0,0,0,"- ","- ",,,"SAN FRANCISCO","SAN FRANCISCO",,
9874665,2025,2025-10-07,3801,2025-09-11,1829,246,TARAV,4,5,7,3801,0,0,0,,0,4CAR,"WEST PORTAL AV","14TH AV",0.00,,Y,A,-,N,,,,,,,,,,N,3,0,1,2,D,-,00,,,N,A,B,B,A,H,-,A,A,0,Y,,,,Y,,-,"- ",0,1,0,0,1,0,0,0,0,"- ","- ",,,"SAN FRANCISCO","SAN FRANCISCO",-122.46907043457031,37.737972259521484
9874667,2025,2025-10-07,3801,2025-09-13,1823,2744,SOUTH,6,5,7,3801,0,0,0,,0,3B5,"4TH ST","KING ST",0.00,,Y,A,-,N,,,,,,,,,,N,3,0,2,2,A,-,10,21950,A,N,H,-,A,A,H,-,A,A,0,,,,,Y,,A,01,0,2,0,0,0,0,0,0,0,"- ","- ",,,"SAN FRANCISCO","SAN FRANCISCO",-122.39414978027344,37.77642822265625
9874673,2025,2025-10-13,3801,2025-09-26,2327,1042,TENDE,5,5,7,3801,0,0,0,,0,3J14E,"HYDE ST","ELLIS ST",0.00,,Y,A,-,N,,,,,,,,,,N,4,0,2,1,A,-,03,22350,,N,H,-,A,A,G,-,C,-,0,,,,,Y,,-,,0,0,2,0,0,0,0,0,0,"- ","- ",,,"SAN FRANCISCO","SAN FRANCISCO",-122.41606140136719,37.784446716308594
9874678,2025,2025-10-08,3801,2025-09-23,1100,8,NORTH,2,5,7,3801,0,0,0,,0,3E11A,"FILLMORE ST","GOLDEN GATE AV",0.00,,N,A,-,N,,,,,,,,,,N,4,0,1,2,A,-,17,22517,,N,-,G,A,A,H,-,A,D,0,,Y,,,Y,,-,,0,0,1,0,0,0,1,0,0,"- ","- ",,,"SAN FRANCISCO","SAN FRANCISCO",-122.43193817138672,37.779560089111328
9874686,2025,2025-10-13,3801,2025-09-04,1807,1330,INGLE,4,5,7,3801,0,0,0,,0,3H13D,"PERU AV","EDINBURGH ST",120.00,E,N,A,-,N,,,,,,,,,,Y,3,0,1,2,A,-,03,22350,,N,C,E,A,A,H,-,A,D,0,,,,,Y,,A,01,0,1,0,0,0,0,0,0,0,"- ","- ",,,"SAN FRANCISCO","SAN FRANCISCO",-122.42692565917969,37.727283477783203
9874689,2025,2025-10-31,3801,2025-09-03,"627 ",2742,INGLE,3,5,7,3801,0,0,0,,0,3H12A,"GENEVA AV","RT 280",0.00,,Y,A,-,Y,SF,4,280,-,R,1.924,R,3,N,N,4,0,1,2,A,-,10,21950,A,F,G,B,B,A,H,-,A,A,0,Y,,,,Y,,A,01,0,0,1,0,1,0,0,0,0,"- ",NO,,,"SAN FRANCISCO","SAN FRANCISCO",-122.44673156738281,37.725086212158203
9874691,2025,2025-10-13,3801,2025-09-07,1336,748,CENTR,7,5,7,3801,0,0,0,,0,0A1,"GEARY ST","LARKIN ST",18.00,E,N,A,-,N,,,,,,,,,,N,4,0,1,2,A,-,04,21703,,N,C,C,A,A,H,-,A,A,0,,,Y,,Y,,A,01,0,0,1,0,0,0,0,0,1,"- ","- ",,,"SAN FRANCISCO","SAN FRANCISCO",-122.41804504394531,37.786117553710938
9874697,2025,2025-10-13,3801,2025-09-09,1440,1059,MISSI,2,5,7,3801,0,0,0,,0,3D12A,"CHURCH ST","23RD ST",60.00,N,N,A,-,N,,,,,,,,,,N,3,0,1,1,B,-,22,,,N,H,-,A,A,H,-,A,D,0,,Y,,,Y,,L,04,0,1,0,0,0,0,1,0,0,"- ","- ",,,"SAN FRANCISCO","SAN FRANCISCO",-122.42760467529297,37.753456115722656
9874716,2025,2025-10-15,3801,2025-09-19,1438,2466,RICHM,5,5,7,3801,0,0,0,,0,TWO,"CALIFORNIA ST","DIVISADERO ST",100.00,W,N,A,-,N,,,,,,,,,,N,4,0,1,3,A,-,21,22106,,N,C,E,-,A,H,-,A,D,0,Y,,,,Y,,A,01,0,0,1,0,1,0,0,0,0,"- ","- ",,,"SAN FRANCISCO","SAN FRANCISCO",-122.44078826904297,37.788032531738281
9874725,2025,2025-10-27,3801,2025-09-11,1032,1513,RICHM,4,5,7,3801,0,0,0,,0,03G,"ANZA ST","FUNSTON AV",0.00,,Y,A,-,N,,,,,,,,,,N,4,0,1,2,A,-,09,21804,,N,D,C,A,A,H,-,A,D,0,,,,,Y,,A,01,0,0,1,0,0,0,0,0,0,"- ","- ",,,"SAN FRANCISCO","SAN FRANCISCO",-122.47164154052734,37.778743743896484
9874728,2025,2025-10-14,3801,2025-09-19,1427,933,INGLE,5,5,7,3801,0,0,0,,0,0H5,"ALEMANY BL","SENECA AV",0.00,,Y,A,-,N,,,,,,,,,,Y,4,0,1,2,A,-,09,21801,A,N,D,C,A,A,H,-,A,A,0,,,,,Y,,A,01,0,0,1,0,0,0,0,0,0,"- ","- ",,,"SAN FRANCISCO","SAN FRANCISCO",-122.44136047363281,37.718658447265625
9874730,2025,2025-11-03,3801,2025-09-20,1941,570,MISSI,6,5,7,3801,0,0,0,,0,3D94A,"MISSION ST","20TH ST",0.00,,Y,A,-,N,,,,,,,,,,N,3,0,2,1,A,-,03,22350,,N,H,J,A,A,H,-,C,A,0,,,,,Y,Y,M,94,0,1,1,0,0,0,0,0,0,"- ","- ",,,"SAN FRANCISCO","SAN FRANCISCO",-122.41903686523438,37.758628845214844
9874733,2025,2025-10-14,3801,2025-09-12,"952 ",2292,INGLE,5,5,7,3801,0,0,0,,0,3H13A,"LYELL ST","CAYUGA AV",0.00,,Y,B,-,N,,,,,,,,,,N,3,0,1,2,A,-,08,22107,,N,B,G,A,A,H,-,A,D,0,,Y,,,Y,,A,07,0,1,0,0,0,0,1,0,0,"- ","- ",,,"SAN FRANCISCO","SAN FRANCISCO",-122.43141937255859,37.731033325195312
9874735,2025,2025-10-27,3801,2025-09-24,1314,A24552,BAYVI,3,5,7,3801,0,0,0,,0,3C13A,"INNES AV","FRIEDELL ST",0.00,,Y,A,-,N,,,,,,,,,,N,4,0,1,2,A,-,09,21802,A,F,D,C,A,A,H,-,A,D,0,,,,,Y,,A,01,0,0,1,0,0,0,0,0,0,"- ","- ",,,"SAN FRANCISCO","SAN FRANCISCO",-122.36966705322266,37.728565216064453
9874742,2025,2025-10-27,3801,2025-09-05,1408,209,TENDE,5,5,7,3801,0,0,0,,0,3J14A,"GOLDEN GATE AV","JONES ST",20.00,E,N,A,-,N,,,,,,,,,,N,4,0,1,2,A,-,00,21230,,N,D,B,F,A,H,-,A,D,0,Y,,,,Y,,-,,0,0,1,0,0,0,0,0,0,"- ","- ",,,"SAN FRANCISCO","SAN FRANCISCO",-122.41216278076172,37.782089233398438
9874745,2025,2025-10-27,3801,2025-09-12,1242,933,INGLE,5,5,7,3801,0,0,0,,0,0H3,"ALEMANY BL","CONGDON ST",267.00,E,N,A,-,N,,,,,,,,,,Y,4,0,1,2,A,-,05,21651,B,N,A,-,A,A,H,-,A,D,0,,,,,Y,,A,01,0,0,1,0,0,0,0,0,0,"- ","- ",,,"SAN FRANCISCO","SAN FRANCISCO",-122.42530822753906,37.731346130371094
9874755,2025,2025-10-27,3801,2025-09-12,2110,1300,PARK,5,5,7,3801,0,0,0,,0,3F13E,"OAK ST","STANYAN ST",0.00,,Y,A,-,N,,,,,,,,,,N,4,0,1,2,A,-,09,21801,A,N,D,C,A,A,H,-,C,A,0,,,Y,,Y,,A,01,0,0,1,0,0,0,0,0,1,"- ","- ",,,"SAN FRANCISCO","SAN FRANCISCO",-122.45395660400391,37.771354675292969
9874757,2025,2025-10-27,3801,2025-09-12,2252,1522,MISSI,5,5,7,3801,0,0,0,,0,3D13D,"POTRERO AV","MARIPOSA ST",74.00,S,N,A,-,N,,,,,,,,,,Y,3,0,1,1,A,-,03,22350,,N,E,A,A,A,H,-,C,A,0,,,Y,,Y,,C,02,0,1,0,0,0,0,0,0,1,"- ","- ",,,"SAN FRANCISCO","SAN FRANCISCO",-122.40732574462891,37.763008117675781
9874766,2025,2025-10-23,3801,2025-09-02,"40  ",2330,TARAV,2,5,7,3801,0,0,0,,0,3I16E,"HOLLOWAY AV","JULES AV",65.00,W,N,A,-,N,,,,,,,,,,Y,3,0,1,3,A,-,01,23152,A,N,B,E,A,A,H,-,C,D,0,,,,,Y,Y,A,07,0,1,0,0,0,0,0,0,0,"- ","- ",,,"SAN FRANCISCO","SAN FRANCISCO",-122.46147155761719,37.721813201904297
9874769,2025,2025-10-22,3801,2025-09-02,1541,4047,MISSI,2,5,7,3801,0,0,0,,0,3D15D,"16TH ST","POTRERO AV",300.00,W,N,A,-,N,,,,,,,,,,N,4,0,1,2,A,-,09,21801,A,N,D,C,A,A,H,-,A,D,0,,,,,Y,,A,01,0,0,1,0,0,0,0,0,0,"- ","- ",,,"SAN FRANCISCO","SAN FRANCISCO",-122.40859222412109,37.765701293945312
9874774,2025,2025-10-22,3801,2025-09-02,1526,23,TARAV,2,5,7,3801,0,0,0,,0,004,"VICENTE ST","15TH AV",0.00,,Y,A,-,N,,,,,,,,,,N,4,0,2,2,A,-,09,21802,A,N,D,C,A,A,H,-,A,A,0,,,,,Y,,A,01,0,0,2,0,0,0,0,0,0,"- ","- ",,,"SAN FRANCISCO","SAN FRANCISCO",-122.47109985351562,37.739501953125
9874783,2025,2025-10-22,3801,2025-09-08,"850 ",2132,BAYVI,1,5,7,3801,0,0,0,,0,001,"18TH ST","MISSISSIPPI ST",0.00,,Y,B,-,N,,,,,,,,,,N,3,0,2,2,A,-,12,22450,A,N,D,C,A,A,H,-,A,A,0,,,,,Y,Y,A,01,0,1,1,0,0,0,0,0,0,"- ","- ",,,"SAN FRANCISCO","SAN FRANCISCO",-122.39461517333984,37.762702941894531
9874833,2025,2025-10-08,3801,2025-08-16,2033,2136,CENTR,6,5,7,3801,0,0,0,,0,3A14D,"THE EMBARCADERO","SANSOME ST",114.00,S,N,A,-,N,,,,,,,,,,N,4,0,1,2,A,-,08,22107,,N,A,C,A,A,H,-,C,D,0,,,Y,,Y,,A,01,0,0,1,0,0,0,0,0,1,"- ","- ",,,"SAN FRANCISCO","SAN FRANCISCO",-122.40312957763672,37.804828643798828
9874852,2025,2025-10-08,3801,2025-08-22,2354,1480,MISSI,5,5,7,3801,0,0,0,,0,3D15E,"DUBOCE AV","VALENCIA ST",114.00,E,N,A,-,N,,,,,,,,,,Y,4,0,2,2,A,-,03,22350,,F,C,C,A,A,H,-,C,D,0,,,,,Y,,A,07,0,0,2,0,0,0,0,0,0,"- ","- ",,,"SAN FRANCISCO","SAN FRANCISCO",-122.42196655273438,37.769886016845703
9874853,2025,2025-10-08,3801,2025-08-21,"557 ",1723,TENDE,4,5,7,3801,0,0,0,,0,005,"ELLIS ST","POLK ST",40.00,E,N,A,-,N,,,,,,,,,,N,3,0,1,2,A,-,08,22107,,N,D,C,A,A,H,-,D,D,0,,,,,Y,,M,44,0,1,0,0,0,0,0,0,0,"- ","- ",,,"SAN FRANCISCO","SAN FRANCISCO",-122.41921234130859,37.7840576171875
9874862,2025,2025-10-08,3801,2025-08-28,1645,1337,NORTH,4,5,7,3801,0,0,0,,0,0E6,"FRANKLIN ST","FILBERT ST",0.00,,Y,A,-,N,,,,,,,,,,Y,4,0,3,2,A,-,12,21453,A,N,D,C,A,A,H,-,A,A,0,,,,,Y,,A,01,0,0,3,0,0,0,0,0,0,"- ","- ",,,"SAN FRANCISCO","SAN FRANCISCO",-122.42581176757812,37.799289703369141
9874869,2025,2025-10-08,3801,2025-08-29,2345,1522,MISSI,5,5,7,3801,0,0,0,,0,3D14E,"CESAR CHAVEZ ST","HAMPSHIRE ST",0.00,,Y,A,-,N,,,,,,,,,,N,3,0,1,3,A,-,05,21651,B,N,A,C,A,A,H,-,C,D,0,,,Y,,Y,,A,01,0,1,0,0,0,0,0,0,1,"- ","- ",,,"SAN FRANCISCO","SAN FRANCISCO",-122.40673828125,37.74871826171875
9874878,2025,2025-10-08,3801,2025-08-31,1828,2157,RICHM,7,5,7,3801,0,0,0,,0,004,"25TH AV","CALIFORNIA ST",0.00,,Y,A,-,N,,,,,,,,,,Y,4,0,1,3,A,-,12,21453,A,F,A,C,A,A,H,-,A,A,0,,,,,Y,,A,01,0,0,1,0,0,0,0,0,0,"- ","- ",,,"SAN FRANCISCO","SAN FRANCISCO",-122.48500061035156,37.783882141113281
9874880,2025,2025-10-08,3801,2025-08-10,1330,2712,NORTH,7,5,7,3801,0,0,0,,0,3E13A,"GOUGH ST","IVY ST",0.00,,Y,A,-,N,,,,,,,,,,Y,4,0,2,2,A,-,09,21804,A,N,D,C,A,A,H,-,A,A,0,,,,,Y,,A,01,0,0,2,0,0,0,0,0,0,"- ","- ",,,"SAN FRANCISCO","SAN FRANCISCO",-122.42305755615234,37.777336120605469
9875060,2025,2025-10-13,3801,2025-08-22,1714,200,TENDE,5,5,7,3801,0,0,0,,0,2CAR,"4TH ST","MARKET ST",0.00,,Y,A,-,N,,,,,,,,,,Y,3,0,1,2,A,-,10,21950,,N,D,B,B,A,H,-,A,A,0,Y,,Y,,Y,,C,03,0,1,0,0,1,0,0,0,0,"- ","- ",,,"SAN FRANCISCO","SAN FRANCISCO",-122.40589141845703,37.785697937011719
9877652,2025,2025-10-17,3801,2025-08-29,"523 ",2094,TENDE,5,5,7,3801,0,0,0,,0,3J14E,"TAYLOR ST","EDDY ST",0.00,,Y,A,-,N,,,,,,,,,,N,3,0,1,2,A,-,10,21950,A,N,D,B,B,A,H,-,C,A,0,Y,,,,Y,,J,48,0,1,0,0,1,0,0,0,0,"- ","- ",,,"SAN FRANCISCO","SAN FRANCISCO",-122.41094970703125,37.784160614013672
9878859,2025,2025-12-19,3801,2025-09-08,1744,2744,SOUTH,1,5,7,3801,0,0,0,,0,3B1,"THE EMBARCADERO","HARRISON ST",10.00,N,N,A,-,N,,,,,,,,,,N,3,0,1,2,A,-,17,21208,B,N,B,J,A,A,H,-,A,A,0,,,,,Y,,M,94,0,1,0,0,0,0,0,0,0,"- ","- ",,,"SAN FRANCISCO","SAN FRANCISCO",-122.38863372802734,37.789520263671875
9878860,2025,2025-10-13,3801,2025-08-27,"812 ",2236,TENDE,3,5,7,3801,0,0,0,,0,,"MARKET ST","7TH ST",150.00,W,N,A,-,N,,,,,,,,,,N,3,0,1,2,A,-,17,22517,,N,E,G,A,A,H,-,A,D,0,,Y,,,Y,,D,22,0,1,0,0,0,0,1,0,0,"- ","- ",,,"SAN FRANCISCO","SAN FRANCISCO",-122.41287994384766,37.780189514160156
9878911,2025,2025-10-13,3801,2025-08-27,1524,1707,NORTH,3,5,7,3801,0,0,0,,0,3E13D,"COUGH ST","FULTON ST",108.00,S,N,A,-,N,,,,,,,,,,N,3,0,1,2,A,-,17,22517,,N,B,C,A,A,H,-,A,D,0,,,,Y,Y,,F,26,0,1,0,0,0,0,0,0,0,"- ","- ",,,"SAN FRANCISCO","SAN FRANCISCO",,
9878940,2025,2025-10-20,3801,2025-07-17,1430,2231,SOUTH,4,5,7,3801,0,0,0,,0,3B14A,"MISSION ST","NEW MONTGOMERY ST",0.00,,Y,A,-,N,,,,,,,,,,N,4,0,1,2,A,-,00,21655,1,N,B,C,A,A,H,-,A,A,0,,,,,Y,,-,,0,0,1,0,0,0,0,0,0,"- ","- ",,,"SAN FRANCISCO","SAN FRANCISCO",-122.40049743652344,37.787452697753906
9878941,2025,2025-10-28,3801,2025-09-18,"1   ",2433,INGLE,4,5,7,3801,0,0,0,,0,3H13E,"MISSION ST","COLLEGE AV",231.00,S,N,A,-,N,,,,,,,,,,Y,4,0,1,2,A,-,07,21658,A,N,B,E,A,A,H,-,C,A,0,,,,,Y,,D,22,0,0,1,0,0,0,0,0,0,"- ","- ",,,"SAN FRANCISCO","SAN FRANCISCO",-122.42530822753906,37.734764099121094
9879051,2025,2025-10-14,3801,2025-06-26,1941,1059,MISSI,4,5,7,3801,0,0,0,,0,3D15D,"MISSION ST","14TH ST",102.00,N,N,A,-,N,,,,,,,,,,Y,3,0,1,2,A,-,08,22107,,N,B,C,A,A,H,-,A,A,0,,,Y,,Y,,A,01,0,1,0,0,0,0,0,0,1,"- ","- ",,,"SAN FRANCISCO","SAN FRANCISCO",-122.41999816894531,37.768569946289062
9879056,2025,2025-10-20,3801,2025-07-06,1651,2731,CENTR,7,5,7,3801,0,0,0,,0,3A13D,BROADWAY,"POWELL ST",0.00,,Y,A,-,N,,,,,,,,,,N,3,0,1,2,A,-,10,21950,A,N,G,B,B,A,H,-,A,A,0,Y,,,,Y,,A,01,0,1,0,0,1,0,0,0,0,"- ","- ",,,"SAN FRANCISCO","SAN FRANCISCO",-122.41024017333984,37.797409057617188
9879629,2025,2025-11-13,3801,2025-10-28,"915 ",1074,BAYVI,2,5,7,3801,0,0,0,,0,3C12A,"OAKDALE AV","QUINT ST",0.00,,Y,A,-,N,,,,,,,,,,N,4,0,1,2,A,-,03,22350,,N,D,D,A,A,H,-,A,A,0,,,,,Y,,D,22,0,0,1,0,0,0,0,0,0,"- ","- ",,,"SAN FRANCISCO","SAN FRANCISCO",-122.39596557617188,37.737800598144531
9879639,2025,2025-11-12,3801,2025-10-16,"432 ",1,NORTH,4,5,7,3801,0,0,0,,0,3E16,"PINE ST","STEINER ST",0.00,,Y,A,-,N,,,,,,,,,,N,4,0,2,2,A,-,08,22107,,N,D,C,A,A,H,-,C,A,0,,,,,Y,,A,01,0,0,2,0,0,0,0,0,0,"- ","- ",,,"SAN FRANCISCO","SAN FRANCISCO",-122.43528747558594,37.787750244140625
9879691,2025,2025-11-10,3801,2025-07-01,1340,4339,NORTH,2,5,7,3801,0,0,0,,0,004,"STEINER ST","PINE ST",130.00,N,N,A,-,N,,,,,,,,,,N,3,0,1,2,A,-,09,21804,A,N,B,C,A,A,H,-,A,A,0,,,Y,,Y,,A,01,0,1,0,0,0,0,0,0,1,"- ","- ",,,"SAN FRANCISCO","SAN FRANCISCO",-122.43536376953125,37.788101196289062
9882008,2025,2025-10-10,3801,2025-06-05,2135,2098,TENDE,4,5,7,3801,0,0,0,,0,3JL4E,"GOLDEN GATE AV","JONES ST",0.00,,Y,A,-,N,,,,,,,,,,,4,0,1,2,A,-,10,21950,A,N,B,B,D,A,H,-,C,A,0,Y,,,,Y,,-,,0,0,1,0,1,0,0,0,0,"- ","- ",,,"SAN FRANCISCO","SAN FRANCISCO",-122.4122314453125,37.782081604003906
9882010,2025,2025-10-10,3801,2025-06-15,1233,2495,BAYVI,7,5,7,3801,0,0,0,,0,3C15A,"3RD ST","GILMAN AV",13.00,N,N,A,-,N,,,,,,,,,,Y,4,0,1,1,A,-,03,22350,,N,F,I,A,A,H,-,A,A,0,,,,,Y,,-,,0,0,1,0,0,0,0,0,0,"- ","- ",,,"SAN FRANCISCO","SAN FRANCISCO",-122.39555358886719,37.722404479980469
9886311,2025,2025-11-12,3801,2025-10-21,2054,2071,NORTH,2,5,7,3801,0,0,0,,0,03F,"DUBOCE ST","CHURCH ST",52.00,W,N,A,-,N,,,,,,,,,,N,4,0,1,2,A,-,21,22106,,N,C,C,A,A,H,-,C,A,0,,,,,Y,,J,48,0,0,1,0,0,0,0,0,0,"- ","- ",,,"SAN FRANCISCO","SAN FRANCISCO",-122.42929840087891,37.769454956054688
9886359,2025,2025-11-24,3801,2025-08-21,2250,1988,NORTH,4,5,7,3801,0,0,0,,0,3E12E,"FRANKLIN ST","FELL ST",0.00,,Y,A,-,N,,,,,,,,,,N,3,0,1,2,A,-,07,21658,,N,B,G,A,A,H,-,C,A,0,,,,,Y,Y,-,,0,1,0,0,0,0,0,0,0,"- ","- ",,,"SAN FRANCISCO","SAN FRANCISCO",-122.421142578125,37.776157379150391
9886625,2025,2025-12-11,3801,2025-11-18,2111,2288,INGEL,2,5,7,3801,0,0,0,,0,3H11E,"CORTLAND AV","NEVADA ST",47.00,W,N,A,-,N,,,,,,,,,,N,4,0,1,2,A,-,08,22107,,N,B,E,A,A,H,-,C,D,0,,,,,Y,,D,22,0,0,1,0,0,0,0,0,0,"- ","- ",,,"SAN FRANCISCO","SAN FRANCISCO",-122.4114990234375,37.739845275878906
9886629,2025,2025-12-16,3801,2025-11-24,"715 ",2748,INGLE,1,5,7,3801,0,0,0,,0,3H13A,"TRUMBULL ST","TRUMBULL ST 222",0.00,,Y,A,-,N,,,,,,,,,,N,3,0,1,3,A,-,10,21950,C,N,G,B,-,A,H,-,A,-,0,Y,,,,Y,,D,23,0,1,0,0,1,0,0,0,0,"- ","- ",,,"SAN FRANCISCO","SAN FRANCISCO",,
9886636,2025,2025-12-10,3801,2025-11-08,1318,1542,INGLE,6,5,7,3801,0,0,0,,0,0H6,"BAYSHORE BL",VISITACION,0.00,,Y,A,-,N,,,,,,,,,,Y,4,0,2,3,A,-,03,22350,,F,C,C,A,A,H,-,A,A,0,,,,,Y,,D,23,0,0,2,0,0,0,0,0,0,"- ","- ",,,"SAN FRANCISCO","SAN FRANCISCO",-122.40432739257812,37.710441589355469
9886664,2025,2025-12-09,3801,2025-10-16,"635 ",1950,RICHM,4,5,7,3801,0,0,0,,0,3G12A,"POST ST","BAKER ST",0.00,,Y,A,-,N,,,,,,,,,,N,4,0,1,2,A,-,10,21950,A,N,G,B,B,A,H,-,C,A,0,Y,,,,Y,,A,07,0,0,1,0,1,0,0,0,0,"- ","- ",,,"SAN FRANCISCO","SAN FRANCISCO",-122.44300079345703,37.783889770507812
9886685,2025,2025-12-10,3801,2025-09-22,1605,1496,INGLE,1,5,7,3801,0,0,0,,0,0H4,"CIRCULAR AV","CONGO ST",0.00,,Y,A,-,N,,,,,,,,,,N,2,0,1,1,A,-,03,22350,,N,H,A,A,A,H,-,A,D,0,,Y,,,Y,,L,04,1,0,0,0,0,0,1,0,0,"- ","- ",,,"SAN FRANCISCO","SAN FRANCISCO",-122.44200897216797,37.729339599609375
9886821,2025,2025-11-24,3801,2025-10-17,1616,2177,INGLE,5,5,7,3801,0,0,0,,0,005,"WHITTIER ST","MISSION ST",0.00,,Y,A,-,N,,,,,,,,,,N,3,0,1,2,A,-,10,21950,A,N,A,B,B,A,H,-,A,A,0,Y,,,,Y,,-,,0,1,0,0,1,0,0,0,0,"- ","- ",,,"SAN FRANCISCO","SAN FRANCISCO",-122.44837188720703,37.710350036621094
9886837,2025,2025-11-24,3801,2025-10-04,1927,4259,RICHM,6,5,7,3801,0,0,0,,0,3G14D,"22ND AV","BALBOA ST",0.00,,Y,A,-,N,,,,,,,,,,N,3,0,1,2,A,-,09,21800,A,N,D,G,A,A,H,-,C,A,0,,Y,,,Y,,L,04,0,1,0,0,0,0,1,0,0,"- ","- ",,,"SAN FRANCISCO","SAN FRANCISCO",-122.48126220703125,37.776454925537109
9886840,2025,2025-11-24,3801,2025-10-03,1636,1355,TARAV,5,5,7,3801,0,0,0,,0,3I3D,"36TH AV","MORAGA ST",0.00,,Y,A,-,N,,,,,,,,,,Y,3,0,1,2,A,-,09,21802,A,N,D,C,A,A,H,-,A,D,0,,,,,Y,,A,07,0,1,0,0,0,0,0,0,0,"- ","- ",,,"SAN FRANCISCO","SAN FRANCISCO",-122.49481201171875,37.755306243896484