CASE_ID,ACCIDENT_YEAR,PROC_DATE,JURIS,COLLISION_DATE,COLLISION_TIME,OFFICER_ID,REPORTING_DISTRICT,DAY_OF_WEEK,CHP_SHIFT,POPULATION,CNTY_CITY_LOC,SPECIAL_COND,BEAT_TYPE,CHP_BEAT_TYPE,CITY_DIVISION_LAPD,CHP_BEAT_CLASS,BEAT_NUMBER,PRIMARY_RD,SECONDARY_RD,DISTANCE,DIRECTION,INTERSECTION,WEATHER_1,WEATHER_2,STATE_HWY_IND,CALTRANS_COUNTY,CALTRANS_DISTRICT,STATE_ROUTE,ROUTE_SUFFIX,POSTMILE_PREFIX,POSTMILE,LOCATION_TYPE,RAMP_INTERSECTION,SIDE_OF_HWY,TOW_AWAY,COLLISION_SEVERITY,NUMBER_KILLED,NUMBER_INJURED,PARTY_COUNT,PRIMARY_COLL_FACTOR,PCF_CODE_OF_VIOL,PCF_VIOL_CATEGORY,PCF_VIOLATION,PCF_VIOL_SUBSECTION,HIT_AND_RUN,TYPE_OF_COLLISION,MVIW,PED_ACTION,ROAD_SURFACE,ROAD_COND_1,ROAD_COND_2,LIGHTING,CONTROL_DEVICE,CHP_ROAD_TYPE,PEDESTRIAN_ACCIDENT,BICYCLE_ACCIDENT,MOTORCYCLE_ACCIDENT,TRUCK_ACCIDENT,NOT_PRIVATE_PROPERTY,ALCOHOL_INVOLVED,STWD_VEHTYPE_AT_FAULT,CHP_VEHTYPE_AT_FAULT,COUNT_SEVERE_INJ,COUNT_VISIBLE_INJ,COUNT_COMPLAINT_PAIN,COUNT_PED_KILLED,COUNT_PED_INJURED,COUNT_BICYCLIST_KILLED,COUNT_BICYCLIST_INJURED,COUNT_MC_KILLED,COUNT_MC_INJURED,PRIMARY_RAMP,SECONDARY_RAMP,LATITUDE,LONGITUDE,COUNTY,CITY,POINT_X,POINT_Y
6547529,2014,2014-07-21,3801,2014-02-18,1331,624,PARK,2,5,7,3801,0,0,0,,0,3F14A,"FELL ST","DIVISADERO ST",0.00,,Y,A,-,N,,,,,,,,,,N,3,0,1,2,A,-,08,22100,B,N,B,C,A,A,H,-,A,A,0,,,Y,,Y,,A,01,0,1,0,0,0,0,0,0,1,"- ","- ",,,"SAN FRANCISCO","SAN FRANCISCO",-122.43759986000001,37.774059899999997
6547536,2014,2014-07-21,3801,2014-02-16,1748,004324,BAYVI,7,5,7,3801,0,0,0,,0,003,"ILLINOIS ST","AMADOR AV",300.00,N,N,A,-,N,,,,,,,,,,Y,2,0,1,1,A,-,03,22350,,N,A,I,A,A,H,-,A,A,0,,,Y,,Y,,C,02,1,0,0,0,0,0,0,0,1,"- ","- ",,,"SAN FRANCISCO","SAN FRANCISCO",-122.38613637,37.746590089999998
6547547,2014,2014-07-22,3801,2014-01-02,1128,1655,PARK,4,5,7,3801,0,0,0,,0,3F14A,"DIVISADERO ST","FULTON ST",0.00,,Y,A,-,N,,,,,,,,,,Y,4,0,2,2,A,-,12,21453,A,N,D,C,A,A,H,-,A,A,0,,,,,Y,,A,01,0,0,2,0,0,0,0,0,0,"- ","- ",,,"SAN FRANCISCO","SAN FRANCISCO",-122.43815987000001,37.776859930000001
6547584,2014,2014-07-22,3801,2014-01-08,1111,132,RICHM,3,5,7,3801,0,0,0,,0,4K5G,"FULTON ST","19TH AV",0.00,,Y,A,-,N,,,,,,,,,,Y,3,0,3,2,A,-,09,21801,A,N,D,C,A,A,H,-,A,A,0,,,,,Y,,A,01,0,1,2,0,0,0,0,0,0,"- ","- ",,,"SAN FRANCISCO","SAN FRANCISCO",-122.47777997,37.77284993
6547593,2014,2015-10-13,3801,2014-01-28,1630,004297,COD,2,5,7,3801,0,0,0,,0,3D15D,"VALENCIA ST","14TH ST",0.00,,Y,A,-,N,,,,,,,,,,N,4,0,1,2,A,-,21,22106,,N,C,E,A,A,H,-,A,A,0,,,,,Y,,A,07,0,0,1,0,0,0,0,0,0,"- ","- ",,,"SAN FRANCISCO","SAN FRANCISCO",-122.42217989,37.768149889999997
6555584,2014,2014-08-25,3801,2014-02-22,1004,4082,I,6,5,7,3801,0,0,0,,0,,"IRVING ST","8TH AV",0.00,,-,A,-,N,,,,,,,,,,N,4,0,1,2,A,-,12,22450,,N,D,C,A,A,H,-,A,A,0,,,Y,,Y,,C,03,0,0,1,0,0,0,0,0,1,"- ","- ",,,"SAN FRANCISCO","SAN FRANCISCO",-122.46524995999999,37.764089929999997
6557024,2014,2014-07-21,3801,2014-03-22,1327,1043,INGLE,6,5,7,3801,0,0,0,,0,4B1H,"OCEAN AV","OCEAN AV 1000",0.00,,N,A,-,N,,,,,,,,,,N,3,0,1,2,D,-,00,,,N,H,G,A,A,H,-,A,A,0,,Y,,,Y,,-,"- ",0,1,0,0,0,0,1,0,0,"- ","- ",,,"SAN FRANCISCO","SAN FRANCISCO",-122.45288461,37.723204870000004
6557082,2014,2014-07-21,3801,2014-03-20,0847,38,SOUTH,4,5,7,3801,0,0,0,,0,5CAR,"4TH ST","BRYANT ST",22.00,S,N,A,-,N,,,,,,,,,,N,2,0,1,2,A,-,12,21453,A,N,-,C,A,D,D,-,A,A,0,,Y,,,Y,Y,L,04,1,0,0,0,0,0,1,0,0,"- ","- ",,,"SAN FRANCISCO","SAN FRANCISCO",-122.39801687000001,37.779526709999999
6557085,2014,2014-07-23,3801,2014-03-09,1707,189,NORTH,7,5,7,3801,0,0,0,,0,03E,"POLK ST","CLAY ST",60.00,S,N,A,-,N,,,,,,,,,,N,4,0,1,2,A,-,21,22106,,N,D,G,A,A,H,-,A,D,0,,Y,,,Y,,-,,0,0,1,0,0,0,1,0,0,"- ","- ",,,"SAN FRANCISCO","SAN FRANCISCO",-122.42101708,37.792227250000003
6557090,2014,2014-07-21,3801,2014-03-10,2100,2466,SOUTH,1,5,7,3801,0,0,0,,0,004,"FOLSOM ST","ESSEX ST",0.00,,Y,A,-,N,,,,,,,,,,N,4,0,4,2,A,-,03,22350,,N,C,C,A,A,H,-,D,D,0,,,,,Y,,-,,0,0,4,0,0,0,0,0,0,"- ","- ",,,"SAN FRANCISCO","SAN FRANCISCO",-122.39568998,37.78637998
6557097,2014,2014-07-30,3801,2014-03-07,1848,004294,MISSI,5,5,7,3801,0,0,0,,0,3D13D,"20TH ST","ALABAMA ST",0.00,,Y,A,-,N,,,,,,,,,,N,4,0,1,2,A,-,17,22517,,N,H,G,A,A,H,-,B,A,0,,Y,,,Y,,A,01,0,0,1,0,0,0,1,0,0,"- ","- ",,,"SAN FRANCISCO","SAN FRANCISCO",-122.41153994,37.759089950000003
6557102,2014,2014-08-11,3801,2014-03-06,2107,1420,SOUTH,4,5,7,3801,0,0,0,,0,4K3A,"5TH ST","FOLSOM ST",9.00,N,N,A,-,N,,,,,,,,,,N,4,0,1,2,A,-,11,21950,B,N,G,B,B,C,H,-,C,A,0,Y,,,,Y,,N,60,0,0,1,0,1,0,0,0,0,"- ","- ",,,"SAN FRANCISCO","SAN FRANCISCO",-122.40342083,37.780288380000002
6557104,2014,2014-07-21,3801,2014-03-06,1536,004297,"CO D",4,5,7,3801,0,0,0,,0,3D13C,"MARKET ST","DOLORES ST",0.00,,Y,A,-,N,,,,,,,,,,N,4,0,1,2,A,-,09,21804,A,N,D,G,A,A,H,-,A,A,0,,Y,,,Y,,L,04,0,0,1,0,0,0,1,0,0,"- ","- ",,,"SAN FRANCISCO","SAN FRANCISCO",-122.42690988,37.769199899999997
6559905,2014,2016-04-13,9335,2014-06-28,1655,020068,,6,2,7,3801,0,1,2,,2,015,"RT 101","15TH ST",115.00,N,N,A,-,Y,SF,4,101,-,R,4.330,H,-,S,Y,3,0,1,1,A,-,08,22107,,N,E,I,A,A,H,-,A,D,1,,,Y,,Y,,C,02,0,1,0,0,0,0,0,0,1,"- ","- ",37.4634,-122.2419,"SAN FRANCISCO","SAN FRANCISCO",-122.40573569,37.767880939999998
6560253,2014,2016-05-13,9335,2014-07-16,0725,013058,,3,1,7,3801,0,1,2,,2,014,"RT 101","23RD ST",300.00,N,N,B,-,Y,SF,4,101,-,-,3.430,H,-,S,Y,4,0,2,3,A,-,03,22350,,N,C,C,A,A,H,-,A,D,1,,,,,Y,,A,01,0,0,2,0,0,0,0,0,0,"- ","- ",,,"SAN FRANCISCO","SAN FRANCISCO",-122.40322609,37.755430089999997
6561407,2014,2014-08-08,3801,2014-03-25,1336,2263,TARAV,2,5,7,3801,0,0,0,,0,312B,"NORIEGA ST","20TH AV",0.00,,Y,C,-,N,,,,,,,,,,Y,4,0,1,2,A,-,09,21800,B,N,D,C,A,B,G,-,A,A,0,,,,,Y,,I,11,0,0,1,0,0,0,0,0,0,"- ","- ",,,"SAN FRANCISCO","SAN FRANCISCO",-122.47756986,37.754169920000002
6563689,2014,2014-07-25,3801,2014-04-19,1559,386,MISSI,6,5,7,3801,0,0,0,,0,3D14D,"24TH ST","YORK ST",38.00,W,N,A,-,N,,,,,,,,,,N,3,0,1,2,A,-,03,22350,,N,C,G,A,A,H,-,A,D,0,,Y,,,Y,,L,04,0,1,0,0,0,0,1,0,0,"- ","- ",,,"SAN FRANCISCO","SAN FRANCISCO",-122.40831137000001,37.752865759999999
6565849,2014,2015-03-09,3801,2014-04-08,0832,4244,MISSI,2,5,7,3801,0,0,0,,0,3D44C,"16TH ST","VERMONT ST",66.00,W,N,A,-,N,,,,,,,,,,N,4,0,1,2,A,-,03,22350,,N,C,C,A,A,H,-,A,D,0,,,,,Y,Y,A,07,0,0,1,0,0,0,0,0,0,"- ","- ",,,"SAN FRANCISCO","SAN FRANCISCO",-122.40485704,37.765940260000001
6565939,2014,2014-07-24,3801,2014-04-13,1913,1445,MISSI,7,5,7,3801,0,0,0,,0,901,"VALENCIA ST","18TH ST",200.00,S,N,A,-,N,,,,,,,,,,N,4,0,1,2,A,-,06,21750,,N,B,G,A,A,H,-,A,A,0,,Y,,,Y,,L,04,0,0,1,0,0,0,1,0,0,"- ","- ",,,"SAN FRANCISCO","SAN FRANCISCO",-122.42150522999999,37.761162290000001
6565949,2014,2014-07-24,3801,2014-04-03,2005,97,PARK,4,5,7,3801,0,0,0,,0,3F11A,"6TH AV","JUDAH ST",0.00,,Y,A,-,N,,,,,,,,,,N,4,0,1,2,A,-,10,21950,A,M,G,B,B,A,H,-,C,A,0,Y,,,,Y,,-,"- ",0,0,1,0,1,0,0,0,0,"- ","- ",,,"SAN FRANCISCO","SAN FRANCISCO",-122.46296996,37.762340000000002
6565950,2014,2014-07-24,3801,2014-04-17,0814,4346,TARAV,4,5,7,3801,0,0,0,,0,3I16A,"OCEAN AV","BRIGHTON AV",87.00,W,N,A,-,N,,,,,,,,,,N,4,0,1,2,A,-,08,22107,,N,B,G,A,A,H,-,A,A,0,,Y,,,Y,,A,01,0,0,1,0,0,0,1,0,0,"- ","- ",,,"SAN FRANCISCO","SAN FRANCISCO",-122.45543295,37.723754569999997
6565977,2014,2014-07-24,3801,2014-04-02,2308,2386,INGLE,3,5,7,3801,0,0,0,,0,3H2E,"MISSION ST","30TH ST",90.00,N,N,A,-,N,,,,,,,,,,N,4,0,1,2,A,-,06,21755,,N,D,G,A,A,H,-,C,D,0,,Y,,,Y,,L,04,0,0,1,0,0,0,1,0,0,"- ","- ",,,"SAN FRANCISCO","SAN FRANCISCO",-122.42183195,37.742615370000003
6565980,2014,2014-07-25,3801,2014-04-07,1642,1493,SOUTH,1,5,7,3801,0,0,0,,0,4K4B,"THE EMBARCADERO","BRYANT ST",0.00,,Y,A,-,N,,,,,,,,,,N,4,0,1,2,A,-,03,22350,,N,D,G,A,A,H,-,A,D,0,,Y,,,Y,,L,04,0,0,1,0,0,0,1,0,0,"- ","- ",,,"SAN FRANCISCO","SAN FRANCISCO",-122.38800995,37.787089950000002
6565982,2014,2015-10-23,3801,2014-04-30,1600,2066,BAYVI,3,5,7,3801,0,0,0,,0,3C11D,"TERRY A FRANCOIS BL","CHINA BASIN ST",0.00,,Y,A,-,N,,,,,,,,,,N,2,0,1,2,A,-,09,21801,A,N,B,G,A,A,H,-,A,D,0,,Y,,,Y,,A,01,1,0,0,0,0,0,1,0,0,"- ","- ",,,"SAN FRANCISCO","SAN FRANCISCO",-122.38696991,37.772179899999998
6572531,2014,2016-05-13,9335,2014-07-22,1801,20403,,2,2,7,3801,0,1,1,,2,024,"RT 280","25TH ST",200.00,S,N,A,-,Y,SF,4,280,-,R,5.580,H,-,S,Y,3,0,1,3,A,-,07,21658,A,N,B,C,A,A,H,-,A,D,1,,,Y,,Y,,A,01,0,1,0,0,0,0,0,0,1,"- ","- ",37.744900000000001,-122.39530000000001,"SAN FRANCISCO","SAN FRANCISCO",-122.39253322,37.74947272
6575694,2014,2016-05-28,9335,2014-07-28,1905,020779,,1,2,7,3801,0,1,1,,2,080,"RT 80","8TH ST",195.00,E,N,A,-,Y,SF,4,80,-,-,4.320,H,-,W,N,4,0,2,2,A,-,03,22350,,N,C,C,A,A,H,-,A,D,1,,,,,Y,,A,07,0,0,2,0,0,0,0,0,0,"- ","- ",37.772460000000002,-122.40665,"SAN FRANCISCO","SAN FRANCISCO",-122.40669115999999,37.77431318
6584628,2014,2016-05-28,9335,2014-08-01,0050,020509,,5,3,7,3801,0,1,2,,2,013,"RT 101","FAITH ST PEDESTRIAN",195.00,S,N,A,-,Y,SF,4,101,-,-,2.570,H,-,S,Y,4,0,1,4,A,-,03,22350,,M,C,C,A,A,H,-,C,D,1,,,,,Y,,A,01,0,0,1,0,0,0,0,0,0,"- ","- ",37.743949999999998,-122.40582999999999,"SAN FRANCISCO","SAN FRANCISCO",-122.40623126,37.743458840000002
6592298,2014,2016-05-13,9335,2014-07-29,2050,020779,,2,2,7,3801,0,1,2,,2,013,"RT 101","ALANNA WY",725.00,N,N,A,-,Y,SF,4,101,-,-,0.180,H,-,S,Y,3,0,1,2,A,-,01,23152,A,M,C,C,A,A,H,-,D,D,1,,,Y,,Y,Y,C,02,0,1,0,0,0,0,0,0,1,"- ","- ",37.423909999999999,-122.23442,"SAN FRANCISCO","SAN FRANCISCO",-122.39572948999999,37.71099392
6600934,2014,2016-05-14,9350,2014-08-13,2235,019703,,3,3,7,3801,0,1,2,,2,010,"RT 101","MARINA BL",1584.00,N,N,A,-,Y,SF,4,101,-,-,8.650,H,-,S,Y,4,0,1,1,A,-,01,23152,A,N,E,I,A,A,H,-,D,D,1,,,,,Y,Y,A,01,0,0,1,0,0,0,0,0,0,"- ","- ",37.803339999999999,-122.45679,"SAN FRANCISCO","SAN FRANCISCO",-122.45632497,37.802960349999999
6646216,2014,2016-05-28,9335,2014-09-29,1805,11595,,1,2,7,3801,0,1,1,,2,080,"RT 80","7TH ST",500.00,W,N,A,-,Y,SF,4,80,-,-,4.300,H,-,E,N,4,0,1,2,A,-,04,21703,,N,C,C,A,A,H,-,A,D,1,,,,,Y,,A,01,0,0,1,0,0,0,0,0,0,"- ","- ",,,"SAN FRANCISCO","SAN FRANCISCO",-122.40645813,37.773772280000003
6653564,2014,2014-12-19,9335,2014-10-08,1730,013738,,3,2,7,3801,0,1,1,,1,083,"RT 80","1ST ST",300.00,E,N,A,-,Y,,,,,,,,,,N,4,0,1,2,A,-,03,22350,,M,C,C,A,A,H,-,A,D,0,,,,,Y,,-,,0,0,1,0,0,0,0,0,0,"- ","- ",,,"SAN FRANCISCO","SAN FRANCISCO",-122.40615438,37.773792030000003
6658969,2014,2014-12-09,9335,2014-10-05,1400,20132,,7,2,7,3801,0,1,1,,1,081,"RT 80","YERBA BUENA ISLAND TUNNEL",200.00,W,N,A,-,Y,,,80,,,,,,,Y,4,0,2,2,A,-,04,21703,,N,C,C,A,A,H,-,A,D,0,,,,,Y,,A,01,0,0,2,0,0,0,0,0,0,"- ","- ",37.809849999999997,-122.36521,"SAN FRANCISCO","SAN FRANCISCO",-122.36538849999999,37.810019080000004
6696644,2014,2016-06-18,9335,2014-10-21,1635,20772,,2,2,7,3801,0,1,2,,2,013,"RT 101","FAITH ST",156.00,S,N,A,-,Y,SF,4,101,-,-,2.580,H,-,N,Y,4,0,1,3,A,-,08,22107,,N,E,I,A,A,H,-,A,D,1,,,,,Y,,A,07,0,0,1,0,0,0,0,0,0,"- ","- ",37.74239,-122.40685999999999,"SAN FRANCISCO","SAN FRANCISCO",-122.40593693,37.743501360000003
6708404,2014,2015-01-08,9335,2014-11-06,1929,018829,,4,2,7,3801,0,1,1,,2,080,"RT 80","5TH ST",1001.00,E,N,A,-,Y,,,80,,,,,,,Y,3,0,1,3,A,-,03,22350,,N,C,C,A,A,H,-,C,D,0,,,,,Y,Y,A,01,0,1,0,0,0,0,0,0,0,"- ","- ",37.780470000000001,-122.39861000000001,"SAN FRANCISCO","SAN FRANCISCO",-122.39876069,37.780657580000003
6710065,2014,2016-06-18,9335,2014-11-11,1900,018829,,2,2,7,3801,0,1,2,,2,015,"RT 101","FOLSOM ST",120.00,S,N,B,-,Y,SF,4,101,-,R,5.050,H,-,N,Y,4,0,1,2,A,-,03,22350,,N,C,C,A,A,H,-,C,D,1,,,,,Y,,A,01,0,0,1,0,0,0,0,0,0,"- ","- ",37.769620000000003,-122.41509000000001,"SAN FRANCISCO","SAN FRANCISCO",-122.41680580000001,37.76976398
6721766,2014,2016-06-18,9335,2014-11-16,1325,020068,,7,1,7,3801,0,1,2,,2,014,"RT 101","23RD ST",216.00,N,N,A,-,Y,SF,4,101,-,-,3.410,H,-,N,Y,4,0,2,3,A,-,03,22350,,N,C,C,A,A,H,-,A,D,1,,,,,Y,,A,01,0,0,2,0,0,0,0,0,0,"- ","- ",37.451799999999999,-122.241,"SAN FRANCISCO","SAN FRANCISCO",-122.40299209,37.755168779999998
6733738,2014,2014-12-31,9335,2014-11-23,1900,20658,,7,2,7,3801,0,1,1,,2,080,"RT 80","DIVISION ST",100.00,W,N,A,-,Y,,,,,,,,,,Y,3,0,1,1,A,-,08,22107,,N,E,I,A,A,H,-,D,D,0,,,,,Y,,A,01,0,1,0,0,0,0,0,0,0,"- ","- ",37.46604,-122.24250000000001,"SAN FRANCISCO","SAN FRANCISCO",-122.40566115999999,37.769958840000001
6763096,2014,2016-06-18,9335,2014-12-13,1245,20779,,6,1,7,3801,0,1,1,,2,023,"RT 280","ALEMANY BL",130.00,N,N,A,-,Y,SF,4,280,-,R,4.147,R,2,N,Y,4,0,1,1,A,-,08,22107,,F,E,I,A,A,H,-,A,D,1,,,,,Y,,D,22,0,0,1,0,0,0,0,0,0,"- ","- ",37.738219999999998,-122.40773,"SAN FRANCISCO","SAN FRANCISCO",-122.41000009,37.734013670000003
6767518,2014,2016-06-18,9335,2014-12-14,1850,20509,,7,2,7,3801,0,1,2,,2,015,"RT 101 S","SOUTH VAN NESS",2112.00,S,N,A,-,Y,SF,4,101,-,R,4.700,H,-,S,Y,4,0,2,2,A,-,01,23152,A,N,C,C,A,A,H,-,C,D,1,,,,,Y,Y,A,01,0,0,2,0,0,0,0,0,0,"- ",SO,37.76934,-122.41104,"SAN FRANCISCO","SAN FRANCISCO",-122.41096121,37.769337880000002
6781298,2015,2016-10-13,9335,2015-01-09,1750,018688,,5,2,7,3801,0,1,2,,2,013,"RT 101","FAITH ST",1056.00,N,N,A,-,Y,SF,4,101,-,-,2.810,H,-,S,N,4,0,1,3,A,-,04,21703,,N,C,C,A,A,H,-,D,D,1,,,,,Y,,A,01,0,0,1,0,0,0,0,0,0,"- ","- ",,,"SAN FRANCISCO","SAN FRANCISCO",-122.40469514999999,37.746640399999997
6784511,2015,2016-09-07,9335,2015-01-08,0720,017806,,4,1,7,3801,0,1,1,,2,022,"RT 280","WHIPPLE AV",175.00,S,N,B,-,Y,SF,4,280,-,R,1.030,H,-,N,Y,4,0,2,2,A,-,03,22350,,N,C,C,A,A,H,-,A,D,1,,,,,Y,,A,01,0,0,2,0,0,0,0,0,0,"- ","- ",37.424700000000001,-122.27849999999999,"SAN FRANCISCO","SAN FRANCISCO",-122.4525172,37.712981429999999
6803642,2015,2016-09-27,9335,2015-01-24,1020,020888,,6,1,7,3801,0,1,1,,1,083,"RT 80 SFOBB","METERING LIGHTS",740.00,W,N,A,-,Y,ALA,4,80,-,-,1.660,H,-,W,N,3,0,1,2,A,-,07,21658,A,N,B,C,A,A,H,-,A,D,4,,,Y,,Y,,A,01,0,1,0,0,0,0,0,0,1,"- ","- ",37.823619999999998,-122.31903,"SAN FRANCISCO","SAN FRANCISCO",-122.31967428,37.823473960000001
6836476,2015,2016-10-13,9335,2015-02-21,1058,020889,,6,1,7,3801,0,1,2,,2,013,"RT 101","BAYSHORE BL",525.00,S,N,A,-,Y,SF,4,101,-,-,0.460,H,-,S,Y,4,0,2,2,A,-,07,21658,A,N,B,C,A,A,H,-,A,D,1,,,,,Y,,A,01,0,0,2,0,0,0,0,0,0,"- ","- ",37.714390000000002,-122.39758,"SAN FRANCISCO","SAN FRANCISCO",-122.39778445,37.71457461
6836478,2015,2016-09-06,9335,2015-02-28,2245,020435,,6,3,7,3801,0,1,1,,1,081,"RT 80","SFOBB CENTER ANCHORAGE",240.00,W,N,A,-,Y,SF,4,80,-,-,6.770,H,-,W,Y,4,0,1,2,A,-,01,23152,A,N,E,C,A,A,H,-,C,D,4,,,,,Y,Y,A,01,0,0,1,0,0,0,0,0,0,"- ","- ",37.797690000000003,-122.379,"SAN FRANCISCO","SAN FRANCISCO",-122.37737158,37.798697259999997
6866959,2014,2015-08-04,3801,2014-09-10,1055,1887,TRAFF,3,5,7,3801,0,0,0,,0,4K1C,"3RD ST","MINNA ST",10.00,N,N,A,-,N,,,,,,,,,,N,4,0,1,2,A,-,07,21658,A,N,B,C,A,A,H,-,A,D,0,,,,,Y,,A,07,0,0,1,0,0,0,0,0,0,"- ","- ",,,"SAN FRANCISCO","SAN FRANCISCO",-122.40150396999999,37.785859819999999
6884201,2015,2016-12-17,9335,2015-04-07,0745,017672,,2,1,7,3801,0,1,1,,1,081,"RT 80","TREASURE ISLAND",300.00,W,N,C,-,Y,SF,4,80,-,-,7.660,H,-,W,N,4,0,2,2,A,-,03,22350,,N,C,C,A,B,H,-,A,D,4,,,,,Y,,A,01,0,0,2,0,0,0,0,0,0,"- ","- ",,,"SAN FRANCISCO","SAN FRANCISCO",-122.36756789,37.807697609999998
6895116,2015,2016-12-17,9335,2015-04-20,1800,018379,,1,2,7,3801,0,1,1,,2,080,"RT 80","6TH ST",150.00,E,N,B,-,Y,SF,4,80,-,-,4.710,H,-,E,Y,4,0,1,2,A,-,03,22350,,N,C,C,A,A,H,-,A,D,1,,,,,Y,,A,07,0,0,1,0,0,0,0,0,0,"- ","- ",,,"SAN FRANCISCO","SAN FRANCISCO",-122.40058028,37.77849543
6897216,2015,2016-11-03,9335,2015-04-26,0155,20889,,7,3,7,3801,0,1,2,,2,015,"RT 280","20TH ST",300.00,S,N,B,C,Y,SF,4,280,-,R,6.330,H,-,S,Y,4,0,1,1,A,-,01,23152,A,N,F,A,A,B,F,-,D,D,1,,,Y,,Y,Y,C,02,0,0,1,0,0,0,0,0,1,"- ","- ",37.758620000000001,-122.39247,"SAN FRANCISCO","SAN FRANCISCO",-122.39239546,37.759430500000001
6906082,2015,2016-11-03,9335,2015-04-18,0755,20281,,6,1,7,3801,0,1,1,,2,024,"RT 280","EVANS AV",150.00,S,N,A,-,Y,SF,4,280,-,R,5.330,H,-,S,N,4,0,1,1,A,-,08,22107,,N,E,I,A,A,H,-,A,D,1,,,,,Y,,A,01,0,0,1,0,0,0,0,0,0,"- ","- ",37.444499999999998,-122.23403,"SAN FRANCISCO","SAN FRANCISCO",-122.39450655,37.745814850000002
6918970,2015,2015-11-14,3801,2015-10-13,1155,2375,RICHM,2,5,7,3801,0,0,0,,0,901,"MARTIN LUTHER KING JR DR","STOW LAKE DR E",182.00,N,N,A,-,N,,,,,,,,,,N,3,0,1,2,A,-,08,22107,,N,B,G,A,A,H,-,A,D,0,,Y,,,Y,,A,01,0,1,0,0,0,0,1,0,0,"- ","- ",,,"SAN FRANCISCO","SAN FRANCISCO",-122.47249166,37.767972020000002
6918984,2015,2016-08-10,3801,2015-10-03,1320,1657,MISSI,6,5,7,3801,0,0,0,,0,,"17TH ST","DOLORES ST",0.00,,Y,A,-,N,,,,,,,,,,N,3,0,1,2,A,-,09,21801,A,N,A,G,A,A,D,-,A,A,0,,Y,,,Y,,A,08,0,1,0,0,0,0,1,0,0,"- ","- ",,,"SAN FRANCISCO","SAN FRANCISCO",-122.4262999,37.763009940000003
6919000,2015,2016-08-10,3801,2015-10-01,0900,1378,TARAV,4,5,7,3801,0,0,0,,0,3A15A,"LAKE MERCED BL","LAKE MERCED HILL",448.00,N,N,A,-,N,,,,,,,,,,Y,3,0,1,1,A,-,21,22106,,N,E,I,A,A,H,-,A,D,0,,,,,Y,,A,01,0,1,0,0,0,0,0,0,0,"- ","- ",,,"SAN FRANCISCO","SAN FRANCISCO",-122.48539661,37.712509570000002
6928695,2015,2016-12-17,9335,2015-05-19,1815,013740,,2,2,7,3801,0,1,1,,1,083,"RT 80","WEST OF CALL BOX 80-100",300.00,W,N,A,-,Y,SF,4,80,-,R,8.810,H,-,E,Y,4,0,1,2,A,-,04,21703,,N,C,C,A,A,H,-,A,D,0,,,,,Y,,A,07,0,0,1,0,0,0,0,0,0,"- ","- ",,,"SAN FRANCISCO","SAN FRANCISCO",-122.3506679,37.818669069999999
6934104,2015,2016-12-17,9335,2015-05-13,1817,018688,,3,2,7,3801,0,1,2,,2,014,"RT 101","23RD AV",365.00,N,N,A,-,Y,SF,4,101,-,-,3.440,H,-,S,Y,4,0,1,2,A,-,03,22350,,N,C,C,A,A,H,-,A,D,1,,,,,Y,,A,01,0,0,1,0,0,0,0,0,0,"- ","- ",,,"SAN FRANCISCO","SAN FRANCISCO",-122.4032393,37.755573579999997
6938881,2015,2016-12-17,9335,2015-05-19,1640,17672,,2,2,7,3801,0,1,1,,1,083,"RT 80","CECTER ANCHORAGE",100.00,E,N,A,-,Y,SF,4,80,-,-,6.690,H,-,E,N,4,0,1,2,A,-,07,21658,A,N,B,C,A,A,H,-,A,D,4,,,Y,,Y,,A,01,0,0,1,0,0,0,0,0,1,"- ","- ",,,"SAN FRANCISCO","SAN FRANCISCO",-122.3782291,37.797922470000003
6949857,2015,2016-11-03,9335,2015-06-02,0001,15263,,2,3,7,3801,0,1,1,,2,023,"RT 280","LYELL ST",518.00,S,N,B,-,Y,SF,4,280,-,R,2.810,H,-,S,Y,3,0,1,1,A,-,01,23152,A,N,E,I,A,A,H,-,C,D,1,,,,,Y,Y,A,01,0,1,0,0,0,0,0,0,0,"- ","- ",37.731940000000002,-122.43375,"SAN FRANCISCO","SAN FRANCISCO",-122.4335683,37.731875729999999
6959366,2015,2016-12-17,9335,2015-06-07,1331,20217,,7,1,7,3801,0,1,2,,2,014,"RT 101","18TH ST",200.00,S,N,A,-,Y,SF,4,101,-,-,3.920,H,-,N,N,4,0,1,2,A,-,03,22350,,N,C,C,A,A,H,-,A,D,1,,,,,Y,,D,22,0,0,1,0,0,0,0,0,0,"- ","- ",37.75855,-122.40535,"SAN FRANCISCO","SAN FRANCISCO",-122.40594504000001,37.7616181
6991702,2015,2016-12-20,9335,2015-07-16,1015,20068,,4,1,7,3801,0,1,2,,2,013,"RT 101","ALEMANY BL",612.00,S,N,A,-,Y,SF,4,101,-,-,1.920,H,-,N,Y,4,0,2,4,A,-,03,22350,,N,C,C,A,A,H,-,A,D,1,,,,,Y,,A,01,0,0,2,0,0,0,0,0,0,"- ","- ",37.445900000000002,-122.2423,"SAN FRANCISCO","SAN FRANCISCO",-122.40628723,37.734578110000001