CASE_ID,ACCIDENT_YEAR,PROC_DATE,JURIS,COLLISION_DATE,COLLISION_TIME,OFFICER_ID,REPORTING_DISTRICT,DAY_OF_WEEK,CHP_SHIFT,POPULATION,CNTY_CITY_LOC,SPECIAL_COND,BEAT_TYPE,CHP_BEAT_TYPE,CITY_DIVISION_LAPD,CHP_BEAT_CLASS,BEAT_NUMBER,PRIMARY_RD,SECONDARY_RD,DISTANCE,DIRECTION,INTERSECTION,WEATHER_1,WEATHER_2,STATE_HWY_IND,CALTRANS_COUNTY,CALTRANS_DISTRICT,STATE_ROUTE,ROUTE_SUFFIX,POSTMILE_PREFIX,POSTMILE,LOCATION_TYPE,RAMP_INTERSECTION,SIDE_OF_HWY,TOW_AWAY,COLLISION_SEVERITY,NUMBER_KILLED,NUMBER_INJURED,PARTY_COUNT,PRIMARY_COLL_FACTOR,PCF_CODE_OF_VIOL,PCF_VIOL_CATEGORY,PCF_VIOLATION,PCF_VIOL_SUBSECTION,HIT_AND_RUN,TYPE_OF_COLLISION,MVIW,PED_ACTION,ROAD_SURFACE,ROAD_COND_1,ROAD_COND_2,LIGHTING,CONTROL_DEVICE,CHP_ROAD_TYPE,PEDESTRIAN_ACCIDENT,BICYCLE_ACCIDENT,MOTORCYCLE_ACCIDENT,TRUCK_ACCIDENT,NOT_PRIVATE_PROPERTY,ALCOHOL_INVOLVED,STWD_VEHTYPE_AT_FAULT,CHP_VEHTYPE_AT_FAULT,COUNT_SEVERE_INJ,COUNT_VISIBLE_INJ,COUNT_COMPLAINT_PAIN,COUNT_PED_KILLED,COUNT_PED_INJURED,COUNT_BICYCLIST_KILLED,COUNT_BICYCLIST_INJURED,COUNT_MC_KILLED,COUNT_MC_INJURED,PRIMARY_RAMP,SECONDARY_RAMP,LATITUDE,LONGITUDE,COUNTY,CITY,POINT_X,POINT_Y
7029228,2015,2015-08-27,3801,2015-06-27,1657,01160,,6,5,7,3801,0,0,0,,0,3G14D,"LAKE ST","26TH AV",0.00,,Y,A,-,N,,,,,,,,,,Y,3,0,3,2,A,-,09,21804,A,N,D,C,A,A,H,-,A,D,0,,,,,Y,,A,07,0,2,1,0,0,0,0,0,0,"- ","- ",,,"SAN FRANCISCO","SAN FRANCISCO",-122.48620991,37.785699960000002
7029277,2015,2015-08-26,3801,2015-06-12,1054,1882,RICHM,5,5,7,3801,0,0,0,,0,3G60,"20TH AV","FULTON ST",120.00,N,N,B,-,N,,,,,,,,,,Y,4,0,1,2,A,-,21,22106,,N,B,C,A,A,H,-,A,D,0,,,,,Y,,A,01,0,0,1,0,0,0,0,0,0,"- ","- ",,,"SAN FRANCISCO","SAN FRANCISCO",-122.47885451000001,37.773139090000001
7029297,2015,2015-08-26,3801,2015-06-16,1715,04375,MISSI,2,5,7,3801,0,0,0,,0,006,"ALAMEDA ST","POTRERO AV",0.00,,Y,A,-,N,,,,,,,,,,Y,4,0,1,2,A,-,12,21453,A,F,A,C,A,A,H,-,A,A,0,,,,,Y,,A,01,0,0,1,0,0,0,0,0,0,"- ","- ",,,"SAN FRANCISCO","SAN FRANCISCO",-122.40778985999999,37.768379959999997
7029304,2015,2015-09-01,3801,2015-06-15,2040,1353,COE,1,5,7,3801,0,0,0,,0,3E76,"FILLMORE ST","WALLER ST",0.00,,Y,A,-,N,,,,,,,,,,N,4,0,1,2,A,-,11,21954,A,N,D,B,D,A,H,-,B,D,0,Y,,,,Y,,N,60,0,0,1,0,1,0,0,0,0,"- ","- ",,,"SAN FRANCISCO","SAN FRANCISCO",-122.43023994000001,37.771189970000002
7029315,2015,2016-11-04,3801,2015-06-07,1806,2375,RICHM,7,5,7,3801,0,0,0,,0,3G13D,"PARK PRESIDIO BL","FULTON ST",528.00,S,N,A,-,Y,SF,4,1,-,-,4.900,H,-,N,Y,4,0,3,1,A,-,03,22350,,M,E,I,A,A,H,-,A,D,0,,,,,Y,,A,01,0,0,3,0,0,0,0,0,0,"- ","- ",,,"SAN FRANCISCO","SAN FRANCISCO",-122.47319117000001,37.772367369999998
7029323,2015,2015-08-27,3801,2015-06-13,0909,27,CENTR,6,5,7,3801,0,0,0,,0,3A2C,"CALIFORNIA ST","POWELL ST",0.00,,Y,A,-,N,,,,,,,,,,Y,4,0,2,2,A,-,12,21457,A,N,D,D,A,A,H,-,A,A,0,,,,,Y,,A,01,0,0,2,0,0,0,0,0,0,"- ","- ",,,"SAN FRANCISCO","SAN FRANCISCO",-122.40916999,37.792049949999999
7032783,2015,2015-09-10,3801,2015-05-06,0910,1590,NORTH,3,5,7,3801,0,0,0,,0,3E4A,"FILLMORE ST","GEARY ST",0.00,,Y,A,-,N,,,,,,,,,,Y,4,0,1,2,A,-,08,22107,,N,B,C,A,A,H,-,A,A,0,,,,,Y,,I,11,0,0,1,0,0,0,0,0,0,"- ","- ",,,"SAN FRANCISCO","SAN FRANCISCO",-122.43294989,37.784529970000001
7032786,2015,2015-09-10,3801,2015-05-18,1405,01858,COB,1,5,7,3801,0,0,0,,0,3B15C,"CYRIL MAGNIN","MARKET ST",0.00,,Y,B,-,N,,,,,,,,,,N,3,0,1,2,A,-,11,21456,B,N,A,B,B,A,H,-,A,A,0,Y,,,Y,Y,,N,60,0,1,0,0,1,0,0,0,0,"- ","- ",,,"SAN FRANCISCO","SAN FRANCISCO",-122.40805989,37.783999919999999
7032806,2015,2015-08-20,3801,2015-05-02,0255,783,RICHM,6,5,7,3801,0,0,0,,0,0G3,"GEARY BL","PARK PRESIDIO BL",0.00,,Y,A,-,N,,,,,,,,,,Y,4,0,1,2,A,-,01,23153,A,N,C,C,A,A,H,-,C,A,0,,,,,Y,Y,A,01,0,0,1,0,0,0,0,0,0,"- ","- ",,,"SAN FRANCISCO","SAN FRANCISCO",-122.47233988000001,37.780719959999999
7032810,2015,2015-08-20,3801,2015-05-30,1313,2450,MISSI,6,5,7,3801,0,0,0,,0,3D14,"MISSION ST","26TH ST",0.00,,Y,A,-,N,,,,,,,,,,N,3,0,1,2,A,-,12,21457,A,F,D,G,A,A,H,-,A,A,0,,Y,,,Y,,A,01,0,1,0,0,0,0,1,0,0,"- ","- ",,,"SAN FRANCISCO","SAN FRANCISCO",-122.41813993,37.749059950000003
7032825,2015,2015-08-20,3801,2015-05-23,1437,1934,3C11A,6,5,7,3801,0,0,0,,0,COC,"RHODE ISLAND","17TH ST",0.00,,Y,A,-,N,,,,,,,,,,N,4,0,1,2,A,-,10,21950,A,F,G,B,B,A,H,-,A,D,0,Y,,,,Y,,A,01,0,0,1,0,1,0,0,0,0,"- ","- ",,,"SAN FRANCISCO","SAN FRANCISCO",-122.40253995,37.764779920000002
7032828,2015,2015-08-20,3801,2015-05-13,1710,1485,,3,5,7,3801,0,0,0,,0,13D,"MASONIC AV","FELL ST",0.00,,Y,A,-,N,,,,,,,,,,N,4,0,1,2,A,-,17,21451,A,F,D,G,A,A,H,-,A,A,0,,Y,,,Y,,L,04,0,0,1,0,0,0,1,0,0,"- ","- ",,,"SAN FRANCISCO","SAN FRANCISCO",-122.44591997000001,37.772979970000002
7032829,2015,2015-08-20,3801,2015-05-23,1845,448,,6,5,7,3801,0,0,0,,0,,"PRAGUE ST","ROLPH ST",0.00,,Y,A,-,N,,,,,,,,,,N,4,0,1,2,A,-,09,21802,A,N,D,C,A,A,H,-,A,D,0,,,,,Y,,A,01,0,0,1,0,0,0,0,0,0,"- ","- ",,,"SAN FRANCISCO","SAN FRANCISCO",-122.43263987,37.71174989
7032861,2015,2016-06-15,3801,2015-05-20,2216,1310,NORTH,3,5,7,3801,0,0,0,,0,3E12E,"GOUGH ST",MCALLISTER,0.00,,Y,C,-,N,,,,,,,,,,Y,4,0,2,2,A,-,01,23153,A,N,D,C,A,B,H,-,C,A,0,,,,,Y,Y,A,07,0,0,2,0,0,0,0,0,0,"- ","- ",,,"SAN FRANCISCO","SAN FRANCISCO",-122.42353987,37.779669980000001
7032882,2015,2015-08-19,3801,2015-05-29,0232,001240,CENTR,5,5,7,3801,0,0,0,,0,3A12E,"GEARY ST","MASON ST",0.00,,Y,B,-,N,,,,,,,,,,N,2,0,1,2,A,-,11,21955,,N,G,B,D,B,H,-,C,A,0,Y,,,,Y,,N,60,1,0,0,0,1,0,0,0,0,"- ","- ",,,"SAN FRANCISCO","SAN FRANCISCO",-122.40985988,37.787169949999999
7032883,2015,2015-08-24,3801,2015-05-06,1700,2050,NORTH,3,5,7,3801,0,0,0,,0,5E4D,"GEARY ST",LAGUNA,95.00,E,N,A,-,N,,,,,,,,,,Y,4,0,2,4,A,-,03,22350,,N,C,C,A,A,H,-,A,A,0,,,,,Y,,-,,0,0,2,0,0,0,0,0,0,"- ","- ",,,"SAN FRANCISCO","SAN FRANCISCO",-122.42767542999999,37.78508188
7032910,2015,2015-08-19,3801,2015-05-02,0200,002380,SOUTH,6,5,7,3801,0,0,0,,0,3B15E,"8TH ST","BRYANT ST",19.00,N,N,A,-,N,,,,,,,,,,N,3,0,1,2,A,-,03,22350,,F,C,C,A,A,H,-,A,A,0,,,,,Y,,A,01,0,1,0,0,0,0,0,0,0,"- ","- ",,,"SAN FRANCISCO","SAN FRANCISCO",-122.40702673,37.772546720000001
7032941,2015,2015-08-20,3801,2015-05-18,1538,002206,RICHM,1,5,7,3801,0,0,0,,0,004,"GEARY BL","15TH AV",0.00,,Y,A,-,N,,,,,,,,,,N,4,0,1,2,A,-,12,21453,A,N,A,C,A,A,H,-,A,A,0,,,,,Y,,A,01,0,0,1,0,0,0,0,0,0,"- ","- ",,,"SAN FRANCISCO","SAN FRANCISCO",-122.47398993,37.780630000000002
7033344,2015,2015-09-02,3801,2015-02-16,1439,4241,MISSI,1,5,7,3801,0,0,0,,0,004,"BRYANT ST","21ST ST",0.00,,Y,A,-,N,,,,,,,,,,N,3,0,2,3,A,-,10,21950,A,N,G,-,B,A,H,-,A,D,0,Y,,,,Y,,-,,0,1,1,0,2,0,0,0,0,"- ","- ",,,"SAN FRANCISCO","SAN FRANCISCO",-122.40959994000001,37.757589899999999
7033413,2015,2015-08-21,3801,2015-05-22,1937,4265,INGLE,5,5,7,3801,0,0,0,,0,3H15D,"ALEMANY BL","FARRAGUT AV",0.00,,Y,A,-,N,,,,,,,,,,Y,4,0,1,2,A,-,12,21453,A,N,D,C,A,A,H,-,B,A,0,,,,,Y,,A,01,0,0,1,0,0,0,0,0,0,"- ","- ",,,"SAN FRANCISCO","SAN FRANCISCO",-122.45200991999999,37.712119979999997
7034522,2015,2015-08-22,3801,2015-01-02,1934,1485,3F,5,5,7,3801,0,0,0,,0,11D,"LAGUNA HONDA BL","PLAZA ST",160.00,N,N,A,-,N,,,,,,,,,,Y,4,0,1,1,A,-,05,21460,A,N,A,I,A,A,H,-,C,D,0,,,,,Y,,A,01,0,0,1,0,0,0,0,0,0,"- ","- ",,,"SAN FRANCISCO","SAN FRANCISCO",-122.46006443,37.749327549999997
7034526,2015,2015-08-22,3801,2015-01-03,0900,2482,TARAV,6,5,7,3801,0,0,0,,0,3113A,"15TH AV","RIVERA ST",0.00,,Y,A,-,N,,,,,,,,,,Y,3,0,1,4,A,-,12,22450,A,N,D,E,A,A,H,-,A,A,0,,,,,Y,,A,08,0,1,0,0,0,0,0,0,0,"- ","- ",,,"SAN FRANCISCO","SAN FRANCISCO",-122.47162987999999,37.746959930000003
7034629,2015,2015-08-25,3801,2015-01-26,1036,1043,INGLE,1,5,7,3801,0,0,0,,0,4K6H,"GENEVA AV","ALEMANY BL",58.00,E,N,A,-,N,,,,,,,,,,N,4,0,1,2,A,-,03,22350,,N,C,C,A,A,H,-,E,A,0,,,,,Y,,A,01,0,0,1,0,0,0,0,0,0,"- ","- ",,,"SAN FRANCISCO","SAN FRANCISCO",-122.44223285,37.717773739999998
7034636,2015,2015-08-25,3801,2015-01-25,0131,1598,,7,5,7,3801,0,0,0,,0,,"NEW MONTGOMERY ST","MINNA ST",0.00,,Y,A,-,N,,,,,,,,,,N,4,0,1,2,A,-,11,21954,A,F,G,B,D,A,-,-,C,D,0,Y,,,,Y,Y,N,60,0,0,1,0,1,0,0,0,0,"- ","- ",,,"SAN FRANCISCO","SAN FRANCISCO",-122.39998996,37.787029889999999
7034647,2015,2015-09-04,3801,2015-02-20,2047,004335,MISSI,5,5,7,3801,0,0,0,,0,,"24TH ST","UTAH ST",0.00,,Y,A,-,N,,,,,,,,,,Y,4,0,1,2,A,-,03,22350,,N,E,I,A,A,H,-,C,A,0,,,,Y,Y,,A,01,0,0,1,0,0,0,0,0,0,"- ","- ",,,"SAN FRANCISCO","SAN FRANCISCO",-122.40531995000001,37.753079999999997
7034751,2015,2015-08-22,3801,2015-02-19,2139,000181,MISSI,4,5,7,3801,0,0,0,,0,901,"CHURCH ST","17TH ST",0.00,,Y,A,-,N,,,,,,,,,,N,4,0,1,2,A,-,09,21801,A,N,B,G,A,A,H,-,C,A,0,,Y,,,Y,,A,01,0,0,1,0,0,0,1,0,0,"- ","- ",,,"SAN FRANCISCO","SAN FRANCISCO",-122.42850995000001,37.762879929999997
7034758,2015,2015-08-22,3801,2015-02-08,1048,4096,4K6F,7,5,7,3801,0,0,0,,0,TARAVA,"SANTIAGO ST","26TH AV",0.00,,Y,C,-,N,,,,,,,,,,Y,4,0,2,2,A,-,12,22450,A,N,D,C,A,B,H,-,A,A,0,,,,,Y,,-,"- ",0,0,2,0,0,0,0,0,0,"- ","- ",,,"SAN FRANCISCO","SAN FRANCISCO",-122.4833199,37.744589939999997
7034761,2015,2015-08-22,3801,2015-02-03,2240,211,SOUTH,2,5,7,3801,0,0,0,,0,,"MISSION ST","11TH ST",0.00,,Y,A,-,N,,,,,,,,,,N,3,0,1,2,A,-,11,21954,A,N,G,B,D,A,H,-,C,A,0,Y,,,,Y,Y,N,60,0,1,0,0,1,0,0,0,0,"- ","- ",,,"SAN FRANCISCO","SAN FRANCISCO",-122.41709998,37.774329989999998
7034765,2015,2015-08-22,3801,2015-02-03,1523,001512,,2,5,7,3801,0,0,0,,0,3I4I,"18TH AV","IRVING ST",0.00,,Y,A,-,N,,,,,,,,,,N,4,0,1,2,A,-,03,22350,,N,C,E,A,A,H,-,A,D,0,,,,,Y,,A,01,0,0,1,0,0,0,0,0,0,"- ","- ",,,"SAN FRANCISCO","SAN FRANCISCO",-122.47604986,37.763609950000003
7034769,2015,2015-08-22,3801,2015-02-02,1316,004282,NORTH,1,5,7,3801,0,0,0,,0,2CAR,"VAN NESS AV","GROVE ST",0.00,,Y,A,-,N,,,,,,,,,,N,2,0,1,2,A,-,11,21955,,N,G,B,D,A,H,-,A,A,0,Y,,,,Y,,N,60,1,0,0,0,1,0,0,0,0,"- ","- ",,,"SAN FRANCISCO","SAN FRANCISCO",-122.41995987999999,37.778249930000001
7034771,2015,2015-08-28,3801,2015-02-17,1656,001994,NORTH,2,5,7,3801,0,0,0,,0,4K8E,"FRANKLIN ST","CLAY ST",0.00,,Y,A,-,N,,,,,,,,,,N,4,0,3,2,A,-,08,22100,B,N,B,C,A,A,H,-,A,A,0,,,,,Y,,A,01,0,0,3,0,0,0,0,0,0,"- ","- ",,,"SAN FRANCISCO","SAN FRANCISCO",-122.42432995999999,37.791969979999998
7034775,2015,2015-08-22,3801,2015-02-15,1640,004333,BAYVI,7,5,7,3801,0,0,0,,0,3C13D,"AMADOR ST","ILLINOIS ST",0.00,,Y,A,-,N,,,,,,,,,,N,4,0,1,2,A,-,11,21954,A,N,C,B,D,A,H,-,A,A,0,Y,,,,Y,,A,01,0,0,1,0,1,0,0,0,0,"- ","- ",,,"SAN FRANCISCO","SAN FRANCISCO",-122.38603987,37.74576991
7034779,2015,2015-08-22,3801,2015-02-27,0821,121,3E,5,5,7,3801,0,0,0,,0,3E12A,LAGUNA,EDDY,0.00,,Y,A,-,N,,,,,,,,,,N,3,0,1,2,A,-,10,21950,A,N,G,B,B,A,H,-,A,A,0,Y,,,,Y,,A,01,0,1,0,0,1,0,0,0,0,"- ","- ",,,"SAN FRANCISCO","SAN FRANCISCO",-122.42739997,37.782059930000003
7034780,2015,2015-08-22,3801,2015-02-01,0749,000794,BAYVI,7,5,7,3801,0,0,0,,0,3C13A,"VENUS ST","TOPEKA AV",184.00,W,N,A,-,N,,,,,,,,,,N,4,0,2,2,A,-,03,22350,,M,C,C,A,A,H,-,A,D,0,,,,,Y,,-,,0,0,2,0,0,0,0,0,0,"- ","- ",,,"SAN FRANCISCO","SAN FRANCISCO",-122.39625667,37.731958259999999
7034800,2015,2015-08-22,3801,2015-02-22,2004,001431,INGLE,7,5,7,3801,0,0,0,,0,3H13D,"CORTLAND AV","BONVIEW ST",6.00,E,N,A,-,N,,,,,,,,,,Y,3,0,1,3,A,-,01,23152,A,M,B,E,A,A,H,-,C,D,0,,,,,Y,Y,A,08,0,1,0,0,0,0,0,0,0,"- ","- ",,,"SAN FRANCISCO","SAN FRANCISCO",-122.41915166,37.739522280000003
7035055,2015,2015-08-22,3801,2015-02-22,2045,1184,TARAV,7,5,7,3801,0,0,0,,0,3I14D,"YERBA BUENA AV","SANTA PAULA AV",0.00,,Y,A,-,N,,,,,,,,,,Y,3,0,3,1,A,-,05,21650,,N,A,I,A,A,H,-,C,A,0,,,,,Y,Y,A,07,0,1,2,0,0,0,0,0,0,"- ","- ",,,"SAN FRANCISCO","SAN FRANCISCO",-122.46313988,37.737009919999998
7035059,2015,2015-08-22,3801,2015-02-23,1127,001542,TENDE,1,5,7,3801,0,0,0,,0,3J12A,"EDDY ST","HYDE ST",0.00,,Y,A,-,N,,,,,,,,,,N,4,0,1,2,A,-,10,21950,A,N,G,B,B,A,H,-,A,A,0,Y,,,,Y,,A,01,0,0,1,0,1,0,0,0,0,"- ","- ",,,"SAN FRANCISCO","SAN FRANCISCO",-122.41588996999999,37.783509930000001
7035060,2015,2015-08-22,3801,2015-02-27,1001,004119,BAYVI,5,5,7,3801,0,0,0,,0,4K5C,"BACON ST","GOETTINGEN ST",9.00,E,N,A,-,N,,,,,,,,,,N,4,0,1,2,A,-,10,21950,A,N,G,B,B,A,H,-,A,A,0,Y,,,,Y,,A,08,0,0,1,0,1,0,0,0,0,"- ","- ",,,"SAN FRANCISCO","SAN FRANCISCO",-122.40654042,37.726877690000002
7035083,2015,2015-08-22,3801,2015-02-26,0918,002253,TARAV,4,5,7,3801,0,0,0,,0,3I11A,"SANTIAGO ST","20TH AV",0.00,,Y,A,-,N,,,,,,,,,,N,3,0,1,2,A,-,10,21950,A,N,D,B,B,A,G,-,A,D,0,Y,,,,Y,,A,01,0,1,0,0,1,0,0,0,0,"- ","- ",,,"SAN FRANCISCO","SAN FRANCISCO",-122.47688991,37.744859929999997
7035120,2014,2015-08-27,3801,2014-12-11,1650,2300,TENDE,4,5,7,3801,0,0,0,,0,3J11D,"TAYLOR ST","TURK ST",0.00,,Y,B,C,N,,,,,,,,,,N,4,0,1,2,A,-,10,21950,A,F,G,B,B,B,H,-,C,A,0,Y,,,,Y,,D,22,0,0,1,0,1,0,0,0,0,"- ","- ",,,"SAN FRANCISCO","SAN FRANCISCO",-122.41077986000001,37.783209880000001
7035213,2014,2015-08-21,3801,2014-12-05,1805,4345,MISSI,5,5,7,3801,0,0,0,,0,1CAR,"DIAMOND ST","MARKET ST",0.00,,Y,A,-,N,,,,,,,,,,N,2,0,1,2,A,-,10,21950,A,F,G,B,B,B,H,-,C,A,0,Y,,,,Y,,-,99,1,0,0,0,1,0,0,0,0,"- ","- ",,,"SAN FRANCISCO","SAN FRANCISCO",-122.43729992999999,37.761899990000003
7035220,2014,2015-08-24,3801,2014-12-17,2310,4212,3801,3,5,7,3801,0,0,0,,0,3116E,"JUNIPERO SERRA BL","OCEAN AV",0.00,,Y,C,-,N,,,,,,,,,,N,4,0,1,2,A,-,07,21658,A,N,C,C,A,B,G,-,C,A,0,,,,,Y,,A,01,0,0,1,0,0,0,0,0,0,"- ","- ",,,"SAN FRANCISCO","SAN FRANCISCO",-122.47213992,37.731159890000001
7035239,2014,2015-08-24,3801,2014-12-15,0400,002399,TENDE,1,5,7,3801,0,0,0,,0,,"LEAVENWORTH ST","TURK ST",0.00,,Y,A,-,N,,,,,,,,,,N,4,0,1,2,A,-,10,21950,A,M,G,B,B,A,H,-,C,A,0,Y,,,,Y,,A,01,0,0,1,0,1,0,0,0,0,"- ","- ",,,"SAN FRANCISCO","SAN FRANCISCO",-122.41403986,37.782799910000001
7035265,2014,2015-08-24,3801,2014-12-01,1200,1934,BAYVI,1,5,7,3801,0,0,0,,0,3C12A,"PAUL AV","WHEAT ST",0.00,,Y,A,-,N,,,,,,,,,,N,4,0,1,2,A,-,03,22350,,F,D,C,A,A,H,-,A,D,0,,,,,Y,,-,99,0,0,1,0,0,0,0,0,0,"- ","- ",,,"SAN FRANCISCO","SAN FRANCISCO",-122.40008992,37.723429889999998
7035281,2014,2015-08-21,3801,2014-12-21,0219,1598,SOUTH,7,5,7,3801,0,0,0,,0,,"MISSION ST","7TH ST",0.00,,Y,B,C,N,,,,,,,,,,N,4,0,1,2,A,-,10,21950,A,N,G,B,B,B,H,-,C,A,0,Y,,,,Y,,A,01,0,0,1,0,1,0,0,0,0,"- ","- ",,,"SAN FRANCISCO","SAN FRANCISCO",-122.41089991,37.779209899999998
7035314,2014,2015-08-21,3801,2014-12-15,2019,000209,NORTH,1,5,7,3801,0,0,0,,0,3E2,"GROVE ST","OCTAVIA ST",174.00,E,N,C,-,N,,,,,,,,,,N,3,0,1,2,A,-,21,22106,,N,D,G,A,B,H,-,D,D,0,,Y,,,Y,Y,A,01,0,1,0,0,0,0,1,0,0,"- ","- ",,,"SAN FRANCISCO","SAN FRANCISCO",-122.42421401,37.77768863
7035324,2014,2015-09-02,3801,2014-12-17,1558,4057,NORTH,3,5,7,3801,0,0,0,,0,3E1D,"FILLMORE ST","GOLDEN GATE AV",120.00,N,N,C,-,N,,,,,,,,,,N,4,0,1,2,A,-,03,22350,,N,G,B,-,B,H,-,A,D,0,Y,,,,Y,,A,01,0,0,1,0,1,0,0,0,0,"- ","- ",,,"SAN FRANCISCO","SAN FRANCISCO",-122.43200916000001,37.779885059999998
7035335,2014,2015-08-24,3801,2014-12-15,1640,000995,INGLE,1,5,7,3801,0,0,0,,0,3H16D,"SILVER AV","MISSION ST",222.00,W,N,B,-,N,,,,,,,,,,Y,4,0,1,2,A,-,03,22350,,N,C,C,A,B,H,-,C,A,0,,,,,Y,,A,07,0,0,1,0,0,0,0,0,0,"- ","- ",,,"SAN FRANCISCO","SAN FRANCISCO",-122.43192620000001,37.729069440000004
7035338,2014,2015-08-21,3801,2014-12-30,1910,2348,INGLE,2,5,7,3801,0,0,0,,0,1910,"MISSION ST","PRECITA AV",15.00,N,N,A,-,N,,,,,,,,,,N,3,0,1,1,A,-,03,22350,,N,H,J,A,A,D,-,C,A,0,,,Y,,Y,,C,02,0,1,0,0,0,0,0,0,1,"- ","- ",,,"SAN FRANCISCO","SAN FRANCISCO",-122.41909542,37.746796289999999
7035351,2014,2015-08-24,3801,2014-12-12,0025,000315,SOUTH,5,5,7,3801,0,0,0,,0,2CAR,"MISSION ST","5TH ST",32.00,E,N,C,-,N,,,,,,,,,,N,4,0,1,2,A,-,11,21955,,N,G,B,D,B,H,-,C,A,0,Y,,,,Y,,N,60,0,0,1,0,1,0,0,0,0,"- ","- ",,,"SAN FRANCISCO","SAN FRANCISCO",-122.40640988,37.782800700000003
7035620,2015,2015-08-31,3801,2015-01-16,1247,1939,PARK,5,5,7,3801,0,0,0,,0,4K3F,"CASTRO ST","HENRY ST",0.00,,Y,B,-,N,,,,,,,,,,Y,3,0,2,2,A,-,09,21802,A,N,D,C,A,A,H,-,A,A,0,,,Y,,Y,,A,01,0,2,0,0,0,0,0,0,1,"- ","- ",,,"SAN FRANCISCO","SAN FRANCISCO",-122.43553993,37.766519889999998
7035627,2015,2015-08-27,3801,2015-01-18,0930,746,INGLE,7,5,7,3801,0,0,0,,0,3H00,"JUSTIN DR","ALEMANY BL",0.00,,Y,A,-,N,,,,,,,,,,N,4,0,2,2,A,-,03,22350,,F,C,C,A,A,H,-,A,A,0,,,,,Y,,-,,0,0,2,0,0,0,0,0,0,"- ","- ",,,"SAN FRANCISCO","SAN FRANCISCO",-122.42595992,37.73179992
7035637,2015,2015-09-08,3801,2015-01-17,2246,004345,MISSI,6,5,7,3801,0,0,0,,0,908,"16TH ST","16TH ST 2300 BLK",0.00,,N,A,-,N,,,,,,,,,,N,2,0,1,2,A,-,03,22350,,F,D,G,A,A,H,-,C,D,0,,Y,,,Y,,A,01,1,0,0,0,0,0,1,0,0,"- ","- ",,,"SAN FRANCISCO","SAN FRANCISCO",,
7035867,2014,2015-08-21,3801,2014-11-23,1440,04258,,7,5,7,3801,0,0,0,,0,,"JUDAH ST","11TH AV",0.00,,Y,A,-,N,,,,,,,,,,N,4,0,1,2,B,-,22,,,N,H,A,A,A,H,-,A,D,0,,,,,Y,,A,01,0,0,1,0,0,0,0,0,0,"- ","- ",,,"SAN FRANCISCO","SAN FRANCISCO",-122.46831985999999,37.762139959999999
7035873,2014,2015-08-21,3801,2014-11-13,1618,1836,3H,4,5,7,3801,0,0,0,,0,3H15D,"VISITACION AV","DELTA ST",28.00,E,N,A,-,N,,,,,,,,,,N,3,0,1,2,A,-,11,21954,A,N,G,B,D,A,H,-,A,D,0,Y,,,,Y,,N,60,0,1,0,0,1,0,0,0,0,"- ","- ",,,"SAN FRANCISCO","SAN FRANCISCO",-122.40962681000001,37.711939129999998
7035897,2014,2015-08-24,3801,2014-11-25,1429,1849,SOUTH,2,5,7,3801,0,0,0,,0,3B12C,"5TH ST","HOWARD ST",0.00,,Y,A,-,N,,,,,,,,,,N,4,0,1,2,A,-,10,21950,A,N,G,B,B,A,H,-,A,A,0,Y,,,,Y,,A,07,0,0,1,0,1,0,0,0,0,"- ","- ",,,"SAN FRANCISCO","SAN FRANCISCO",-122.40492992999999,37.781509960000001
7035899,2014,2015-08-24,3801,2014-11-27,1406,607,TARAV,4,5,7,3801,0,0,0,,0,3I16B,"CAPITOL AV","BROAD ST",0.00,,Y,A,-,N,,,,,,,,,,N,4,0,1,2,A,-,12,22450,A,F,D,C,A,A,H,-,A,D,0,,,,,Y,,-,,0,0,1,0,0,0,0,0,0,"- ","- ",,,"SAN FRANCISCO","SAN FRANCISCO",-122.45903995,37.713189900000003
7035910,2014,2015-08-21,3801,2014-11-14,1013,04269,SOUTH,5,5,7,3801,0,0,0,,0,3B13A,"MISSION ST","9TH ST",0.00,N,N,A,-,N,,,,,,,,,,N,4,0,1,2,A,-,21,22106,,N,C,I,F,A,H,-,A,D,0,Y,,,,Y,,A,07,0,0,1,0,1,0,0,0,0,"- ","- ",,,"SAN FRANCISCO","SAN FRANCISCO",-122.41471988000001,37.776239930000003
7035982,2014,2015-08-28,3801,2014-11-02,1813,004371,MISSI,7,5,7,3801,0,0,0,,0,901,"22ND ST","BRYANT ST",65.00,W,N,A,-,N,,,,,,,,,,N,3,0,1,2,A,-,11,21955,,N,G,B,D,A,H,-,C,A,0,Y,,,,Y,,N,60,0,1,0,0,1,0,0,0,0,"- ","- ",,,"SAN FRANCISCO","SAN FRANCISCO",-122.40969435,37.755977399999999
7035996,2014,2015-08-25,3801,2014-11-22,0625,004269,SOUTH,6,5,7,3801,0,0,0,,0,3B4A,"9TH ST","MISSION ST",0.00,,Y,C,-,N,,,,,,,,,,N,4,0,1,2,A,-,11,21954,A,N,G,B,D,B,H,-,C,A,0,Y,,,,Y,Y,N,60,0,0,1,0,1,0,0,0,0,"- ","- ",,,"SAN FRANCISCO","SAN FRANCISCO",-122.41471988000001,37.776239930000003
7037367,2015,2015-09-11,3801,2015-07-31,1300,001031,NORTH,5,5,7,3801,0,0,0,,0,3E12C,"WEBSTER ST","GEARY ST",0.00,,Y,A,-,N,,,,,,,,,,N,4,0,3,3,A,-,12,21453,A,N,D,C,A,A,H,-,A,A,0,,,,Y,Y,,F,26,0,0,3,0,0,0,0,0,0,"- ","- ",,,"SAN FRANCISCO","SAN FRANCISCO",-122.4312999,37.784729929999997