CASE_ID,ACCIDENT_YEAR,PROC_DATE,JURIS,COLLISION_DATE,COLLISION_TIME,OFFICER_ID,REPORTING_DISTRICT,DAY_OF_WEEK,CHP_SHIFT,POPULATION,CNTY_CITY_LOC,SPECIAL_COND,BEAT_TYPE,CHP_BEAT_TYPE,CITY_DIVISION_LAPD,CHP_BEAT_CLASS,BEAT_NUMBER,PRIMARY_RD,SECONDARY_RD,DISTANCE,DIRECTION,INTERSECTION,WEATHER_1,WEATHER_2,STATE_HWY_IND,CALTRANS_COUNTY,CALTRANS_DISTRICT,STATE_ROUTE,ROUTE_SUFFIX,POSTMILE_PREFIX,POSTMILE,LOCATION_TYPE,RAMP_INTERSECTION,SIDE_OF_HWY,TOW_AWAY,COLLISION_SEVERITY,NUMBER_KILLED,NUMBER_INJURED,PARTY_COUNT,PRIMARY_COLL_FACTOR,PCF_CODE_OF_VIOL,PCF_VIOL_CATEGORY,PCF_VIOLATION,PCF_VIOL_SUBSECTION,HIT_AND_RUN,TYPE_OF_COLLISION,MVIW,PED_ACTION,ROAD_SURFACE,ROAD_COND_1,ROAD_COND_2,LIGHTING,CONTROL_DEVICE,CHP_ROAD_TYPE,PEDESTRIAN_ACCIDENT,BICYCLE_ACCIDENT,MOTORCYCLE_ACCIDENT,TRUCK_ACCIDENT,NOT_PRIVATE_PROPERTY,ALCOHOL_INVOLVED,STWD_VEHTYPE_AT_FAULT,CHP_VEHTYPE_AT_FAULT,COUNT_SEVERE_INJ,COUNT_VISIBLE_INJ,COUNT_COMPLAINT_PAIN,COUNT_PED_KILLED,COUNT_PED_INJURED,COUNT_BICYCLIST_KILLED,COUNT_BICYCLIST_INJURED,COUNT_MC_KILLED,COUNT_MC_INJURED,PRIMARY_RAMP,SECONDARY_RAMP,LATITUDE,LONGITUDE,COUNTY,CITY,POINT_X,POINT_Y
7037391,2015,2015-09-04,3801,2015-07-02,1732,001752,SOUTH,4,5,7,3801,0,0,0,,0,3B11D,"THE EMBARCADERO","DON CHEE WY",0.00,,Y,A,-,N,,,,,,,,,,N,2,0,1,2,A,-,09,21801,A,N,D,G,A,A,H,-,A,A,0,,Y,,,Y,,A,01,1,0,0,0,0,0,1,0,0,"- ","- ",,,"SAN FRANCISCO","SAN FRANCISCO",-122.39325999,37.794239939999997
7037666,2014,2015-08-26,3801,2014-11-07,0648,1696,MISSI,5,5,7,3801,0,0,0,,0,3D16A,"17TH ST","UTAH ST",0.00,,Y,A,-,N,,,,,,,,,,Y,2,0,1,2,A,-,08,22107,,N,D,C,A,A,H,-,A,D,0,,,Y,,Y,,A,01,1,0,0,0,0,0,0,0,1,"- ","- ",,,"SAN FRANCISCO","SAN FRANCISCO",-122.40642986,37.764549899999999
7037670,2014,2015-08-26,3801,2014-11-08,1343,1518,INGLE,6,5,7,3801,0,0,0,,0,005,"ROLPH ST","PRAGUE ST",0.00,,Y,A,-,N,,,,,,,,,,Y,4,0,2,3,A,-,12,22450,A,N,D,C,A,A,H,-,A,A,0,,,,,Y,,A,01,0,0,2,0,0,0,0,0,0,"- ","- ",,,"SAN FRANCISCO","SAN FRANCISCO",-122.43263987,37.71174989
7037677,2014,2015-08-26,3801,2014-11-10,1800,1256,,1,5,7,3801,0,0,0,,0,,"BROADWAY ST","FRONT ST",0.00,,Y,A,-,N,,,,,,,,,,Y,2,0,1,3,A,-,09,21801,A,N,D,C,A,A,H,-,B,A,0,,,Y,,Y,,A,01,1,0,0,0,0,0,0,0,1,"- ","- ",,,"SAN FRANCISCO","SAN FRANCISCO",-122.39985986000001,37.798739980000001
7037680,2014,2016-06-24,3801,2014-11-19,1100,001359,TARAV,3,5,7,3801,0,0,0,,0,3II1A,"19TH AV","WINSTON DR",175.00,S,N,A,-,Y,SF,4,1,-,-,1.320,H,-,N,Y,4,0,1,3,A,-,03,22350,,N,C,C,A,A,H,-,A,D,0,,,,,Y,,A,01,0,0,1,0,0,0,0,0,0,"- ","- ",,,"SAN FRANCISCO","SAN FRANCISCO",-122.47483127,37.72649217
7037764,2014,2015-09-21,3801,2014-11-09,1309,1696,MISSI,7,5,7,3801,0,0,0,,0,3D11A,"17TH ST","GUERRERO ST",12.00,E,N,A,-,N,,,,,,,,,,N,4,0,1,2,A,-,"- ",,,N,H,A,A,A,H,-,A,D,0,,Y,Y,,Y,Y,C,02,0,0,1,0,0,0,0,0,1,"- ","- ",,,"SAN FRANCISCO","SAN FRANCISCO",-122.42388858,37.76317238
7037770,2014,2015-08-27,3801,2014-11-07,0622,618,TARAV,5,5,7,3801,0,0,0,,0,3IIA,"19TH AV","JUDAH ST",0.00,,Y,E,-,N,,,,,,,,,,Y,4,0,1,2,A,-,03,22350,,N,C,C,A,A,H,-,A,A,0,,,,,Y,,-,,0,0,1,0,0,0,0,0,0,"- ","- ",,,"SAN FRANCISCO","SAN FRANCISCO",-122.47702998,37.76169994
7038581,2015,2015-09-08,3801,2015-07-02,0600,4172,MISSI,4,5,7,3801,0,0,0,,0,3D16E,"16TH ST","POTRERO AV",0.00,,Y,A,-,N,,,,,,,,,,Y,3,0,1,2,A,-,08,22107,,N,A,C,A,A,H,-,B,A,0,,,,,Y,,A,01,0,1,0,0,0,0,0,0,0,"- ","- ",,,"SAN FRANCISCO","SAN FRANCISCO",-122.40755998,37.765769929999998
7038605,2015,2015-08-27,3801,2015-07-28,1054,1188,NORTH,2,5,7,3801,0,0,0,,0,3E12A,"GOUGH ST","GEARY BL",0.00,,Y,A,-,N,,,,,,,,,,Y,3,0,2,2,A,-,12,21453,A,N,D,C,A,A,H,-,A,A,0,,,Y,,Y,,A,01,0,2,0,0,0,0,0,0,1,"- ","- ",,,"SAN FRANCISCO","SAN FRANCISCO",-122.42469,37.785409899999998
7038636,2015,2015-08-27,3801,2015-07-25,2036,2050,NORTH,6,5,7,3801,0,0,0,,0,3E14D,WEBSTER,SUTTER,0.00,,Y,A,-,N,,,,,,,,,,Y,3,0,1,2,A,-,10,21950,A,F,D,B,B,A,H,-,C,A,0,Y,,,,Y,,-,,0,1,0,0,1,0,0,0,0,"- ","- ",,,"SAN FRANCISCO","SAN FRANCISCO",-122.43161986,37.786299980000003
7038647,2015,2015-08-27,3801,2015-07-04,2320,1480,MISSI,6,5,7,3801,0,0,0,,0,903,"BARTLETT ST","22ND ST",15.00,S,N,A,-,N,,,,,,,,,,N,4,0,1,2,A,-,21,22106,,F,G,B,D,A,H,-,C,D,0,Y,,,,Y,,A,01,0,0,1,0,1,0,0,0,0,"- ","- ",,,"SAN FRANCISCO","SAN FRANCISCO",-122.41984639,37.755328890000001
7038672,2015,2016-12-20,3801,2015-07-26,1448,001766,SOUTH,7,5,7,3801,0,0,0,,0,4B4D,"S VAN NESS AV","PLUM ST",107.00,N,N,A,-,Y,SF,4,101,-,T,4.560,H,-,S,Y,4,0,1,2,A,-,09,21801,A,N,D,C,A,A,H,-,A,A,0,,,Y,,Y,,A,01,0,0,1,0,0,0,0,0,1,"- ","- ",,,"SAN FRANCISCO","SAN FRANCISCO",-122.41813395,37.771130759999998
7038708,2015,2015-08-27,3801,2015-07-21,2230,004343,COMPA,2,5,7,3801,0,0,0,,0,3D11E,"18TH ST","COLLINGWOOD ST",100.00,E,N,A,-,N,,,,,,,,,,N,2,0,1,2,A,-,11,21955,,N,D,B,D,A,H,-,C,D,0,Y,,,,Y,Y,N,60,1,0,0,0,1,0,0,0,0,"- ","- ",,,"SAN FRANCISCO","SAN FRANCISCO",-122.43575504,37.760841560000003
7040621,2015,2015-11-10,3801,2015-06-17,1124,1206,MISSI,3,5,7,3801,0,0,0,,0,,"LANDERS ST","ALERT ALY",0.00,,Y,A,-,N,,,,,,,,,,N,3,0,1,2,A,-,10,21950,A,F,D,B,B,A,H,-,A,D,0,Y,Y,,,Y,,L,04,0,1,0,0,1,0,0,0,0,"- ","- ",,,"SAN FRANCISCO","SAN FRANCISCO",-122.4276899,37.765639970000002
7040885,2015,2015-09-02,3801,2015-06-01,0728,0011892,SOUTH,1,5,7,3801,0,0,0,,0,3B5A,"9TH ST","BRANNAN ST",6.00,N,N,A,-,N,,,,,,,,,,N,4,0,1,2,A,-,17,21208,A,N,D,G,A,A,H,-,A,A,0,,Y,,,Y,Y,L,04,0,0,1,0,0,0,1,0,0,"- ","- ",,,"SAN FRANCISCO","SAN FRANCISCO",-122.40700467000001,37.77007167
7050580,2015,2015-09-19,3801,2015-08-11,1545,002137,,2,5,7,3801,0,0,0,,0,002,"CONSERVATORY DR E","HAYES ST",44.00,S,N,A,-,N,,,,,,,,,,N,4,0,1,2,A,-,17,21209,A,N,A,G,A,A,H,-,A,D,0,,Y,,,Y,,D,22,0,0,1,0,0,0,1,0,0,"- ","- ",,,"SAN FRANCISCO","SAN FRANCISCO",,
7050697,2015,2015-09-24,3801,2015-08-20,1305,654,PARK,4,5,7,3801,0,0,0,,0,3F13A,"CLARENDON AV","LAGUNA HONDA BL",0.00,,Y,A,-,N,,,,,,,,,,Y,3,0,1,2,A,-,03,22350,,N,C,C,A,A,H,-,A,D,0,,,,,Y,,A,07,0,1,0,0,0,0,0,0,0,"- ","- ",,,"SAN FRANCISCO","SAN FRANCISCO",-122.46161992,37.751449940000001
7052223,2015,2015-09-18,3801,2015-08-10,0756,646,SOUTH,1,5,7,3801,0,0,0,,0,003,"MISSION ST","8TH ST",0.00,,Y,A,-,N,,,,,,,,,,N,4,0,1,2,A,-,10,21950,A,N,G,B,B,A,H,-,A,A,0,Y,,,,Y,,A,01,0,0,1,0,1,0,0,0,0,"- ","- ",,,"SAN FRANCISCO","SAN FRANCISCO",-122.41315999,37.777459970000002
7052231,2015,2015-09-18,3801,2015-08-10,1339,001858,B,1,5,7,3801,0,0,0,,0,3B1C,"MARIPOSA ST","MINNESOTA ST",0.00,,Y,B,-,N,,,,,,,,,,N,4,0,1,3,A,-,09,21802,A,N,D,D,A,A,H,-,A,A,0,,,,,Y,Y,A,01,0,0,1,0,0,0,0,0,0,"- ","- ",,,"SAN FRANCISCO","SAN FRANCISCO",-122.39080996,37.764209979999997
7052258,2015,2015-09-18,3801,2015-08-13,0902,004223,INGE,4,5,7,3801,0,0,0,,0,3H3A,"ALEMANY BL","JUSTIN DR",307.00,S,N,A,-,N,,,,,,,,,,Y,3,0,1,2,A,-,03,22350,,F,F,G,A,A,H,-,A,D,0,,,,,Y,,-,99,0,1,0,0,0,0,0,0,0,"- ","- ",,,"SAN FRANCISCO","SAN FRANCISCO",-122.42596,37.7318
7052279,2015,2015-09-17,3801,2015-08-07,1224,4060,PARK,5,5,7,3801,0,0,0,,0,3F14A,"FELL ST","MASONIC AV",40.00,E,N,A,-,N,,,,,,,,,,Y,4,0,1,2,A,-,03,22350,,N,C,C,A,A,H,-,A,A,0,,,Y,,Y,,C,02,0,0,1,0,0,0,0,0,1,"- ","- ",,,"SAN FRANCISCO","SAN FRANCISCO",-122.44578375,37.772999460000001
7052289,2015,2015-09-24,3801,2015-08-13,1430,999,J,4,5,7,3801,0,0,0,,0,003,"ELLIS ST","HYDE ST",100.00,E,N,-,-,N,,,,,,,,,,N,3,0,1,2,A,-,11,21950,B,N,-,-,-,-,-,-,-,-,0,Y,,,,Y,,N,60,0,1,0,0,1,0,0,0,0,"- ","- ",,,"SAN FRANCISCO","SAN FRANCISCO",-122.41571829,37.784493810000001
7052295,2015,2015-09-18,3801,2015-08-07,2328,2354,TARAV,5,5,7,3801,0,0,0,,0,,"LAKE MERCED BL","CLEARFIELD DR",30.00,E,N,A,-,N,,,,,,,,,,Y,4,0,2,3,A,-,05,21650,,N,B,D,A,A,H,-,C,A,0,,,,,Y,,A,01,0,0,2,0,0,0,0,0,0,"- ","- ",,,"SAN FRANCISCO","SAN FRANCISCO",-122.49048564,37.729694649999999
7052298,2015,2015-09-18,3801,2015-08-19,1008,2112,MISSI,3,5,7,3801,0,0,0,,0,3D13A,"17TH ST","TREAT AV",0.00,,Y,A,-,N,,,,,,,,,,N,4,0,1,2,A,-,08,22107,,N,B,G,A,A,H,-,A,A,0,,Y,,,Y,,L,04,0,0,1,0,0,0,1,0,0,"- ","- ",,,"SAN FRANCISCO","SAN FRANCISCO",-122.41359991,37.763789959999997
7052304,2015,2015-09-18,3801,2015-08-02,0930,732,,7,5,7,3801,0,0,0,,0,002,"MONTGOMERY ST","POST ST",80.00,N,N,A,-,N,,,,,,,,,,N,4,0,1,2,A,-,04,21703,,N,C,C,A,A,H,-,A,A,0,,,,,Y,,-,,0,0,1,0,0,0,0,0,0,"- ","- ",,,"SAN FRANCISCO","SAN FRANCISCO",-122.40205048,37.789338440000002
7052307,2015,2015-09-18,3801,2015-08-08,0325,615,TARAV,6,5,7,3801,0,0,0,,0,3111E,"NORIEGA ST","20TH AV",0.00,,Y,A,-,N,,,,,,,,,,N,4,0,1,2,A,-,00,21967,,N,G,B,A,A,H,-,C,A,0,,,,,Y,Y,-,,0,0,1,0,0,0,0,0,0,"- ","- ",,,"SAN FRANCISCO","SAN FRANCISCO",-122.47756986,37.754169920000002
7052333,2015,2015-09-21,3801,2015-08-01,1220,1498,TARAV,6,5,7,3801,0,0,0,,0,3I3B,"46TH AV","SANTIAGO ST",0.00,,Y,A,-,N,,,,,,,,,,N,4,0,2,4,A,-,09,21802,A,N,D,C,A,A,H,-,A,A,0,,,,,Y,,A,01,0,0,2,0,0,0,0,0,0,"- ","- ",,,"SAN FRANCISCO","SAN FRANCISCO",-122.50474998,37.743629970000001
7052371,2015,2015-09-17,3801,2015-08-15,0810,2254,SOUTH,6,5,7,3801,0,0,0,,0,3B5A,"BRYANT ST","3RD ST",0.00,,Y,A,-,N,,,,,,,,,,N,4,0,1,3,A,-,10,21950,A,N,G,B,B,A,H,-,A,A,0,Y,,,,Y,,A,01,0,0,1,0,1,0,0,0,0,"- ","- ",,,"SAN FRANCISCO","SAN FRANCISCO",-122.39584993,37.781309890000003
7052380,2015,2015-09-17,3801,2015-08-24,1232,001918,TARAV,1,5,7,3801,0,0,0,,0,3I12A,"20TH AV","ULLOA ST",177.00,N,N,A,-,N,,,,,,,,,,Y,3,0,1,3,A,-,03,22350,,M,C,E,A,A,H,-,A,D,0,,,,,Y,,A,01,0,1,0,0,0,0,0,0,0,"- ","- ",,,"SAN FRANCISCO","SAN FRANCISCO",-122.47667672999999,37.741625380000002
7052562,2015,2016-01-05,3801,2015-08-06,1940,892,SOUTH,4,5,7,3801,0,0,0,,0,3B12D,"MISSION ST","JESSIE EAST ST",0.00,,Y,A,-,N,,,,,,,,,,N,4,0,1,2,A,-,05,21650,1,N,D,G,A,A,H,-,B,A,0,,Y,,,Y,,L,04,0,0,1,0,0,0,1,0,0,"- ","- ",,,"SAN FRANCISCO","SAN FRANCISCO",-122.40603985,37.783089910000001
7057026,2015,2015-11-16,3801,2015-10-12,2256,000443,NORTH,1,5,7,3801,0,0,0,,0,4C1,"BROADWAY ST","FILLMORE ST",97.00,W,N,A,-,N,,,,,,,,,,Y,4,0,2,4,A,-,01,23152,A,N,C,C,A,A,H,-,C,D,0,,,,,Y,Y,A,07,0,0,2,0,0,0,0,0,0,"- ","- ",,,"SAN FRANCISCO","SAN FRANCISCO",-122.43523166,37.794238300000004
7057049,2015,2015-11-16,3801,2015-10-31,1800,441,,6,5,7,3801,0,0,0,,0,4B4C,"5TH ST","BRYANT ST",0.00,,Y,A,-,N,,,,,,,,,,Y,4,0,1,3,A,-,00,20002,A,F,C,C,A,A,H,-,A,A,0,,,,,Y,,-,"- ",0,0,1,0,0,0,0,0,0,"- ","- ",,,"SAN FRANCISCO","SAN FRANCISCO",-122.40028995999999,37.777799989999998
7059434,2015,2015-10-08,3801,2015-09-28,2209,1530,CENTR,1,5,7,3801,0,0,0,,0,3A11E,"KEARNY ST","BUSH ST",0.00,,Y,A,-,N,,,,,,,,,,N,4,0,1,2,A,-,10,21950,A,N,G,B,B,A,H,-,C,A,0,Y,,,,Y,,A,01,0,0,1,0,1,0,0,0,0,"- ","- ",,,"SAN FRANCISCO","SAN FRANCISCO",-122.4040299,37.790769939999997
7060025,2015,2015-10-13,3801,2015-08-29,0432,004301,NORTH,6,5,7,3801,0,0,0,,0,3E11E,"FRANKLIN ST","BUSH ST",0.00,,Y,F,-,N,,,,,,,,,,Y,4,0,2,1,A,-,03,22350,,F,E,I,A,B,H,-,C,A,0,,,,,Y,,A,01,0,0,2,0,0,0,0,0,0,"- ","- ",,,"SAN FRANCISCO","SAN FRANCISCO",-122.42357987,37.788279989999999
7060101,2015,2015-10-13,3801,2015-08-31,0655,1877,NORTH,1,5,7,3801,0,0,0,,0,3E4A,"FRANKLIN ST","SACRAMENTO ST",2.00,S,N,A,-,N,,,,,,,,,,N,4,0,1,2,D,-,00,,,N,C,C,A,A,H,-,A,A,0,,,,,Y,,-,"- ",0,0,1,0,0,0,0,0,0,"- ","- ",,,"SAN FRANCISCO","SAN FRANCISCO",-122.42415889,37.791084580000003
7063227,2015,2015-11-17,3801,2015-11-01,0047,001355,,7,5,7,3801,0,0,0,,0,,"ANZA ST","4TH AV",15.00,W,N,A,-,N,,,,,,,,,,Y,3,0,1,3,A,-,01,23152,A,N,C,E,A,A,H,-,C,A,0,,,,,Y,Y,A,01,0,1,0,0,0,0,0,0,0,"- ","- ",,,"SAN FRANCISCO","SAN FRANCISCO",-122.46205182999999,37.779187579999999
7063621,2015,2016-01-29,3801,2015-10-24,1045,001588,CENTR,6,5,7,3801,0,0,0,,0,3A14A,"DAVIS ST","JACKSON ST",0.00,,Y,A,-,N,,,,,,,,,,N,3,0,1,2,A,-,17,22517,,N,H,G,A,A,H,-,A,D,0,,Y,,,Y,,A,01,0,1,0,0,0,0,1,0,0,"- ","- ",,,"SAN FRANCISCO","SAN FRANCISCO",-122.39832998,37.797079910000001
7063629,2015,2016-01-29,3801,2015-10-16,1615,004259,BAYVI,5,5,7,3801,0,0,0,,0,3C13D,"JERROLD AV","BAY SHORE BL",0.00,,Y,A,-,N,,,,,,,,,,N,4,0,1,2,A,-,03,22350,,N,C,C,A,A,H,-,A,D,0,,,,,Y,,A,01,0,0,1,0,0,0,0,0,0,"- ","- ",,,"SAN FRANCISCO","SAN FRANCISCO",-122.40361986000001,37.74738996
7064074,2015,2016-01-29,3801,2015-10-23,1400,2310,,5,5,7,3801,0,0,0,,0,,"HAIGHT ST","DIVISADERO ST",0.00,,Y,A,-,N,,,,,,,,,,N,3,0,1,2,A,-,08,22100,A,N,D,G,A,B,H,-,A,A,0,,Y,,,Y,,A,01,0,1,0,0,0,0,1,0,0,"- ","- ",,,"SAN FRANCISCO","SAN FRANCISCO",-122.43703996000001,37.771269920000002
7066589,2015,2015-09-21,3801,2015-01-10,1832,480,COD,6,5,7,3801,0,0,0,,0,3D16D,"POTRERO AV","24TH ST",0.00,,Y,A,-,N,,,,,,,,,,N,4,0,1,2,A,-,09,21801,A,M,A,C,A,A,H,-,C,A,0,,,,,Y,,A,01,0,0,1,0,0,0,0,0,0,"- ","- ",,,"SAN FRANCISCO","SAN FRANCISCO",-122.4063199,37.752989909999997
7081403,2015,2015-10-13,3801,2015-08-19,1105,120,COH,3,5,7,3801,0,0,0,,0,4B6C,"OSHAUGHNESSY BL","PORTOLA DR",94.00,S,N,A,-,N,,,,,,,,,,Y,4,0,2,3,A,-,03,22350,,N,C,C,A,A,H,-,A,A,0,,,,,Y,,A,01,0,0,2,0,0,0,0,0,0,"- ","- ",,,"SAN FRANCISCO","SAN FRANCISCO",-122.45141391999999,37.745274799999997
7081423,2015,2016-07-21,3801,2015-09-30,1620,1671,NORTH,3,5,7,3801,0,0,0,,0,3E12D,"TURK ST","LAGUNA ST",30.00,W,N,A,-,N,,,,,,,,,,N,4,0,1,2,A,-,07,21658,A,N,B,C,A,A,H,-,A,D,0,,,Y,,Y,,D,22,0,0,1,0,0,0,0,0,1,"- ","- ",,,"SAN FRANCISCO","SAN FRANCISCO",-122.42730249,37.781106780000002
7081718,2015,2016-01-13,3801,2015-09-17,1218,1025,CENTR,4,5,7,3801,0,0,0,,0,3A15A,"MONTGOMERY ST","MONTGOMERY ST 41",0.00,,N,A,-,N,,,,,,,,,,N,3,0,1,2,A,-,11,21954,A,N,G,B,E,A,H,-,A,A,0,Y,,,,Y,,N,60,0,1,0,0,1,0,0,0,0,"- ","- ",,,"SAN FRANCISCO","SAN FRANCISCO",-122.40213364,37.789798320000003
7082448,2015,2015-10-17,3801,2015-09-17,1632,1883,SOUTH,4,5,7,3801,0,0,0,,0,001,"11TH ST","13TH ST",0.00,,Y,A,-,N,,,,,,,,,,N,3,0,1,2,A,-,08,22100,A,N,D,G,A,A,H,-,A,A,0,,Y,,,Y,,D,22,0,1,0,0,0,0,1,0,0,"- ","- ",,,"SAN FRANCISCO","SAN FRANCISCO",121.0556385,14.338854
7089772,2015,2015-10-10,3801,2015-09-21,1520,868,RICHM,1,5,7,3801,0,0,0,,0,4B8G,"48TH AV","SUTRO HEIGHTS AV",173.00,S,N,A,-,N,,,,,,,,,,Y,4,0,1,1,D,-,00,,,N,F,J,A,A,H,-,A,D,0,,,,,Y,,-,"- ",0,0,1,0,0,0,0,0,0,"- ","- ",,,"SAN FRANCISCO","SAN FRANCISCO",-122.50915000000001,37.776200000000003
7089790,2015,2015-10-10,3801,2015-09-02,1430,1750,NORTH,3,5,7,3801,0,0,0,,0,3E5C,"FRANKLIN ST","CHESTNUT ST",0.00,,Y,A,-,N,,,,,,,,,,N,4,0,1,2,D,-,00,,,N,D,C,A,A,H,-,A,A,0,,,,,Y,,-,"- ",0,0,1,0,0,0,0,0,0,"- ","- ",,,"SAN FRANCISCO","SAN FRANCISCO",-122.42637996000001,37.802069940000003
7089801,2015,2015-10-16,3801,2015-09-18,2125,71,SOUTH,5,5,7,3801,0,0,0,,0,901,"6TH ST","MISSION ST",0.00,,Y,A,-,N,,,,,,,,,,N,4,0,2,3,A,-,04,21703,,N,C,C,A,A,H,-,C,A,0,,,,,Y,,A,01,0,0,2,0,0,0,0,0,0,"- ","- ",,,"SAN FRANCISCO","SAN FRANCISCO",-122.40868999,37.78097992
7095699,2015,2016-01-14,3801,2015-09-15,1630,001588,CENTR,2,5,7,3801,0,0,0,,0,3A15D,"MARKET ST","NEW MONTGOMERY AV",0.00,,Y,A,-,N,,,,,,,,,,N,4,0,1,2,A,-,04,21703,,N,C,C,A,A,H,-,A,A,0,,,,,Y,,A,01,0,0,1,0,0,0,0,0,0,"- ","- ",,,"SAN FRANCISCO","SAN FRANCISCO",-122.40198992000001,37.788769899999998
7100007,2015,2015-10-12,3801,2015-09-11,2200,4131,TARAV,5,5,7,3801,0,0,0,,0,001,"PACHECO ST","46TH AV",0.00,,Y,E,-,N,,,,,,,,,,N,4,0,1,2,A,-,09,21802,A,N,D,C,A,A,-,-,C,A,0,,,,,Y,,A,01,0,0,1,0,0,0,0,0,0,"- ","- ",,,"SAN FRANCISCO","SAN FRANCISCO",-122.50514991999999,37.74921999
7100013,2015,2015-10-12,3801,2015-09-09,1000,001884,RICHM,3,5,7,3801,0,0,0,,0,901,"GEARY BL","12TH AV",0.00,,Y,A,-,N,,,,,,,,,,Y,3,0,2,2,A,-,09,21801,A,N,D,C,A,A,H,-,A,A,0,,,,,Y,,A,01,0,1,1,0,0,0,0,0,0,"- ","- ",,,"SAN FRANCISCO","SAN FRANCISCO",-122.47069999999999,37.780789939999998
7100026,2015,2015-10-12,3801,2015-09-11,0904,00164,NORTH,5,5,7,3801,0,0,0,,0,COE,"VAN NESS AV","CLAY ST",0.00,,Y,A,-,N,,,,,,,,,,N,4,0,2,3,A,-,03,22350,,F,C,D,A,A,H,-,A,A,0,,,,,Y,Y,A,07,0,0,2,0,0,0,0,0,0,"- ","- ",,,"SAN FRANCISCO","SAN FRANCISCO",-122.42276987,37.792169899999998
7100039,2015,2015-10-12,3801,2015-09-10,1828,001431,INGLE,4,5,7,3801,0,0,0,,0,3H15D,"MISSION ST","GENEVA AV",0.00,,Y,A,-,N,,,,,,,,,,N,3,0,1,2,A,-,10,21950,A,N,G,B,B,A,H,-,A,A,0,Y,,,,Y,,A,08,0,1,0,0,1,0,0,0,0,"- ","- ",,,"SAN FRANCISCO","SAN FRANCISCO",-122.44099993,37.716389980000002
7100061,2015,2015-10-09,3801,2015-09-16,1815,001359,MISSI,3,5,7,3801,0,0,0,,0,03D,"SOUTH VAN NESS","18TH ST",0.00,,Y,A,-,N,,,,,,,,,,,4,0,1,2,A,-,12,21453,A,F,D,C,A,A,H,-,B,A,0,,,,,Y,,A,01,0,0,1,0,0,0,0,0,0,"- ","- ",,,"SAN FRANCISCO","SAN FRANCISCO",-122.41719995,37.761949960000003
7100069,2015,2015-10-09,3801,2015-09-19,1341,001359,INGLE,6,5,7,3801,0,0,0,,0,3H13C,"NAPLES ST","FRANCE AV",168.00,S,N,A,-,N,,,,,,,,,,Y,3,0,1,4,A,-,03,22350,,F,A,E,A,A,H,-,A,D,0,,,,,Y,,A,,0,1,0,0,0,0,0,0,0,"- ","- ",,,"SAN FRANCISCO","SAN FRANCISCO",-122.43386886,37.717344220000001
7100071,2015,2015-10-09,3801,2015-09-19,0126,001242,BAYVI,6,5,7,3801,0,0,0,,0,002,"BAY SHORE BL","INDUSTRIAL ST",0.00,,Y,A,-,N,,,,,,,,,,Y,3,0,2,2,A,-,03,22350,,F,C,C,A,A,H,-,C,A,0,,,,,Y,Y,A,01,0,1,1,0,0,0,0,0,0,"- ","- ",,,"SAN FRANCISCO","SAN FRANCISCO",-122.40696,37.737999940000002
7100257,2015,2015-10-12,3801,2015-09-06,2115,4310,COD,7,5,7,3801,0,0,0,,0,3CAR,"SOUTH VAN NESS","19TH ST",0.00,,Y,A,-,N,,,,,,,,,,N,4,0,1,2,A,-,04,21703,,N,C,C,A,A,H,-,C,A,0,,,,,Y,,A,01,0,0,1,0,0,0,0,0,0,"- ","- ",,,"SAN FRANCISCO","SAN FRANCISCO",-122.4170599,37.76035993
7100274,2015,2015-10-12,3801,2015-09-05,1742,1994,TARAV,6,5,7,3801,0,0,0,,0,4B4B,"TARAVAL ST","29TH AV",38.00,W,N,A,-,N,,,,,,,,,,N,3,0,1,2,A,-,11,21954,A,N,G,B,D,A,H,-,A,D,0,Y,,,,Y,,N,60,0,1,0,0,1,0,0,0,0,"- ","- ",,,"SAN FRANCISCO","SAN FRANCISCO",-122.48654113000001,37.742582650000003
7100294,2015,2015-10-08,3801,2015-09-19,1111,1561,SOUTH,6,5,7,3801,0,0,0,,0,15C,"5TH ST","HARRISON ST",0.00,,Y,A,-,N,,,,,,,,,,N,4,0,1,2,A,-,07,21658,A,N,C,C,A,A,H,-,A,A,0,,,,,Y,,A,01,0,0,1,0,0,0,0,0,0,"- ","- ",,,"SAN FRANCISCO","SAN FRANCISCO",-122.40186989,37.779059920000002
7100317,2015,2015-10-08,3801,2015-09-17,1416,1378,TARAV,4,5,7,3801,0,0,0,,0,312A,"LINCOLN WY","19TH AV",108.00,W,N,A,-,N,,,,,,,,,,Y,4,0,3,3,A,-,04,21703,,N,C,C,A,A,H,-,A,A,0,,,,,Y,,A,01,0,0,3,0,0,0,0,0,0,"- ","- ",,,"SAN FRANCISCO","SAN FRANCISCO",-122.47770323,37.765424729999999
7100732,2014,2015-12-16,3801,2014-03-26,0030,001478,,3,5,7,3801,0,0,0,,0,,"VAN NESS AV","BEARY BL",0.00,,Y,A,-,N,,,,,,,,,,Y,2,0,5,2,A,-,12,21453,A,F,D,C,A,A,H,-,C,A,0,,,,,Y,Y,A,01,2,2,1,0,0,0,0,0,0,"- ","- ",,,"SAN FRANCISCO","SAN FRANCISCO",-122.4213329,37.78568679
7100743,2014,2015-12-17,3801,2014-02-08,0350,001695,,6,5,7,3801,0,0,0,,0,3B11E,"8TH ST","HARRISON ST",47.00,N,N,C,-,N,,,,,,,,,,Y,3,0,1,2,A,-,01,23152,A,N,B,E,A,B,H,-,C,A,0,,,,,Y,Y,A,01,0,1,0,0,0,0,0,0,0,"- ","- ",,,"SAN FRANCISCO","SAN FRANCISCO",-122.40864113000001,37.773854290000003
7100813,2014,2015-12-17,3801,2014-04-21,0850,1947,NORTH,1,5,7,3801,0,0,0,,0,3E11A,"GOUGH ST","PAGE ST",30.00,N,N,A,-,N,,,,,,,,,,N,4,0,2,2,A,-,08,22107,,N,B,A,A,A,H,-,A,A,0,,,,,Y,,A,01,0,0,2,0,0,0,0,0,0,"- ","- ",,,"SAN FRANCISCO","SAN FRANCISCO",-122.4224256,37.77415148