CASE_ID,ACCIDENT_YEAR,PROC_DATE,JURIS,COLLISION_DATE,COLLISION_TIME,OFFICER_ID,REPORTING_DISTRICT,DAY_OF_WEEK,CHP_SHIFT,POPULATION,CNTY_CITY_LOC,SPECIAL_COND,BEAT_TYPE,CHP_BEAT_TYPE,CITY_DIVISION_LAPD,CHP_BEAT_CLASS,BEAT_NUMBER,PRIMARY_RD,SECONDARY_RD,DISTANCE,DIRECTION,INTERSECTION,WEATHER_1,WEATHER_2,STATE_HWY_IND,CALTRANS_COUNTY,CALTRANS_DISTRICT,STATE_ROUTE,ROUTE_SUFFIX,POSTMILE_PREFIX,POSTMILE,LOCATION_TYPE,RAMP_INTERSECTION,SIDE_OF_HWY,TOW_AWAY,COLLISION_SEVERITY,NUMBER_KILLED,NUMBER_INJURED,PARTY_COUNT,PRIMARY_COLL_FACTOR,PCF_CODE_OF_VIOL,PCF_VIOL_CATEGORY,PCF_VIOLATION,PCF_VIOL_SUBSECTION,HIT_AND_RUN,TYPE_OF_COLLISION,MVIW,PED_ACTION,ROAD_SURFACE,ROAD_COND_1,ROAD_COND_2,LIGHTING,CONTROL_DEVICE,CHP_ROAD_TYPE,PEDESTRIAN_ACCIDENT,BICYCLE_ACCIDENT,MOTORCYCLE_ACCIDENT,TRUCK_ACCIDENT,NOT_PRIVATE_PROPERTY,ALCOHOL_INVOLVED,STWD_VEHTYPE_AT_FAULT,CHP_VEHTYPE_AT_FAULT,COUNT_SEVERE_INJ,COUNT_VISIBLE_INJ,COUNT_COMPLAINT_PAIN,COUNT_PED_KILLED,COUNT_PED_INJURED,COUNT_BICYCLIST_KILLED,COUNT_BICYCLIST_INJURED,COUNT_MC_KILLED,COUNT_MC_INJURED,PRIMARY_RAMP,SECONDARY_RAMP,LATITUDE,LONGITUDE,COUNTY,CITY,POINT_X,POINT_Y
7110956,2015,2015-11-16,3801,2015-10-03,1935,1160,COG3G,6,5,7,3801,0,0,0,,0,901,"FULTON ST","10TH AV",88.00,W,N,A,-,N,,,,,,,,,,N,4,0,2,2,D,-,00,,,N,B,C,A,A,H,-,C,D,0,,,Y,,Y,,-,"- ",0,0,2,0,0,0,0,0,2,"- ","- ",,,"SAN FRANCISCO","SAN FRANCISCO",-122.46834422000001,37.77327863
7157801,2015,2016-01-19,3801,2015-11-01,1455,2286,CENTR,7,5,7,3801,0,0,0,,0,0A1,"MASON ST","NOB HILL PL",40.00,S,N,B,-,N,,,,,,,,,,Y,4,0,1,1,C,-,18,,,N,E,I,A,A,H,-,A,D,0,,,,,Y,,-,"- ",0,0,1,0,0,0,0,0,0,"- ","- ",,,"SAN FRANCISCO","SAN FRANCISCO",-122.41072893,37.79143139
7157816,2015,2016-01-20,3801,2015-12-09,0738,001528,SOUTH,3,5,7,3801,0,0,0,,0,3B3A,"8TH ST","MINNA ST",0.00,,Y,A,-,N,,,,,,,,,,N,4,0,1,2,A,-,09,21802,A,N,D,G,A,A,H,-,A,A,0,,Y,,,Y,,A,01,0,0,1,0,0,0,1,0,0,"- ","- ",,,"SAN FRANCISCO","SAN FRANCISCO",-122.41259999,37.777049900000002
7157916,2015,2016-01-29,3801,2015-12-16,1809,002174,12162,3,5,7,3801,0,0,0,,0,1809,"BACON ST","GIRARD ST",0.00,,Y,A,-,N,,,,,,,,,,N,2,0,1,2,A,-,10,21950,A,N,G,B,B,A,H,-,C,A,0,Y,,,,Y,Y,D,22,1,0,0,0,1,0,0,0,0,"- ","- ",,,"SAN FRANCISCO","SAN FRANCISCO",-122.40458996,37.727379970000001
7157921,2014,2016-01-19,3801,2014-06-30,0637,1043,INGLE,1,5,7,3801,0,0,0,,0,4K6H,"PERSIA AV","PARIS ST",75.00,W,N,A,-,N,,,,,,,,,,N,4,0,1,2,A,-,08,22107,,N,A,G,A,A,H,-,A,D,0,,Y,,,Y,,A,01,0,0,1,0,0,0,1,0,0,"- ","- ",,,"SAN FRANCISCO","SAN FRANCISCO",-122.43460416000001,37.722493669999999
7157941,2014,2016-01-19,3801,2014-07-02,0921,001482,,3,5,7,3801,0,0,0,,0,3C11A,"3RD ST","23RD ST",0.00,,Y,A,-,N,,,,,,,,,,N,3,0,1,2,A,-,11,21456,B,N,G,B,B,A,H,-,A,A,0,Y,,,,Y,,N,60,0,1,0,0,1,0,0,0,0,"- ","- ",,,"SAN FRANCISCO","SAN FRANCISCO",-122.38810995999999,37.755389950000001
7157965,2014,2016-01-15,3801,2014-08-06,0119,1045,PARK,3,5,7,3801,0,0,0,,0,003,"OAK ST","MASONIC ST",0.00,,Y,C,-,N,,,,,,,,,,Y,4,0,1,2,A,-,09,21801,A,N,A,C,A,B,H,-,C,A,0,,,,,Y,,A,01,0,0,1,0,0,0,0,0,0,"- ","- ",,,"SAN FRANCISCO","SAN FRANCISCO",-122.44574996,37.772079900000001
7161121,2014,2016-01-15,3801,2014-09-20,1211,1947,NORTH,6,5,7,3801,0,0,0,,0,3E2A,"GOUGH ST","TURK ST",0.00,,Y,A,-,N,,,,,,,,,,N,3,0,1,2,A,-,12,21453,A,N,D,C,A,A,H,-,A,A,0,,,,,Y,,A,01,0,1,0,0,0,0,0,0,0,"- ","- ",,,"SAN FRANCISCO","SAN FRANCISCO",-122.42391991,37.781529919999997
7161130,2014,2016-01-15,3801,2014-09-18,1902,1531,MISSI,4,5,7,3801,0,0,0,,0,3D13D,"18TH ST","BRYANT ST",0.00,,Y,A,-,N,,,,,,,,,,Y,2,0,3,5,A,-,"- ",,,N,D,C,A,A,H,-,A,A,0,,,,,Y,,A,01,2,0,1,0,0,0,0,0,0,"- ","- ",,,"SAN FRANCISCO","SAN FRANCISCO",-122.41014989,37.76174992
7161142,2014,2016-01-15,3801,2014-09-19,1125,4259,09192,5,5,7,3801,0,0,0,,0,3C15C,"INNES AV","FRIEDELL ST",264.00,S,N,A,-,N,,,,,,,,,,N,4,0,1,2,A,-,10,21950,C,N,G,B,E,A,D,-,A,D,0,Y,,,,Y,,A,01,0,0,1,0,1,0,0,0,0,"- ","- ",,,"SAN FRANCISCO","SAN FRANCISCO",-122.36893211,37.728142800000001
7161166,2014,2016-03-07,3801,2014-10-05,0810,173,34ING,7,5,7,3801,0,0,0,,0,3H15A,"CROSS ST","POPE ST",0.00,,Y,A,-,N,,,,,,,,,,N,3,0,1,2,A,-,10,21950,A,N,G,B,B,A,H,-,A,A,0,Y,,,,Y,,A,01,0,1,0,0,1,0,0,0,0,"- ","- ",,,"SAN FRANCISCO","SAN FRANCISCO",-122.44115987000001,37.7139399
7161172,2014,2016-03-07,3801,2014-10-16,0948,38,SOUTH,4,5,7,3801,0,0,0,,0,3B14A,"12TH ST","KISSLING ST",10.00,W,N,A,-,N,,,,,,,,,,Y,2,0,1,2,A,-,09,21801,A,F,D,G,A,A,H,-,A,A,0,,Y,,,Y,,A,01,1,0,0,0,0,0,1,0,0,"- ","- ",,,"SAN FRANCISCO","SAN FRANCISCO",-122.4162007,37.771432689999997
7161179,2014,2016-01-15,3801,2014-10-12,0515,659,,7,5,7,3801,0,0,0,,0,3G61K,"JUNIPERO SERRA BL","ALEMANY BL",133.00,S,N,B,-,Y,,,,,,,,,,Y,4,0,1,2,A,-,03,22350,,N,C,J,A,A,H,-,C,D,0,,,,Y,Y,Y,A,01,0,0,1,0,0,0,0,0,0,"- ","- ",,,"SAN FRANCISCO","SAN FRANCISCO",,
7161189,2014,2016-01-15,3801,2014-10-02,1708,4178,,4,5,7,3801,0,0,0,,0,4K71,"JUDAH ST","14TH AV",0.00,,Y,A,-,N,,,,,,,,,,Y,4,0,1,2,A,-,09,21802,A,N,D,C,A,A,H,-,A,A,0,,,,,Y,,A,01,0,0,1,0,0,0,0,0,0,"- ","- ",,,"SAN FRANCISCO","SAN FRANCISCO",-122.47154995,37.761989990000004
7161191,2014,2016-03-07,3801,2014-10-10,2043,9,RICHM,5,5,7,3801,0,0,0,,0,00G,"GEARY BL","STANYAN ST",0.00,,Y,A,-,N,,,,,,,,,,N,4,0,1,2,A,-,12,22450,,N,H,-,B,A,H,-,C,A,0,Y,Y,,,Y,,L,04,0,0,1,0,1,0,0,0,0,"- ","- ",,,"SAN FRANCISCO","SAN FRANCISCO",-122.45630987,37.781440000000003
7173256,2016,2016-02-11,3801,2016-01-23,1651,001240,MISSI,6,5,7,3801,0,0,0,,0,3D14D,"TREAT AV","24TH ST",108.00,N,N,A,-,N,,,,,,,,,,N,4,0,1,2,A,-,21,22106,,N,G,B,E,A,H,-,A,D,0,Y,,,,Y,Y,A,01,0,0,1,0,1,0,0,0,0,"- ","- ",,,"SAN FRANCISCO","SAN FRANCISCO",-122.41301863,37.752865819999997
7173403,2016,2016-02-12,3801,2016-01-28,2113,000891,MISSI,4,5,7,3801,0,0,0,,0,801,"MARKET ST","NOE ST",0.00,,Y,B,-,N,,,,,,,,,,Y,2,0,1,2,A,-,09,21801,A,N,D,C,A,A,H,-,C,A,0,,,Y,,Y,,A,01,1,0,0,0,0,0,0,0,1,"- ","- ",,,"SAN FRANCISCO","SAN FRANCISCO",-122.43313992,37.764239959999998
7173414,2016,2016-02-06,3801,2016-01-02,0208,4282,NORTH,6,5,7,3801,0,0,0,,0,"2 CAR","FRANKLIN ST","TURK ST",0.00,,Y,A,-,N,,,,,,,,,,Y,4,0,2,2,A,-,12,21453,A,M,D,C,A,A,H,-,C,A,0,,,,,Y,,D,22,0,0,2,0,0,0,0,0,0,"- ","- ",,,"SAN FRANCISCO","SAN FRANCISCO",-122.42224991000001,37.781729890000001
7173499,2016,2016-08-24,3801,2016-01-20,1754,000878,,3,5,7,3801,0,0,0,,0,,"FOLSOM ST","EMBARCADERO SOUTH ST",0.00,,Y,A,-,N,,,,,,,,,,N,4,0,1,2,A,-,17,21663,,F,B,B,F,A,H,-,C,D,0,Y,,,,Y,,-,,0,0,1,0,1,0,0,0,0,"- ","- ",,,"SAN FRANCISCO","SAN FRANCISCO",-122.39017724999999,37.790750750000001
7173501,2016,2016-02-11,3801,2016-01-24,0959,251,,7,5,7,3801,0,0,0,,0,364,"FULTON ST","28TH AV",0.00,,Y,A,-,N,,,,,,,,,,Y,4,0,1,2,A,-,09,21802,A,N,D,C,A,A,H,-,A,D,0,,,,,Y,,-,,0,0,1,0,0,0,0,0,0,"- ","- ",,,"SAN FRANCISCO","SAN FRANCISCO",-122.48740995,37.772419880000001
7173508,2016,2016-02-10,3801,2016-01-05,1630,2168,,2,5,7,3801,0,0,0,,0,3A11C,"VAN NESS AV","BICYCLE ROUTE 2",582.00,S,N,B,-,N,,,,,,,,,,N,3,0,1,2,A,-,00,21760,B,N,B,G,A,B,H,-,B,D,0,,Y,,,Y,,A,01,0,1,0,0,0,0,1,0,0,"- ","- ",,,"SAN FRANCISCO","SAN FRANCISCO",,
7173531,2016,2016-02-12,3801,2016-01-14,2318,001861,TARAV,4,5,7,3801,0,0,0,,0,3I13E,"19TH AV","LINCOLN BL",0.00,,Y,A,-,N,,,,,,,,,,Y,4,0,1,2,A,-,12,21453,A,N,D,C,A,B,H,-,C,A,0,,,,,Y,,A,01,0,0,1,0,0,0,0,0,0,"- ","- ",,,"SAN FRANCISCO","SAN FRANCISCO",-122.47732995,37.765439909999998
7173553,2016,2016-02-08,3801,2016-01-13,2100,2214,,3,5,7,3801,0,0,0,,0,901,"BROADWAY ST","VAN NESS AV",0.00,,Y,A,-,N,,,,,,,,,,Y,4,0,1,2,A,-,08,22107,,N,A,C,A,A,H,-,C,A,0,,,,,Y,,A,01,0,0,1,0,0,0,0,0,0,"- ","- ",,,"SAN FRANCISCO","SAN FRANCISCO",-122.42349987999999,37.79572993
7173584,2016,2016-02-09,3801,2016-01-19,1815,001837,,2,5,7,3801,0,0,0,,0,3C12D,"CARROLL AV","PHELPS ST",0.00,,Y,A,-,N,,,,,,,,,,N,2,0,1,2,A,-,12,22450,A,F,D,B,B,A,H,-,A,A,0,Y,,,,Y,,A,07,1,0,0,0,1,0,0,0,0,"- ","- ",,,"SAN FRANCISCO","SAN FRANCISCO",-122.40085999999999,37.729189920000003
7173617,2016,2016-02-08,3801,2016-01-11,0835,4036,,1,5,7,3801,0,0,0,,0,4B6C,"FOLSOM ST","21ST ST",132.00,S,N,B,-,N,,,,,,,,,,N,2,0,1,2,A,-,03,22350,,N,D,G,A,A,H,-,A,D,0,,Y,,,Y,,L,04,1,0,0,0,0,0,1,0,0,"- ","- ",37.757449999999999,-122.4147,"SAN FRANCISCO","SAN FRANCISCO",-122.41449023,37.756938150000003
7173624,2016,2016-02-12,3801,2016-01-22,2151,1265,3D,5,5,7,3801,0,0,0,,0,3D11E,"DOLORES ST","16TH ST",0.00,,Y,C,-,N,,,,,,,,,,N,4,0,1,2,A,-,10,21950,A,N,G,B,B,B,H,-,C,A,0,Y,,,,Y,,D,22,0,0,1,0,1,0,0,0,0,"- ","- ",,,"SAN FRANCISCO","SAN FRANCISCO",-122.42644,37.764639979999998
7173734,2016,2016-02-10,3801,2016-01-07,0722,2337,INGLE,4,5,7,3801,0,0,0,,0,3H13A,"SILLIMAN ST","HARVARD ST",80.00,E,N,A,-,N,,,,,,,,,,Y,4,0,1,2,A,-,21,22106,,N,D,C,A,A,H,-,A,D,0,,,,,Y,,A,01,0,0,1,0,0,0,0,0,0,"- ","- ",,,"SAN FRANCISCO","SAN FRANCISCO",-122.42059755,37.727179630000002
7173738,2015,2016-02-10,3801,2015-12-24,0946,001948,INGLE,4,5,7,3801,0,0,0,,0,6CAR,"SUNNYDALE AV","SAWYER AV",0.00,,Y,C,-,N,,,,,,,,,,Y,4,0,2,2,A,-,12,22450,A,N,D,C,A,B,H,-,A,A,0,,,,,Y,,A,01,0,0,2,0,0,0,0,0,0,"- ","- ",,,"SAN FRANCISCO","SAN FRANCISCO",-122.41509000000001,37.711649970000003
7173754,2016,2016-02-10,3801,2016-01-29,1332,004275,BAYVI,5,5,7,3801,0,0,0,,0,3C90A,"3RD ST","25TH ST",20.00,N,N,C,-,N,,,,,,,,,,N,4,0,1,2,A,-,13,22515,A,N,B,C,A,B,H,-,A,D,0,,,,,Y,,A,01,0,0,1,0,0,0,0,0,0,"- ","- ",,,"SAN FRANCISCO","SAN FRANCISCO",-122.38788513999999,37.752894789999999
7173758,2016,2016-02-10,3801,2016-01-30,1425,2355,MISSI,6,5,7,3801,0,0,0,,0,5CAR,"MISSION ST","19TH ST",175.00,N,N,A,-,N,,,,,,,,,,N,4,0,1,2,A,-,11,21955,,N,G,B,D,A,H,-,A,A,0,Y,,,,Y,,N,60,0,0,1,0,1,0,0,0,0,"- ","- ",,,"SAN FRANCISCO","SAN FRANCISCO",-122.41926377999999,37.760699469999999
7187515,2016,2016-03-14,3801,2016-02-11,1421,1498,TARAV,4,5,7,3801,0,0,0,,0,3I1B,"9TH AV","LAWTON ST",15.00,S,N,B,-,N,,,,,,,,,,N,4,0,1,2,A,-,10,21950,A,N,G,B,B,A,H,-,A,A,0,Y,,,,Y,,A,08,0,0,1,0,1,0,0,0,0,"- ","- ",,,"SAN FRANCISCO","SAN FRANCISCO",-122.4659367,37.758398880000001
7187558,2016,2017-02-08,3801,2016-02-18,0616,1917,TARAV,4,5,7,3801,0,0,0,,0,3I11A,"19TH AV","WAWONA ST",0.00,,Y,B,G,Y,SF,4,1,-,-,2.100,H,-,S,Y,4,0,1,2,A,-,03,22350,,N,C,C,A,B,H,-,C,A,0,,,,,Y,,A,01,0,0,1,0,0,0,0,0,0,"- ","- ",,,"SAN FRANCISCO","SAN FRANCISCO",-122.47538895,37.737510030000003
7193245,2016,2016-04-13,3801,2016-03-20,1526,27,"SAN F",7,5,7,3801,0,0,0,,0,3I1A,"18TH AV","TARAVAL ST",0.00,,Y,C,-,N,,,,,,,,,,N,4,0,1,2,A,-,12,22450,A,N,D,C,A,B,H,-,A,A,0,,,,,Y,,A,07,0,0,1,0,0,0,0,0,0,"- ","- ",,,"SAN FRANCISCO","SAN FRANCISCO",-122.47462989,37.743099890000003
7199806,2016,2016-08-23,3801,2016-02-06,2120,,,6,5,7,3801,0,0,0,,0,,"BRANNAN ST","9TH ST",0.00,,Y,A,-,N,,,,,,,,,,Y,1,3,1,2,A,-,12,21453,A,N,D,C,A,A,H,-,C,A,0,,,,,Y,,A,01,0,1,0,0,0,0,0,0,0,"- ","- ",37.770130000000002,-122.40698999999999,"SAN FRANCISCO","SAN FRANCISCO",-122.40698998000001,37.770059930000002
7202005,2016,2016-03-07,3801,2016-02-01,1933,2017,INGLE,1,5,7,3801,0,0,0,,0,3H15D,"SICKLES ST","MISSION ST",0.00,,Y,A,-,N,,,,,,,,,,N,4,0,1,2,A,-,10,21950,A,N,G,B,B,A,H,-,C,A,0,Y,,,,Y,,A,07,0,0,1,0,1,0,0,0,0,"- ","- ",,,"SAN FRANCISCO","SAN FRANCISCO",-122.45275997,37.708799910000003
7202032,2016,2016-03-07,3801,2016-02-25,1000,649,NORTH,4,5,7,3801,0,0,0,,0,3E12A,"POLK ST","ELLIS ST",0.00,,Y,A,-,N,,,,,,,,,,N,4,0,1,2,A,-,07,21658,A,N,B,G,A,A,H,-,A,A,0,,Y,,,Y,,A,01,0,0,1,0,0,0,1,0,0,"- ","- ",,,"SAN FRANCISCO","SAN FRANCISCO",-122.41934987,37.784039960000001
7202044,2016,2016-03-07,3801,2016-02-16,1317,251,RICHM,2,5,7,3801,0,0,0,,0,3G61,"GEARY BL","6TH AV",0.00,,Y,A,-,N,,,,,,,,,,N,4,0,1,2,A,-,10,21950,A,N,G,B,B,A,H,-,A,A,0,Y,,,,Y,,A,01,0,0,1,0,1,0,0,0,0,"- ","- ",,,"SAN FRANCISCO","SAN FRANCISCO",-122.4642899,37.781089979999997
7202056,2016,2016-03-07,3801,2016-02-25,2229,488,INGLE,4,5,7,3801,0,0,0,,0,3H11E,"FOLSOM ST","RIPLEY ST",0.00,,Y,A,-,N,,,,,,,,,,N,4,0,1,2,A,-,05,21460,A,F,A,C,A,A,H,-,C,A,0,,,,,Y,Y,A,08,0,0,1,0,0,0,0,0,0,"- ","- ",,,"SAN FRANCISCO","SAN FRANCISCO",-122.4132899,37.744149950000001
7202082,2016,2016-03-07,3801,2016-02-22,1220,97,PARK,1,5,7,3801,0,0,0,,0,3F11A,"6TH AV",JUDAH,213.00,N,N,A,-,N,,,,,,,,,,N,4,0,1,2,A,-,08,22101,D,F,G,B,E,A,C,-,A,A,0,Y,,,,Y,Y,A,01,0,0,1,0,1,0,0,0,0,"- ","- ",,,"SAN FRANCISCO","SAN FRANCISCO",-122.46300459,37.762924480000002
7202094,2016,2016-03-07,3801,2016-02-22,0644,711,MISSI,1,5,7,3801,0,0,0,,0,3D60,"17TH ST","GUERRERO ST",0.00,,Y,B,-,N,,,,,,,,,,N,4,0,1,2,A,-,09,21801,A,N,D,G,A,A,H,-,B,A,0,,Y,,,Y,,A,01,0,0,1,0,0,0,1,0,0,"- ","- ",,,"SAN FRANCISCO","SAN FRANCISCO",-122.42393,37.763169910000002
7202104,2016,2016-08-24,3801,2016-02-16,1200,4359,MISSI,2,5,7,3801,0,0,0,,0,006,"13TH ST","FOLSOM ST",0.00,,Y,A,-,N,,,,,,,,,,N,4,0,1,3,A,-,03,22350,,N,C,C,A,A,H,-,A,A,0,,,,,Y,,A,07,0,0,1,0,0,0,0,0,0,"- ","- ",,,"SAN FRANCISCO","SAN FRANCISCO",-122.41558999,37.76952
7202207,2016,2016-03-07,3801,2016-02-17,1400,001081,TARAV,3,5,7,3801,0,0,0,,0,3I11A,"18TH AV","KIRKHAM ST",0.00,,Y,A,-,N,,,,,,,,,,Y,4,0,1,2,A,-,09,21802,A,N,D,C,A,A,H,-,A,A,0,,,,,Y,,A,01,0,0,1,0,0,0,0,0,0,"- ","- ",,,"SAN FRANCISCO","SAN FRANCISCO",-122.47578998,37.759879980000001
7202300,2015,2016-03-08,3801,2015-12-14,1513,2124,SOUTH,1,5,7,3801,0,0,0,,0,003,"RHODE ISLAND ST","ALAMEDA ST",0.00,,Y,A,-,N,,,,,,,,,,N,4,0,1,2,A,-,12,22450,A,N,D,G,A,A,H,-,A,A,0,,Y,,,Y,,L,04,0,0,1,0,0,0,1,0,0,"- ","- ",,,"SAN FRANCISCO","SAN FRANCISCO",-122.40294994999999,37.768649920000001
7202311,2016,2016-03-09,3801,2016-02-25,1730,004353,MISSI,4,5,7,3801,0,0,0,,0,3D15D,"DUBOCE ST",VALENCIA,60.00,W,N,A,-,N,,,,,,,,,,N,2,0,1,1,A,-,03,22350,,N,F,A,A,A,H,-,A,D,0,,Y,,,Y,,L,04,1,0,0,0,0,0,1,0,0,"- ","- ",,,"SAN FRANCISCO","SAN FRANCISCO",-122.42256722,37.769859510000003
7202700,2016,2016-03-17,3801,2016-02-16,0944,727,MISSI,2,5,7,3801,0,0,0,,0,3D13A,"16TH ST","SHOTWELL ST",0.00,,Y,A,-,N,,,,,,,,,,N,2,0,1,2,A,-,10,21950,A,N,G,A,B,A,H,-,A,D,0,Y,,,,Y,,A,01,1,0,0,0,1,0,0,0,0,"- ","- ",,,"SAN FRANCISCO","SAN FRANCISCO",-122.41636994,37.765249949999998
7203071,2016,2016-03-07,3801,2016-02-29,0722,004275,,1,5,7,3801,0,0,0,,0,3C11A,"18TH ST","PENNSYLVANIA AV",0.00,,Y,A,-,N,,,,,,,,,,N,3,0,1,2,A,-,12,22450,A,N,D,G,A,A,H,-,A,A,0,,Y,,,Y,,L,04,0,1,0,0,0,0,1,0,0,"- ","- ",,,"SAN FRANCISCO","SAN FRANCISCO",-122.39362998999999,37.76275991
7203088,2016,2016-03-07,3801,2016-02-27,0325,002135,RICHM,6,5,7,3801,0,0,0,,0,3G12E,"GEARY BL","19TH AV",30.00,W,N,A,-,N,,,,,,,,,,Y,3,0,1,1,A,-,01,23152,A,N,E,I,A,A,H,-,C,A,0,,,,,Y,Y,A,01,0,1,0,0,0,0,0,0,0,"- ","- ",,,"SAN FRANCISCO","SAN FRANCISCO",-122.47843372,37.780426089999999
7203096,2016,2016-03-07,3801,2016-02-14,2220,4314,,7,5,7,3801,0,0,0,,0,,"CLEMENT ST","33RD AV",66.00,E,N,A,-,N,,,,,,,,,,N,4,0,1,2,A,-,03,22350,,N,C,G,A,A,H,-,C,D,0,,Y,,,Y,,A,01,0,0,1,0,0,0,1,0,0,"- ","- ",,,"SAN FRANCISCO","SAN FRANCISCO",-122.49320203000001,37.781621690000001
7203111,2016,2016-03-07,3801,2016-02-29,0810,425,COH,1,5,7,3801,0,0,0,,0,3H13A,"CRESCENT AV","NEVADA ST",32.00,E,N,A,-,N,,,,,,,,,,N,3,0,1,2,A,-,10,21950,A,N,G,B,D,A,H,-,A,A,0,Y,,,,Y,,A,01,0,1,0,0,1,0,0,0,0,"- ","- ",,,"SAN FRANCISCO","SAN FRANCISCO",-122.41169454,37.734765879999998
7203118,2016,2016-03-07,3801,2016-02-13,1422,1994,BAYVI,6,5,7,3801,0,0,0,,0,4B3B,"VAN DYKE AV","KEITH ST",0.00,,Y,A,-,N,,,,,,,,,,N,4,0,2,2,A,-,12,22450,A,N,D,C,A,A,H,-,A,A,0,,,,,Y,,-,"- ",0,0,2,0,0,0,0,0,0,"- ","- ",37.728110000000001,-122.39042000000001,"SAN FRANCISCO","SAN FRANCISCO",-122.3905599,37.728089949999998
7213079,2016,2016-03-21,3801,2016-02-22,1615,1518,,1,5,7,3801,0,0,0,,0,0C5,"BAYSHORE AVE","HESTER AV",705.00,N,N,A,-,N,,,,,,,,,,Y,4,0,1,3,A,-,04,21703,,N,C,C,A,A,H,-,A,A,0,,,,,Y,,A,01,0,0,1,0,0,0,0,0,0,"- ","- ",,,"SAN FRANCISCO","SAN FRANCISCO",-122.39897737,37.715223049999999
8008468,2017,2017-09-20,3801,2017-08-24,1052,4006,NORTH,4,5,7,3801,0,0,0,,0,3E14C,"BUCHANAN ST","CLAY ST",120.00,S,N,A,-,N,,,,,,,,,,Y,4,0,1,3,A,-,03,22350,,N,C,B,E,A,C,-,A,A,0,Y,,,,Y,,A,01,0,0,1,0,1,0,0,0,0,"- ","- ",,,"SAN FRANCISCO","SAN FRANCISCO",-122.43084155,37.790804850000001
8008473,2016,2016-08-29,3801,2016-04-15,1320,976,NORTH,5,5,7,3801,0,0,0,,0,3E10,"GEARY ST","STEINER ST",0.00,,Y,A,-,N,,,,,,,,,,N,4,0,2,2,A,-,00,22101,C,F,B,C,A,A,H,-,A,A,0,,,,,Y,,A,01,0,0,2,0,0,0,0,0,0,"- ","- ",,,"SAN FRANCISCO","SAN FRANCISCO",-122.4345799,37.784319949999997
8008874,2017,2017-07-19,3801,2017-06-11,1543,865,MISSI,7,5,7,3801,0,0,0,,0,001,"SANCHEZ ST","18TH ST",102.00,N,N,A,-,N,,,,,,,,,,,4,0,1,1,A,-,08,22107,,N,E,I,A,A,H,-,A,D,0,,,,,Y,,A,01,0,0,1,0,0,0,0,0,0,"- ","- ",,,"SAN FRANCISCO","SAN FRANCISCO",-122.43059829000001,37.761429309999997
8014285,2016,2016-04-18,3801,2016-01-04,0345,004276,NORTH,1,5,7,3801,0,0,0,,0,3D13E,"PIERCE ST","TURK ST",28.00,N,N,C,-,N,,,,,,,,,,N,4,0,1,4,A,-,03,22350,,N,A,E,A,B,H,-,C,D,0,,,,,Y,,J,48,0,0,1,0,0,0,0,0,0,"- ","- ",,,"SAN FRANCISCO","SAN FRANCISCO",-122.43544519,37.780155970000003
8015242,2016,2016-04-14,3801,2016-03-26,0929,1171,TENDE,6,5,7,3801,0,0,0,,0,4B1D,"6TH ST","MARKET ST",18.00,S,N,A,-,N,,,,,,,,,,N,4,0,1,2,A,-,05,21650,1,N,-,G,A,A,H,-,A,A,0,,Y,,,Y,,L,04,0,0,1,0,0,0,1,0,0,"- ","- ",,,"SAN FRANCISCO","SAN FRANCISCO",-122.41025327,37.782207290000002
8015265,2016,2016-04-14,3801,2016-03-22,2225,2459,CENTR,2,5,7,3801,0,0,0,,0,901,"STOCKTON ST","FILBERT ST",0.00,,Y,A,-,N,,,,,,,,,,Y,4,0,1,2,A,-,12,22450,A,F,D,C,A,A,H,-,C,A,0,,,,,Y,,A,01,0,0,1,0,0,0,0,0,0,"- ","- ",,,"SAN FRANCISCO","SAN FRANCISCO",-122.40936000000001,37.801369950000002
8019300,2016,2016-04-18,3801,2016-02-17,1750,1196,INGLE,3,5,7,3801,0,0,0,,0,3H5,"MOUNT VERNON AV","ALEMANY BL",5.00,W,N,C,-,N,,,,,,,,,,N,3,0,1,2,A,-,12,21453,A,N,G,B,B,B,H,-,C,A,0,Y,,,,Y,,A,01,0,1,0,0,1,0,0,0,0,"- ","- ",,,"SAN FRANCISCO","SAN FRANCISCO",-122.44461234000001,37.716109619999997
8020041,2016,2016-06-21,3801,2016-03-21,1907,004292,BAYVI,1,5,7,3801,0,0,0,,0,3C12D,"3RD ST","KEY AV",0.00,,Y,C,-,N,,,,,,,,,,N,4,0,1,2,A,-,08,22107,,N,D,-,A,B,H,-,B,A,0,,,,,Y,,A,01,0,0,1,0,0,0,0,0,0,"- ","- ",,,"SAN FRANCISCO","SAN FRANCISCO",-122.39704991000001,37.719509930000001
8020043,2016,2016-04-28,3801,2016-03-14,1101,2092,TENDE,1,5,7,3801,0,0,0,,0,3J11A,"MARKET ST","7TH ST",35.00,W,N,A,-,N,,,,,,,,,,N,4,0,1,2,A,-,11,21453,D,N,G,B,B,A,H,-,A,A,0,Y,,,,Y,,N,60,0,0,1,0,1,0,0,0,0,"- ","- ",,,"SAN FRANCISCO","SAN FRANCISCO",-122.41259577,37.780412099999999
8020129,2016,2016-04-13,3801,2016-03-10,1730,00703,SOUTH,4,5,7,3801,0,0,0,,0,3B12D,"7TH ST","NATOMA ST",0.00,,Y,B,C,N,,,,,,,,,,N,4,0,1,2,A,-,09,21800,B,N,D,G,A,B,H,-,A,A,0,,Y,,,Y,,A,01,0,0,1,0,0,0,1,0,0,"- ","- ",,,"SAN FRANCISCO","SAN FRANCISCO",-122.40989998000001,37.778399929999999