CASE_ID,ACCIDENT_YEAR,PROC_DATE,JURIS,COLLISION_DATE,COLLISION_TIME,OFFICER_ID,REPORTING_DISTRICT,DAY_OF_WEEK,CHP_SHIFT,POPULATION,CNTY_CITY_LOC,SPECIAL_COND,BEAT_TYPE,CHP_BEAT_TYPE,CITY_DIVISION_LAPD,CHP_BEAT_CLASS,BEAT_NUMBER,PRIMARY_RD,SECONDARY_RD,DISTANCE,DIRECTION,INTERSECTION,WEATHER_1,WEATHER_2,STATE_HWY_IND,CALTRANS_COUNTY,CALTRANS_DISTRICT,STATE_ROUTE,ROUTE_SUFFIX,POSTMILE_PREFIX,POSTMILE,LOCATION_TYPE,RAMP_INTERSECTION,SIDE_OF_HWY,TOW_AWAY,COLLISION_SEVERITY,NUMBER_KILLED,NUMBER_INJURED,PARTY_COUNT,PRIMARY_COLL_FACTOR,PCF_CODE_OF_VIOL,PCF_VIOL_CATEGORY,PCF_VIOLATION,PCF_VIOL_SUBSECTION,HIT_AND_RUN,TYPE_OF_COLLISION,MVIW,PED_ACTION,ROAD_SURFACE,ROAD_COND_1,ROAD_COND_2,LIGHTING,CONTROL_DEVICE,CHP_ROAD_TYPE,PEDESTRIAN_ACCIDENT,BICYCLE_ACCIDENT,MOTORCYCLE_ACCIDENT,TRUCK_ACCIDENT,NOT_PRIVATE_PROPERTY,ALCOHOL_INVOLVED,STWD_VEHTYPE_AT_FAULT,CHP_VEHTYPE_AT_FAULT,COUNT_SEVERE_INJ,COUNT_VISIBLE_INJ,COUNT_COMPLAINT_PAIN,COUNT_PED_KILLED,COUNT_PED_INJURED,COUNT_BICYCLIST_KILLED,COUNT_BICYCLIST_INJURED,COUNT_MC_KILLED,COUNT_MC_INJURED,PRIMARY_RAMP,SECONDARY_RAMP,LATITUDE,LONGITUDE,COUNTY,CITY,POINT_X,POINT_Y
9705432,2024,2024-07-16,3801,2024-05-23,1620,2222,TARAV,4,5,7,3801,0,0,0,,0,3I13D,"DARIEN WY","NORTHGATE DR",58.00,E,N,A,-,N,,,,,,,,,,Y,4,0,2,1,D,-,00,,,N,E,I,A,A,H,-,A,D,0,,,,,Y,,-,"- ",0,0,2,0,0,0,0,0,0,"- ","- ",,,"SAN FRANCISCO","SAN FRANCISCO",-122.46134948730469,37.729358673095703
9708091,2024,2024-08-09,3801,2024-06-06,2131,1833,CENTR,4,5,7,3801,0,0,0,,0,3A11E,"SUTTER ST","MASON ST",0.00,,Y,A,-,N,,,,,,,,,,N,3,0,1,2,A,-,04,21703,,N,C,C,A,A,H,-,D,A,0,,,Y,,Y,,C,03,0,1,0,0,0,0,0,0,1,"- ","- ",,,"SAN FRANCISCO","SAN FRANCISCO",-122.41021728515625,37.789009094238281
9708104,2024,2024-09-09,3801,2024-06-20,"358 ",1952,CENTR,4,5,7,3801,0,0,0,,0,902,"ELLIS ST","STOCKTON ST",46.00,W,N,A,-,N,,,,,,,,,,N,3,0,1,2,A,-,17,21657,,N,A,-,A,A,H,-,C,A,0,,,,,Y,,M,94,0,1,0,0,0,0,0,0,0,"- ","- ",,,"SAN FRANCISCO","SAN FRANCISCO",-122.40633392333984,37.785682678222656
9708108,2024,2024-09-09,3801,2024-06-21,2150,451,MISSI,5,5,7,3801,0,0,0,,0,3D11E,"VALENCIA ST","17TH ST",108.00,S,N,A,-,N,,,,,,,,,,N,2,0,1,2,A,-,07,21658,A,F,A,G,A,A,H,-,C,D,0,,Y,,,Y,,-,,1,0,0,0,0,0,1,0,0,"- ","- ",,,"SAN FRANCISCO","SAN FRANCISCO",-122.42170715332031,37.763004302978516
9708141,2024,2024-07-26,3801,2024-06-09,2221,2237,TARAV,7,5,7,3801,0,0,0,,0,001,"PALMETTO AV","ST CHARLES AV",0.00,,Y,F,-,N,,,,,,,,,,N,3,0,1,2,A,-,09,21800,A,N,D,C,A,A,H,-,C,A,0,,,Y,,Y,,A,01,0,1,0,0,0,0,0,0,1,"- ","- ",,,"SAN FRANCISCO","SAN FRANCISCO",-122.46935272216797,37.710700988769531
9708144,2024,2024-07-30,3801,2024-06-07,"905 ",1572,SOUTH,5,5,7,3801,0,0,0,,0,3B1A,"PIER 15","GREEN ST",0.00,,N,A,-,N,,,,,,,,,,N,4,0,1,2,A,-,08,22107,,F,B,J,A,A,H,-,C,A,0,,,,,Y,,A,07,0,0,1,0,0,0,0,0,0,"- ","- ",,,"SAN FRANCISCO","SAN FRANCISCO",-122.39902496337891,37.80096435546875
9708148,2024,2024-07-26,3801,2024-06-12,1949,1857,SOUTH,3,5,7,3801,0,0,0,,0,003,"MISSION ST","8TH ST",235.00,E,N,A,-,N,,,,,,,,,,Y,3,0,2,2,A,-,08,22107,,N,B,C,A,A,H,-,A,D,0,,,,,Y,,A,01,0,1,1,0,0,0,0,0,0,"- ","- ",,,"SAN FRANCISCO","SAN FRANCISCO",-122.41258239746094,37.777915954589844
9708157,2024,2024-07-29,3801,2024-06-02,"49  ",979,TENDE,7,5,7,3801,0,0,0,,0,3J92E,"MARKET ST","KEARNY ST",0.00,,Y,A,-,N,,,,,,,,,,N,3,0,1,1,A,-,00,21633,,N,A,J,A,A,H,-,C,A,0,,,,,Y,,M,94,0,1,0,0,0,0,0,0,0,"- ","- ",,,"SAN FRANCISCO","SAN FRANCISCO",-122.40345764160156,37.787662506103516
9708204,2024,2024-08-07,3801,2024-06-24,1319,12221,MISSI,1,5,7,3801,0,0,0,,0,,"VALENCIA ST","15TH ST",0.00,,Y,A,-,N,,,,,,,,,,N,4,0,1,2,A,-,12,21453,A,N,D,C,A,A,H,-,A,A,0,,,Y,,Y,,A,01,0,0,1,0,0,0,0,0,1,"- ","- ",,,"SAN FRANCISCO","SAN FRANCISCO",-122.42203521728516,37.766529083251953
9708524,2024,2024-07-25,3801,2024-05-31,2158,1836,TARAV,5,5,7,3801,0,0,0,,0,012,"NORIEGA ST","31ST AV",0.00,,Y,A,-,N,,,,,,,,,,N,3,0,1,2,A,-,21,22106,,N,G,B,F,A,H,-,C,D,0,Y,,,,Y,,A,01,0,1,0,0,1,0,0,0,0,"- ","- ",,,"SAN FRANCISCO","SAN FRANCISCO",-122.48932647705078,37.753669738769531
9708528,2024,2024-07-25,3801,2024-05-31,2240,488,INGLE,5,5,7,3801,0,0,0,,0,3H11E,"CESAR CHAVEZ ST","FOLSOM ST",104.00,E,N,A,-,N,,,,,,,,,,Y,4,0,1,2,A,-,04,21703,,F,-,C,A,A,H,-,C,A,0,,,,,Y,,A,07,0,0,1,0,0,0,0,0,0,"- ","- ",,,"SAN FRANCISCO","SAN FRANCISCO",-122.41332244873047,37.748317718505859
9708593,2024,2024-07-11,3801,2024-05-26,2248,1129,SOUTH,7,5,7,3801,0,0,0,,0,3B11E,"BRYANT ST","BEALE ST",0.00,,Y,A,-,N,,,,,,,,,,Y,4,0,2,2,A,-,09,21804,A,N,A,C,A,B,H,-,C,A,0,,,,,Y,,B,01,0,0,2,0,0,0,0,0,0,"- ","- ",,,"SAN FRANCISCO","SAN FRANCISCO",-122.38969421386719,37.786220550537109
9708606,2024,2024-07-11,3801,2024-05-31,1330,707,TRAFF,5,5,7,3801,0,0,0,,0,4B3G,"1131 GUERRERO ST","GUERRERO ST 1131",0.00,,Y,A,-,N,,,,,,,,,,N,2,0,1,3,A,-,06,21750,,N,E,G,A,A,H,-,A,D,0,,Y,,,Y,,L,04,1,0,0,0,0,0,1,0,0,"- ","- ",,,"SAN FRANCISCO","SAN FRANCISCO",-122.422954,37.753096999999997
9710167,2024,2024-08-05,3801,2024-06-14,2129,740,MISSI,5,5,7,3801,0,0,0,,0,0D4,"MISSION ST","24TH ST",150.00,N,N,B,-,N,,,,,,,,,,,4,0,1,2,A,-,21,22106,,N,B,C,A,A,H,-,C,D,0,,,,,Y,,A,07,0,0,1,0,0,0,0,0,0,"- ","- ",,,"SAN FRANCISCO","SAN FRANCISCO",-122.41851806640625,37.752670288085938
9710328,2024,2024-08-29,3801,2024-04-25,1025,8,NORTH,4,5,7,3801,0,0,0,,0,3E60,"PINE ST","FILLMORE ST",2.00,S,N,A,-,N,,,,,,,,,,N,4,0,2,2,A,-,03,22350,,N,C,C,A,A,H,-,-,A,0,,,,,Y,,A,01,0,0,2,0,0,0,0,0,0,"- ","- ",,,"SAN FRANCISCO","SAN FRANCISCO",-122.43363952636719,37.787960052490234
9710332,2024,2024-07-24,3801,2024-04-08,1452,2449,MISSI,1,5,7,3801,0,0,0,,0,3D14C,"VALENCIA ST","BROSNAN ST",0.00,,Y,A,-,N,,,,,,,,,,N,4,0,1,2,A,-,09,21801,A,N,D,G,A,A,-,-,A,D,0,,Y,,,Y,,A,01,0,0,1,0,0,0,1,0,0,"- ","- ",,,"SAN FRANCISCO","SAN FRANCISCO",-122.42224884033203,37.768768310546875
9721821,2024,2024-08-30,3801,2024-07-06,"510 ",1806,SOUTH,6,5,7,3801,0,0,0,,0,3B12A,"MISSION ST","WEST MONTGOMERY",40.00,W,N,A,-,N,,,,,,,,,,N,2,0,1,2,A,-,21,22106,,F,G,B,E,A,H,-,C,A,0,Y,,,,Y,,A,01,1,0,0,0,1,0,0,0,0,"- ","- ",37.787330627441406,-122.40067291259766,"SAN FRANCISCO","SAN FRANCISCO",,
9721834,2024,2024-10-09,3801,2024-07-08,1815,2210,SOUTH,1,5,7,3801,0,0,0,,0,0B3,"BRYANT ST","7TH ST",0.00,,-,A,-,Y,SF,4,80,-,-,4.392,R,4,E,N,4,0,1,2,A,-,10,21950,A,N,G,B,B,A,H,-,A,A,0,Y,,,,Y,,A,01,0,0,1,0,1,0,0,0,0,"- ","- ",,,"SAN FRANCISCO","SAN FRANCISCO",-122.40643310546875,37.773830413818359
9721865,2024,2024-08-30,3801,2024-07-09,1530,1243,PARK,2,5,7,3801,0,0,0,,0,3F1C,"5TH AV","HUGO ST",104.00,N,N,A,-,N,,,,,,,,,,N,3,0,1,2,A,-,09,21804,A,N,B,-,A,A,H,-,A,D,0,,,Y,,Y,,C,03,0,1,0,0,0,0,0,0,1,"- ","- ",,,"SAN FRANCISCO","SAN FRANCISCO",-122.46211242675781,37.765434265136719
9721871,2024,2024-08-30,3801,2024-07-21,1440,1119,SOUTH,7,5,7,3801,0,0,0,,0,3B5,"17TH ST","VERMONT ST",0.00,,Y,A,-,N,,,,,,,,,,,3,0,1,1,A,-,03,22350,,N,H,A,A,A,D,-,A,A,0,,Y,,,Y,,L,04,0,1,0,0,0,0,1,0,0,"- ","- ",,,"SAN FRANCISCO","SAN FRANCISCO",-122.40448760986328,37.764682769775391
9721880,2024,2024-08-30,3801,2024-07-24,1450,723,TENDE,3,5,7,3801,0,0,0,,0,SECTOR,"TURK ST","HYDE ST",0.00,,Y,A,-,N,,,,,,,,,,N,4,0,1,2,A,-,11,21456,,N,D,B,B,A,H,-,A,A,0,Y,,,,Y,,N,60,0,0,1,0,1,0,0,0,0,"- ","- ",,,"SAN FRANCISCO","SAN FRANCISCO",-122.41569519042969,37.782566070556641
9721894,2024,2024-09-03,3801,2024-07-17,1515,1260,CENTR,3,5,7,3801,0,0,0,,0,,"GEARY ST","POWELL ST",5.00,E,N,A,-,N,,,,,,,,,,N,4,0,1,2,A,-,11,21453,D,N,G,B,B,A,H,-,A,A,0,Y,,,,Y,,N,60,0,0,1,0,1,0,0,0,0,"- ","- ",,,"SAN FRANCISCO","SAN FRANCISCO",-122.40819549560547,37.787361145019531
9721898,2024,2024-09-03,3801,2024-07-29,1715,233,MISSI,1,5,7,3801,0,0,0,,0,03D,"VALENCIA ST","17TH ST",0.00,,Y,A,-,N,,,,,,,,,,Y,3,0,1,2,A,-,08,22101,D,N,F,G,A,A,H,-,A,A,0,,Y,,,Y,,A,01,0,1,0,0,0,0,1,0,0,"- ","- ",,,"SAN FRANCISCO","SAN FRANCISCO",-122.42173767089844,37.763298034667969
9721903,2024,2024-08-30,3801,2024-07-27,1038,1916,NORTH,6,5,7,3801,0,0,0,,0,003,"FRANKLIN ST","HAYES ST",0.00,,Y,A,-,N,,,,,,,,,,N,3,0,1,2,A,-,12,21453,A,N,D,C,A,A,H,-,A,A,0,,,Y,,Y,,A,01,0,1,0,0,0,0,0,0,1,"- ","- ",,,"SAN FRANCISCO","SAN FRANCISCO",-122.42134094238281,37.777076721191406
9721914,2024,2024-08-30,3801,2024-07-07,1621,1810,MISSI,7,5,7,3801,0,0,0,,0,3D13D,"SOUTH VAN NESS AV","21ST ST",233.00,N,N,A,-,N,,,,,,,,,,N,4,0,2,2,A,-,08,22107,,N,B,C,A,A,H,-,A,A,0,,,Y,,Y,,A,01,0,0,2,0,0,0,0,0,1,"- ","- ",,,"SAN FRANCISCO","SAN FRANCISCO",-122.41681671142578,37.757797241210938
9721918,2024,2024-08-30,3801,2024-07-03,"940 ",1580,SOUTH,3,5,7,3801,0,0,0,,0,3B5A,"MISSION ROCK ST","3RD ST",0.00,,Y,A,-,N,,,,,,,,,,N,4,0,1,2,A,-,12,21453,A,F,G,B,B,A,H,-,A,A,0,Y,,,,Y,,A,01,0,0,1,0,1,0,0,0,0,"- ","- ",,,"SAN FRANCISCO","SAN FRANCISCO",-122.38980102539062,37.772918701171875
9722424,2024,2024-09-18,3801,2024-08-11,1342,1304,NORTH,7,5,7,3801,0,0,0,,0,3E15A,"POLK ST","CALIFORNIA ST",30.00,N,N,A,-,N,,,,,,,,,,N,3,0,1,2,C,-,18,,,N,B,E,A,A,H,-,A,A,0,,Y,,,Y,,-,"- ",0,1,0,0,0,0,1,0,0,"- ","- ",,,"SAN FRANCISCO","SAN FRANCISCO",-122.42070007324219,37.790653228759766
9722434,2024,2024-09-19,3801,2024-08-08,"954 ",10,SOUTH,4,5,7,3801,0,0,0,,0,3B13A,"2ND ST","CLEMENTINA ST",0.00,,Y,A,-,N,,,,,,,,,,N,3,0,1,2,A,-,08,22107,,N,D,G,A,A,D,-,A,D,0,,Y,,,Y,Y,A,01,0,1,0,0,0,0,1,0,0,"- ","- ",,,"SAN FRANCISCO","SAN FRANCISCO",-122.39724731445312,37.785995483398438
9722452,2024,2024-09-19,3801,2024-08-29,1714,1637,SOUTH,4,5,7,3801,0,0,0,,0,3B15D,TOWNSEND,"STANFORD ST",0.00,,Y,A,-,N,,,,,,,,,,N,4,0,1,1,A,-,"- ",,,N,A,A,A,A,H,-,A,B,0,,Y,,,Y,,L,04,0,0,1,0,0,0,1,0,0,"- ","- ",,,"SAN FRANCISCO","SAN FRANCISCO",-122.39108276367188,37.780200958251953
9722462,2024,2024-09-26,3801,2024-07-29,1415,4294,NORTH,1,5,7,3801,0,0,0,,0,0E3,"GEARY BL","FRANKLIN ST",32.00,E,N,A,-,N,,,,,,,,,,,4,0,1,2,A,-,03,22350,,N,C,C,A,A,H,-,A,A,0,,,,,Y,,A,01,0,0,1,0,0,0,0,0,0,"- ","- ",,,"SAN FRANCISCO","SAN FRANCISCO",-122.42291259765625,37.785495758056641
9722465,2024,2024-09-23,3801,2024-07-31,"908 ",2412,INGLE,3,5,7,3801,0,0,0,,0,3H15A,"SAN JOSE AV","NIAGARA AV",0.00,,Y,A,-,N,,,,,,,,,,N,4,0,2,2,A,-,03,22350,,N,C,C,A,A,H,-,A,A,0,,,,,Y,,-,,0,0,2,0,0,0,0,0,0,"- ","- ",,,"SAN FRANCISCO","SAN FRANCISCO",-122.44760894775391,37.719478607177734
9722559,2024,2024-09-24,3801,2024-08-09,1746,1666,PARK,5,5,7,3801,0,0,0,,0,ICAR,"LINCOLN BL","3RD AV",0.00,,Y,A,-,N,,,,,,,,,,N,4,0,1,2,A,-,04,21703,,N,C,C,A,A,H,-,A,A,0,,,Y,,Y,,A,01,0,0,1,0,0,0,0,0,1,"- ","- ",,,"SAN FRANCISCO","SAN FRANCISCO",-122.45993041992188,37.766170501708984
9723015,2024,2024-09-19,3801,2024-08-14,"300 ",2288,INGLE,3,5,7,3801,0,0,0,,0,3H15E,"LA GRANDE AV","RUSSIA AV",167.00,S,N,E,-,N,,,,,,,,,,,4,0,1,2,A,-,09,21801,A,N,C,C,A,B,H,-,C,D,0,,,,,Y,Y,D,22,0,0,1,0,0,0,0,0,0,"- ","- ",,,"SAN FRANCISCO","SAN FRANCISCO",-122.42703247070312,37.716228485107422
9723019,2024,2024-09-23,3801,2024-07-12,"700 ",2402,TARAV,5,5,7,3801,0,0,0,,0,3I11A,"19TH AVE","JUNIPERO SERRA BL",0.00,,Y,B,-,N,,,,,,,,,,Y,4,0,2,3,A,-,12,21453,A,N,D,C,A,A,H,-,A,A,0,,,,,Y,,-,,0,0,2,0,0,0,0,0,0,"- ","- ",,,"SAN FRANCISCO","SAN FRANCISCO",-122.47271728515625,37.717182159423828
9723050,2024,2024-09-20,3801,2024-07-30,"936 ",956,MISSI,2,5,7,3801,0,0,0,,0,3D90A,"SOUTH VAN NESS AVE","13TH ST",0.00,,Y,A,-,N,,,,,,,,,,N,3,0,1,2,A,-,03,22350,,N,B,C,A,A,H,-,A,A,0,,,Y,,Y,,C,03,0,1,0,0,0,0,0,0,1,"- ","- ",,,"SAN FRANCISCO","SAN FRANCISCO",-122.41777801513672,37.7696533203125
9723473,2024,2024-10-21,3801,2024-09-22,1813,4266,INGLE,7,5,7,3801,0,0,0,,0,0H6,"SUNNYDALE AV","SANTOS ST",0.00,,Y,B,-,N,,,,,,,,,,N,4,0,1,2,A,-,06,21755,A,F,C,C,A,A,H,-,A,D,0,,,,,Y,,-,,0,0,1,0,0,0,0,0,0,"- ","- ",,,"SAN FRANCISCO","SAN FRANCISCO",-122.41825866699219,37.712329864501953
9723477,2024,2024-10-11,3801,2024-09-12,2500,1911,RICHM,4,5,7,3801,0,0,0,,0,RICHMO,"BUSH ST","PRESIDIO AV",0.00,,Y,A,-,N,,,,,,,,,,N,4,0,1,2,A,-,10,21950,A,N,G,B,B,A,H,-,A,A,0,Y,,,,Y,,A,01,0,0,1,0,1,0,0,0,0,"- ","- ",,,"SAN FRANCISCO","SAN FRANCISCO",-122.44641876220703,37.785366058349609
9723507,2024,2024-10-10,3801,2024-09-06,1408,1917,TARAV,5,5,7,3801,0,0,0,,0,315A,"BROTHERHOOD WY","CHUMASERO DR",184.00,W,N,A,-,N,,,,,,,,,,Y,4,0,1,3,A,-,04,21703,,N,C,C,A,A,H,-,A,D,0,,,,,Y,,A,01,0,0,1,0,0,0,0,0,0,"- ","- ",,,"SAN FRANCISCO","SAN FRANCISCO",-122.47328948974609,37.713199615478516
9728673,2024,2025-04-10,3801,2024-07-17,1536,1226,SOUTH,3,5,7,3801,0,0,0,,0,1500,"MISSION ST","STEUART ST",0.00,,Y,A,-,N,,,,,,,,,,N,4,0,1,2,A,-,10,21950,A,N,D,J,A,A,H,-,A,A,0,,,,,Y,,I,09,0,0,1,0,0,0,0,0,0,"- ","- ",,,"SAN FRANCISCO","SAN FRANCISCO",-122.3931884765625,37.793251037597656
9728869,2024,2024-08-30,3801,2024-07-18,"8   ",2374,SOUTH,4,5,7,3801,0,0,0,,0,002,"5TH ST","MISSION ST",0.00,,Y,A,-,N,,,,,,,,,,N,3,0,1,2,A,-,15,21235,A,F,D,C,A,A,H,-,C,A,0,,,,,Y,,M,94,0,1,0,0,0,0,0,0,0,"- ","- ",,,"SAN FRANCISCO","SAN FRANCISCO",-122.40648651123047,37.782737731933594
9728884,2024,2024-08-30,3801,2024-07-11,1840,2722,CENTR,4,5,7,3801,0,0,0,,0,3A12D,"POST ST","TRADER VIC ALY",0.00,,Y,A,-,N,,,,,,,,,,Y,3,0,1,2,A,-,03,22350,A,N,C,C,A,A,H,-,A,A,0,,,Y,,Y,,C,02,0,1,0,0,0,0,0,0,1,"- ","- ",,,"SAN FRANCISCO","SAN FRANCISCO",-122.41233825683594,37.787796020507812
9728888,2024,2024-09-13,3801,2024-07-06,1648,1119,SOUTH,6,5,7,3801,0,0,0,,0,3B2,"HOWARD ST","MARY ST",0.00,,Y,A,-,N,,,,,,,,,,N,4,0,1,2,A,-,17,21657,,N,D,J,A,A,H,-,A,D,0,,,,,Y,,M,94,0,0,1,0,0,0,0,0,0,"- ","- ",,,"SAN FRANCISCO","SAN FRANCISCO",-122.40570831298828,37.780902862548828
9728902,2024,2024-09-05,3801,2024-07-16,1835,1226,SOUTH,2,5,7,3801,0,0,0,,0,1500,"MARKET ST","VALENCIA ST",0.00,,Y,A,-,N,,,,,,,,,,N,3,0,1,2,A,-,08,22101,D,N,B,G,A,A,H,-,A,A,0,,Y,,,Y,,A,01,0,1,0,0,0,0,1,0,0,"- ","- ",,,"SAN FRANCISCO","SAN FRANCISCO",-122.42262268066406,37.772548675537109
9728909,2024,2024-09-11,3801,2024-07-14,"139 ",1182,INGLE,7,5,7,3801,0,0,0,,0,3H13E,"ALEMANY BL","SAN JUAN AV",136.00,S,N,A,-,N,,,,,,,,,,Y,4,0,2,3,A,-,07,21658,A,N,F,E,A,A,H,-,C,D,0,,,,,Y,Y,A,01,0,0,2,0,0,0,0,0,0,"- ","- ",,,"SAN FRANCISCO","SAN FRANCISCO",-122.43724822998047,37.7244873046875
9728916,2024,2024-08-30,3801,2024-07-13,2335,2420,NORTH,6,5,7,3801,0,0,0,,0,3E13E,"FILLMORE ST","OAK ST",0.00,,Y,A,-,N,,,,,,,,,,N,4,0,1,2,A,-,10,21950,A,N,G,B,B,A,H,-,C,A,0,Y,,,,Y,,A,01,0,0,1,0,1,0,0,0,0,"- ","- ",,,"SAN FRANCISCO","SAN FRANCISCO",-122.43080902099609,37.773971557617188
9728930,2024,2024-09-03,3801,2024-06-28,"315 ",414,SOUTH,5,5,7,3801,0,0,0,,0,3B16E,"MACALLA RD","BRISTOL CT",298.00,S,N,A,-,N,,,,,,,,,,Y,4,0,1,2,A,-,03,22350,,N,C,C,A,A,H,-,C,D,0,,,,,Y,,A,01,0,0,1,0,0,0,0,0,0,"- ","- ",,,"SAN FRANCISCO","SAN FRANCISCO",,
9728954,2024,2024-08-30,3801,2024-06-23,1804,4286,RICHM,7,5,7,3801,0,0,0,,0,0G3,"CLEMENT ST","11TH AVE",0.00,,Y,A,-,N,,,,,,,,,,N,3,0,1,2,A,-,10,21950,A,N,G,B,B,A,H,-,A,D,0,Y,,,,Y,,A,01,0,1,0,0,1,0,0,0,0,"- ","- ",,,"SAN FRANCISCO","SAN FRANCISCO",-122.46977996826172,37.782665252685547
9728958,2024,2024-09-13,3801,2024-06-29,"120 ",1622,NORTH,6,5,7,3801,0,0,0,,0,3E102,"FILLMORE ST","EDDY ST",0.00,,Y,A,-,N,,,,,,,,,,Y,4,0,3,2,A,-,12,21453,A,N,F,C,A,A,H,-,C,A,0,,,,,Y,,A,01,0,0,3,0,0,0,0,0,0,"- ","- ",,,"SAN FRANCISCO","SAN FRANCISCO",-122.43231964111328,37.781425476074219
9730473,2024,2024-09-24,3801,2024-08-21,"753 ",643,TARAV,3,5,7,3801,0,0,0,,0,3I15A,"VIDAL DR","HIGUERA AV",364.00,S,N,A,-,N,,,,,,,,,,Y,3,0,2,2,A,-,21,22106,,N,D,C,A,A,H,-,A,D,0,,,,,Y,,D,22,0,1,1,0,0,0,0,0,0,"- ","- ",,,"SAN FRANCISCO","SAN FRANCISCO",-122.48480224609375,37.717281341552734
9733933,2024,2024-09-18,3801,2024-08-24,1440,302,NORTH,6,5,7,3801,0,0,0,,0,3E14D,"SUTTER ST","DIVISADERO ST",0.00,,Y,A,-,N,,,,,,,,,,N,3,0,2,2,A,-,09,21801,A,N,B,D,A,A,H,-,A,A,0,,,Y,,Y,,C,02,0,1,1,0,0,0,0,0,2,"- ","- ",,,"SAN FRANCISCO","SAN FRANCISCO",-122.43985748291016,37.785247802734375
9733939,2024,2024-09-18,3801,2024-08-26,"653 ",610,MISSI,1,5,7,3801,0,0,0,,0,3D41A,"POTRERO AV","MARIPOSA ST",0.00,,Y,A,-,N,,,,,,,,,,N,4,0,1,2,A,-,12,21453,A,N,D,C,A,A,H,-,A,A,0,,,,,Y,,A,01,0,0,1,0,0,0,0,0,0,"- ","- ",,,"SAN FRANCISCO","SAN FRANCISCO",-122.40734100341797,37.763206481933594
9733973,2024,2024-09-18,3801,2024-07-24,2232,1280,SOUTH,3,5,7,3801,0,0,0,,0,3B13E,"4TH ST","HARRISON ST",0.00,,Y,A,-,N,,,,,,,,,,N,3,0,1,2,A,-,08,22107,,N,D,C,A,A,H,-,C,A,0,,,Y,,Y,,C,03,0,1,0,0,0,0,0,0,1,"- ","- ",,,"SAN FRANCISCO","SAN FRANCISCO",-122.39962768554688,37.780776977539062
9734051,2024,2024-09-20,3801,2024-08-25,"723 ",2431,NORTH,7,5,7,3801,0,0,0,,0,3E13A,"TURK ST","VAN NESS AV",150.00,E,N,A,-,N,,,,,,,,,,N,4,0,1,2,A,-,21,22106,,N,A,B,-,A,H,-,A,D,0,Y,,,,Y,,A,01,0,0,1,0,1,0,0,0,0,"- ","- ",,,"SAN FRANCISCO","SAN FRANCISCO",-122.42006683349609,37.782012939453125
9736006,2024,2024-09-20,3801,2024-08-02,1204,1296,INGLE,5,5,7,3801,0,0,0,,0,3H16A,"BAYSHORE BL","BLANKEN AV",0.00,,Y,A,-,N,,,,,,,,,,N,3,0,1,2,A,-,12,21453,A,N,-,B,B,A,H,-,A,A,0,Y,,,,Y,,-,,0,1,0,0,1,0,0,0,0,"- ","- ",,,"SAN FRANCISCO","SAN FRANCISCO",-122.40158843994141,37.712539672851562
9736055,2024,2024-09-18,3801,2024-07-10,2148,2143,MISSI,3,5,7,3801,0,0,0,,0,3D11E,"MARKET ST","DOLORES ST",0.00,,Y,A,-,N,,,,,,,,,,N,3,0,1,2,A,-,08,22107,,N,C,G,A,A,H,-,C,D,0,,Y,Y,,Y,Y,L,04,0,1,0,0,0,0,0,0,1,"- ","- ",,,"SAN FRANCISCO","SAN FRANCISCO",-122.42691040039062,37.769203186035156
9739003,2024,2024-12-17,3801,2024-11-15,"848 ",412,MISSI,5,5,7,3801,0,0,0,,0,0600,"24TH ST","NOE ST",0.00,,Y,A,-,N,,,,,,,,,,N,2,0,1,3,A,-,10,21950,A,N,G,B,B,A,H,-,A,D,0,Y,,,,Y,,A,01,1,0,0,0,1,0,0,0,0,"- ","- ",,,"SAN FRANCISCO","SAN FRANCISCO",-122.43186950683594,37.751426696777344
9740442,2024,2024-10-10,3801,2024-09-13,1306,2144,PARK,5,5,7,3801,0,0,0,,0,3F13A,"BAKER ST","HAYES ST",0.00,,Y,A,-,N,,,,,,,,,,N,4,0,1,2,A,-,03,22350,,N,D,D,A,A,H,-,A,A,0,,,Y,,Y,,C,02,0,0,1,0,0,0,0,0,1,"- ","- ",,,"SAN FRANCISCO","SAN FRANCISCO",-122.44110870361328,37.774555206298828
9740449,2024,2024-10-09,3801,2024-09-21,2229,709,BAYVI,6,5,7,3801,0,0,0,,0,3C11E,"INDIANA ST","25TH ST",38.00,N,N,A,-,N,,,,,,,,,,N,4,0,1,2,A,-,00,21954,,N,G,B,D,A,H,-,C,A,0,Y,,,,Y,,N,60,0,0,1,0,1,0,0,0,0,"- ","- ",,,"SAN FRANCISCO","SAN FRANCISCO",-122.39071655273438,37.752780914306641
9740495,2024,2024-10-11,3801,2024-08-28,1156,2202,INGLE,3,5,7,3801,0,0,0,,0,3H13A,"MISSION ST","TRUMBULL ST",0.00,,Y,A,-,N,,,,,,,,,,Y,3,0,1,2,A,-,09,21801,A,N,A,D,A,A,H,-,A,A,0,,,,,Y,,A,01,0,1,0,0,0,0,0,0,0,"- ","- ",,,"SAN FRANCISCO","SAN FRANCISCO",-122.42925262451172,37.730781555175781
9741506,2024,2024-10-10,3801,2024-09-13,1754,2500,CENTR,5,5,7,3801,0,0,0,,0,3A13D,"PINE ST","GRANT AV",0.00,,Y,A,-,N,,,,,,,,,,N,2,0,2,3,A,-,12,21453,A,N,G,B,B,A,H,-,A,A,0,Y,,,,Y,,A,01,1,0,1,0,2,0,0,0,0,"- ","- ",,,"SAN FRANCISCO","SAN FRANCISCO",-122.40571594238281,37.791511535644531