CASE_ID,ACCIDENT_YEAR,PROC_DATE,JURIS,COLLISION_DATE,COLLISION_TIME,OFFICER_ID,REPORTING_DISTRICT,DAY_OF_WEEK,CHP_SHIFT,POPULATION,CNTY_CITY_LOC,SPECIAL_COND,BEAT_TYPE,CHP_BEAT_TYPE,CITY_DIVISION_LAPD,CHP_BEAT_CLASS,BEAT_NUMBER,PRIMARY_RD,SECONDARY_RD,DISTANCE,DIRECTION,INTERSECTION,WEATHER_1,WEATHER_2,STATE_HWY_IND,CALTRANS_COUNTY,CALTRANS_DISTRICT,STATE_ROUTE,ROUTE_SUFFIX,POSTMILE_PREFIX,POSTMILE,LOCATION_TYPE,RAMP_INTERSECTION,SIDE_OF_HWY,TOW_AWAY,COLLISION_SEVERITY,NUMBER_KILLED,NUMBER_INJURED,PARTY_COUNT,PRIMARY_COLL_FACTOR,PCF_CODE_OF_VIOL,PCF_VIOL_CATEGORY,PCF_VIOLATION,PCF_VIOL_SUBSECTION,HIT_AND_RUN,TYPE_OF_COLLISION,MVIW,PED_ACTION,ROAD_SURFACE,ROAD_COND_1,ROAD_COND_2,LIGHTING,CONTROL_DEVICE,CHP_ROAD_TYPE,PEDESTRIAN_ACCIDENT,BICYCLE_ACCIDENT,MOTORCYCLE_ACCIDENT,TRUCK_ACCIDENT,NOT_PRIVATE_PROPERTY,ALCOHOL_INVOLVED,STWD_VEHTYPE_AT_FAULT,CHP_VEHTYPE_AT_FAULT,COUNT_SEVERE_INJ,COUNT_VISIBLE_INJ,COUNT_COMPLAINT_PAIN,COUNT_PED_KILLED,COUNT_PED_INJURED,COUNT_BICYCLIST_KILLED,COUNT_BICYCLIST_INJURED,COUNT_MC_KILLED,COUNT_MC_INJURED,PRIMARY_RAMP,SECONDARY_RAMP,LATITUDE,LONGITUDE,COUNTY,CITY,POINT_X,POINT_Y
9798798,2025,2025-06-23,3801,2025-05-03,2255,2330,TARAV,6,5,7,3801,0,0,0,,0,,"SLOAT BL","43RD AV",0.00,,Y,A,-,N,,,,,,,,,,N,4,0,1,2,A,-,09,21802,,N,D,G,A,A,H,-,C,A,0,,Y,,,Y,,A,01,0,0,1,0,0,0,1,0,0,"- ","- ",,,"SAN FRANCISCO","SAN FRANCISCO",-122.50112152099609,37.735118865966797
9798800,2025,2025-06-23,3801,2025-05-03,"928 ",2402,TARAV,6,5,7,3801,0,0,0,,0,3I11A,"GARFIELD ST","ARCH ST",0.00,,Y,B,-,N,,,,,,,,,,N,4,0,1,2,A,-,21,22106,,N,D,C,A,A,H,-,A,A,0,,,,,Y,,A,01,0,0,1,0,0,0,0,0,0,"- ","- ",,,"SAN FRANCISCO","SAN FRANCISCO",-122.46720123291016,37.719638824462891
9798815,2025,2025-06-09,3801,2025-04-05,2246,1123,INGLE,6,5,7,3801,0,0,0,,0,3H14E,"MISSION ST","HIGHLAND AV",0.00,,Y,A,-,N,,,,,,,,,,Y,4,0,1,2,A,-,00,21703,A,N,C,C,A,A,H,-,C,A,0,,,,,Y,,A,01,0,0,1,0,0,0,0,0,0,"- ","- ",,,"SAN FRANCISCO","SAN FRANCISCO",-122.42404174804688,37.737358093261719
9798826,2025,2025-06-10,3801,2025-04-03,1808,1878,SOUTH,4,5,7,3801,0,0,0,,0,0B4,"MISSION ST","S VAN NESS AV",0.00,,Y,A,-,N,,,,,,,,,,N,4,0,1,2,A,-,21,22106,,N,D,C,A,A,H,-,A,A,0,,,Y,,Y,,A,01,0,0,1,0,0,0,0,0,1,"- ","- ",,,"SAN FRANCISCO","SAN FRANCISCO",-122.41863250732422,37.773109436035156
9798837,2025,2025-06-10,3801,2025-04-06,1040,2405,MISSI,7,5,7,3801,0,0,0,,0,003,"19TH ST","FOLSOM ST",0.00,,Y,A,-,N,,,,,,,,,,N,3,0,1,2,A,-,09,21801,A,N,A,C,A,A,H,-,A,A,0,,,,,Y,,D,22,0,1,0,0,0,0,0,0,0,"- ","- ",,,"SAN FRANCISCO","SAN FRANCISCO",-122.41481781005859,37.760490417480469
9801575,2025,2025-04-14,3801,2025-03-25,2105,A25730,CENTR,2,5,7,3801,0,0,0,,0,3A15E,"3RD ST","STEVENSON ST",30.00,S,N,A,-,N,,,,,,,,,,N,4,0,1,2,A,-,08,22107,,N,B,C,A,A,H,-,C,D,0,,,Y,,Y,,A,01,0,0,1,0,0,0,0,0,1,"- ","- ",,,"SAN FRANCISCO","SAN FRANCISCO",-122.40290832519531,37.786983489990234
9810593,2025,2025-06-20,3801,2025-05-12,1145,1279,TENDE,1,5,7,3801,0,0,0,,0,3J12A,"HYDE ST","MCALLISTER ST",20.00,N,N,A,-,N,,,,,,,,,,N,4,0,1,2,A,-,08,22107,,N,B,C,A,A,H,-,A,D,0,,,,,Y,Y,A,01,0,0,1,0,0,0,0,0,0,"- ","- ",,,"SAN FRANCISCO","SAN FRANCISCO",-122.41532897949219,37.780796051025391
9810604,2025,2025-06-19,3801,2025-05-01,2103,2722,CENTR,4,5,7,3801,0,0,0,,0,3A5E,"SANSOME ST","PINE ST",100.00,N,N,A,-,N,,,,,,,,,,Y,4,0,1,2,A,-,03,22350,,N,C,E,A,A,H,-,C,A,0,,,,,Y,,A,01,0,0,1,0,0,0,0,0,0,"- ","- ",,,"SAN FRANCISCO","SAN FRANCISCO",-122.40097808837891,37.792369842529297
9811377,2025,2025-08-04,3801,2025-06-22,1320,1419,TENDE,7,5,7,3801,0,0,0,,0,3J14D,"MARKET ST","11TH ST",0.00,,Y,A,-,N,,,,,,,,,,,4,0,1,2,A,-,08,22107,,F,D,G,A,A,H,-,A,D,0,,Y,,,Y,Y,A,01,0,0,1,0,0,0,1,0,0,"- ","- ",,,"SAN FRANCISCO","SAN FRANCISCO",-122.418701171875,37.775600433349609
9811414,2025,2025-07-18,3801,2025-06-17,1710,2458,BAYVI,2,5,7,3801,0,0,0,,0,3C11D,"CONNECTICUT ST","25TH ST",175.00,S,N,A,-,N,,,,,,,,,,N,4,0,1,2,A,-,17,21663,,F,G,B,F,A,H,-,A,D,0,Y,,,,Y,,-,,0,0,1,0,1,0,0,0,0,"- ","- ",,,"SAN FRANCISCO","SAN FRANCISCO",-122.39647674560547,37.751838684082031
9811764,2025,2025-07-17,3801,2025-06-04,2240,537,PARK,3,5,7,3801,0,0,0,,0,3F00,"FELL ST","BAKER ST",0.00,,Y,A,-,N,,,,,,,,,,N,4,0,1,2,A,-,03,22350,,F,C,C,A,A,H,-,C,D,0,,,,,Y,Y,-,,0,0,1,0,0,0,0,0,0,"- ","- ",,,"SAN FRANCISCO","SAN FRANCISCO",-122.44093322753906,37.77362060546875
9811775,2025,2025-07-17,3801,2025-06-12,1645,1096,CENTR,4,5,7,3801,0,0,0,,0,3A14D,"GRANT AV","SACRAMENTO ST",0.00,,Y,A,-,N,,,,,,,,,,N,4,0,1,2,A,-,10,21950,,F,G,B,B,A,H,-,A,A,0,Y,,,,Y,,A,01,0,0,1,0,1,0,0,0,0,"- ","- ",,,"SAN FRANCISCO","SAN FRANCISCO",-122.40608978271484,37.793403625488281
9811778,2025,2025-07-17,3801,2025-06-12,"4   ",4266,SOUTH,4,5,7,3801,0,0,0,,0,3B14E,"5TH ST","JESSIE ST",0.00,,Y,A,-,N,,,,,,,,,,N,4,0,1,2,A,-,12,22450,,F,D,G,A,A,H,-,C,A,0,,Y,,,Y,,A,01,0,0,1,0,0,0,1,0,0,"- ","- ",,,"SAN FRANCISCO","SAN FRANCISCO",-122.40700531005859,37.783161163330078
9811794,2025,2025-07-30,3801,2025-06-14,1920,481,CENTR,6,5,7,3801,0,0,0,,0,3A15D,"MARKET ST","1ST ST",0.00,,Y,A,-,N,,,,,,,,,,Y,4,0,2,2,A,-,12,21453,A,N,D,C,A,A,H,-,B,A,0,,,,,Y,,A,01,0,0,2,0,0,0,0,0,0,"- ","- ",,,"SAN FRANCISCO","SAN FRANCISCO",-122.39913940429688,37.791053771972656
9811827,2025,2025-07-11,3801,2025-05-16,1021,412,MISSI,5,5,7,3801,0,0,0,,0,060016,"PORTOLA DR","CORBETT AV",0.00,,-,A,-,N,,,,,,,,,,N,4,0,1,2,A,-,06,21750,A,N,C,C,A,A,H,-,A,A,0,,,,,Y,,A,01,0,0,1,0,0,0,0,0,0,"- ","- ",,,"SAN FRANCISCO","SAN FRANCISCO",-122.44391632080078,37.750392913818359
9812170,2025,2025-07-14,3801,2025-05-30,1310,1671,CENTR,5,5,7,3801,0,0,0,,0,3A13A,"POST ST","MASON ST",0.00,,Y,A,-,N,,,,,,,,,,N,3,0,1,1,A,-,"- ",,,N,H,G,A,B,H,-,A,A,0,,Y,,,Y,,L,04,0,1,0,0,0,0,1,0,0,"- ","- ",,,"SAN FRANCISCO","SAN FRANCISCO",-122.4100341796875,37.788047790527344
9816509,2025,2025-06-19,3801,2025-05-26,2117,2421,PARK,1,5,7,3801,0,0,0,,0,3F1,"KEZAR DR","JOHN F KENNEDY DR",0.00,,N,A,-,N,,,,,,,,,,N,4,0,1,1,A,-,01,21200,5,N,H,A,A,A,H,-,C,A,0,,Y,,,Y,Y,L,04,0,0,1,0,0,0,1,0,0,"- ","- ",37.703998565673828,-122.45500183105469,"SAN FRANCISCO","SAN FRANCISCO",-122.45532989501953,37.770858764648438
9816511,2025,2025-06-18,3801,2025-05-24,"54  ",1833,CENTR,6,5,7,3801,0,0,0,,0,3A15E,"NEW MONTGOMERY ST","STEVENSON ALLEY",0.00,,Y,A,-,N,,,,,,,,,,Y,4,0,1,2,A,-,08,22107,,N,D,E,A,A,H,-,D,D,0,,,,,Y,,A,01,0,0,1,0,0,0,0,0,0,"- ","- ",,,"SAN FRANCISCO","SAN FRANCISCO",-122.40151214599609,37.788299560546875
9816543,2025,2025-06-17,3801,2025-05-10,1526,2718,BAYVI,6,5,7,3801,0,0,0,,0,3C4D,"BAYSHORE BL","INDUSTRIAL ST",65.00,S,N,A,-,N,,,,,,,,,,Y,4,0,4,2,A,-,05,21651,B,N,B,C,A,A,H,-,A,A,0,,,,,Y,,A,01,0,0,4,0,0,0,0,0,0,"- ","- ",,,"SAN FRANCISCO","SAN FRANCISCO",-122.40693664550781,37.737823486328125
9816556,2025,2025-07-09,3801,2025-05-16,1340,2412,INGLE,5,5,7,3801,0,0,0,,0,3H14A,"BOSWORTH ST","RT 280",0.00,,Y,A,-,Y,SF,4,280,-,R,2.574,R,3,N,N,3,0,1,2,A,-,09,21804,A,F,D,-,A,A,H,-,A,D,0,,,Y,,Y,,A,01,0,1,0,0,0,0,0,0,1,"- ",SO,,,"SAN FRANCISCO","SAN FRANCISCO",-122.43757629394531,37.730571746826172
9816560,2025,2025-06-18,3801,2025-05-03,"201 ",826,NORTH,6,5,7,3801,0,0,0,,0,0E2,"WEBSTER ST","GEARY ST",0.00,,Y,A,-,N,,,,,,,,,,N,4,0,1,2,A,-,12,21453,,N,D,G,A,A,H,-,C,A,0,,Y,,,Y,,L,04,0,0,1,0,0,0,1,0,0,"- ","- ",,,"SAN FRANCISCO","SAN FRANCISCO",-122.43130493164062,37.784725189208984
9817515,2025,2025-09-15,3801,2025-04-21,2046,798,NORTH,1,5,7,3801,0,0,0,,0,3E12D,"FILLMORE ST","MCALLISTER ST",10.00,S,N,A,-,N,,,,,,,,,,N,1,1,0,2,A,-,10,21950,A,N,G,B,B,A,H,-,C,A,0,Y,,,,Y,,A,07,0,0,0,1,0,0,0,0,0,"- ","- ",,,"SAN FRANCISCO","SAN FRANCISCO",-122.43174743652344,37.778614044189453
9817518,2025,2025-06-13,3801,2025-04-04,1535,1148,MISSI,5,5,7,3801,0,0,0,,0,3D15D,"SHOTWELL ST","18TH ST",0.00,,Y,A,-,N,,,,,,,,,,N,3,0,1,1,C,-,18,,,N,H,A,A,A,H,-,A,B,0,,,,,Y,,-,"- ",0,1,0,0,0,0,0,0,0,"- ","- ",,,"SAN FRANCISCO","SAN FRANCISCO",-122.41606903076172,37.762020111083984
9817608,2025,2025-06-18,3801,2025-05-19,"750 ",1438,INGLE,1,5,7,3801,0,0,0,,0,4CAR,"ALEMANY BL","SAN JUAN AV",0.00,,Y,A,-,N,,,,,,,,,,N,4,0,1,2,A,-,10,21950,A,N,G,B,B,A,H,-,A,A,0,Y,,,,Y,,A,01,0,0,1,0,1,0,0,0,0,"- ","- ",,,"SAN FRANCISCO","SAN FRANCISCO",-122.43706512451172,37.724830627441406
9817610,2025,2025-06-19,3801,2025-05-15,"840 ",1511,BAYVI,4,5,7,3801,0,0,0,,0,3C4A,"SAN BRUNO AV","SAN BRUNO AV 3136",0.00,,N,A,-,N,,,,,,,,,,N,4,0,1,2,A,-,17,22517,,N,-,C,A,A,H,-,A,D,0,,,,,Y,,A,01,0,0,1,0,0,0,0,0,0,"- ","- ",,,"SAN FRANCISCO","SAN FRANCISCO",-122.4119873046875,37.630592346191406
9817623,2025,2025-06-24,3801,2025-05-23,2254,623,BAYVI,5,5,7,3801,0,0,0,,0,3C14E,"SAN BRUNO AV","BACON ST",0.00,,Y,A,-,N,,,,,,,,,,N,4,0,1,2,A,-,09,21801,A,F,D,C,A,A,H,-,C,A,0,,,,,Y,,A,01,0,0,1,0,0,0,0,0,0,"- ","- ",,,"SAN FRANCISCO","SAN FRANCISCO",-122.40361022949219,37.727638244628906
9822269,2025,2025-09-03,3801,2025-07-13,1744,1897,INGLE,7,5,7,3801,0,0,0,,0,3H11D,"MISSION ST","FAIR AV",0.00,,Y,A,-,N,,,,,,,,,,N,4,0,2,2,A,-,03,22350,,F,C,C,A,A,H,-,A,A,0,,,,,Y,,A,01,0,0,2,0,0,0,0,0,0,"- ","- ",,,"SAN FRANCISCO","SAN FRANCISCO",-122.41986846923828,37.745586395263672
9823591,2025,2025-09-10,3801,2025-07-22,2204,2136,CENTR,2,5,7,3801,0,0,0,,0,3A13E,"KEARNY ST","GREEN ST",0.00,,Y,A,-,N,,,,,,,,,,N,4,0,1,2,A,-,12,22450,A,N,G,B,B,A,H,-,C,A,0,Y,,,,Y,,A,01,0,0,1,0,1,0,0,0,0,"- ","- ",,,"SAN FRANCISCO","SAN FRANCISCO",-122.40581512451172,37.799900054931641
9824150,2025,2025-09-15,3801,2025-08-08,1645,4314,RICHM,5,5,7,3801,0,0,0,,0,00G,"BALBOA ST","8TH AV",29.00,W,N,A,-,N,,,,,,,,,,Y,4,0,2,2,A,-,03,22350,,N,C,C,A,A,H,-,A,A,0,,,,,Y,,A,01,0,0,2,0,0,0,0,0,0,"- ","- ",,,"SAN FRANCISCO","SAN FRANCISCO",-122.46627044677734,37.777133941650391
9824497,2025,2025-09-15,3801,2025-08-19,1351,1481,SOUTH,2,5,7,3801,0,0,0,,0,3J2,"MARKET ST","NEW MONTGOMERY ST",85.00,W,N,A,-,N,,,,,,,,,,N,3,0,1,1,A,-,08,22107,,N,H,A,A,A,H,-,A,A,0,,Y,,,Y,,L,04,0,1,0,0,0,0,1,0,0,"- ","- ",,,"SAN FRANCISCO","SAN FRANCISCO",-122.40220642089844,37.788608551025391
9824504,2025,2025-10-02,3801,2025-08-18,1300,1540,TARAV,1,5,7,3801,0,0,0,,0,3I1A,"9TH AV","IRVING ST",176.00,N,N,A,-,N,,,,,,,,,,N,4,0,1,2,A,-,21,22106,,N,D,C,A,A,H,-,A,D,0,,,Y,,Y,,A,08,0,0,1,0,0,0,0,0,1,"- ","- ",,,"SAN FRANCISCO","SAN FRANCISCO",-122.46635437011719,37.764522552490234
9824508,2025,2025-09-12,3801,2025-08-13,"550 ",2497,BAYVI,3,5,7,3801,0,0,0,,0,3C14E,"SAN BRUNO AV","SILLIMAN ST",0.00,,Y,A,-,N,,,,,,,,,,N,3,0,1,2,A,-,10,21950,A,F,D,B,B,A,H,-,B,A,0,Y,,,,Y,,A,01,0,1,0,0,1,0,0,0,0,"- ","- ",,,"SAN FRANCISCO","SAN FRANCISCO",-122.40512084960938,37.731231689453125
9824534,2025,2025-09-15,3801,2025-08-11,"455 ",2237,TARAV,1,5,7,3801,0,0,0,,0,001,"LINCOLN WY","31ST AV",0.00,,Y,A,-,N,,,,,,,,,,Y,3,0,1,2,A,-,01,23152,A,N,C,E,A,A,H,-,C,A,0,,,,,Y,Y,A,01,0,1,0,0,0,0,0,0,0,"- ","- ",,,"SAN FRANCISCO","SAN FRANCISCO",-122.49010467529297,37.764900207519531
9824885,2025,2025-09-11,3801,2025-08-08,1642,2190,CENTR,5,5,7,3801,0,0,0,,0,3A12D,"OFARRELL ST","STOCKTON ST",80.00,W,N,A,-,N,,,,,,,,,,N,4,0,1,2,A,-,00,21955,A,N,G,B,E,A,H,-,A,D,0,Y,,,,Y,,N,60,0,0,1,0,1,0,0,0,0,"- ","- ",,,"SAN FRANCISCO","SAN FRANCISCO",-122.40666198730469,37.786598205566406
9824891,2025,2025-09-11,3801,2025-08-12,1708,628,RICHM,2,5,7,3801,0,0,0,,0,0G4,"LAKE ST","26TH AV",0.00,,Y,A,-,N,,,,,,,,,,Y,3,0,1,2,A,-,12,22450,A,N,D,C,A,A,H,-,A,A,0,,,,,Y,,M,96,0,1,0,0,0,0,0,0,0,"- ","- ",,,"SAN FRANCISCO","SAN FRANCISCO",-122.48621368408203,37.785697937011719
9824910,2025,2025-09-11,3801,2025-08-20,1300,1151,TENDE,3,5,7,3801,0,0,0,,0,3J52C,"LEAVENWORTH ST","ELLIS ST",0.00,,Y,A,-,N,,,,,,,,,,N,3,0,1,2,A,-,10,21950,A,F,G,B,B,A,H,-,A,A,0,Y,,,,Y,,A,01,0,1,0,0,1,0,0,0,0,"- ","- ",,,"SAN FRANCISCO","SAN FRANCISCO",-122.41442108154297,37.784671783447266
9824937,2025,2025-09-11,3801,2025-08-01,"957 ",1561,MISSI,5,5,7,3801,0,0,0,,0,3CAR,"FOLSOM ST","19TH ST",69.00,S,N,A,-,N,,,,,,,,,,N,3,0,1,2,A,-,07,21658,,F,B,C,A,A,H,-,A,D,0,,,Y,,Y,,A,01,0,1,0,0,0,0,0,0,1,"- ","- ",,,"SAN FRANCISCO","SAN FRANCISCO",-122.41480255126953,37.760299682617188
9825696,2025,2025-09-15,3801,2025-08-06,1425,1004,BAYVI,3,5,7,3801,0,0,0,,0,002,"INDUSTRIAL ST","BAYSHORE BL",73.00,E,N,A,-,N,,,,,,,,,,Y,4,0,1,2,A,-,04,21703,,F,C,C,A,A,H,-,A,A,0,,,,,Y,,A,01,0,0,1,0,0,0,0,0,0,"- ","- ",,,"SAN FRANCISCO","SAN FRANCISCO",-122.40672302246094,37.738063812255859
9826382,2025,2025-06-23,3801,2025-01-21,1530,1740,CENTR,2,5,7,3801,0,0,0,,0,3A14D,"MONTGOMERY ST","WASHINGTON ST",0.00,,Y,A,-,N,,,,,,,,,,N,4,0,1,2,A,-,11,21955,,N,A,B,D,A,H,-,A,D,0,Y,,,,Y,,N,60,0,0,1,0,1,0,0,0,0,"- ","- ",,,"SAN FRANCISCO","SAN FRANCISCO",-122.40329742431641,37.795528411865234
9868746,2025,2025-08-12,3801,2025-07-04,2250,1350,BAYVI,5,5,7,3801,0,0,0,,0,3C13D,"NORTHRIDGE RD","HARBOR RD",58.00,E,N,A,-,N,,,,,,,,,,Y,4,0,2,7,A,-,03,22350,,F,G,J,A,A,H,-,C,A,0,,,,,Y,,A,01,0,0,2,0,0,0,0,0,0,"- ","- ",,,"SAN FRANCISCO","SAN FRANCISCO",-122.37693786621094,37.731033325195312
9868780,2025,2025-08-07,3801,2025-07-21,1415,2743,SOUTH,1,5,7,3801,0,0,0,,0,3B1,"THE EMBARCADERO","FOLSOM ST",0.00,,Y,B,-,N,,,,,,,,,,Y,3,0,1,2,A,-,08,22107,,N,B,C,A,A,H,-,A,D,0,,,Y,,Y,,A,01,0,1,0,0,0,0,0,0,1,"- ","- ",,,"SAN FRANCISCO","SAN FRANCISCO",-122.39015960693359,37.790756225585938
9868796,2025,2025-08-11,3801,2025-07-12,2123,1406,CENTR,6,5,7,3801,0,0,0,,0,3A3,"NORTH POINT ST","MASON ST",189.00,W,N,B,-,N,,,,,,,,,,Y,3,0,1,2,A,-,03,22350,,N,B,C,A,A,-,-,D,D,0,,,,,Y,,M,94,0,1,0,0,0,0,0,0,0,"- ","- ",,,"SAN FRANCISCO","SAN FRANCISCO",-122.4144287109375,37.806491851806641
9868804,2025,2025-08-11,3801,2025-07-06,1009,392,MISSI,7,5,7,3801,0,0,0,,0,0D6,"POTRERO AV","16TH ST",40.00,N,N,A,-,N,,,,,,,,,,N,4,0,1,2,D,-,00,,,N,G,B,D,A,H,-,A,D,0,Y,,,,Y,,-,"- ",0,0,1,0,1,0,0,0,0,"- ","- ",,,"SAN FRANCISCO","SAN FRANCISCO",-122.40756988525391,37.765880584716797
9868810,2025,2025-08-11,3801,2025-07-13,1539,4055,TENDE,7,5,7,3801,0,0,0,,0,3J14D,"CYRIL MAGNIN ST","EDDY ST",0.00,,Y,A,-,N,,,,,,,,,,N,4,0,1,2,A,-,12,21453,A,N,D,C,A,A,H,-,A,A,0,,,Y,,Y,,C,03,0,0,1,0,0,0,0,0,1,"- ","- ",,,"SAN FRANCISCO","SAN FRANCISCO",-122.40851593017578,37.784500122070312
9868824,2025,2025-08-28,3801,2025-07-13,2256,1111,BAYVI,7,5,7,3801,0,0,0,,0,3C14E,"MANSELL ST","BRUSSELS ST",0.00,,Y,A,-,N,,,,,,,,,,Y,4,0,2,2,D,-,00,,,N,D,C,A,A,H,-,C,A,0,,,,,Y,,-,"- ",0,0,2,0,0,0,0,0,0,"- ","- ",,,"SAN FRANCISCO","SAN FRANCISCO",-122.40309906005859,37.721107482910156
9868858,2025,2025-08-08,3801,2025-07-19,"754 ",392,MISSI,6,5,7,3801,0,0,0,,0,0D4,"CESAR CHAVEZ ST","MISSION ST",0.00,,Y,B,-,N,,,,,,,,,,Y,4,0,1,2,A,-,12,21453,A,N,D,C,A,A,H,-,A,A,0,,,,,Y,,A,07,0,0,1,0,0,0,0,0,0,"- ","- ",,,"SAN FRANCISCO","SAN FRANCISCO",-122.41819763183594,37.748222351074219
9868878,2025,2025-08-07,3801,2025-06-21,2115,1898,CENTR,6,5,7,3801,0,0,0,,0,3A13E,"COLUMBUS AV","LOMBARD ST",0.00,,Y,A,-,N,,,,,,,,,,N,4,0,1,2,A,-,08,22107,,N,B,F,A,A,H,-,C,A,0,,,,,Y,,A,01,0,0,1,0,0,0,0,0,0,"- ","- ",,,"SAN FRANCISCO","SAN FRANCISCO",-122.41367340087891,37.802734375
9868888,2025,2025-08-07,3801,2025-06-20,1759,664,MISSI,5,5,7,3801,0,0,0,,0,1CAR,"VALENCIA ST","15TH ST",0.00,,Y,A,-,N,,,,,,,,,,N,2,0,1,2,A,-,12,21453,A,N,D,G,A,A,H,-,A,A,0,,Y,,,Y,,L,04,1,0,0,0,0,0,1,0,0,"- ","- ",,,"SAN FRANCISCO","SAN FRANCISCO",-122.42203521728516,37.766529083251953
9868891,2025,2025-08-07,3801,2025-06-18,"928 ",1996,SOUTH,3,5,7,3801,0,0,0,,0,3B13A,"8TH ST","BRANNAN ST",0.00,,Y,A,-,N,,,,,,,,,,N,4,0,1,2,A,-,08,22107,,N,B,C,A,A,H,-,A,A,0,,,,,Y,,A,01,0,0,1,0,0,0,0,0,0,"- ","- ",,,"SAN FRANCISCO","SAN FRANCISCO",-122.40543365478516,37.771289825439453
9868899,2025,2025-08-07,3801,2025-06-24,"920 ",1572,SOUTH,2,5,7,3801,0,0,0,,0,3B1A,"2ND ST","MINNA ST",0.00,,Y,A,-,N,,,,,,,,,,N,3,0,1,2,A,-,09,21801,,N,B,G,A,A,H,-,A,D,0,,Y,,,Y,,A,01,0,1,0,0,0,0,1,0,0,"- ","- ",,,"SAN FRANCISCO","SAN FRANCISCO",-122.39927673339844,37.78759765625
9868901,2025,2025-08-07,3801,2025-06-13,"840 ",1696,NORTH,5,5,7,3801,0,0,0,,0,3E16D,"LAGUNA ST",BROADWAY,100.00,N,N,A,-,N,,,,,,,,,,N,4,0,1,2,A,-,09,21804,A,N,D,-,A,A,-,-,A,D,0,,,,,Y,,A,01,0,0,1,0,0,0,0,0,0,"- ","- ",,,"SAN FRANCISCO","SAN FRANCISCO",-122.43003082275391,37.795162200927734
9868916,2025,2025-08-07,3801,2025-06-25,1330,2231,SOUTH,3,5,7,3801,0,0,0,,0,3B4A,"11TH ST","FOLSOM ST",0.00,,Y,A,-,N,,,,,,,,,,N,4,0,2,3,A,-,09,21801,A,N,A,C,A,A,H,-,A,A,0,,,,,Y,,A,01,0,0,2,0,0,0,0,0,0,"- ","- ",,,"SAN FRANCISCO","SAN FRANCISCO",-122.41400909423828,37.771884918212891
9869921,2025,2025-08-08,3801,2025-06-18,1414,786,SOUTH,3,5,7,3801,0,0,0,,0,03B,"BRYANT ST","ZOE ST",0.00,,Y,A,-,N,,,,,,,,,,Y,3,0,3,2,A,-,07,21658,A,N,B,I,A,A,H,-,A,D,0,,,,,Y,,D,22,0,1,2,0,0,0,0,0,0,"- ","- ",,,"SAN FRANCISCO","SAN FRANCISCO",-122.39684295654297,37.780525207519531
9871686,2024,2025-08-13,3801,2024-03-29,"835 ",1557,TARAV,5,5,7,3801,0,0,0,,0,3I16A,"ALEMANY BL","SAINT CHARLES AVE",0.00,,Y,C,-,N,,,,,,,,,,N,4,0,1,2,A,-,10,21950,A,N,G,G,B,B,H,-,A,D,0,Y,,,,Y,,A,07,0,0,1,0,1,0,0,0,0,"- ","- ",,,"SAN FRANCISCO","SAN FRANCISCO",-122.46935272216797,37.710700988769531
9874660,2025,2025-10-07,3801,2025-09-15,2100,1474,BAYVI,1,5,7,3801,0,0,0,,0,901,"OAKDALE AV","INDUSTRIAL ST",0.00,,Y,A,-,N,,,,,,,,,,N,4,0,1,2,A,-,04,21703,,N,C,C,A,A,H,-,C,A,0,,,Y,,Y,,A,08,0,0,1,0,0,0,0,0,1,"- ","- ",,,"SAN FRANCISCO","SAN FRANCISCO",-122.39969635009766,37.739933013916016
9874693,2025,2025-10-13,3801,2025-09-05,2358,2190,CENTR,5,5,7,3801,0,0,0,,0,3A1D,"GEARY ST","KEARNY ST",0.00,,Y,A,-,N,,,,,,,,,,N,4,0,1,2,A,-,10,21950,A,N,G,B,B,A,H,-,C,A,0,Y,,,,Y,,A,01,0,0,1,0,1,0,0,0,0,"- ","- ",,,"SAN FRANCISCO","SAN FRANCISCO",-122.40351104736328,37.787948608398438
9874694,2025,2025-10-13,3801,2025-09-05,1530,2475,TARAV,5,5,7,3801,0,0,0,,0,3I13D,"DE LONG ST","FLOURNOY ST",0.00,,Y,A,-,N,,,,,,,,,,N,4,0,1,2,A,-,03,22350,,F,B,C,A,A,H,-,A,D,0,,,,,Y,,A,01,0,0,1,0,0,0,0,0,0,"- ","- ",,,"SAN FRANCISCO","SAN FRANCISCO",-122.46332550048828,37.709659576416016
9874706,2025,2025-10-14,3801,2025-09-21,2221,1688,BAYVI,7,5,7,3801,0,0,0,,0,3C12E,"BAYSHORE BL","HAMPSHIRE ST",462.00,E,N,A,-,N,,,,,,,,,,N,3,0,1,1,A,-,03,22350,,N,H,A,A,A,H,-,C,D,0,,Y,,,Y,,L,04,0,1,0,0,0,0,1,0,0,"- ","- ",,,"SAN FRANCISCO","SAN FRANCISCO",,
9874719,2025,2025-10-15,3801,2025-09-13,"754 ",2086,CENTR,6,5,7,3801,0,0,0,,0,3A11A,"BUSH ST","JONES ST",0.00,,Y,B,-,N,,,,,,,,,,Y,3,0,3,4,A,-,12,21453,,N,D,C,A,A,H,-,A,A,0,,,,,Y,,A,01,0,1,2,0,0,0,0,0,0,"- ","- ",,,"SAN FRANCISCO","SAN FRANCISCO",-122.41371154785156,37.78955078125
9874720,2025,2025-10-15,3801,2025-09-17,1049,4360,SOUTH,3,5,7,3801,0,0,0,,0,3B13A,"HOWARD ST","6TH ST",0.00,,Y,A,-,N,,,,,,,,,,N,3,0,1,2,A,-,11,21456,A,N,G,B,B,A,H,-,A,A,0,Y,,,,Y,,N,60,0,1,0,0,1,0,0,0,0,"- ","- ",,,"SAN FRANCISCO","SAN FRANCISCO",-122.40714263916016,37.779750823974609