CASE_ID,ACCIDENT_YEAR,PROC_DATE,JURIS,COLLISION_DATE,COLLISION_TIME,OFFICER_ID,REPORTING_DISTRICT,DAY_OF_WEEK,CHP_SHIFT,POPULATION,CNTY_CITY_LOC,SPECIAL_COND,BEAT_TYPE,CHP_BEAT_TYPE,CITY_DIVISION_LAPD,CHP_BEAT_CLASS,BEAT_NUMBER,PRIMARY_RD,SECONDARY_RD,DISTANCE,DIRECTION,INTERSECTION,WEATHER_1,WEATHER_2,STATE_HWY_IND,CALTRANS_COUNTY,CALTRANS_DISTRICT,STATE_ROUTE,ROUTE_SUFFIX,POSTMILE_PREFIX,POSTMILE,LOCATION_TYPE,RAMP_INTERSECTION,SIDE_OF_HWY,TOW_AWAY,COLLISION_SEVERITY,NUMBER_KILLED,NUMBER_INJURED,PARTY_COUNT,PRIMARY_COLL_FACTOR,PCF_CODE_OF_VIOL,PCF_VIOL_CATEGORY,PCF_VIOLATION,PCF_VIOL_SUBSECTION,HIT_AND_RUN,TYPE_OF_COLLISION,MVIW,PED_ACTION,ROAD_SURFACE,ROAD_COND_1,ROAD_COND_2,LIGHTING,CONTROL_DEVICE,CHP_ROAD_TYPE,PEDESTRIAN_ACCIDENT,BICYCLE_ACCIDENT,MOTORCYCLE_ACCIDENT,TRUCK_ACCIDENT,NOT_PRIVATE_PROPERTY,ALCOHOL_INVOLVED,STWD_VEHTYPE_AT_FAULT,CHP_VEHTYPE_AT_FAULT,COUNT_SEVERE_INJ,COUNT_VISIBLE_INJ,COUNT_COMPLAINT_PAIN,COUNT_PED_KILLED,COUNT_PED_INJURED,COUNT_BICYCLIST_KILLED,COUNT_BICYCLIST_INJURED,COUNT_MC_KILLED,COUNT_MC_INJURED,PRIMARY_RAMP,SECONDARY_RAMP,LATITUDE,LONGITUDE,COUNTY,CITY,POINT_X,POINT_Y
9874723,2025,2025-10-14,3801,2025-09-16,"656 ",2132,BAYVI,2,5,7,3801,0,0,0,,0,005,"REVERE AV","3RD ST",0.00,,Y,A,-,N,,,,,,,,,,N,4,0,1,2,A,-,10,21950,A,N,D,D,A,A,H,-,A,A,0,,,,,Y,,A,01,0,0,1,0,0,0,0,0,0,"- ","- ",,,"SAN FRANCISCO","SAN FRANCISCO",-122.39160919189453,37.732437133789062
9874738,2025,2025-10-14,3801,2025-09-10,1102,788,SOUTH,3,5,7,3801,0,0,0,,0,3B14A,"11TH ST","MINNA ST",0.00,,Y,A,-,N,,,,,,,,,,Y,3,0,2,2,A,-,09,21801,A,N,A,C,A,A,H,-,A,D,0,,,,,Y,,A,01,0,2,0,0,0,0,0,0,0,"- ","- ",,,"SAN FRANCISCO","SAN FRANCISCO",-122.41657257080078,37.773910522460938
9874747,2025,2025-10-27,3801,2025-09-09,1124,1832,TENDE,2,5,7,3801,0,0,0,,0,3J13A,"HYDE ST","MCALLISTER ST",0.00,,Y,A,-,N,,,,,,,,,,N,4,0,1,2,A,-,03,22350,,N,D,C,A,A,H,-,A,A,0,,,Y,,Y,,C,03,0,0,1,0,0,0,0,0,1,"- ","- ",,,"SAN FRANCISCO","SAN FRANCISCO",-122.41532135009766,37.780738830566406
9874772,2025,2025-10-22,3801,2025-09-03,1651,2166,INGLE,3,5,7,3801,0,0,0,,0,3H13D,"ALEMANY BL","STONEYBROOK AV",70.00,N,N,A,-,N,,,,,,,,,,N,4,0,1,3,A,-,08,22107,,N,B,C,A,A,H,-,A,D,0,,,,,Y,,A,01,0,0,1,0,0,0,0,0,0,"- ","- ",,,"SAN FRANCISCO","SAN FRANCISCO",-122.4215087890625,37.731376647949219
9874780,2025,2025-11-03,3801,2025-09-03,"930 ",4358,SOUTH,3,5,7,3801,0,0,0,,0,3B13A,"7TH ST","HARRISON ST",146.00,N,N,A,-,N,,,,,,,,,,N,3,0,1,2,A,-,10,21950,A,M,G,B,C,A,H,-,A,D,0,Y,Y,,,Y,,L,04,0,1,0,0,1,0,0,0,0,"- ","- ",,,"SAN FRANCISCO","SAN FRANCISCO",-122.40663909912109,37.775821685791016
9874785,2025,2025-10-22,3801,2025-09-07,"219 ",2457,SOUTH,7,5,7,3801,0,0,0,,0,3B14E,"6TH ST","BRYANT ST",0.00,,Y,A,-,N,,,,,,,,,,Y,4,0,2,2,A,-,12,21453,A,N,D,C,A,A,H,-,C,A,0,,,,,Y,,A,01,0,0,2,0,0,0,0,0,0,"- ","- ",,,"SAN FRANCISCO","SAN FRANCISCO",-122.40250396728516,37.776058197021484
9874832,2025,2025-10-13,3801,2025-08-24,2234,2256,SOUTH,7,5,7,3801,0,0,0,,0,3B13E,"8TH ST","HOWARD ST",0.00,,Y,A,-,N,,,,,,,,,,N,4,0,2,2,A,-,09,21453,C,N,D,J,A,A,H,-,C,A,0,,,,,Y,,A,01,0,0,2,0,0,0,0,0,0,"- ","- ",,,"SAN FRANCISCO","SAN FRANCISCO",-122.41159057617188,37.776229858398438
9874839,2025,2025-10-08,3801,2025-08-03,"7   ",2136,CENTR,7,5,7,3801,0,0,0,,0,3A11E,BROADWAY,"POWELL ST",791.00,W,N,A,-,N,,,,,,,,,,N,3,0,1,1,A,-,03,22350,,N,E,J,A,A,H,-,-,D,0,,Y,,,Y,,L,04,0,1,0,0,0,0,1,0,0,"- ","- ",,,"SAN FRANCISCO","SAN FRANCISCO",-122.41294097900391,37.797126770019531
9874846,2025,2025-10-08,3801,2025-08-14,1900,1352,MISSI,4,5,7,3801,0,0,0,,0,3D13D,"23RD ST","S VAN NESS AV",0.00,,Y,A,-,N,,,,,,,,,,Y,4,0,1,2,A,-,12,21453,A,N,D,C,A,A,H,-,A,A,0,,,,,Y,,A,01,0,0,1,0,0,0,0,0,0,"- ","- ",,,"SAN FRANCISCO","SAN FRANCISCO",-122.41643524169922,37.753955841064453
9874859,2025,2025-10-07,3801,2025-08-26,1348,2458,SOUTH,2,5,7,3801,0,0,0,,0,3B12A,"THE EMBARCADERO","BRYANT ST",118.00,N,N,A,-,N,,,,,,,,,,Y,4,0,2,5,A,-,00,23103,,F,C,C,A,A,H,-,A,A,0,,,,,Y,,A,01,0,0,2,0,0,0,0,0,0,"- ","- ",,,"SAN FRANCISCO","SAN FRANCISCO",-122.38797760009766,37.78741455078125
9874863,2025,2025-10-09,3801,2025-08-26,"922 ",2458,SOUTH,2,5,7,3801,0,0,0,,0,,"KING ST","3RD ST",414.00,E,N,A,-,N,,,,,,,,,,N,3,0,2,2,A,-,03,22350,,N,-,B,B,A,H,-,A,A,0,Y,,Y,,Y,,C,02,0,2,0,0,1,0,0,0,1,"- ","- ",,,"SAN FRANCISCO","SAN FRANCISCO",-122.39092254638672,37.778995513916016
9874871,2025,2025-10-08,3801,2025-08-28,"423 ",2412,TARAV,4,5,7,3801,0,0,0,,0,3I15E,"LAKE MERCED BL","BROTHERHOOD WY",0.00,,Y,A,-,N,,,,,,,,,,Y,4,0,1,2,A,-,09,21453,C,N,D,C,A,A,H,-,C,A,0,,,Y,,Y,,A,01,0,0,1,0,0,0,0,0,1,"- ","- ",,,"SAN FRANCISCO","SAN FRANCISCO",-122.48523712158203,37.714717864990234
9879665,2025,2025-11-19,3801,2025-10-13,1119,1531,RICHM,1,5,7,3801,0,0,0,,0,RICHMO,"MAPLE ST","WASHINGTON ST",0.00,,Y,A,-,N,,,,,,,,,,Y,4,0,1,2,A,-,09,21802,A,N,D,C,A,A,H,-,A,D,0,,,,,Y,,D,22,0,0,1,0,0,0,0,0,0,"- ","- ",,,"SAN FRANCISCO","SAN FRANCISCO",-122.45561981201172,37.788894653320312
9879690,2025,2025-11-10,3801,2025-07-17,1341,2500,SOUTH,4,5,7,3801,0,0,0,,0,,"MISSION ST","8TH ST",0.00,,Y,A,-,N,,,,,,,,,,N,4,0,1,2,A,-,10,21950,A,M,G,B,B,A,H,-,A,A,0,Y,,Y,,Y,,C,03,0,0,1,0,1,0,0,0,0,"- ","- ",,,"SAN FRANCISCO","SAN FRANCISCO",-122.41315460205078,37.7774658203125
9886627,2025,2025-12-10,3801,2025-11-14,"941 ",2187,BAYVI,5,5,7,3801,0,0,0,,0,3C12A,"BAY SHORE BL","HELENA ST",82.00,N,N,A,-,N,,,,,,,,,,N,3,0,1,2,A,-,17,21663,,N,D,G,-,A,H,-,A,A,0,Y,,,Y,Y,,N,60,0,1,0,0,1,0,0,0,0,"- ","- ",,,"SAN FRANCISCO","SAN FRANCISCO",-122.40677642822266,37.736576080322266
9886651,2025,2025-12-08,3801,2025-10-23,1445,4055,TENDE,4,5,7,3801,0,0,0,,0,3J42C,"JONES ST","GOLDEN GATE AV",0.00,,Y,A,-,N,,,,,,,,,,N,3,0,1,2,A,-,11,21453,D,N,G,B,B,A,H,-,A,A,0,Y,,,,Y,,N,60,0,1,0,0,1,0,0,0,0,"- ","- ",,,"SAN FRANCISCO","SAN FRANCISCO",-122.4122314453125,37.782081604003906
9886823,2025,2025-11-24,3801,2025-10-16,1454,637,INGLE,4,5,7,3801,0,0,0,,0,3H16C,"BOSWORTH ST","ARLINGTON ST",0.00,,Y,A,-,N,,,,,,,,,,N,2,0,1,1,A,-,03,22350,,N,H,A,A,A,H,-,A,D,0,,Y,,,Y,,L,04,1,0,0,0,0,0,1,0,0,"- ","- ",,,"SAN FRANCISCO","SAN FRANCISCO",-122.43290710449219,37.733318328857422
9886833,2025,2025-12-01,3801,2025-10-02,1445,2716,PARK,4,5,7,3801,0,0,0,,0,3F2C,"CONSERVATORY DR WEST","JOHN F KENNEDY DR",0.00,,-,B,-,N,,,,,,,,,,N,3,0,2,2,A,-,03,22350,,N,A,G,A,A,H,-,A,D,0,,Y,,,Y,,-,"- ",0,1,1,0,0,0,1,0,0,"- ","- ",37.772239685058594,-122.46147918701172,"SAN FRANCISCO","SAN FRANCISCO",-122.46205139160156,37.771766662597656
9886845,2025,2025-12-09,3801,2025-10-04,2301,1952,CENTR,6,5,7,3801,0,0,0,,0,3A12E,"CLAY ST","DRUMM ST",0.00,,Y,A,-,N,,,,,,,,,,N,2,0,1,1,A,-,03,22350,,N,E,I,A,A,H,-,C,A,0,,,Y,,Y,,C,03,1,0,0,0,0,0,0,0,1,"- ","- ",,,"SAN FRANCISCO","SAN FRANCISCO",-122.39676666259766,37.795463562011719
9886877,2025,2025-11-21,3801,2025-10-23,1225,MHOFF8,NORTH,4,5,7,3801,0,0,0,,0,3E11A,"PAGE ST","GOUGH ST",0.00,,Y,A,-,N,,,,,,,,,,N,4,0,1,2,A,-,09,21801,A,N,-,G,A,A,-,-,-,A,0,,Y,,,Y,,A,01,0,0,1,0,0,0,1,0,0,"- ","- ",,,"SAN FRANCISCO","SAN FRANCISCO",-122.42240905761719,37.774070739746094
9886919,2025,2025-11-20,3801,2025-10-19,1314,1388,TARAV,7,5,7,3801,0,0,0,,0,316A,"OCEAN AV","GRANADA AV",0.00,,Y,A,-,N,,,,,,,,,,N,3,0,1,2,A,-,10,21950,A,N,G,B,B,A,H,-,A,A,0,Y,,,,Y,,A,01,0,1,0,0,1,0,0,0,0,"- ","- ",,,"SAN FRANCISCO","SAN FRANCISCO",-122.45735931396484,37.724140167236328
9886925,2025,2025-11-21,3801,2025-10-19,2019,158,NORTH,7,5,7,3801,0,0,0,,0,006,"POLK ST","VALLEJO ST",40.00,S,N,A,-,N,,,,,,,,,,N,4,0,1,2,A,-,09,21804,A,N,B,G,A,A,H,-,C,D,0,,Y,,,Y,,A,01,0,0,1,0,0,0,1,0,0,"- ","- ",,,"SAN FRANCISCO","SAN FRANCISCO",-122.42193603515625,37.796783447265625
9886956,2025,2025-11-21,3801,2025-10-27,1655,890,BAYVI,1,5,7,3801,0,0,0,,0,BAYVIE,"SILLIMAN ST","BOWDOING ST",0.00,,Y,A,-,N,,,,,,,,,,Y,3,0,1,2,A,-,03,22350,,F,B,C,A,A,H,-,A,A,0,,,,,Y,Y,A,01,0,1,0,0,0,0,0,0,0,"- ","- ",,,"SAN FRANCISCO","SAN FRANCISCO",-122.4119873046875,37.72943115234375
9886960,2025,2025-11-21,3801,2025-10-29,1717,1286,SOUTH,3,5,7,3801,0,0,0,,0,3B2,"FOLSOM ST","FOLSOM ST 727",0.00,,N,A,-,N,,,,,,,,,,N,3,0,1,2,A,-,08,22107,,N,B,J,A,A,H,-,A,B,0,,,,,Y,,A,01,0,1,0,0,0,0,0,0,0,"- ","- ",,,"SAN FRANCISCO","SAN FRANCISCO",,
9886970,2025,2025-11-20,3801,2025-10-12,1214,428,CENTR,7,5,7,3801,0,0,0,,0,3A15A,"MARKET ST","SUTTER ST",0.00,,Y,A,-,N,,,,,,,,,,N,3,0,1,1,A,-,03,22350,,N,H,A,A,A,H,-,A,D,0,,Y,,,Y,,L,04,0,1,0,0,0,0,1,0,0,"- ","- ",,,"SAN FRANCISCO","SAN FRANCISCO",-122.40013885498047,37.790298461914062
9886988,2025,2025-11-14,3801,2025-10-11,1351,150,SOUTH,6,5,7,3801,0,0,0,,0,3B12A,"THE EMBARCADERO","FOLSOM ST",0.00,,Y,A,-,N,,,,,,,,,,N,3,0,1,2,A,-,08,22107,,N,D,G,A,A,H,-,A,A,0,,Y,,,Y,,A,01,0,1,0,0,0,0,1,0,0,"- ","- ",,,"SAN FRANCISCO","SAN FRANCISCO",-122.39015960693359,37.790756225585938
9886995,2025,2025-11-14,3801,2025-10-03,2140,451,MISSI,5,5,7,3801,0,0,0,,0,3D15E,"18TH ST","SOUTH VAN NESS AV",25.00,S,N,A,-,N,,,,,,,,,,N,3,0,1,2,A,-,08,22107,,F,B,G,A,A,H,-,C,A,0,,Y,,,Y,,-,,0,1,0,0,0,0,1,0,0,"- ","- ",,,"SAN FRANCISCO","SAN FRANCISCO",-122.41719818115234,37.761951446533203
9887010,2025,2025-11-19,3801,2025-10-11,"710 ",4265,INGLE,6,5,7,3801,0,0,0,,0,3H16A,"GENEVA AV","CARTER ST",0.00,,Y,A,-,N,,,,,,,,,,N,4,0,1,2,A,-,10,21950,,N,G,B,B,A,H,-,A,A,0,Y,,,,Y,,A,01,0,0,1,0,1,0,0,0,0,"- ","- ",,,"SAN FRANCISCO","SAN FRANCISCO",-122.42338562011719,37.709270477294922
9887043,2025,2025-11-10,3801,2025-09-29,"830 ",2378,MISSI,1,5,7,3801,0,0,0,,0,3D13A,"FOLSOM ST","22ND ST",0.00,S,N,B,-,N,,,,,,,,,,N,4,0,1,2,A,-,10,21950,C,F,G,B,E,A,H,-,A,D,0,Y,,,,Y,,A,01,0,0,1,0,1,0,0,0,0,"- ","- ",,,"SAN FRANCISCO","SAN FRANCISCO",-122.41439056396484,37.755718231201172
9887058,2025,2025-11-10,3801,2025-09-29,"910 ",1059,MISSI,1,5,7,3801,0,0,0,,0,3D14A,"17TH ST","ALABAMA ST",94.00,E,N,A,-,N,,,,,,,,,,N,2,0,1,1,C,-,18,,,N,E,I,A,A,G,-,A,D,0,,Y,,,Y,,-,"- ",1,0,0,0,0,0,1,0,0,"- ","- ",,,"SAN FRANCISCO","SAN FRANCISCO",-122.41195678710938,37.764213562011719
9887078,2025,2025-11-14,3801,2025-09-24,1927,820,TENDE,3,5,7,3801,0,0,0,,0,3J14D,"LARKIN ST","TURK ST",0.00,,Y,A,-,N,,,,,,,,,,N,4,0,1,2,A,-,03,22350,,N,C,C,A,A,H,-,B,A,0,,,,,Y,,A,01,0,0,1,0,0,0,0,0,0,"- ","- ",,,"SAN FRANCISCO","SAN FRANCISCO",-122.41733551025391,37.782379150390625
9887082,2025,2025-11-18,3801,2025-09-16,"900 ",310,SOUTH,2,5,7,3801,0,0,0,,0,3B5A,"TOWNSEND ST",EMBARCADERO,4.00,,N,A,-,N,,,,,,,,,,N,2,0,2,2,D,-,00,,,N,A,G,A,A,H,-,A,A,0,,Y,,,Y,,-,"- ",1,0,1,0,0,0,2,0,0,"- ","- ",,,"SAN FRANCISCO","SAN FRANCISCO",-122.38840484619141,37.781810760498047
9887093,2025,2025-11-12,3801,2025-09-14,1510,438,NORTH,7,5,7,3801,0,0,0,,0,3E12D,"WEBSTER ST","GOLDEN GATE AV",0.00,,Y,A,-,N,,,,,,,,,,N,4,0,1,2,A,-,11,21456,,N,G,B,B,A,H,-,A,A,0,Y,,,,Y,,N,60,0,0,1,0,1,0,0,0,0,"- ","- ",,,"SAN FRANCISCO","SAN FRANCISCO",-122.4302978515625,37.779758453369141
9887357,2025,2025-11-13,3801,2025-10-28,"912 ",2440,RICHM,2,5,7,3801,0,0,0,,0,0G4,"CLEMENT ST","33RD AV",0.00,,Y,A,-,N,,,,,,,,,,N,3,0,2,3,A,-,10,21950,A,N,G,B,B,A,H,-,A,A,0,Y,,,,Y,,A,08,0,1,1,0,2,0,0,0,0,"- ","- ",,,"SAN FRANCISCO","SAN FRANCISCO",-122.49343109130859,37.781612396240234
9888128,2025,2025-12-10,3801,2025-11-09,2018,4200,TARAV,7,5,7,3801,0,0,0,,0,3I13D,"JUNIPERO SERRA BL","OCEAN AV",0.00,,Y,A,-,N,,,,,,,,,,Y,3,0,1,2,A,-,09,21453,C,N,D,C,A,A,H,-,C,A,0,,,,,Y,,A,07,0,1,0,0,0,0,0,0,0,"- ","- ",,,"SAN FRANCISCO","SAN FRANCISCO",-122.47213745117188,37.731204986572266
9888129,2025,2026-02-13,3801,2025-11-08,"217 ",2177,INGLE,6,5,7,3801,0,0,0,,0,3H11E,"SAN JOSE AV","RT 280",0.00,,Y,A,-,Y,SF,4,280,-,R,2.574,R,4,S,Y,2,0,2,1,A,-,07,21658,A,N,A,I,A,A,H,-,C,D,0,,,,,Y,,A,01,2,0,0,0,0,0,0,0,0,"- ",SO,,,"SAN FRANCISCO","SAN FRANCISCO",-122.43769073486328,37.730777740478516
9888159,2025,2025-12-10,3801,2025-11-02,"30  ",2730,TENDE,7,5,7,3801,0,0,0,,0,3J12E,"OLIVE ST","OLIVE ST 70",0.00,,N,A,-,N,,,,,,,,,,N,4,0,1,2,A,-,21,22106,,F,C,B,E,A,H,-,C,D,0,Y,,,,Y,,A,01,0,0,1,0,1,0,0,0,0,"- ","- ",,,"SAN FRANCISCO","SAN FRANCISCO",,
9888162,2025,2025-12-11,3801,2025-11-17,"19  ",2432,SOUTH,1,5,7,3801,0,0,0,,0,02B,"BRYANT ST","7TH ST",0.00,,Y,C,-,N,,,,,,,,,,N,3,0,1,2,D,-,00,,,N,G,B,D,B,H,-,C,A,0,Y,,,,Y,Y,-,"- ",0,1,0,0,1,0,0,0,0,"- ","- ",,,"SAN FRANCISCO","SAN FRANCISCO",-122.40485382080078,37.774375915527344
9888211,2025,2025-12-10,3801,2025-11-20,1250,246,INGLE,4,5,7,3801,0,0,0,,0,1CAR,"PORTOLA DR","WOODSIDE AV",0.00,,N,F,-,N,,,,,,,,,,N,4,0,1,2,A,-,08,22107,,N,C,C,A,-,H,-,A,A,0,,,,,Y,,A,01,0,0,1,0,0,0,0,0,0,"- ","- ",,,"SAN FRANCISCO","SAN FRANCISCO",-122.4517822265625,37.745586395263672
9888246,2025,2025-12-11,3801,2025-10-18,"48  ",1626,CENTR,6,5,7,3801,0,0,0,,0,3A13E,"LARKIN ST","GREEN ST",0.00,,Y,A,-,N,,,,,,,,,,N,4,0,1,2,A,-,12,22450,A,N,B,C,A,A,H,-,C,A,0,,,Y,,Y,,A,01,0,0,1,0,0,0,0,0,1,"- ","- ",,,"SAN FRANCISCO","SAN FRANCISCO",-122.42048645019531,37.798057556152344
9888293,2025,2025-12-10,3801,2025-10-27,1941,1845,TARAV,1,5,7,3801,0,0,0,,0,5CAR,"HIGUERA AV","VIDAL DR",0.00,,Y,A,-,N,,,,,,,,,,Y,4,0,1,1,A,-,08,22107,,N,E,I,A,A,H,-,C,A,0,,,,,Y,,A,01,0,0,1,0,0,0,0,0,0,"- ","- ",,,"SAN FRANCISCO","SAN FRANCISCO",-122.48477172851562,37.718280792236328
9888303,2025,2025-12-15,3801,2025-10-24,2114,2711,NORTH,5,5,7,3801,0,0,0,,0,3E13E,"EDDY ST","WEBSTER ST",0.00,,Y,A,-,N,,,,,,,,,,N,2,0,1,2,A,-,09,21801,A,N,D,C,A,A,H,-,C,A,0,,,Y,,Y,,A,01,1,0,0,0,0,0,0,0,1,"- ","- ",,,"SAN FRANCISCO","SAN FRANCISCO",-122.43067169189453,37.781623840332031
9889978,2025,2026-01-13,3801,2025-12-16,1458,2461,TENDE,2,5,7,3801,0,0,0,,0,3J13D,"LARKIN ST","GROVE ST",7.00,N,N,A,-,N,,,,,,,,,,N,4,0,1,2,A,-,10,21950,A,N,G,B,B,A,D,-,A,A,0,Y,,,,Y,,D,22,0,0,1,0,1,0,0,0,0,"- ","- ",,,"SAN FRANCISCO","SAN FRANCISCO",-122.41659545898438,37.778678894042969
9896983,2025,2026-01-16,3801,2025-12-17,"227 ",2391,NORTH,3,5,7,3801,0,0,0,,0,003,"VAN NESS AV","EDDY ST",0.00,,Y,A,-,N,,,,,,,,,,Y,3,0,1,2,A,-,12,21453,A,N,D,C,A,A,H,-,C,A,0,,,,,Y,,A,01,0,1,0,0,0,0,0,0,0,"- ","- ",,,"SAN FRANCISCO","SAN FRANCISCO",-122.42076110839844,37.782890319824219
9896984,2025,2026-01-15,3801,2025-12-18,"630 ",1949,BAYVI,4,5,7,3801,0,0,0,,0,3C60,"BAY SHORE BL","BACON ST",0.00,,Y,A,-,N,,,,,,,,,,N,3,0,1,2,A,-,10,21950,A,N,G,B,B,B,-,-,A,A,0,Y,,,,Y,Y,A,01,0,1,0,0,1,0,0,0,0,"- ","- ",,,"SAN FRANCISCO","SAN FRANCISCO",-122.40219879150391,37.727947235107422
9897003,2025,2026-01-13,3801,2025-12-14,1118,1657,BAYVI,7,5,7,3801,0,0,0,,0,3801,"3RD ST","QUESADA AV",15.00,S,N,A,-,N,,,,,,,,,,N,4,0,1,2,A,-,08,22107,,N,B,C,A,A,H,-,A,A,0,,,,,Y,,A,01,0,0,1,0,0,0,0,0,0,"- ","- ",,,"SAN FRANCISCO","SAN FRANCISCO",-122.39134216308594,37.733230590820312
9897030,2025,2026-01-14,3801,2025-12-23,"141 ",2132,CENTR,2,5,7,3801,0,0,0,,0,3A11E,"COLUMBUS AV","JACKSON ST",0.00,,Y,B,-,N,,,,,,,,,,N,4,0,1,2,A,-,12,21453,A,N,D,C,A,B,H,-,C,A,0,,,,,Y,Y,A,01,0,0,1,0,0,0,0,0,0,"- ","- ",,,"SAN FRANCISCO","SAN FRANCISCO",-122.40438079833984,37.796302795410156
9897041,2025,2026-01-20,3801,2025-12-06,"28  ",2164,INGLE,6,5,7,3801,0,0,0,,0,3CAR,"PERSIA AV","EDINBURGH ST",0.00,,Y,A,-,N,,,,,,,,,,N,3,0,2,2,A,-,12,22450,A,N,D,C,A,A,-,-,C,A,0,,,,,Y,,A,01,0,2,0,0,0,0,0,0,0,"- ","- ",,,"SAN FRANCISCO","SAN FRANCISCO",-122.43199920654297,37.721233367919922
9897048,2025,2026-01-26,3801,2025-12-05,1747,1718,BAYVI,5,5,7,3801,0,0,0,,0,3C12D,"UNDERWOOD AV","3RD ST",71.00,E,N,A,-,N,,,,,,,,,,Y,4,0,1,2,A,-,03,22350,,N,C,E,A,A,H,-,C,D,0,,,,,Y,,A,01,0,0,1,0,0,0,0,0,0,"- ","- ",,,"SAN FRANCISCO","SAN FRANCISCO",-122.39221954345703,37.729991912841797
9897060,2025,2026-01-20,3801,2025-12-08,1836,2407,MISSI,1,5,7,3801,0,0,0,,0,3D4D,"MISSION ST","24TH ST",0.00,,Y,A,-,N,,,,,,,,,,N,3,0,1,2,A,-,10,21950,A,N,D,-,B,A,-,-,C,A,0,Y,,,,Y,,A,01,0,1,0,0,1,0,0,0,0,"- ","- ",,,"SAN FRANCISCO","SAN FRANCISCO",-122.41848754882812,37.752262115478516
9897073,2025,2026-01-30,3801,2025-12-06,1510,2743,SOUTH,6,5,7,3801,0,0,0,,0,3B5,"KING ST","2ND ST",0.00,,Y,A,-,N,,,,,,,,,,N,3,0,1,2,D,-,00,,,N,-,-,A,A,H,-,A,D,0,,,,,Y,,-,"- ",0,1,0,0,0,0,0,0,0,"- ","- ",,,"SAN FRANCISCO","SAN FRANCISCO",-122.38970184326172,37.779956817626953
9897107,2025,2026-01-12,3801,2025-11-03,1830,1194,TENDE,1,5,7,3801,0,0,0,,0,0J2,"MARKET ST","4TH ST",10.00,E,N,A,-,N,,,,,,,,,,N,3,0,1,1,A,-,03,22350,,N,H,A,A,A,H,-,A,D,0,,Y,,,Y,,L,04,0,1,0,0,0,0,1,0,0,"- ","- ",,,"SAN FRANCISCO","SAN FRANCISCO",-122.40586853027344,37.785720825195312
9897121,2025,2026-01-12,3801,2025-11-29,1549,1154,CENTR,6,5,7,3801,0,0,0,,0,3A11D,"POST ST","LEAVENWORTH ST",0.00,,Y,A,-,N,,,,,,,,,,N,4,0,2,3,A,-,03,22350,,F,C,C,A,A,H,-,A,A,0,,,,,Y,,A,01,0,0,2,0,0,0,0,0,0,"- ","- ",,,"SAN FRANCISCO","SAN FRANCISCO",-122.41499328613281,37.787452697753906
9897165,2025,2026-01-13,3801,2025-11-27,1202,2005,INGLE,4,5,7,3801,0,0,0,,0,5CAR,"ALEMANY BL","SENECA AV",0.00,,Y,A,-,N,,,,,,,,,,Y,4,0,3,2,A,-,09,21801,A,F,A,-,A,A,H,-,A,A,0,,,,,Y,,-,,0,0,3,0,0,0,0,0,0,"- ","- ",,,"SAN FRANCISCO","SAN FRANCISCO",-122.44136047363281,37.718658447265625
9898820,2025,2026-01-12,3801,2025-06-22,1900,2028,SOUTH,7,5,7,3801,0,0,0,,0,,"OTIS ST","GOUGH ST",132.00,E,N,A,-,N,,,,,,,,,,N,4,0,1,2,A,-,08,22107,,N,B,-,A,A,H,-,A,D,0,,,,,Y,,A,01,0,0,1,0,0,0,0,0,0,"- ","- ",,,"SAN FRANCISCO","SAN FRANCISCO",-122.42002868652344,37.772052764892578
9907054,2025,2026-02-09,3801,2025-08-20,"600 ",2325,MISSI,3,5,7,3801,0,0,0,,0,3D16A,"17TH ST","FOLSOM ST",0.00,,Y,A,-,N,,,,,,,,,,Y,3,0,2,2,A,-,00,21452,A,N,B,G,A,A,H,-,A,A,0,,Y,,,Y,,L,04,0,2,0,0,0,0,1,0,0,"- ","- ",,,"SAN FRANCISCO","SAN FRANCISCO",-122.41515350341797,37.763694763183594
9908580,2025,2026-02-09,3801,2025-12-23,1718,307,NORTH,2,5,7,3801,0,0,0,,0,3E13D,"POLK ST","EDDY ST",2.00,N,N,C,-,N,,,,,,,,,,N,3,0,1,2,A,-,10,21950,A,N,G,B,B,B,H,-,C,A,0,Y,,,,Y,,A,01,0,1,0,0,1,0,0,0,0,"- ","- ",,,"SAN FRANCISCO","SAN FRANCISCO",-122.41918182373047,37.783084869384766
9908609,2025,2026-02-06,3801,2025-12-22,"740 ",4294,NORTH,1,5,7,3801,0,0,0,,0,0E6,"FRANKLIN ST","PINE ST",0.00,,Y,C,-,N,,,,,,,,,,N,4,0,1,2,A,-,10,21950,,F,G,B,B,B,H,-,B,A,0,Y,,,,Y,,A,01,0,0,1,0,1,0,0,0,0,"- ","- ",,,"SAN FRANCISCO","SAN FRANCISCO",-122.42377471923828,37.789207458496094
9908678,2025,2026-02-13,3801,2025-12-04,1710,1463,SOUTH,4,5,7,3801,0,0,0,,0,0B4,"MARKET ST","OCTAVIA ST",0.00,,Y,A,-,N,,,,,,,,,,N,3,0,1,2,A,-,08,22101,D,F,D,C,A,A,H,-,C,A,0,,,Y,,Y,,D,22,0,1,0,0,0,0,0,0,1,"- ","- ",,,"SAN FRANCISCO","SAN FRANCISCO",-122.42359161376953,37.771774291992188
9908864,2025,2026-02-13,3801,2025-12-29,1925,1702,RICHM,1,5,7,3801,0,0,0,,0,3G12D,"GEARY BL","COMMONWEALTH AV",84.00,W,N,A,-,N,,,,,,,,,,N,3,0,1,2,A,-,08,22107,,N,B,G,A,A,H,-,C,D,0,,Y,,,Y,,L,04,0,1,0,0,0,0,1,0,0,"- ","- ",,,"SAN FRANCISCO","SAN FRANCISCO",-122.45582580566406,37.781463623046875